year,county,district,crime_type,incident_count
2016,南投縣,中寮鄉,住宅竊盜,1
2016,南投縣,中寮鄉,機車竊盜,2
2016,南投縣,中寮鄉,毒品,9
2016,南投縣,中寮鄉,汽車竊盜,2
2016,南投縣,仁愛鄉,住宅竊盜,2
2016,南投縣,仁愛鄉,強制性交,3
2016,南投縣,仁愛鄉,機車竊盜,2
2016,南投縣,仁愛鄉,毒品,18
2016,南投縣,仁愛鄉,汽車竊盜,1
2016,南投縣,信義鄉,住宅竊盜,2
2016,南投縣,信義鄉,機車竊盜,1
2016,南投縣,信義鄉,毒品,11
2016,南投縣,信義鄉,汽車竊盜,1
2016,南投縣,南投市,住宅竊盜,16
2016,南投縣,南投市,強制性交,3
2016,南投縣,南投市,強盜,1
2016,南投縣,南投市,搶奪,4
2016,南投縣,南投市,機車竊盜,72
2016,南投縣,南投市,毒品,169
2016,南投縣,南投市,汽車竊盜,10
2016,南投縣,名間鄉,住宅竊盜,6
2016,南投縣,名間鄉,強制性交,1
2016,南投縣,名間鄉,強盜,1
2016,南投縣,名間鄉,機車竊盜,11
2016,南投縣,名間鄉,毒品,62
2016,南投縣,名間鄉,汽車竊盜,3
2016,南投縣,國姓鄉,住宅竊盜,2
2016,南投縣,國姓鄉,機車竊盜,5
2016,南投縣,國姓鄉,毒品,44
2016,南投縣,國姓鄉,汽車竊盜,5
2016,南投縣,埔里鎮,住宅竊盜,30
2016,南投縣,埔里鎮,強制性交,2
2016,南投縣,埔里鎮,搶奪,1
2016,南投縣,埔里鎮,機車竊盜,49
2016,南投縣,埔里鎮,毒品,176
2016,南投縣,埔里鎮,汽車竊盜,51
2016,南投縣,水里鄉,住宅竊盜,2
2016,南投縣,水里鄉,機車竊盜,4
2016,南投縣,水里鄉,毒品,41
2016,南投縣,水里鄉,汽車竊盜,3
2016,南投縣,竹山鎮,住宅竊盜,9
2016,南投縣,竹山鎮,強制性交,1
2016,南投縣,竹山鎮,強盜,3
2016,南投縣,竹山鎮,機車竊盜,9
2016,南投縣,竹山鎮,毒品,76
2016,南投縣,竹山鎮,汽車竊盜,7
2016,南投縣,草屯鎮,住宅竊盜,29
2016,南投縣,草屯鎮,強制性交,3
2016,南投縣,草屯鎮,強盜,1
2016,南投縣,草屯鎮,搶奪,1
2016,南投縣,草屯鎮,機車竊盜,34
2016,南投縣,草屯鎮,毒品,149
2016,南投縣,草屯鎮,汽車竊盜,38
2016,南投縣,集集鎮,住宅竊盜,3
2016,南投縣,集集鎮,強制性交,2
2016,南投縣,集集鎮,機車竊盜,1
2016,南投縣,集集鎮,毒品,13
2016,南投縣,集集鎮,汽車竊盜,3
2016,南投縣,魚池鄉,住宅竊盜,1
2016,南投縣,魚池鄉,機車竊盜,2
2016,南投縣,魚池鄉,毒品,23
2016,南投縣,魚池鄉,汽車竊盜,3
2016,南投縣,鹿谷鄉,機車竊盜,3
2016,南投縣,鹿谷鄉,毒品,19
2016,嘉義市,東區,住宅竊盜,6
2016,嘉義市,東區,強制性交,3
2016,嘉義市,東區,強盜,2
2016,嘉義市,東區,機車竊盜,14
2016,嘉義市,東區,毒品,121
2016,嘉義市,東區,汽車竊盜,28
2016,嘉義市,西區,住宅竊盜,13
2016,嘉義市,西區,強制性交,9
2016,嘉義市,西區,強盜,2
2016,嘉義市,西區,機車竊盜,25
2016,嘉義市,西區,毒品,370
2016,嘉義市,西區,汽車竊盜,48
2016,嘉義縣,中埔鄉,住宅竊盜,6
2016,嘉義縣,中埔鄉,強制性交,1
2016,嘉義縣,中埔鄉,機車竊盜,1
2016,嘉義縣,中埔鄉,毒品,56
2016,嘉義縣,中埔鄉,汽車竊盜,5
2016,嘉義縣,六腳鄉,住宅竊盜,3
2016,嘉義縣,六腳鄉,機車竊盜,2
2016,嘉義縣,六腳鄉,毒品,22
2016,嘉義縣,六腳鄉,汽車竊盜,3
2016,嘉義縣,大埔鄉,強制性交,1
2016,嘉義縣,大林鎮,住宅竊盜,1
2016,嘉義縣,大林鎮,強制性交,1
2016,嘉義縣,大林鎮,機車竊盜,4
2016,嘉義縣,大林鎮,毒品,19
2016,嘉義縣,大林鎮,汽車竊盜,7
2016,嘉義縣,太保市,強制性交,3
2016,嘉義縣,太保市,搶奪,1
2016,嘉義縣,太保市,機車竊盜,7
2016,嘉義縣,太保市,毒品,43
2016,嘉義縣,太保市,汽車竊盜,12
2016,嘉義縣,布袋鎮,住宅竊盜,1
2016,嘉義縣,布袋鎮,強制性交,2
2016,嘉義縣,布袋鎮,機車竊盜,4
2016,嘉義縣,布袋鎮,毒品,19
2016,嘉義縣,新港鄉,機車竊盜,7
2016,嘉義縣,新港鄉,毒品,34
2016,嘉義縣,新港鄉,汽車竊盜,8
2016,嘉義縣,朴子市,住宅竊盜,3
2016,嘉義縣,朴子市,搶奪,1
2016,嘉義縣,朴子市,機車竊盜,9
2016,嘉義縣,朴子市,毒品,38
2016,嘉義縣,朴子市,汽車竊盜,10
2016,嘉義縣,東石鄉,住宅竊盜,1
2016,嘉義縣,東石鄉,機車竊盜,3
2016,嘉義縣,東石鄉,毒品,27
2016,嘉義縣,梅山鄉,強制性交,1
2016,嘉義縣,梅山鄉,機車竊盜,2
2016,嘉義縣,梅山鄉,毒品,11
2016,嘉義縣,梅山鄉,汽車竊盜,2
2016,嘉義縣,民雄鄉,住宅竊盜,1
2016,嘉義縣,民雄鄉,機車竊盜,7
2016,嘉義縣,民雄鄉,毒品,111
2016,嘉義縣,民雄鄉,汽車竊盜,7
2016,嘉義縣,水上鄉,住宅竊盜,1
2016,嘉義縣,水上鄉,強制性交,1
2016,嘉義縣,水上鄉,機車竊盜,5
2016,嘉義縣,水上鄉,毒品,80
2016,嘉義縣,水上鄉,汽車竊盜,7
2016,嘉義縣,溪口鄉,機車竊盜,1
2016,嘉義縣,溪口鄉,毒品,5
2016,嘉義縣,溪口鄉,汽車竊盜,3
2016,嘉義縣,番路鄉,住宅竊盜,1
2016,嘉義縣,番路鄉,強制性交,3
2016,嘉義縣,番路鄉,機車竊盜,1
2016,嘉義縣,番路鄉,毒品,6
2016,嘉義縣,番路鄉,汽車竊盜,2
2016,嘉義縣,竹崎鄉,住宅竊盜,5
2016,嘉義縣,竹崎鄉,機車竊盜,2
2016,嘉義縣,竹崎鄉,毒品,19
2016,嘉義縣,竹崎鄉,汽車竊盜,2
2016,嘉義縣,義竹鄉,住宅竊盜,1
2016,嘉義縣,義竹鄉,機車竊盜,1
2016,嘉義縣,義竹鄉,毒品,11
2016,嘉義縣,阿里山鄉,毒品,3
2016,嘉義縣,阿里山鄉,汽車竊盜,1
2016,嘉義縣,鹿草鄉,住宅竊盜,1
2016,嘉義縣,鹿草鄉,毒品,10
2016,嘉義縣,鹿草鄉,汽車竊盜,3
2016,基隆市,七堵區,住宅竊盜,9
2016,基隆市,七堵區,強制性交,2
2016,基隆市,七堵區,搶奪,1
2016,基隆市,七堵區,機車竊盜,13
2016,基隆市,七堵區,毒品,141
2016,基隆市,七堵區,汽車竊盜,7
2016,基隆市,中山區,住宅竊盜,9
2016,基隆市,中山區,機車竊盜,27
2016,基隆市,中山區,毒品,201
2016,基隆市,中正區,住宅竊盜,16
2016,基隆市,中正區,強制性交,2
2016,基隆市,中正區,強盜,3
2016,基隆市,中正區,機車竊盜,28
2016,基隆市,中正區,毒品,192
2016,基隆市,中正區,汽車竊盜,4
2016,基隆市,仁愛區,住宅竊盜,10
2016,基隆市,仁愛區,強制性交,5
2016,基隆市,仁愛區,強盜,2
2016,基隆市,仁愛區,搶奪,1
2016,基隆市,仁愛區,機車竊盜,25
2016,基隆市,仁愛區,毒品,217
2016,基隆市,仁愛區,汽車竊盜,5
2016,基隆市,信義區,住宅竊盜,15
2016,基隆市,信義區,強制性交,1
2016,基隆市,信義區,強盜,2
2016,基隆市,信義區,機車竊盜,9
2016,基隆市,信義區,毒品,153
2016,基隆市,安樂區,住宅竊盜,6
2016,基隆市,安樂區,強制性交,4
2016,基隆市,安樂區,強盜,1
2016,基隆市,安樂區,搶奪,1
2016,基隆市,安樂區,機車竊盜,18
2016,基隆市,安樂區,毒品,222
2016,基隆市,安樂區,汽車竊盜,3
2016,基隆市,暖暖區,住宅竊盜,6
2016,基隆市,暖暖區,強制性交,1
2016,基隆市,暖暖區,機車竊盜,10
2016,基隆市,暖暖區,毒品,127
2016,基隆市,暖暖區,汽車竊盜,3
2016,宜蘭縣,三星鄉,住宅竊盜,8
2016,宜蘭縣,三星鄉,機車竊盜,1
2016,宜蘭縣,三星鄉,毒品,7
2016,宜蘭縣,三星鄉,汽車竊盜,5
2016,宜蘭縣,五結鄉,住宅竊盜,20
2016,宜蘭縣,五結鄉,機車竊盜,11
2016,宜蘭縣,五結鄉,毒品,59
2016,宜蘭縣,五結鄉,汽車竊盜,20
2016,宜蘭縣,冬山鄉,住宅竊盜,12
2016,宜蘭縣,冬山鄉,機車竊盜,3
2016,宜蘭縣,冬山鄉,毒品,73
2016,宜蘭縣,冬山鄉,汽車竊盜,8
2016,宜蘭縣,南澳鄉,強制性交,2
2016,宜蘭縣,南澳鄉,毒品,11
2016,宜蘭縣,員山鄉,住宅竊盜,2
2016,宜蘭縣,員山鄉,機車竊盜,3
2016,宜蘭縣,員山鄉,毒品,52
2016,宜蘭縣,員山鄉,汽車竊盜,9
2016,宜蘭縣,壯圍鄉,住宅竊盜,5
2016,宜蘭縣,壯圍鄉,機車竊盜,6
2016,宜蘭縣,壯圍鄉,毒品,40
2016,宜蘭縣,壯圍鄉,汽車竊盜,3
2016,宜蘭縣,大同鄉,住宅竊盜,1
2016,宜蘭縣,大同鄉,機車竊盜,2
2016,宜蘭縣,大同鄉,毒品,7
2016,宜蘭縣,大同鄉,汽車竊盜,1
2016,宜蘭縣,宜蘭市,住宅竊盜,6
2016,宜蘭縣,宜蘭市,強制性交,2
2016,宜蘭縣,宜蘭市,強盜,3
2016,宜蘭縣,宜蘭市,搶奪,2
2016,宜蘭縣,宜蘭市,機車竊盜,53
2016,宜蘭縣,宜蘭市,毒品,173
2016,宜蘭縣,宜蘭市,汽車竊盜,11
2016,宜蘭縣,礁溪鄉,住宅竊盜,14
2016,宜蘭縣,礁溪鄉,強制性交,3
2016,宜蘭縣,礁溪鄉,搶奪,2
2016,宜蘭縣,礁溪鄉,機車竊盜,9
2016,宜蘭縣,礁溪鄉,毒品,62
2016,宜蘭縣,礁溪鄉,汽車竊盜,11
2016,宜蘭縣,羅東鎮,住宅竊盜,11
2016,宜蘭縣,羅東鎮,強制性交,2
2016,宜蘭縣,羅東鎮,強盜,1
2016,宜蘭縣,羅東鎮,機車竊盜,22
2016,宜蘭縣,羅東鎮,毒品,153
2016,宜蘭縣,羅東鎮,汽車竊盜,26
2016,宜蘭縣,蘇澳鎮,住宅竊盜,9
2016,宜蘭縣,蘇澳鎮,機車竊盜,7
2016,宜蘭縣,蘇澳鎮,毒品,34
2016,宜蘭縣,蘇澳鎮,汽車竊盜,11
2016,宜蘭縣,頭城鎮,住宅竊盜,7
2016,宜蘭縣,頭城鎮,強制性交,2
2016,宜蘭縣,頭城鎮,強盜,2
2016,宜蘭縣,頭城鎮,搶奪,1
2016,宜蘭縣,頭城鎮,機車竊盜,1
2016,宜蘭縣,頭城鎮,毒品,29
2016,宜蘭縣,頭城鎮,汽車竊盜,3
2016,屏東縣,三地門鄉,機車竊盜,3
2016,屏東縣,三地門鄉,毒品,10
2016,屏東縣,九如鄉,機車竊盜,2
2016,屏東縣,九如鄉,毒品,26
2016,屏東縣,九如鄉,汽車竊盜,7
2016,屏東縣,佳冬鄉,住宅竊盜,2
2016,屏東縣,佳冬鄉,機車竊盜,2
2016,屏東縣,佳冬鄉,毒品,21
2016,屏東縣,佳冬鄉,汽車竊盜,2
2016,屏東縣,來義鄉,機車竊盜,2
2016,屏東縣,來義鄉,毒品,5
2016,屏東縣,來義鄉,汽車竊盜,1
2016,屏東縣,內埔鄉,住宅竊盜,1
2016,屏東縣,內埔鄉,機車竊盜,21
2016,屏東縣,內埔鄉,毒品,129
2016,屏東縣,內埔鄉,汽車竊盜,8
2016,屏東縣,南州鄉,住宅竊盜,2
2016,屏東縣,南州鄉,機車竊盜,1
2016,屏東縣,南州鄉,毒品,14
2016,屏東縣,南州鄉,汽車竊盜,2
2016,屏東縣,屏東市,住宅竊盜,22
2016,屏東縣,屏東市,強制性交,1
2016,屏東縣,屏東市,強盜,3
2016,屏東縣,屏東市,搶奪,10
2016,屏東縣,屏東市,機車竊盜,60
2016,屏東縣,屏東市,毒品,368
2016,屏東縣,屏東市,汽車竊盜,75
2016,屏東縣,崁頂鄉,機車竊盜,4
2016,屏東縣,崁頂鄉,毒品,20
2016,屏東縣,恆春鎮,住宅竊盜,1
2016,屏東縣,恆春鎮,搶奪,1
2016,屏東縣,恆春鎮,機車竊盜,12
2016,屏東縣,恆春鎮,毒品,62
2016,屏東縣,恆春鎮,汽車竊盜,8
2016,屏東縣,新園鄉,住宅竊盜,2
2016,屏東縣,新園鄉,機車竊盜,10
2016,屏東縣,新園鄉,毒品,84
2016,屏東縣,新園鄉,汽車竊盜,4
2016,屏東縣,新埤鄉,強盜,1
2016,屏東縣,新埤鄉,機車竊盜,3
2016,屏東縣,新埤鄉,毒品,15
2016,屏東縣,新埤鄉,汽車竊盜,7
2016,屏東縣,春日鄉,機車竊盜,1
2016,屏東縣,春日鄉,毒品,10
2016,屏東縣,春日鄉,汽車竊盜,2
2016,屏東縣,東港鎮,住宅竊盜,3
2016,屏東縣,東港鎮,強盜,1
2016,屏東縣,東港鎮,搶奪,2
2016,屏東縣,東港鎮,機車竊盜,11
2016,屏東縣,東港鎮,毒品,84
2016,屏東縣,東港鎮,汽車竊盜,12
2016,屏東縣,枋寮鄉,住宅竊盜,1
2016,屏東縣,枋寮鄉,機車竊盜,7
2016,屏東縣,枋寮鄉,毒品,46
2016,屏東縣,枋寮鄉,汽車竊盜,10
2016,屏東縣,枋山鄉,毒品,21
2016,屏東縣,林邊鄉,住宅竊盜,1
2016,屏東縣,林邊鄉,強盜,1
2016,屏東縣,林邊鄉,機車竊盜,6
2016,屏東縣,林邊鄉,毒品,22
2016,屏東縣,林邊鄉,汽車竊盜,10
2016,屏東縣,泰武鄉,毒品,1
2016,屏東縣,滿州鄉,毒品,4
2016,屏東縣,滿州鄉,汽車竊盜,1
2016,屏東縣,潮州鎮,住宅竊盜,6
2016,屏東縣,潮州鎮,搶奪,2
2016,屏東縣,潮州鎮,機車竊盜,12
2016,屏東縣,潮州鎮,毒品,142
2016,屏東縣,潮州鎮,汽車竊盜,29
2016,屏東縣,牡丹鄉,毒品,1
2016,屏東縣,獅子鄉,毒品,10
2016,屏東縣,琉球鄉,機車竊盜,1
2016,屏東縣,琉球鄉,毒品,8
2016,屏東縣,瑪家鄉,毒品,8
2016,屏東縣,竹田鄉,住宅竊盜,1
2016,屏東縣,竹田鄉,機車竊盜,1
2016,屏東縣,竹田鄉,毒品,32
2016,屏東縣,竹田鄉,汽車竊盜,6
2016,屏東縣,萬丹鄉,住宅竊盜,4
2016,屏東縣,萬丹鄉,機車竊盜,11
2016,屏東縣,萬丹鄉,毒品,91
2016,屏東縣,萬丹鄉,汽車竊盜,14
2016,屏東縣,萬巒鄉,住宅竊盜,1
2016,屏東縣,萬巒鄉,強盜,1
2016,屏東縣,萬巒鄉,毒品,37
2016,屏東縣,萬巒鄉,汽車竊盜,2
2016,屏東縣,車城鄉,毒品,24
2016,屏東縣,里港鄉,機車竊盜,4
2016,屏東縣,里港鄉,毒品,23
2016,屏東縣,里港鄉,汽車竊盜,10
2016,屏東縣,長治鄉,住宅竊盜,3
2016,屏東縣,長治鄉,機車竊盜,9
2016,屏東縣,長治鄉,毒品,73
2016,屏東縣,長治鄉,汽車竊盜,13
2016,屏東縣,霧臺鄉,毒品,6
2016,屏東縣,高樹鄉,住宅竊盜,1
2016,屏東縣,高樹鄉,機車竊盜,2
2016,屏東縣,高樹鄉,毒品,44
2016,屏東縣,高樹鄉,汽車竊盜,3
2016,屏東縣,鹽埔鄉,機車竊盜,5
2016,屏東縣,鹽埔鄉,毒品,46
2016,屏東縣,鹽埔鄉,汽車竊盜,2
2016,屏東縣,麟洛鄉,住宅竊盜,2
2016,屏東縣,麟洛鄉,機車竊盜,5
2016,屏東縣,麟洛鄉,毒品,51
2016,屏東縣,麟洛鄉,汽車竊盜,4
2016,彰化縣,二林鎮,住宅竊盜,4
2016,彰化縣,二林鎮,搶奪,1
2016,彰化縣,二林鎮,機車竊盜,10
2016,彰化縣,二林鎮,毒品,40
2016,彰化縣,二林鎮,汽車竊盜,11
2016,彰化縣,二水鄉,住宅竊盜,1
2016,彰化縣,二水鄉,強制性交,1
2016,彰化縣,二水鄉,搶奪,1
2016,彰化縣,二水鄉,機車竊盜,2
2016,彰化縣,二水鄉,毒品,17
2016,彰化縣,伸港鄉,住宅竊盜,5
2016,彰化縣,伸港鄉,強制性交,1
2016,彰化縣,伸港鄉,機車竊盜,5
2016,彰化縣,伸港鄉,毒品,51
2016,彰化縣,伸港鄉,汽車竊盜,3
2016,彰化縣,北斗鎮,住宅竊盜,4
2016,彰化縣,北斗鎮,強制性交,2
2016,彰化縣,北斗鎮,機車竊盜,8
2016,彰化縣,北斗鎮,毒品,47
2016,彰化縣,北斗鎮,汽車竊盜,3
2016,彰化縣,和美鎮,住宅竊盜,7
2016,彰化縣,和美鎮,強制性交,1
2016,彰化縣,和美鎮,機車竊盜,2
2016,彰化縣,和美鎮,毒品,80
2016,彰化縣,和美鎮,汽車竊盜,5
2016,彰化縣,員林市,住宅竊盜,5
2016,彰化縣,員林市,強制性交,2
2016,彰化縣,員林市,搶奪,2
2016,彰化縣,員林市,機車竊盜,31
2016,彰化縣,員林市,毒品,222
2016,彰化縣,員林市,汽車竊盜,13
2016,彰化縣,埔心鄉,住宅竊盜,3
2016,彰化縣,埔心鄉,搶奪,1
2016,彰化縣,埔心鄉,機車竊盜,8
2016,彰化縣,埔心鄉,毒品,76
2016,彰化縣,埔心鄉,汽車竊盜,6
2016,彰化縣,埔鹽鄉,住宅竊盜,4
2016,彰化縣,埔鹽鄉,毒品,34
2016,彰化縣,埔鹽鄉,汽車竊盜,3
2016,彰化縣,埤頭鄉,住宅竊盜,2
2016,彰化縣,埤頭鄉,強制性交,1
2016,彰化縣,埤頭鄉,強盜,1
2016,彰化縣,埤頭鄉,機車竊盜,4
2016,彰化縣,埤頭鄉,毒品,41
2016,彰化縣,埤頭鄉,汽車竊盜,4
2016,彰化縣,大城鄉,住宅竊盜,2
2016,彰化縣,大城鄉,機車竊盜,3
2016,彰化縣,大城鄉,毒品,13
2016,彰化縣,大村鄉,住宅竊盜,2
2016,彰化縣,大村鄉,強制性交,1
2016,彰化縣,大村鄉,機車竊盜,6
2016,彰化縣,大村鄉,毒品,57
2016,彰化縣,大村鄉,汽車竊盜,2
2016,彰化縣,彰化市,住宅竊盜,20
2016,彰化縣,彰化市,強制性交,6
2016,彰化縣,彰化市,強盜,2
2016,彰化縣,彰化市,搶奪,3
2016,彰化縣,彰化市,機車竊盜,40
2016,彰化縣,彰化市,毒品,222
2016,彰化縣,彰化市,汽車竊盜,20
2016,彰化縣,永靖鄉,住宅竊盜,3
2016,彰化縣,永靖鄉,強盜,1
2016,彰化縣,永靖鄉,機車竊盜,9
2016,彰化縣,永靖鄉,毒品,40
2016,彰化縣,溪州鄉,住宅竊盜,3
2016,彰化縣,溪州鄉,強制性交,1
2016,彰化縣,溪州鄉,搶奪,1
2016,彰化縣,溪州鄉,機車竊盜,2
2016,彰化縣,溪州鄉,毒品,29
2016,彰化縣,溪州鄉,汽車竊盜,1
2016,彰化縣,溪湖鎮,住宅竊盜,5
2016,彰化縣,溪湖鎮,強制性交,2
2016,彰化縣,溪湖鎮,搶奪,1
2016,彰化縣,溪湖鎮,機車竊盜,5
2016,彰化縣,溪湖鎮,毒品,41
2016,彰化縣,溪湖鎮,汽車竊盜,9
2016,彰化縣,田中鎮,強制性交,2
2016,彰化縣,田中鎮,搶奪,2
2016,彰化縣,田中鎮,機車竊盜,10
2016,彰化縣,田中鎮,毒品,34
2016,彰化縣,田中鎮,汽車竊盜,3
2016,彰化縣,田尾鄉,住宅竊盜,3
2016,彰化縣,田尾鄉,機車竊盜,4
2016,彰化縣,田尾鄉,毒品,33
2016,彰化縣,田尾鄉,汽車竊盜,3
2016,彰化縣,社頭鄉,住宅竊盜,3
2016,彰化縣,社頭鄉,搶奪,2
2016,彰化縣,社頭鄉,機車竊盜,5
2016,彰化縣,社頭鄉,毒品,36
2016,彰化縣,社頭鄉,汽車竊盜,3
2016,彰化縣,福興鄉,住宅竊盜,1
2016,彰化縣,福興鄉,強盜,3
2016,彰化縣,福興鄉,搶奪,1
2016,彰化縣,福興鄉,機車竊盜,3
2016,彰化縣,福興鄉,毒品,62
2016,彰化縣,福興鄉,汽車竊盜,7
2016,彰化縣,秀水鄉,住宅竊盜,1
2016,彰化縣,秀水鄉,機車竊盜,2
2016,彰化縣,秀水鄉,毒品,19
2016,彰化縣,秀水鄉,汽車竊盜,5
2016,彰化縣,竹塘鄉,住宅竊盜,1
2016,彰化縣,竹塘鄉,機車竊盜,2
2016,彰化縣,竹塘鄉,毒品,6
2016,彰化縣,竹塘鄉,汽車竊盜,1
2016,彰化縣,線西鄉,強制性交,1
2016,彰化縣,線西鄉,強盜,2
2016,彰化縣,線西鄉,機車竊盜,1
2016,彰化縣,線西鄉,毒品,10
2016,彰化縣,線西鄉,汽車竊盜,1
2016,彰化縣,芬園鄉,強制性交,1
2016,彰化縣,芬園鄉,機車竊盜,5
2016,彰化縣,芬園鄉,毒品,38
2016,彰化縣,花壇鄉,強盜,2
2016,彰化縣,花壇鄉,機車竊盜,16
2016,彰化縣,花壇鄉,毒品,49
2016,彰化縣,花壇鄉,汽車竊盜,12
2016,彰化縣,芳苑鄉,住宅竊盜,5
2016,彰化縣,芳苑鄉,強制性交,1
2016,彰化縣,芳苑鄉,搶奪,1
2016,彰化縣,芳苑鄉,機車竊盜,1
2016,彰化縣,芳苑鄉,毒品,41
2016,彰化縣,芳苑鄉,汽車竊盜,2
2016,彰化縣,鹿港鎮,住宅竊盜,8
2016,彰化縣,鹿港鎮,強制性交,4
2016,彰化縣,鹿港鎮,強盜,1
2016,彰化縣,鹿港鎮,搶奪,2
2016,彰化縣,鹿港鎮,機車竊盜,12
2016,彰化縣,鹿港鎮,毒品,75
2016,彰化縣,鹿港鎮,汽車竊盜,17
2016,新北市,三峽區,住宅竊盜,3
2016,新北市,三峽區,機車竊盜,48
2016,新北市,三峽區,毒品,212
2016,新北市,三峽區,汽車竊盜,17
2016,新北市,三芝區,機車竊盜,3
2016,新北市,三芝區,毒品,57
2016,新北市,三芝區,汽車竊盜,5
2016,新北市,三重區,住宅竊盜,57
2016,新北市,三重區,強制性交,1
2016,新北市,三重區,強盜,6
2016,新北市,三重區,搶奪,1
2016,新北市,三重區,機車竊盜,117
2016,新北市,三重區,毒品,1154
2016,新北市,三重區,汽車竊盜,41
2016,新北市,中和區,住宅竊盜,71
2016,新北市,中和區,強制性交,6
2016,新北市,中和區,強盜,4
2016,新北市,中和區,搶奪,2
2016,新北市,中和區,機車竊盜,123
2016,新北市,中和區,毒品,854
2016,新北市,中和區,汽車竊盜,29
2016,新北市,五股區,住宅竊盜,4
2016,新北市,五股區,強制性交,1
2016,新北市,五股區,強盜,1
2016,新北市,五股區,搶奪,3
2016,新北市,五股區,機車竊盜,19
2016,新北市,五股區,毒品,236
2016,新北市,五股區,汽車竊盜,23
2016,新北市,八里區,住宅竊盜,5
2016,新北市,八里區,機車竊盜,9
2016,新北市,八里區,毒品,104
2016,新北市,八里區,汽車竊盜,20
2016,新北市,土城區,住宅竊盜,52
2016,新北市,土城區,強制性交,3
2016,新北市,土城區,強盜,2
2016,新北市,土城區,搶奪,2
2016,新北市,土城區,機車竊盜,38
2016,新北市,土城區,毒品,480
2016,新北市,土城區,汽車竊盜,13
2016,新北市,坪林區,毒品,2
2016,新北市,平溪區,住宅竊盜,2
2016,新北市,平溪區,強制性交,1
2016,新北市,平溪區,機車竊盜,1
2016,新北市,平溪區,毒品,11
2016,新北市,新店區,住宅竊盜,35
2016,新北市,新店區,強制性交,2
2016,新北市,新店區,強盜,1
2016,新北市,新店區,搶奪,2
2016,新北市,新店區,機車竊盜,32
2016,新北市,新店區,毒品,436
2016,新北市,新店區,汽車竊盜,28
2016,新北市,新莊區,住宅竊盜,63
2016,新北市,新莊區,強制性交,4
2016,新北市,新莊區,強盜,11
2016,新北市,新莊區,搶奪,7
2016,新北市,新莊區,機車竊盜,115
2016,新北市,新莊區,毒品,855
2016,新北市,新莊區,汽車竊盜,32
2016,新北市,板橋區,住宅竊盜,91
2016,新北市,板橋區,強制性交,1
2016,新北市,板橋區,強盜,8
2016,新北市,板橋區,搶奪,11
2016,新北市,板橋區,機車竊盜,133
2016,新北市,板橋區,毒品,1339
2016,新北市,板橋區,汽車竊盜,17
2016,新北市,林口區,住宅竊盜,5
2016,新北市,林口區,強盜,3
2016,新北市,林口區,機車竊盜,17
2016,新北市,林口區,毒品,140
2016,新北市,林口區,汽車竊盜,25
2016,新北市,樹林區,住宅竊盜,25
2016,新北市,樹林區,強制性交,4
2016,新北市,樹林區,強盜,3
2016,新北市,樹林區,搶奪,1
2016,新北市,樹林區,機車竊盜,65
2016,新北市,樹林區,毒品,383
2016,新北市,樹林區,汽車竊盜,32
2016,新北市,永和區,住宅竊盜,34
2016,新北市,永和區,強盜,2
2016,新北市,永和區,搶奪,7
2016,新北市,永和區,機車竊盜,38
2016,新北市,永和區,毒品,230
2016,新北市,永和區,汽車竊盜,6
2016,新北市,汐止區,住宅竊盜,16
2016,新北市,汐止區,強制性交,10
2016,新北市,汐止區,強盜,4
2016,新北市,汐止區,搶奪,4
2016,新北市,汐止區,機車竊盜,51
2016,新北市,汐止區,毒品,325
2016,新北市,汐止區,汽車竊盜,23
2016,新北市,泰山區,住宅竊盜,12
2016,新北市,泰山區,強盜,1
2016,新北市,泰山區,搶奪,1
2016,新北市,泰山區,機車竊盜,23
2016,新北市,泰山區,毒品,140
2016,新北市,泰山區,汽車竊盜,8
2016,新北市,淡水區,住宅竊盜,5
2016,新北市,淡水區,強盜,3
2016,新北市,淡水區,搶奪,3
2016,新北市,淡水區,機車竊盜,51
2016,新北市,淡水區,毒品,135
2016,新北市,淡水區,汽車竊盜,18
2016,新北市,深坑區,住宅竊盜,9
2016,新北市,深坑區,機車竊盜,2
2016,新北市,深坑區,毒品,22
2016,新北市,深坑區,汽車竊盜,2
2016,新北市,烏來區,住宅竊盜,1
2016,新北市,烏來區,毒品,29
2016,新北市,瑞芳區,住宅竊盜,20
2016,新北市,瑞芳區,強制性交,1
2016,新北市,瑞芳區,強盜,2
2016,新北市,瑞芳區,機車竊盜,3
2016,新北市,瑞芳區,毒品,119
2016,新北市,瑞芳區,汽車竊盜,1
2016,新北市,石碇區,住宅竊盜,1
2016,新北市,石碇區,強盜,2
2016,新北市,石碇區,毒品,6
2016,新北市,石門區,住宅竊盜,2
2016,新北市,石門區,毒品,28
2016,新北市,萬里區,住宅竊盜,3
2016,新北市,萬里區,強制性交,1
2016,新北市,萬里區,強盜,1
2016,新北市,萬里區,機車竊盜,2
2016,新北市,萬里區,毒品,35
2016,新北市,萬里區,汽車竊盜,3
2016,新北市,蘆洲區,住宅竊盜,17
2016,新北市,蘆洲區,強制性交,2
2016,新北市,蘆洲區,強盜,3
2016,新北市,蘆洲區,搶奪,1
2016,新北市,蘆洲區,機車竊盜,37
2016,新北市,蘆洲區,毒品,429
2016,新北市,蘆洲區,汽車竊盜,12
2016,新北市,貢寮區,住宅竊盜,1
2016,新北市,貢寮區,機車竊盜,1
2016,新北市,貢寮區,毒品,25
2016,新北市,金山區,住宅竊盜,8
2016,新北市,金山區,搶奪,1
2016,新北市,金山區,機車竊盜,2
2016,新北市,金山區,毒品,32
2016,新北市,金山區,汽車竊盜,1
2016,新北市,雙溪區,住宅竊盜,4
2016,新北市,雙溪區,機車竊盜,1
2016,新北市,雙溪區,毒品,18
2016,新北市,鶯歌區,住宅竊盜,3
2016,新北市,鶯歌區,強制性交,1
2016,新北市,鶯歌區,強盜,2
2016,新北市,鶯歌區,搶奪,2
2016,新北市,鶯歌區,機車竊盜,79
2016,新北市,鶯歌區,毒品,145
2016,新北市,鶯歌區,汽車竊盜,30
2016,新竹市,北區,住宅竊盜,17
2016,新竹市,北區,強制性交,4
2016,新竹市,北區,強盜,1
2016,新竹市,北區,搶奪,4
2016,新竹市,北區,機車竊盜,35
2016,新竹市,北區,毒品,147
2016,新竹市,北區,汽車竊盜,33
2016,新竹市,東區,住宅竊盜,44
2016,新竹市,東區,強制性交,2
2016,新竹市,東區,搶奪,3
2016,新竹市,東區,機車竊盜,52
2016,新竹市,東區,毒品,152
2016,新竹市,東區,汽車竊盜,46
2016,新竹市,香山區,住宅竊盜,12
2016,新竹市,香山區,強制性交,5
2016,新竹市,香山區,強盜,1
2016,新竹市,香山區,機車竊盜,26
2016,新竹市,香山區,毒品,70
2016,新竹市,香山區,汽車竊盜,26
2016,新竹縣,五峰鄉,機車竊盜,1
2016,新竹縣,五峰鄉,毒品,25
2016,新竹縣,北埔鄉,住宅竊盜,1
2016,新竹縣,北埔鄉,機車竊盜,4
2016,新竹縣,北埔鄉,毒品,15
2016,新竹縣,北埔鄉,汽車竊盜,1
2016,新竹縣,寶山鄉,住宅竊盜,3
2016,新竹縣,寶山鄉,強制性交,1
2016,新竹縣,寶山鄉,機車竊盜,1
2016,新竹縣,寶山鄉,毒品,29
2016,新竹縣,寶山鄉,汽車竊盜,4
2016,新竹縣,尖石鄉,毒品,17
2016,新竹縣,峨眉鄉,住宅竊盜,1
2016,新竹縣,峨眉鄉,機車竊盜,1
2016,新竹縣,峨眉鄉,毒品,7
2016,新竹縣,新埔鎮,住宅竊盜,2
2016,新竹縣,新埔鎮,強盜,1
2016,新竹縣,新埔鎮,機車竊盜,7
2016,新竹縣,新埔鎮,毒品,35
2016,新竹縣,新埔鎮,汽車竊盜,13
2016,新竹縣,新豐鄉,住宅竊盜,5
2016,新竹縣,新豐鄉,強盜,2
2016,新竹縣,新豐鄉,搶奪,3
2016,新竹縣,新豐鄉,機車竊盜,20
2016,新竹縣,新豐鄉,毒品,56
2016,新竹縣,新豐鄉,汽車竊盜,44
2016,新竹縣,橫山鄉,住宅竊盜,5
2016,新竹縣,橫山鄉,機車竊盜,7
2016,新竹縣,橫山鄉,毒品,15
2016,新竹縣,橫山鄉,汽車竊盜,2
2016,新竹縣,湖口鄉,住宅竊盜,4
2016,新竹縣,湖口鄉,強盜,1
2016,新竹縣,湖口鄉,搶奪,4
2016,新竹縣,湖口鄉,機車竊盜,42
2016,新竹縣,湖口鄉,毒品,147
2016,新竹縣,湖口鄉,汽車竊盜,93
2016,新竹縣,竹北市,住宅竊盜,10
2016,新竹縣,竹北市,強制性交,1
2016,新竹縣,竹北市,強盜,3
2016,新竹縣,竹北市,搶奪,2
2016,新竹縣,竹北市,機車竊盜,38
2016,新竹縣,竹北市,毒品,240
2016,新竹縣,竹北市,汽車竊盜,118
2016,新竹縣,竹東鎮,住宅竊盜,23
2016,新竹縣,竹東鎮,強制性交,2
2016,新竹縣,竹東鎮,強盜,1
2016,新竹縣,竹東鎮,搶奪,2
2016,新竹縣,竹東鎮,機車竊盜,28
2016,新竹縣,竹東鎮,毒品,161
2016,新竹縣,竹東鎮,汽車竊盜,46
2016,新竹縣,芎林鄉,住宅竊盜,8
2016,新竹縣,芎林鄉,機車竊盜,4
2016,新竹縣,芎林鄉,毒品,24
2016,新竹縣,芎林鄉,汽車竊盜,10
2016,新竹縣,關西鎮,住宅竊盜,6
2016,新竹縣,關西鎮,強制性交,1
2016,新竹縣,關西鎮,強盜,2
2016,新竹縣,關西鎮,機車竊盜,15
2016,新竹縣,關西鎮,毒品,54
2016,新竹縣,關西鎮,汽車竊盜,11
2016,桃園市,中壢區,住宅竊盜,20
2016,桃園市,中壢區,強制性交,3
2016,桃園市,中壢區,強盜,9
2016,桃園市,中壢區,搶奪,4
2016,桃園市,中壢區,機車竊盜,409
2016,桃園市,中壢區,毒品,1114
2016,桃園市,中壢區,汽車竊盜,206
2016,桃園市,八德區,住宅竊盜,6
2016,桃園市,八德區,強制性交,3
2016,桃園市,八德區,強盜,2
2016,桃園市,八德區,搶奪,3
2016,桃園市,八德區,機車竊盜,77
2016,桃園市,八德區,毒品,488
2016,桃園市,八德區,汽車竊盜,88
2016,桃園市,大園區,住宅竊盜,5
2016,桃園市,大園區,強盜,2
2016,桃園市,大園區,機車竊盜,27
2016,桃園市,大園區,毒品,140
2016,桃園市,大園區,汽車竊盜,33
2016,桃園市,大溪區,住宅竊盜,1
2016,桃園市,大溪區,強盜,3
2016,桃園市,大溪區,搶奪,1
2016,桃園市,大溪區,機車竊盜,32
2016,桃園市,大溪區,毒品,204
2016,桃園市,大溪區,汽車竊盜,103
2016,桃園市,平鎮區,住宅竊盜,11
2016,桃園市,平鎮區,強制性交,5
2016,桃園市,平鎮區,強盜,1
2016,桃園市,平鎮區,搶奪,1
2016,桃園市,平鎮區,機車竊盜,107
2016,桃園市,平鎮區,毒品,446
2016,桃園市,平鎮區,汽車竊盜,64
2016,桃園市,復興區,機車竊盜,1
2016,桃園市,復興區,毒品,12
2016,桃園市,復興區,汽車竊盜,6
2016,桃園市,新屋區,住宅竊盜,4
2016,桃園市,新屋區,機車竊盜,9
2016,桃園市,新屋區,毒品,59
2016,桃園市,新屋區,汽車竊盜,30
2016,桃園市,桃園區,住宅竊盜,39
2016,桃園市,桃園區,強制性交,5
2016,桃園市,桃園區,強盜,4
2016,桃園市,桃園區,搶奪,4
2016,桃園市,桃園區,機車竊盜,242
2016,桃園市,桃園區,毒品,1350
2016,桃園市,桃園區,汽車竊盜,106
2016,桃園市,楊梅區,住宅竊盜,10
2016,桃園市,楊梅區,搶奪,4
2016,桃園市,楊梅區,機車竊盜,62
2016,桃園市,楊梅區,毒品,167
2016,桃園市,楊梅區,汽車竊盜,105
2016,桃園市,蘆竹區,住宅竊盜,9
2016,桃園市,蘆竹區,強盜,1
2016,桃園市,蘆竹區,搶奪,2
2016,桃園市,蘆竹區,機車竊盜,47
2016,桃園市,蘆竹區,毒品,167
2016,桃園市,蘆竹區,汽車竊盜,39
2016,桃園市,觀音區,住宅竊盜,2
2016,桃園市,觀音區,機車竊盜,16
2016,桃園市,觀音區,毒品,94
2016,桃園市,觀音區,汽車竊盜,39
2016,桃園市,龍潭區,住宅竊盜,12
2016,桃園市,龍潭區,強盜,2
2016,桃園市,龍潭區,搶奪,1
2016,桃園市,龍潭區,機車竊盜,68
2016,桃園市,龍潭區,毒品,210
2016,桃園市,龍潭區,汽車竊盜,82
2016,桃園市,龜山區,住宅竊盜,27
2016,桃園市,龜山區,強盜,4
2016,桃園市,龜山區,搶奪,2
2016,桃園市,龜山區,機車竊盜,69
2016,桃園市,龜山區,毒品,372
2016,桃園市,龜山區,汽車竊盜,69
2016,澎湖縣,七美鄉,住宅竊盜,2
2016,澎湖縣,七美鄉,毒品,1
2016,澎湖縣,望安鄉,毒品,1
2016,澎湖縣,湖西鄉,強制性交,1
2016,澎湖縣,湖西鄉,毒品,4
2016,澎湖縣,湖西鄉,汽車竊盜,3
2016,澎湖縣,白沙鄉,住宅竊盜,5
2016,澎湖縣,西嶼鄉,住宅竊盜,3
2016,澎湖縣,西嶼鄉,汽車竊盜,2
2016,澎湖縣,馬公市,住宅竊盜,16
2016,澎湖縣,馬公市,強制性交,3
2016,澎湖縣,馬公市,機車竊盜,12
2016,澎湖縣,馬公市,毒品,30
2016,澎湖縣,馬公市,汽車竊盜,3
2016,臺中市,中區,住宅竊盜,1
2016,臺中市,中區,搶奪,3
2016,臺中市,中區,機車竊盜,33
2016,臺中市,中區,毒品,124
2016,臺中市,中區,汽車竊盜,5
2016,臺中市,北區,住宅竊盜,25
2016,臺中市,北區,強盜,4
2016,臺中市,北區,搶奪,1
2016,臺中市,北區,機車竊盜,44
2016,臺中市,北區,毒品,368
2016,臺中市,北區,汽車竊盜,8
2016,臺中市,北屯區,住宅竊盜,14
2016,臺中市,北屯區,強制性交,1
2016,臺中市,北屯區,強盜,2
2016,臺中市,北屯區,機車竊盜,67
2016,臺中市,北屯區,毒品,286
2016,臺中市,北屯區,汽車竊盜,21
2016,臺中市,南區,住宅竊盜,15
2016,臺中市,南區,強制性交,2
2016,臺中市,南區,強盜,1
2016,臺中市,南區,機車竊盜,27
2016,臺中市,南區,毒品,55
2016,臺中市,南區,汽車竊盜,5
2016,臺中市,南屯區,住宅竊盜,4
2016,臺中市,南屯區,強盜,1
2016,臺中市,南屯區,搶奪,1
2016,臺中市,南屯區,機車竊盜,17
2016,臺中市,南屯區,毒品,94
2016,臺中市,南屯區,汽車竊盜,14
2016,臺中市,后里區,住宅竊盜,1
2016,臺中市,后里區,強盜,2
2016,臺中市,后里區,機車竊盜,4
2016,臺中市,后里區,毒品,54
2016,臺中市,后里區,汽車竊盜,6
2016,臺中市,和平區,機車竊盜,1
2016,臺中市,和平區,毒品,4
2016,臺中市,和平區,汽車竊盜,1
2016,臺中市,外埔區,毒品,34
2016,臺中市,外埔區,汽車竊盜,3
2016,臺中市,大安區,搶奪,1
2016,臺中市,大安區,機車竊盜,1
2016,臺中市,大安區,毒品,35
2016,臺中市,大甲區,強制性交,1
2016,臺中市,大甲區,機車竊盜,7
2016,臺中市,大甲區,毒品,108
2016,臺中市,大甲區,汽車竊盜,10
2016,臺中市,大肚區,強制性交,2
2016,臺中市,大肚區,搶奪,1
2016,臺中市,大肚區,機車竊盜,9
2016,臺中市,大肚區,毒品,46
2016,臺中市,大肚區,汽車竊盜,3
2016,臺中市,大里區,住宅竊盜,2
2016,臺中市,大里區,強制性交,2
2016,臺中市,大里區,搶奪,5
2016,臺中市,大里區,機車竊盜,43
2016,臺中市,大里區,毒品,216
2016,臺中市,大里區,汽車竊盜,8
2016,臺中市,大雅區,住宅竊盜,5
2016,臺中市,大雅區,機車竊盜,19
2016,臺中市,大雅區,毒品,88
2016,臺中市,大雅區,汽車竊盜,9
2016,臺中市,太平區,住宅竊盜,6
2016,臺中市,太平區,強盜,2
2016,臺中市,太平區,搶奪,2
2016,臺中市,太平區,機車竊盜,32
2016,臺中市,太平區,毒品,169
2016,臺中市,太平區,汽車竊盜,14
2016,臺中市,新社區,住宅竊盜,3
2016,臺中市,新社區,機車竊盜,7
2016,臺中市,新社區,毒品,11
2016,臺中市,新社區,汽車竊盜,2
2016,臺中市,東勢區,住宅竊盜,1
2016,臺中市,東勢區,強制性交,1
2016,臺中市,東勢區,機車竊盜,9
2016,臺中市,東勢區,毒品,43
2016,臺中市,東勢區,汽車竊盜,4
2016,臺中市,東區,住宅竊盜,13
2016,臺中市,東區,強制性交,6
2016,臺中市,東區,機車竊盜,22
2016,臺中市,東區,毒品,114
2016,臺中市,東區,汽車竊盜,17
2016,臺中市,梧棲區,住宅竊盜,1
2016,臺中市,梧棲區,強制性交,2
2016,臺中市,梧棲區,機車竊盜,10
2016,臺中市,梧棲區,毒品,59
2016,臺中市,梧棲區,汽車竊盜,6
2016,臺中市,沙鹿區,住宅竊盜,2
2016,臺中市,沙鹿區,強制性交,3
2016,臺中市,沙鹿區,強盜,2
2016,臺中市,沙鹿區,搶奪,2
2016,臺中市,沙鹿區,機車竊盜,25
2016,臺中市,沙鹿區,毒品,120
2016,臺中市,沙鹿區,汽車竊盜,12
2016,臺中市,清水區,搶奪,1
2016,臺中市,清水區,機車竊盜,10
2016,臺中市,清水區,毒品,98
2016,臺中市,清水區,汽車竊盜,8
2016,臺中市,潭子區,住宅竊盜,9
2016,臺中市,潭子區,機車竊盜,16
2016,臺中市,潭子區,毒品,147
2016,臺中市,潭子區,汽車竊盜,9
2016,臺中市,烏日區,住宅竊盜,4
2016,臺中市,烏日區,搶奪,1
2016,臺中市,烏日區,機車竊盜,15
2016,臺中市,烏日區,毒品,78
2016,臺中市,烏日區,汽車竊盜,4
2016,臺中市,石岡區,搶奪,1
2016,臺中市,石岡區,機車竊盜,2
2016,臺中市,石岡區,毒品,4
2016,臺中市,石岡區,汽車竊盜,1
2016,臺中市,神岡區,住宅竊盜,3
2016,臺中市,神岡區,機車竊盜,2
2016,臺中市,神岡區,毒品,42
2016,臺中市,神岡區,汽車竊盜,4
2016,臺中市,西區,住宅竊盜,5
2016,臺中市,西區,強制性交,1
2016,臺中市,西區,強盜,3
2016,臺中市,西區,搶奪,2
2016,臺中市,西區,機車竊盜,40
2016,臺中市,西區,毒品,89
2016,臺中市,西區,汽車竊盜,7
2016,臺中市,西屯區,住宅竊盜,16
2016,臺中市,西屯區,強制性交,2
2016,臺中市,西屯區,強盜,2
2016,臺中市,西屯區,搶奪,1
2016,臺中市,西屯區,機車竊盜,58
2016,臺中市,西屯區,毒品,287
2016,臺中市,西屯區,汽車竊盜,26
2016,臺中市,豐原區,住宅竊盜,9
2016,臺中市,豐原區,強盜,1
2016,臺中市,豐原區,機車竊盜,33
2016,臺中市,豐原區,毒品,187
2016,臺中市,豐原區,汽車竊盜,17
2016,臺中市,霧峰區,住宅竊盜,1
2016,臺中市,霧峰區,強制性交,1
2016,臺中市,霧峰區,強盜,1
2016,臺中市,霧峰區,搶奪,1
2016,臺中市,霧峰區,機車竊盜,12
2016,臺中市,霧峰區,毒品,48
2016,臺中市,霧峰區,汽車竊盜,11
2016,臺中市,龍井區,住宅竊盜,4
2016,臺中市,龍井區,強盜,1
2016,臺中市,龍井區,搶奪,1
2016,臺中市,龍井區,機車竊盜,10
2016,臺中市,龍井區,毒品,76
2016,臺中市,龍井區,汽車竊盜,3
2016,臺北市,中山區,住宅竊盜,52
2016,臺北市,中山區,強制性交,13
2016,臺北市,中山區,強盜,8
2016,臺北市,中山區,搶奪,4
2016,臺北市,中山區,機車竊盜,37
2016,臺北市,中山區,毒品,808
2016,臺北市,中山區,汽車竊盜,5
2016,臺北市,中正區,住宅竊盜,29
2016,臺北市,中正區,強制性交,2
2016,臺北市,中正區,強盜,1
2016,臺北市,中正區,搶奪,3
2016,臺北市,中正區,機車竊盜,16
2016,臺北市,中正區,毒品,202
2016,臺北市,中正區,汽車竊盜,3
2016,臺北市,信義區,住宅竊盜,25
2016,臺北市,信義區,強制性交,6
2016,臺北市,信義區,強盜,3
2016,臺北市,信義區,搶奪,2
2016,臺北市,信義區,機車竊盜,17
2016,臺北市,信義區,毒品,211
2016,臺北市,信義區,汽車竊盜,1
2016,臺北市,內湖區,住宅竊盜,49
2016,臺北市,內湖區,強制性交,4
2016,臺北市,內湖區,強盜,3
2016,臺北市,內湖區,搶奪,1
2016,臺北市,內湖區,機車竊盜,17
2016,臺北市,內湖區,毒品,181
2016,臺北市,內湖區,汽車竊盜,8
2016,臺北市,北投區,住宅竊盜,54
2016,臺北市,北投區,強制性交,8
2016,臺北市,北投區,強盜,3
2016,臺北市,北投區,搶奪,1
2016,臺北市,北投區,機車竊盜,35
2016,臺北市,北投區,毒品,160
2016,臺北市,北投區,汽車竊盜,21
2016,臺北市,南港區,住宅竊盜,28
2016,臺北市,南港區,強制性交,3
2016,臺北市,南港區,搶奪,1
2016,臺北市,南港區,機車竊盜,14
2016,臺北市,南港區,毒品,144
2016,臺北市,南港區,汽車竊盜,2
2016,臺北市,士林區,住宅竊盜,63
2016,臺北市,士林區,強制性交,4
2016,臺北市,士林區,強盜,1
2016,臺北市,士林區,搶奪,2
2016,臺北市,士林區,機車竊盜,50
2016,臺北市,士林區,毒品,210
2016,臺北市,士林區,汽車竊盜,15
2016,臺北市,大同區,住宅竊盜,25
2016,臺北市,大同區,強制性交,1
2016,臺北市,大同區,搶奪,1
2016,臺北市,大同區,機車竊盜,26
2016,臺北市,大同區,毒品,477
2016,臺北市,大同區,汽車竊盜,2
2016,臺北市,大安區,住宅竊盜,48
2016,臺北市,大安區,強制性交,4
2016,臺北市,大安區,強盜,3
2016,臺北市,大安區,搶奪,3
2016,臺北市,大安區,機車竊盜,24
2016,臺北市,大安區,毒品,316
2016,臺北市,大安區,汽車竊盜,5
2016,臺北市,文山區,住宅竊盜,32
2016,臺北市,文山區,強制性交,4
2016,臺北市,文山區,強盜,2
2016,臺北市,文山區,搶奪,2
2016,臺北市,文山區,機車竊盜,12
2016,臺北市,文山區,毒品,245
2016,臺北市,文山區,汽車竊盜,4
2016,臺北市,松山區,住宅竊盜,27
2016,臺北市,松山區,強制性交,4
2016,臺北市,松山區,強盜,1
2016,臺北市,松山區,搶奪,1
2016,臺北市,松山區,機車竊盜,15
2016,臺北市,松山區,毒品,286
2016,臺北市,松山區,汽車竊盜,4
2016,臺北市,萬華區,住宅竊盜,36
2016,臺北市,萬華區,強制性交,4
2016,臺北市,萬華區,強盜,4
2016,臺北市,萬華區,搶奪,3
2016,臺北市,萬華區,機車竊盜,49
2016,臺北市,萬華區,毒品,741
2016,臺北市,萬華區,汽車竊盜,17
2016,臺南市,七股區,住宅竊盜,8
2016,臺南市,七股區,毒品,21
2016,臺南市,下營區,住宅竊盜,3
2016,臺南市,下營區,機車竊盜,3
2016,臺南市,下營區,毒品,15
2016,臺南市,下營區,汽車竊盜,4
2016,臺南市,中西區,住宅竊盜,37
2016,臺南市,中西區,強制性交,6
2016,臺南市,中西區,強盜,2
2016,臺南市,中西區,搶奪,3
2016,臺南市,中西區,機車竊盜,41
2016,臺南市,中西區,毒品,91
2016,臺南市,中西區,汽車竊盜,19
2016,臺南市,仁德區,住宅竊盜,23
2016,臺南市,仁德區,強制性交,7
2016,臺南市,仁德區,強盜,4
2016,臺南市,仁德區,搶奪,1
2016,臺南市,仁德區,機車竊盜,21
2016,臺南市,仁德區,毒品,80
2016,臺南市,仁德區,汽車竊盜,13
2016,臺南市,佳里區,住宅竊盜,19
2016,臺南市,佳里區,強制性交,1
2016,臺南市,佳里區,機車竊盜,8
2016,臺南市,佳里區,毒品,29
2016,臺南市,佳里區,汽車竊盜,5
2016,臺南市,六甲區,住宅竊盜,2
2016,臺南市,六甲區,強盜,1
2016,臺南市,六甲區,機車竊盜,3
2016,臺南市,六甲區,毒品,42
2016,臺南市,六甲區,汽車竊盜,2
2016,臺南市,北區,住宅竊盜,22
2016,臺南市,北區,強制性交,7
2016,臺南市,北區,強盜,1
2016,臺南市,北區,搶奪,3
2016,臺南市,北區,機車竊盜,26
2016,臺南市,北區,毒品,171
2016,臺南市,北區,汽車竊盜,37
2016,臺南市,北門區,住宅竊盜,2
2016,臺南市,北門區,強制性交,1
2016,臺南市,北門區,強盜,1
2016,臺南市,北門區,機車竊盜,1
2016,臺南市,北門區,毒品,14
2016,臺南市,北門區,汽車竊盜,1
2016,臺南市,南化區,住宅竊盜,5
2016,臺南市,南化區,強盜,1
2016,臺南市,南化區,機車竊盜,1
2016,臺南市,南化區,毒品,4
2016,臺南市,南化區,汽車竊盜,4
2016,臺南市,南區,住宅竊盜,15
2016,臺南市,南區,強制性交,5
2016,臺南市,南區,強盜,1
2016,臺南市,南區,搶奪,3
2016,臺南市,南區,機車竊盜,13
2016,臺南市,南區,毒品,61
2016,臺南市,南區,汽車竊盜,14
2016,臺南市,善化區,住宅竊盜,8
2016,臺南市,善化區,強制性交,1
2016,臺南市,善化區,強盜,2
2016,臺南市,善化區,機車竊盜,6
2016,臺南市,善化區,毒品,17
2016,臺南市,善化區,汽車竊盜,4
2016,臺南市,大內區,住宅竊盜,2
2016,臺南市,大內區,機車竊盜,1
2016,臺南市,大內區,毒品,6
2016,臺南市,學甲區,住宅竊盜,15
2016,臺南市,學甲區,搶奪,1
2016,臺南市,學甲區,機車竊盜,1
2016,臺南市,學甲區,毒品,29
2016,臺南市,學甲區,汽車竊盜,2
2016,臺南市,安南區,住宅竊盜,13
2016,臺南市,安南區,強制性交,5
2016,臺南市,安南區,強盜,1
2016,臺南市,安南區,搶奪,1
2016,臺南市,安南區,機車竊盜,37
2016,臺南市,安南區,毒品,193
2016,臺南市,安南區,汽車竊盜,25
2016,臺南市,安定區,強盜,1
2016,臺南市,安定區,機車竊盜,5
2016,臺南市,安定區,毒品,30
2016,臺南市,安定區,汽車竊盜,4
2016,臺南市,安平區,住宅竊盜,32
2016,臺南市,安平區,強制性交,4
2016,臺南市,安平區,強盜,4
2016,臺南市,安平區,搶奪,1
2016,臺南市,安平區,機車竊盜,8
2016,臺南市,安平區,毒品,41
2016,臺南市,安平區,汽車竊盜,24
2016,臺南市,官田區,住宅竊盜,4
2016,臺南市,官田區,強盜,1
2016,臺南市,官田區,搶奪,2
2016,臺南市,官田區,機車竊盜,3
2016,臺南市,官田區,毒品,22
2016,臺南市,官田區,汽車竊盜,3
2016,臺南市,將軍區,住宅竊盜,4
2016,臺南市,將軍區,強制性交,1
2016,臺南市,將軍區,機車竊盜,1
2016,臺南市,將軍區,毒品,14
2016,臺南市,山上區,住宅竊盜,1
2016,臺南市,山上區,強制性交,1
2016,臺南市,山上區,毒品,1
2016,臺南市,左鎮區,住宅竊盜,1
2016,臺南市,左鎮區,機車竊盜,1
2016,臺南市,左鎮區,毒品,10
2016,臺南市,後壁區,住宅竊盜,4
2016,臺南市,後壁區,強制性交,1
2016,臺南市,後壁區,機車竊盜,2
2016,臺南市,後壁區,毒品,19
2016,臺南市,後壁區,汽車竊盜,4
2016,臺南市,新化區,住宅竊盜,11
2016,臺南市,新化區,強制性交,3
2016,臺南市,新化區,機車竊盜,8
2016,臺南市,新化區,毒品,29
2016,臺南市,新化區,汽車竊盜,2
2016,臺南市,新市區,住宅竊盜,4
2016,臺南市,新市區,強制性交,1
2016,臺南市,新市區,機車竊盜,11
2016,臺南市,新市區,毒品,18
2016,臺南市,新市區,汽車竊盜,6
2016,臺南市,新營區,住宅竊盜,8
2016,臺南市,新營區,強制性交,2
2016,臺南市,新營區,強盜,1
2016,臺南市,新營區,搶奪,2
2016,臺南市,新營區,機車竊盜,17
2016,臺南市,新營區,毒品,57
2016,臺南市,新營區,汽車竊盜,6
2016,臺南市,東區,住宅竊盜,3
2016,臺南市,東區,強制性交,3
2016,臺南市,東區,強盜,1
2016,臺南市,東區,搶奪,1
2016,臺南市,東區,機車竊盜,35
2016,臺南市,東區,毒品,79
2016,臺南市,東區,汽車竊盜,25
2016,臺南市,東山區,住宅竊盜,5
2016,臺南市,東山區,強制性交,2
2016,臺南市,東山區,機車竊盜,4
2016,臺南市,東山區,毒品,14
2016,臺南市,東山區,汽車竊盜,1
2016,臺南市,柳營區,住宅竊盜,1
2016,臺南市,柳營區,強盜,2
2016,臺南市,柳營區,搶奪,2
2016,臺南市,柳營區,機車竊盜,4
2016,臺南市,柳營區,毒品,18
2016,臺南市,柳營區,汽車竊盜,2
2016,臺南市,楠西區,住宅竊盜,2
2016,臺南市,楠西區,機車竊盜,2
2016,臺南市,楠西區,毒品,6
2016,臺南市,歸仁區,住宅竊盜,19
2016,臺南市,歸仁區,強制性交,2
2016,臺南市,歸仁區,強盜,3
2016,臺南市,歸仁區,搶奪,2
2016,臺南市,歸仁區,機車竊盜,8
2016,臺南市,歸仁區,毒品,39
2016,臺南市,歸仁區,汽車竊盜,8
2016,臺南市,永康區,住宅竊盜,73
2016,臺南市,永康區,強制性交,10
2016,臺南市,永康區,強盜,5
2016,臺南市,永康區,機車竊盜,45
2016,臺南市,永康區,毒品,455
2016,臺南市,永康區,汽車竊盜,46
2016,臺南市,玉井區,住宅竊盜,4
2016,臺南市,玉井區,機車竊盜,4
2016,臺南市,玉井區,毒品,14
2016,臺南市,白河區,住宅竊盜,10
2016,臺南市,白河區,強制性交,1
2016,臺南市,白河區,機車竊盜,1
2016,臺南市,白河區,毒品,31
2016,臺南市,白河區,汽車竊盜,6
2016,臺南市,西港區,住宅竊盜,5
2016,臺南市,西港區,機車竊盜,1
2016,臺南市,西港區,毒品,23
2016,臺南市,西港區,汽車竊盜,2
2016,臺南市,關廟區,住宅竊盜,4
2016,臺南市,關廟區,機車竊盜,7
2016,臺南市,關廟區,毒品,30
2016,臺南市,關廟區,汽車竊盜,8
2016,臺南市,鹽水區,住宅竊盜,3
2016,臺南市,鹽水區,強盜,1
2016,臺南市,鹽水區,機車竊盜,2
2016,臺南市,鹽水區,毒品,17
2016,臺南市,鹽水區,汽車竊盜,3
2016,臺南市,麻豆區,住宅竊盜,5
2016,臺南市,麻豆區,強制性交,1
2016,臺南市,麻豆區,搶奪,1
2016,臺南市,麻豆區,機車竊盜,8
2016,臺南市,麻豆區,毒品,32
2016,臺南市,麻豆區,汽車竊盜,7
2016,臺南市,龍崎區,住宅竊盜,5
2016,臺南市,龍崎區,機車竊盜,2
2016,臺南市,龍崎區,毒品,1
2016,臺東縣,卑南鄉,住宅竊盜,2
2016,臺東縣,卑南鄉,機車竊盜,1
2016,臺東縣,卑南鄉,毒品,31
2016,臺東縣,卑南鄉,汽車竊盜,2
2016,臺東縣,大武鄉,住宅竊盜,1
2016,臺東縣,大武鄉,毒品,6
2016,臺東縣,太麻里鄉,住宅竊盜,1
2016,臺東縣,太麻里鄉,機車竊盜,2
2016,臺東縣,太麻里鄉,毒品,14
2016,臺東縣,延平鄉,毒品,3
2016,臺東縣,成功鎮,機車竊盜,2
2016,臺東縣,成功鎮,毒品,6
2016,臺東縣,東河鄉,毒品,11
2016,臺東縣,池上鄉,住宅竊盜,1
2016,臺東縣,池上鄉,毒品,9
2016,臺東縣,海端鄉,毒品,2
2016,臺東縣,綠島鄉,強制性交,1
2016,臺東縣,臺東市,住宅竊盜,6
2016,臺東縣,臺東市,強盜,1
2016,臺東縣,臺東市,機車竊盜,18
2016,臺東縣,臺東市,毒品,176
2016,臺東縣,臺東市,汽車竊盜,9
2016,臺東縣,達仁鄉,住宅竊盜,3
2016,臺東縣,達仁鄉,毒品,2
2016,臺東縣,達仁鄉,汽車竊盜,1
2016,臺東縣,長濱鄉,住宅竊盜,1
2016,臺東縣,長濱鄉,機車竊盜,1
2016,臺東縣,長濱鄉,毒品,5
2016,臺東縣,關山鎮,毒品,7
2016,臺東縣,鹿野鄉,機車竊盜,1
2016,臺東縣,鹿野鄉,毒品,6
2016,臺東縣,鹿野鄉,汽車竊盜,2
2016,花蓮縣,光復鄉,毒品,9
2016,花蓮縣,光復鄉,汽車竊盜,2
2016,花蓮縣,卓溪鄉,住宅竊盜,1
2016,花蓮縣,卓溪鄉,毒品,7
2016,花蓮縣,吉安鄉,住宅竊盜,9
2016,花蓮縣,吉安鄉,強制性交,1
2016,花蓮縣,吉安鄉,搶奪,1
2016,花蓮縣,吉安鄉,機車竊盜,18
2016,花蓮縣,吉安鄉,毒品,155
2016,花蓮縣,吉安鄉,汽車竊盜,14
2016,花蓮縣,壽豐鄉,住宅竊盜,3
2016,花蓮縣,壽豐鄉,機車竊盜,2
2016,花蓮縣,壽豐鄉,毒品,23
2016,花蓮縣,壽豐鄉,汽車竊盜,2
2016,花蓮縣,富里鄉,強盜,1
2016,花蓮縣,富里鄉,機車竊盜,5
2016,花蓮縣,富里鄉,毒品,8
2016,花蓮縣,富里鄉,汽車竊盜,1
2016,花蓮縣,新城鄉,住宅竊盜,6
2016,花蓮縣,新城鄉,機車竊盜,2
2016,花蓮縣,新城鄉,毒品,79
2016,花蓮縣,新城鄉,汽車竊盜,1
2016,花蓮縣,玉里鎮,住宅竊盜,1
2016,花蓮縣,玉里鎮,強制性交,1
2016,花蓮縣,玉里鎮,機車竊盜,5
2016,花蓮縣,玉里鎮,毒品,66
2016,花蓮縣,玉里鎮,汽車竊盜,5
2016,花蓮縣,瑞穗鄉,住宅竊盜,1
2016,花蓮縣,瑞穗鄉,機車竊盜,4
2016,花蓮縣,瑞穗鄉,毒品,15
2016,花蓮縣,瑞穗鄉,汽車竊盜,4
2016,花蓮縣,秀林鄉,住宅竊盜,2
2016,花蓮縣,秀林鄉,強制性交,1
2016,花蓮縣,秀林鄉,機車竊盜,1
2016,花蓮縣,秀林鄉,毒品,42
2016,花蓮縣,秀林鄉,汽車竊盜,2
2016,花蓮縣,花蓮市,住宅竊盜,37
2016,花蓮縣,花蓮市,強制性交,8
2016,花蓮縣,花蓮市,強盜,2
2016,花蓮縣,花蓮市,機車竊盜,36
2016,花蓮縣,花蓮市,毒品,278
2016,花蓮縣,花蓮市,汽車竊盜,34
2016,花蓮縣,萬榮鄉,住宅竊盜,2
2016,花蓮縣,萬榮鄉,毒品,7
2016,花蓮縣,鳳林鎮,住宅竊盜,3
2016,花蓮縣,鳳林鎮,機車竊盜,5
2016,花蓮縣,鳳林鎮,毒品,23
2016,花蓮縣,鳳林鎮,汽車竊盜,1
2016,苗栗縣,三灣鄉,強盜,1
2016,苗栗縣,三灣鄉,機車竊盜,3
2016,苗栗縣,三灣鄉,毒品,9
2016,苗栗縣,三灣鄉,汽車竊盜,1
2016,苗栗縣,三義鄉,住宅竊盜,1
2016,苗栗縣,三義鄉,搶奪,1
2016,苗栗縣,三義鄉,機車竊盜,3
2016,苗栗縣,三義鄉,毒品,20
2016,苗栗縣,三義鄉,汽車竊盜,10
2016,苗栗縣,公館鄉,住宅竊盜,3
2016,苗栗縣,公館鄉,機車竊盜,4
2016,苗栗縣,公館鄉,毒品,25
2016,苗栗縣,公館鄉,汽車竊盜,6
2016,苗栗縣,卓蘭鎮,住宅竊盜,5
2016,苗栗縣,卓蘭鎮,機車竊盜,2
2016,苗栗縣,卓蘭鎮,毒品,11
2016,苗栗縣,卓蘭鎮,汽車竊盜,3
2016,苗栗縣,南庄鄉,住宅竊盜,5
2016,苗栗縣,南庄鄉,毒品,12
2016,苗栗縣,南庄鄉,汽車竊盜,1
2016,苗栗縣,大湖鄉,住宅竊盜,6
2016,苗栗縣,大湖鄉,強制性交,2
2016,苗栗縣,大湖鄉,機車竊盜,1
2016,苗栗縣,大湖鄉,毒品,11
2016,苗栗縣,大湖鄉,汽車竊盜,1
2016,苗栗縣,後龍鎮,住宅竊盜,9
2016,苗栗縣,後龍鎮,強盜,1
2016,苗栗縣,後龍鎮,機車竊盜,2
2016,苗栗縣,後龍鎮,毒品,47
2016,苗栗縣,後龍鎮,汽車竊盜,11
2016,苗栗縣,泰安鄉,住宅竊盜,3
2016,苗栗縣,泰安鄉,毒品,16
2016,苗栗縣,獅潭鄉,機車竊盜,1
2016,苗栗縣,獅潭鄉,毒品,8
2016,苗栗縣,竹南鎮,住宅竊盜,12
2016,苗栗縣,竹南鎮,強盜,2
2016,苗栗縣,竹南鎮,搶奪,2
2016,苗栗縣,竹南鎮,機車竊盜,13
2016,苗栗縣,竹南鎮,毒品,102
2016,苗栗縣,竹南鎮,汽車竊盜,29
2016,苗栗縣,苑裡鎮,住宅竊盜,6
2016,苗栗縣,苑裡鎮,機車竊盜,2
2016,苗栗縣,苑裡鎮,毒品,24
2016,苗栗縣,苑裡鎮,汽車竊盜,7
2016,苗栗縣,苗栗市,住宅竊盜,7
2016,苗栗縣,苗栗市,強制性交,1
2016,苗栗縣,苗栗市,強盜,3
2016,苗栗縣,苗栗市,機車竊盜,29
2016,苗栗縣,苗栗市,毒品,131
2016,苗栗縣,苗栗市,汽車竊盜,31
2016,苗栗縣,西湖鄉,毒品,1
2016,苗栗縣,西湖鄉,汽車竊盜,3
2016,苗栗縣,通霄鎮,住宅竊盜,6
2016,苗栗縣,通霄鎮,機車竊盜,1
2016,苗栗縣,通霄鎮,毒品,25
2016,苗栗縣,通霄鎮,汽車竊盜,2
2016,苗栗縣,造橋鄉,住宅竊盜,1
2016,苗栗縣,造橋鄉,機車竊盜,3
2016,苗栗縣,造橋鄉,毒品,27
2016,苗栗縣,造橋鄉,汽車竊盜,4
2016,苗栗縣,銅鑼鄉,機車竊盜,6
2016,苗栗縣,銅鑼鄉,毒品,14
2016,苗栗縣,銅鑼鄉,汽車竊盜,5
2016,苗栗縣,頭份市,住宅竊盜,8
2016,苗栗縣,頭份市,強制性交,1
2016,苗栗縣,頭份市,搶奪,1
2016,苗栗縣,頭份市,機車竊盜,30
2016,苗栗縣,頭份市,毒品,108
2016,苗栗縣,頭份市,汽車竊盜,26
2016,苗栗縣,頭屋鄉,機車竊盜,1
2016,苗栗縣,頭屋鄉,毒品,11
2016,苗栗縣,頭屋鄉,汽車竊盜,1
2016,連江縣,南竿鄉,住宅竊盜,2
2016,連江縣,南竿鄉,毒品,7
2016,金門縣,烈嶼鄉,住宅竊盜,1
2016,金門縣,金城鎮,住宅竊盜,5
2016,金門縣,金城鎮,強制性交,4
2016,金門縣,金城鎮,搶奪,1
2016,金門縣,金城鎮,機車竊盜,6
2016,金門縣,金城鎮,毒品,18
2016,金門縣,金城鎮,汽車竊盜,1
2016,金門縣,金寧鄉,住宅竊盜,9
2016,金門縣,金寧鄉,強制性交,1
2016,金門縣,金寧鄉,機車竊盜,2
2016,金門縣,金寧鄉,毒品,7
2016,金門縣,金沙鎮,住宅竊盜,3
2016,金門縣,金沙鎮,機車竊盜,2
2016,金門縣,金沙鎮,毒品,2
2016,金門縣,金湖鎮,住宅竊盜,13
2016,金門縣,金湖鎮,強制性交,2
2016,金門縣,金湖鎮,搶奪,1
2016,金門縣,金湖鎮,機車竊盜,3
2016,金門縣,金湖鎮,毒品,9
2016,金門縣,金湖鎮,汽車竊盜,2
2016,雲林縣,二崙鄉,住宅竊盜,4
2016,雲林縣,二崙鄉,機車竊盜,1
2016,雲林縣,二崙鄉,毒品,22
2016,雲林縣,二崙鄉,汽車竊盜,4
2016,雲林縣,元長鄉,住宅竊盜,7
2016,雲林縣,元長鄉,機車竊盜,1
2016,雲林縣,元長鄉,毒品,28
2016,雲林縣,北港鎮,住宅竊盜,20
2016,雲林縣,北港鎮,搶奪,2
2016,雲林縣,北港鎮,機車竊盜,6
2016,雲林縣,北港鎮,毒品,84
2016,雲林縣,北港鎮,汽車竊盜,7
2016,雲林縣,口湖鄉,住宅竊盜,7
2016,雲林縣,口湖鄉,機車竊盜,3
2016,雲林縣,口湖鄉,毒品,37
2016,雲林縣,古坑鄉,住宅竊盜,3
2016,雲林縣,古坑鄉,機車竊盜,1
2016,雲林縣,古坑鄉,毒品,36
2016,雲林縣,古坑鄉,汽車竊盜,2
2016,雲林縣,四湖鄉,住宅竊盜,2
2016,雲林縣,四湖鄉,強盜,2
2016,雲林縣,四湖鄉,機車竊盜,7
2016,雲林縣,四湖鄉,毒品,38
2016,雲林縣,四湖鄉,汽車竊盜,4
2016,雲林縣,土庫鎮,住宅竊盜,2
2016,雲林縣,土庫鎮,機車竊盜,3
2016,雲林縣,土庫鎮,毒品,19
2016,雲林縣,土庫鎮,汽車竊盜,3
2016,雲林縣,大埤鄉,住宅竊盜,2
2016,雲林縣,大埤鄉,搶奪,1
2016,雲林縣,大埤鄉,機車竊盜,1
2016,雲林縣,大埤鄉,毒品,25
2016,雲林縣,大埤鄉,汽車竊盜,1
2016,雲林縣,崙背鄉,住宅竊盜,5
2016,雲林縣,崙背鄉,機車竊盜,3
2016,雲林縣,崙背鄉,毒品,28
2016,雲林縣,崙背鄉,汽車竊盜,3
2016,雲林縣,斗六市,住宅竊盜,15
2016,雲林縣,斗六市,強制性交,1
2016,雲林縣,斗六市,強盜,1
2016,雲林縣,斗六市,搶奪,2
2016,雲林縣,斗六市,機車竊盜,28
2016,雲林縣,斗六市,毒品,222
2016,雲林縣,斗六市,汽車竊盜,19
2016,雲林縣,斗南鎮,住宅竊盜,7
2016,雲林縣,斗南鎮,強盜,1
2016,雲林縣,斗南鎮,搶奪,1
2016,雲林縣,斗南鎮,機車竊盜,4
2016,雲林縣,斗南鎮,毒品,36
2016,雲林縣,斗南鎮,汽車竊盜,7
2016,雲林縣,東勢鄉,住宅竊盜,1
2016,雲林縣,東勢鄉,強盜,1
2016,雲林縣,東勢鄉,機車竊盜,7
2016,雲林縣,東勢鄉,毒品,19
2016,雲林縣,東勢鄉,汽車竊盜,1
2016,雲林縣,林內鄉,住宅竊盜,2
2016,雲林縣,林內鄉,強盜,3
2016,雲林縣,林內鄉,機車竊盜,5
2016,雲林縣,林內鄉,毒品,26
2016,雲林縣,林內鄉,汽車竊盜,2
2016,雲林縣,水林鄉,住宅竊盜,4
2016,雲林縣,水林鄉,強盜,1
2016,雲林縣,水林鄉,搶奪,1
2016,雲林縣,水林鄉,毒品,47
2016,雲林縣,水林鄉,汽車竊盜,2
2016,雲林縣,臺西鄉,住宅竊盜,2
2016,雲林縣,臺西鄉,機車竊盜,1
2016,雲林縣,臺西鄉,毒品,34
2016,雲林縣,臺西鄉,汽車竊盜,2
2016,雲林縣,莿桐鄉,住宅竊盜,6
2016,雲林縣,莿桐鄉,機車竊盜,5
2016,雲林縣,莿桐鄉,毒品,39
2016,雲林縣,莿桐鄉,汽車竊盜,4
2016,雲林縣,虎尾鎮,住宅竊盜,16
2016,雲林縣,虎尾鎮,強盜,2
2016,雲林縣,虎尾鎮,搶奪,1
2016,雲林縣,虎尾鎮,機車竊盜,19
2016,雲林縣,虎尾鎮,毒品,74
2016,雲林縣,虎尾鎮,汽車竊盜,12
2016,雲林縣,褒忠鄉,住宅竊盜,1
2016,雲林縣,褒忠鄉,搶奪,1
2016,雲林縣,褒忠鄉,機車竊盜,3
2016,雲林縣,褒忠鄉,毒品,9
2016,雲林縣,西螺鎮,住宅竊盜,8
2016,雲林縣,西螺鎮,機車竊盜,3
2016,雲林縣,西螺鎮,毒品,54
2016,雲林縣,西螺鎮,汽車竊盜,6
2016,雲林縣,麥寮鄉,住宅竊盜,4
2016,雲林縣,麥寮鄉,強制性交,1
2016,雲林縣,麥寮鄉,強盜,3
2016,雲林縣,麥寮鄉,機車竊盜,11
2016,雲林縣,麥寮鄉,毒品,132
2016,雲林縣,麥寮鄉,汽車竊盜,8
2016,高雄市,三民區,住宅竊盜,2
2016,高雄市,三民區,強制性交,2
2016,高雄市,三民區,強盜,3
2016,高雄市,三民區,搶奪,10
2016,高雄市,三民區,機車竊盜,116
2016,高雄市,三民區,毒品,502
2016,高雄市,三民區,汽車竊盜,41
2016,高雄市,仁武區,住宅竊盜,3
2016,高雄市,仁武區,強盜,2
2016,高雄市,仁武區,機車竊盜,12
2016,高雄市,仁武區,毒品,74
2016,高雄市,仁武區,汽車竊盜,48
2016,高雄市,內門區,住宅竊盜,1
2016,高雄市,內門區,毒品,5
2016,高雄市,內門區,汽車竊盜,8
2016,高雄市,六龜區,住宅竊盜,1
2016,高雄市,六龜區,機車竊盜,2
2016,高雄市,六龜區,毒品,19
2016,高雄市,六龜區,汽車竊盜,1
2016,高雄市,前金區,搶奪,3
2016,高雄市,前金區,機車竊盜,14
2016,高雄市,前金區,毒品,97
2016,高雄市,前金區,汽車竊盜,1
2016,高雄市,前鎮區,住宅竊盜,1
2016,高雄市,前鎮區,強制性交,1
2016,高雄市,前鎮區,強盜,1
2016,高雄市,前鎮區,搶奪,9
2016,高雄市,前鎮區,機車竊盜,44
2016,高雄市,前鎮區,毒品,187
2016,高雄市,前鎮區,汽車竊盜,29
2016,高雄市,大寮區,住宅竊盜,3
2016,高雄市,大寮區,強制性交,3
2016,高雄市,大寮區,強盜,2
2016,高雄市,大寮區,搶奪,3
2016,高雄市,大寮區,機車竊盜,36
2016,高雄市,大寮區,毒品,148
2016,高雄市,大寮區,汽車竊盜,26
2016,高雄市,大樹區,住宅竊盜,3
2016,高雄市,大樹區,強盜,1
2016,高雄市,大樹區,搶奪,1
2016,高雄市,大樹區,機車竊盜,7
2016,高雄市,大樹區,毒品,71
2016,高雄市,大樹區,汽車竊盜,12
2016,高雄市,大社區,住宅竊盜,2
2016,高雄市,大社區,機車竊盜,10
2016,高雄市,大社區,毒品,87
2016,高雄市,大社區,汽車竊盜,19
2016,高雄市,小港區,住宅竊盜,2
2016,高雄市,小港區,強盜,1
2016,高雄市,小港區,搶奪,8
2016,高雄市,小港區,機車竊盜,51
2016,高雄市,小港區,毒品,182
2016,高雄市,小港區,汽車竊盜,37
2016,高雄市,岡山區,住宅竊盜,1
2016,高雄市,岡山區,強盜,1
2016,高雄市,岡山區,搶奪,3
2016,高雄市,岡山區,機車竊盜,25
2016,高雄市,岡山區,毒品,131
2016,高雄市,岡山區,汽車竊盜,33
2016,高雄市,左營區,住宅竊盜,6
2016,高雄市,左營區,強盜,3
2016,高雄市,左營區,搶奪,5
2016,高雄市,左營區,機車竊盜,49
2016,高雄市,左營區,毒品,171
2016,高雄市,左營區,汽車竊盜,21
2016,高雄市,彌陀區,搶奪,1
2016,高雄市,彌陀區,機車竊盜,6
2016,高雄市,彌陀區,毒品,19
2016,高雄市,彌陀區,汽車竊盜,2
2016,高雄市,新興區,住宅竊盜,1
2016,高雄市,新興區,強制性交,2
2016,高雄市,新興區,強盜,1
2016,高雄市,新興區,搶奪,3
2016,高雄市,新興區,機車竊盜,17
2016,高雄市,新興區,毒品,205
2016,高雄市,新興區,汽車竊盜,4
2016,高雄市,旗山區,住宅竊盜,3
2016,高雄市,旗山區,機車竊盜,11
2016,高雄市,旗山區,毒品,40
2016,高雄市,旗山區,汽車竊盜,13
2016,高雄市,旗津區,機車竊盜,7
2016,高雄市,旗津區,毒品,40
2016,高雄市,杉林區,住宅竊盜,4
2016,高雄市,杉林區,強盜,1
2016,高雄市,杉林區,機車竊盜,4
2016,高雄市,杉林區,毒品,36
2016,高雄市,杉林區,汽車竊盜,3
2016,高雄市,林園區,住宅竊盜,1
2016,高雄市,林園區,機車竊盜,27
2016,高雄市,林園區,毒品,108
2016,高雄市,林園區,汽車竊盜,38
2016,高雄市,桃源區,毒品,3
2016,高雄市,梓官區,強盜,1
2016,高雄市,梓官區,搶奪,3
2016,高雄市,梓官區,機車竊盜,8
2016,高雄市,梓官區,毒品,46
2016,高雄市,梓官區,汽車竊盜,5
2016,高雄市,楠梓區,住宅竊盜,4
2016,高雄市,楠梓區,強制性交,1
2016,高雄市,楠梓區,強盜,2
2016,高雄市,楠梓區,搶奪,1
2016,高雄市,楠梓區,機車竊盜,37
2016,高雄市,楠梓區,毒品,164
2016,高雄市,楠梓區,汽車竊盜,68
2016,高雄市,橋頭區,搶奪,1
2016,高雄市,橋頭區,機車竊盜,6
2016,高雄市,橋頭區,毒品,36
2016,高雄市,橋頭區,汽車竊盜,13
2016,高雄市,永安區,機車竊盜,1
2016,高雄市,永安區,毒品,8
2016,高雄市,永安區,汽車竊盜,1
2016,高雄市,湖內區,住宅竊盜,2
2016,高雄市,湖內區,強制性交,1
2016,高雄市,湖內區,強盜,1
2016,高雄市,湖內區,搶奪,1
2016,高雄市,湖內區,機車竊盜,1
2016,高雄市,湖內區,毒品,34
2016,高雄市,湖內區,汽車竊盜,5
2016,高雄市,燕巢區,住宅竊盜,1
2016,高雄市,燕巢區,機車竊盜,14
2016,高雄市,燕巢區,毒品,37
2016,高雄市,燕巢區,汽車竊盜,18
2016,高雄市,田寮區,毒品,1
2016,高雄市,田寮區,汽車竊盜,2
2016,高雄市,甲仙區,住宅竊盜,1
2016,高雄市,甲仙區,搶奪,1
2016,高雄市,甲仙區,機車竊盜,1
2016,高雄市,甲仙區,毒品,10
2016,高雄市,甲仙區,汽車竊盜,7
2016,高雄市,美濃區,住宅竊盜,16
2016,高雄市,美濃區,機車竊盜,8
2016,高雄市,美濃區,毒品,60
2016,高雄市,美濃區,汽車竊盜,11
2016,高雄市,苓雅區,住宅竊盜,2
2016,高雄市,苓雅區,強制性交,2
2016,高雄市,苓雅區,強盜,1
2016,高雄市,苓雅區,搶奪,8
2016,高雄市,苓雅區,機車竊盜,54
2016,高雄市,苓雅區,毒品,226
2016,高雄市,苓雅區,汽車竊盜,16
2016,高雄市,茂林區,毒品,1
2016,高雄市,茄萣區,住宅竊盜,1
2016,高雄市,茄萣區,搶奪,2
2016,高雄市,茄萣區,機車竊盜,3
2016,高雄市,茄萣區,毒品,68
2016,高雄市,茄萣區,汽車竊盜,6
2016,高雄市,路竹區,住宅竊盜,5
2016,高雄市,路竹區,強盜,1
2016,高雄市,路竹區,搶奪,1
2016,高雄市,路竹區,機車竊盜,5
2016,高雄市,路竹區,毒品,57
2016,高雄市,路竹區,汽車竊盜,9
2016,高雄市,阿蓮區,住宅竊盜,3
2016,高雄市,阿蓮區,強制性交,1
2016,高雄市,阿蓮區,機車竊盜,5
2016,高雄市,阿蓮區,毒品,37
2016,高雄市,阿蓮區,汽車竊盜,7
2016,高雄市,鳥松區,住宅竊盜,2
2016,高雄市,鳥松區,搶奪,2
2016,高雄市,鳥松區,機車竊盜,3
2016,高雄市,鳥松區,毒品,73
2016,高雄市,鳥松區,汽車竊盜,20
2016,高雄市,鳳山區,住宅竊盜,34
2016,高雄市,鳳山區,強盜,4
2016,高雄市,鳳山區,搶奪,12
2016,高雄市,鳳山區,毒品,263
2016,高雄市,鳳山區,汽車竊盜,80
2016,高雄市,鹽埕區,強盜,1
2016,高雄市,鹽埕區,機車竊盜,9
2016,高雄市,鹽埕區,毒品,40
2016,高雄市,鹽埕區,汽車竊盜,1
2016,高雄市,鼓山區,住宅竊盜,2
2016,高雄市,鼓山區,強制性交,2
2016,高雄市,鼓山區,搶奪,3
2016,高雄市,鼓山區,機車竊盜,18
2016,高雄市,鼓山區,毒品,215
2016,高雄市,鼓山區,汽車竊盜,14
2017,南投縣,中寮鄉,住宅竊盜,3
2017,南投縣,中寮鄉,機車竊盜,2
2017,南投縣,中寮鄉,毒品,13
2017,南投縣,中寮鄉,汽車竊盜,2
2017,南投縣,仁愛鄉,住宅竊盜,5
2017,南投縣,仁愛鄉,機車竊盜,3
2017,南投縣,仁愛鄉,毒品,22
2017,南投縣,信義鄉,住宅竊盜,1
2017,南投縣,信義鄉,強制性交,3
2017,南投縣,信義鄉,機車竊盜,2
2017,南投縣,信義鄉,毒品,9
2017,南投縣,南投市,住宅竊盜,7
2017,南投縣,南投市,強制性交,6
2017,南投縣,南投市,強盜,5
2017,南投縣,南投市,搶奪,5
2017,南投縣,南投市,機車竊盜,34
2017,南投縣,南投市,毒品,132
2017,南投縣,南投市,汽車竊盜,11
2017,南投縣,名間鄉,住宅竊盜,8
2017,南投縣,名間鄉,強盜,2
2017,南投縣,名間鄉,機車竊盜,7
2017,南投縣,名間鄉,毒品,45
2017,南投縣,名間鄉,汽車竊盜,3
2017,南投縣,國姓鄉,住宅竊盜,2
2017,南投縣,國姓鄉,機車竊盜,1
2017,南投縣,國姓鄉,毒品,37
2017,南投縣,國姓鄉,汽車竊盜,4
2017,南投縣,埔里鎮,住宅竊盜,32
2017,南投縣,埔里鎮,強制性交,1
2017,南投縣,埔里鎮,搶奪,1
2017,南投縣,埔里鎮,機車竊盜,42
2017,南投縣,埔里鎮,毒品,168
2017,南投縣,埔里鎮,汽車竊盜,12
2017,南投縣,水里鄉,住宅竊盜,3
2017,南投縣,水里鄉,機車竊盜,6
2017,南投縣,水里鄉,毒品,30
2017,南投縣,水里鄉,汽車竊盜,5
2017,南投縣,竹山鎮,住宅竊盜,8
2017,南投縣,竹山鎮,強制性交,2
2017,南投縣,竹山鎮,強盜,1
2017,南投縣,竹山鎮,機車竊盜,3
2017,南投縣,竹山鎮,毒品,95
2017,南投縣,竹山鎮,汽車竊盜,6
2017,南投縣,草屯鎮,住宅竊盜,20
2017,南投縣,草屯鎮,強制性交,4
2017,南投縣,草屯鎮,強盜,2
2017,南投縣,草屯鎮,搶奪,1
2017,南投縣,草屯鎮,機車竊盜,18
2017,南投縣,草屯鎮,毒品,83
2017,南投縣,草屯鎮,汽車竊盜,12
2017,南投縣,集集鎮,住宅竊盜,1
2017,南投縣,集集鎮,機車竊盜,2
2017,南投縣,集集鎮,毒品,15
2017,南投縣,魚池鄉,住宅竊盜,4
2017,南投縣,魚池鄉,機車竊盜,3
2017,南投縣,魚池鄉,毒品,16
2017,南投縣,魚池鄉,汽車竊盜,4
2017,南投縣,鹿谷鄉,住宅竊盜,4
2017,南投縣,鹿谷鄉,搶奪,1
2017,南投縣,鹿谷鄉,機車竊盜,1
2017,南投縣,鹿谷鄉,毒品,9
2017,南投縣,鹿谷鄉,汽車竊盜,1
2017,嘉義市,東區,住宅竊盜,6
2017,嘉義市,東區,強制性交,5
2017,嘉義市,東區,搶奪,1
2017,嘉義市,東區,機車竊盜,6
2017,嘉義市,東區,毒品,113
2017,嘉義市,東區,汽車竊盜,12
2017,嘉義市,西區,住宅竊盜,7
2017,嘉義市,西區,強制性交,8
2017,嘉義市,西區,強盜,2
2017,嘉義市,西區,搶奪,2
2017,嘉義市,西區,機車竊盜,22
2017,嘉義市,西區,毒品,302
2017,嘉義市,西區,汽車竊盜,10
2017,嘉義縣,中埔鄉,強制性交,1
2017,嘉義縣,中埔鄉,強盜,1
2017,嘉義縣,中埔鄉,機車竊盜,1
2017,嘉義縣,中埔鄉,毒品,56
2017,嘉義縣,中埔鄉,汽車竊盜,5
2017,嘉義縣,六腳鄉,住宅竊盜,2
2017,嘉義縣,六腳鄉,強制性交,1
2017,嘉義縣,六腳鄉,機車竊盜,2
2017,嘉義縣,六腳鄉,毒品,15
2017,嘉義縣,六腳鄉,汽車竊盜,3
2017,嘉義縣,大林鎮,機車竊盜,2
2017,嘉義縣,大林鎮,毒品,18
2017,嘉義縣,大林鎮,汽車竊盜,7
2017,嘉義縣,太保市,強制性交,4
2017,嘉義縣,太保市,強盜,1
2017,嘉義縣,太保市,機車竊盜,2
2017,嘉義縣,太保市,毒品,49
2017,嘉義縣,太保市,汽車竊盜,7
2017,嘉義縣,布袋鎮,住宅竊盜,1
2017,嘉義縣,布袋鎮,搶奪,1
2017,嘉義縣,布袋鎮,機車竊盜,1
2017,嘉義縣,布袋鎮,毒品,12
2017,嘉義縣,布袋鎮,汽車竊盜,2
2017,嘉義縣,新港鄉,機車竊盜,1
2017,嘉義縣,新港鄉,毒品,13
2017,嘉義縣,新港鄉,汽車竊盜,1
2017,嘉義縣,朴子市,住宅竊盜,5
2017,嘉義縣,朴子市,強制性交,2
2017,嘉義縣,朴子市,機車竊盜,6
2017,嘉義縣,朴子市,毒品,36
2017,嘉義縣,朴子市,汽車竊盜,7
2017,嘉義縣,東石鄉,住宅竊盜,1
2017,嘉義縣,東石鄉,毒品,8
2017,嘉義縣,東石鄉,汽車竊盜,1
2017,嘉義縣,梅山鄉,住宅竊盜,1
2017,嘉義縣,梅山鄉,機車竊盜,1
2017,嘉義縣,梅山鄉,毒品,11
2017,嘉義縣,梅山鄉,汽車竊盜,4
2017,嘉義縣,民雄鄉,強盜,1
2017,嘉義縣,民雄鄉,搶奪,2
2017,嘉義縣,民雄鄉,機車竊盜,3
2017,嘉義縣,民雄鄉,毒品,95
2017,嘉義縣,民雄鄉,汽車竊盜,9
2017,嘉義縣,水上鄉,強制性交,3
2017,嘉義縣,水上鄉,機車竊盜,5
2017,嘉義縣,水上鄉,毒品,77
2017,嘉義縣,水上鄉,汽車竊盜,9
2017,嘉義縣,溪口鄉,機車竊盜,1
2017,嘉義縣,溪口鄉,毒品,11
2017,嘉義縣,溪口鄉,汽車竊盜,1
2017,嘉義縣,番路鄉,機車竊盜,1
2017,嘉義縣,番路鄉,毒品,11
2017,嘉義縣,竹崎鄉,住宅竊盜,2
2017,嘉義縣,竹崎鄉,強制性交,1
2017,嘉義縣,竹崎鄉,搶奪,1
2017,嘉義縣,竹崎鄉,機車竊盜,2
2017,嘉義縣,竹崎鄉,毒品,16
2017,嘉義縣,竹崎鄉,汽車竊盜,3
2017,嘉義縣,義竹鄉,住宅竊盜,2
2017,嘉義縣,義竹鄉,機車竊盜,1
2017,嘉義縣,義竹鄉,毒品,4
2017,嘉義縣,阿里山鄉,強制性交,1
2017,嘉義縣,阿里山鄉,毒品,7
2017,嘉義縣,鹿草鄉,搶奪,2
2017,嘉義縣,鹿草鄉,機車竊盜,1
2017,嘉義縣,鹿草鄉,毒品,8
2017,嘉義縣,鹿草鄉,汽車竊盜,2
2017,基隆市,七堵區,住宅竊盜,9
2017,基隆市,七堵區,強制性交,4
2017,基隆市,七堵區,機車竊盜,10
2017,基隆市,七堵區,毒品,156
2017,基隆市,七堵區,汽車竊盜,2
2017,基隆市,中山區,住宅竊盜,2
2017,基隆市,中山區,強盜,1
2017,基隆市,中山區,搶奪,2
2017,基隆市,中山區,機車竊盜,14
2017,基隆市,中山區,毒品,162
2017,基隆市,中山區,汽車竊盜,3
2017,基隆市,中正區,住宅竊盜,15
2017,基隆市,中正區,強制性交,5
2017,基隆市,中正區,強盜,2
2017,基隆市,中正區,機車竊盜,14
2017,基隆市,中正區,毒品,183
2017,基隆市,中正區,汽車竊盜,3
2017,基隆市,仁愛區,住宅竊盜,7
2017,基隆市,仁愛區,強制性交,2
2017,基隆市,仁愛區,強盜,4
2017,基隆市,仁愛區,搶奪,3
2017,基隆市,仁愛區,機車竊盜,23
2017,基隆市,仁愛區,毒品,284
2017,基隆市,仁愛區,汽車竊盜,5
2017,基隆市,信義區,住宅竊盜,7
2017,基隆市,信義區,強制性交,1
2017,基隆市,信義區,強盜,1
2017,基隆市,信義區,機車竊盜,15
2017,基隆市,信義區,毒品,144
2017,基隆市,信義區,汽車竊盜,5
2017,基隆市,安樂區,住宅竊盜,7
2017,基隆市,安樂區,強盜,3
2017,基隆市,安樂區,搶奪,1
2017,基隆市,安樂區,機車竊盜,17
2017,基隆市,安樂區,毒品,213
2017,基隆市,安樂區,汽車竊盜,3
2017,基隆市,暖暖區,住宅竊盜,8
2017,基隆市,暖暖區,機車竊盜,4
2017,基隆市,暖暖區,毒品,92
2017,基隆市,暖暖區,汽車竊盜,1
2017,宜蘭縣,三星鄉,住宅竊盜,9
2017,宜蘭縣,三星鄉,強制性交,2
2017,宜蘭縣,三星鄉,機車竊盜,3
2017,宜蘭縣,三星鄉,毒品,17
2017,宜蘭縣,三星鄉,汽車竊盜,3
2017,宜蘭縣,五結鄉,住宅竊盜,8
2017,宜蘭縣,五結鄉,強制性交,2
2017,宜蘭縣,五結鄉,搶奪,1
2017,宜蘭縣,五結鄉,機車竊盜,8
2017,宜蘭縣,五結鄉,毒品,44
2017,宜蘭縣,五結鄉,汽車竊盜,6
2017,宜蘭縣,冬山鄉,住宅竊盜,6
2017,宜蘭縣,冬山鄉,機車竊盜,2
2017,宜蘭縣,冬山鄉,毒品,56
2017,宜蘭縣,冬山鄉,汽車竊盜,7
2017,宜蘭縣,南澳鄉,住宅竊盜,1
2017,宜蘭縣,南澳鄉,毒品,24
2017,宜蘭縣,員山鄉,住宅竊盜,1
2017,宜蘭縣,員山鄉,機車竊盜,2
2017,宜蘭縣,員山鄉,毒品,65
2017,宜蘭縣,員山鄉,汽車竊盜,2
2017,宜蘭縣,壯圍鄉,住宅竊盜,3
2017,宜蘭縣,壯圍鄉,強制性交,1
2017,宜蘭縣,壯圍鄉,機車竊盜,2
2017,宜蘭縣,壯圍鄉,毒品,42
2017,宜蘭縣,壯圍鄉,汽車竊盜,2
2017,宜蘭縣,大同鄉,毒品,4
2017,宜蘭縣,宜蘭市,住宅竊盜,6
2017,宜蘭縣,宜蘭市,強制性交,3
2017,宜蘭縣,宜蘭市,強盜,1
2017,宜蘭縣,宜蘭市,機車竊盜,20
2017,宜蘭縣,宜蘭市,毒品,132
2017,宜蘭縣,宜蘭市,汽車竊盜,11
2017,宜蘭縣,礁溪鄉,住宅竊盜,14
2017,宜蘭縣,礁溪鄉,機車竊盜,14
2017,宜蘭縣,礁溪鄉,毒品,95
2017,宜蘭縣,礁溪鄉,汽車竊盜,2
2017,宜蘭縣,羅東鎮,住宅竊盜,9
2017,宜蘭縣,羅東鎮,強盜,3
2017,宜蘭縣,羅東鎮,機車竊盜,16
2017,宜蘭縣,羅東鎮,毒品,167
2017,宜蘭縣,羅東鎮,汽車竊盜,12
2017,宜蘭縣,蘇澳鎮,住宅竊盜,4
2017,宜蘭縣,蘇澳鎮,強制性交,1
2017,宜蘭縣,蘇澳鎮,機車竊盜,5
2017,宜蘭縣,蘇澳鎮,毒品,60
2017,宜蘭縣,蘇澳鎮,汽車竊盜,11
2017,宜蘭縣,頭城鎮,住宅竊盜,9
2017,宜蘭縣,頭城鎮,強盜,1
2017,宜蘭縣,頭城鎮,機車竊盜,5
2017,宜蘭縣,頭城鎮,毒品,66
2017,宜蘭縣,頭城鎮,汽車竊盜,1
2017,屏東縣,三地門鄉,機車竊盜,1
2017,屏東縣,三地門鄉,毒品,22
2017,屏東縣,三地門鄉,汽車竊盜,1
2017,屏東縣,九如鄉,機車竊盜,3
2017,屏東縣,九如鄉,毒品,20
2017,屏東縣,九如鄉,汽車竊盜,7
2017,屏東縣,佳冬鄉,住宅竊盜,1
2017,屏東縣,佳冬鄉,機車竊盜,4
2017,屏東縣,佳冬鄉,毒品,17
2017,屏東縣,佳冬鄉,汽車竊盜,1
2017,屏東縣,來義鄉,機車竊盜,2
2017,屏東縣,來義鄉,毒品,6
2017,屏東縣,內埔鄉,機車竊盜,10
2017,屏東縣,內埔鄉,毒品,126
2017,屏東縣,內埔鄉,汽車竊盜,6
2017,屏東縣,南州鄉,毒品,8
2017,屏東縣,屏東市,住宅竊盜,32
2017,屏東縣,屏東市,強盜,2
2017,屏東縣,屏東市,機車竊盜,49
2017,屏東縣,屏東市,毒品,459
2017,屏東縣,屏東市,汽車竊盜,50
2017,屏東縣,崁頂鄉,機車竊盜,2
2017,屏東縣,崁頂鄉,毒品,14
2017,屏東縣,恆春鎮,住宅竊盜,1
2017,屏東縣,恆春鎮,強制性交,2
2017,屏東縣,恆春鎮,強盜,1
2017,屏東縣,恆春鎮,機車竊盜,8
2017,屏東縣,恆春鎮,毒品,59
2017,屏東縣,恆春鎮,汽車竊盜,10
2017,屏東縣,新園鄉,住宅竊盜,5
2017,屏東縣,新園鄉,機車竊盜,10
2017,屏東縣,新園鄉,毒品,48
2017,屏東縣,新園鄉,汽車竊盜,10
2017,屏東縣,新埤鄉,住宅竊盜,1
2017,屏東縣,新埤鄉,機車竊盜,3
2017,屏東縣,新埤鄉,毒品,19
2017,屏東縣,春日鄉,毒品,13
2017,屏東縣,東港鎮,住宅竊盜,1
2017,屏東縣,東港鎮,強制性交,1
2017,屏東縣,東港鎮,搶奪,2
2017,屏東縣,東港鎮,機車竊盜,20
2017,屏東縣,東港鎮,毒品,93
2017,屏東縣,東港鎮,汽車竊盜,12
2017,屏東縣,枋寮鄉,強制性交,1
2017,屏東縣,枋寮鄉,強盜,1
2017,屏東縣,枋寮鄉,搶奪,1
2017,屏東縣,枋寮鄉,機車竊盜,7
2017,屏東縣,枋寮鄉,毒品,57
2017,屏東縣,枋寮鄉,汽車竊盜,3
2017,屏東縣,枋山鄉,機車竊盜,1
2017,屏東縣,枋山鄉,毒品,27
2017,屏東縣,林邊鄉,住宅竊盜,2
2017,屏東縣,林邊鄉,機車竊盜,3
2017,屏東縣,林邊鄉,毒品,27
2017,屏東縣,林邊鄉,汽車竊盜,2
2017,屏東縣,泰武鄉,毒品,4
2017,屏東縣,滿州鄉,住宅竊盜,1
2017,屏東縣,滿州鄉,機車竊盜,3
2017,屏東縣,滿州鄉,毒品,4
2017,屏東縣,滿州鄉,汽車竊盜,1
2017,屏東縣,潮州鎮,住宅竊盜,6
2017,屏東縣,潮州鎮,搶奪,1
2017,屏東縣,潮州鎮,機車竊盜,14
2017,屏東縣,潮州鎮,毒品,150
2017,屏東縣,潮州鎮,汽車竊盜,11
2017,屏東縣,牡丹鄉,毒品,1
2017,屏東縣,獅子鄉,機車竊盜,3
2017,屏東縣,獅子鄉,毒品,3
2017,屏東縣,琉球鄉,住宅竊盜,1
2017,屏東縣,琉球鄉,機車竊盜,2
2017,屏東縣,琉球鄉,毒品,1
2017,屏東縣,瑪家鄉,機車竊盜,1
2017,屏東縣,瑪家鄉,毒品,14
2017,屏東縣,瑪家鄉,汽車竊盜,1
2017,屏東縣,竹田鄉,機車竊盜,1
2017,屏東縣,竹田鄉,毒品,27
2017,屏東縣,竹田鄉,汽車竊盜,1
2017,屏東縣,萬丹鄉,住宅竊盜,3
2017,屏東縣,萬丹鄉,搶奪,1
2017,屏東縣,萬丹鄉,機車竊盜,13
2017,屏東縣,萬丹鄉,毒品,123
2017,屏東縣,萬丹鄉,汽車竊盜,7
2017,屏東縣,萬巒鄉,機車竊盜,2
2017,屏東縣,萬巒鄉,毒品,45
2017,屏東縣,車城鄉,強盜,1
2017,屏東縣,車城鄉,機車竊盜,7
2017,屏東縣,車城鄉,毒品,24
2017,屏東縣,車城鄉,汽車竊盜,2
2017,屏東縣,里港鄉,住宅竊盜,1
2017,屏東縣,里港鄉,強盜,1
2017,屏東縣,里港鄉,機車竊盜,2
2017,屏東縣,里港鄉,毒品,24
2017,屏東縣,里港鄉,汽車竊盜,3
2017,屏東縣,長治鄉,住宅竊盜,1
2017,屏東縣,長治鄉,強盜,2
2017,屏東縣,長治鄉,機車竊盜,3
2017,屏東縣,長治鄉,毒品,53
2017,屏東縣,長治鄉,汽車竊盜,10
2017,屏東縣,霧臺鄉,毒品,5
2017,屏東縣,高樹鄉,住宅竊盜,1
2017,屏東縣,高樹鄉,機車竊盜,1
2017,屏東縣,高樹鄉,毒品,47
2017,屏東縣,高樹鄉,汽車竊盜,1
2017,屏東縣,鹽埔鄉,毒品,39
2017,屏東縣,鹽埔鄉,汽車竊盜,1
2017,屏東縣,麟洛鄉,機車竊盜,2
2017,屏東縣,麟洛鄉,毒品,22
2017,屏東縣,麟洛鄉,汽車竊盜,2
2017,彰化縣,二林鎮,住宅竊盜,5
2017,彰化縣,二林鎮,機車竊盜,5
2017,彰化縣,二林鎮,毒品,48
2017,彰化縣,二林鎮,汽車竊盜,7
2017,彰化縣,二水鄉,機車竊盜,3
2017,彰化縣,二水鄉,毒品,22
2017,彰化縣,二水鄉,汽車竊盜,1
2017,彰化縣,伸港鄉,住宅竊盜,4
2017,彰化縣,伸港鄉,強盜,1
2017,彰化縣,伸港鄉,機車竊盜,2
2017,彰化縣,伸港鄉,毒品,40
2017,彰化縣,伸港鄉,汽車竊盜,6
2017,彰化縣,北斗鎮,強制性交,2
2017,彰化縣,北斗鎮,搶奪,1
2017,彰化縣,北斗鎮,機車竊盜,1
2017,彰化縣,北斗鎮,毒品,23
2017,彰化縣,北斗鎮,汽車竊盜,3
2017,彰化縣,和美鎮,住宅竊盜,8
2017,彰化縣,和美鎮,強制性交,1
2017,彰化縣,和美鎮,搶奪,1
2017,彰化縣,和美鎮,機車竊盜,2
2017,彰化縣,和美鎮,毒品,106
2017,彰化縣,和美鎮,汽車竊盜,3
2017,彰化縣,員林市,住宅竊盜,7
2017,彰化縣,員林市,強制性交,2
2017,彰化縣,員林市,機車竊盜,26
2017,彰化縣,員林市,毒品,170
2017,彰化縣,員林市,汽車竊盜,9
2017,彰化縣,埔心鄉,住宅竊盜,5
2017,彰化縣,埔心鄉,強盜,3
2017,彰化縣,埔心鄉,機車竊盜,7
2017,彰化縣,埔心鄉,毒品,52
2017,彰化縣,埔心鄉,汽車竊盜,2
2017,彰化縣,埔鹽鄉,住宅竊盜,3
2017,彰化縣,埔鹽鄉,機車竊盜,1
2017,彰化縣,埔鹽鄉,毒品,47
2017,彰化縣,埔鹽鄉,汽車竊盜,2
2017,彰化縣,埤頭鄉,強盜,1
2017,彰化縣,埤頭鄉,機車竊盜,1
2017,彰化縣,埤頭鄉,毒品,30
2017,彰化縣,埤頭鄉,汽車竊盜,4
2017,彰化縣,大城鄉,住宅竊盜,3
2017,彰化縣,大城鄉,強制性交,1
2017,彰化縣,大城鄉,機車竊盜,2
2017,彰化縣,大城鄉,毒品,7
2017,彰化縣,大城鄉,汽車竊盜,2
2017,彰化縣,大村鄉,住宅竊盜,3
2017,彰化縣,大村鄉,強盜,1
2017,彰化縣,大村鄉,搶奪,2
2017,彰化縣,大村鄉,機車竊盜,9
2017,彰化縣,大村鄉,毒品,73
2017,彰化縣,大村鄉,汽車竊盜,1
2017,彰化縣,彰化市,住宅竊盜,4
2017,彰化縣,彰化市,強制性交,1
2017,彰化縣,彰化市,強盜,3
2017,彰化縣,彰化市,搶奪,2
2017,彰化縣,彰化市,機車竊盜,37
2017,彰化縣,彰化市,毒品,179
2017,彰化縣,彰化市,汽車竊盜,10
2017,彰化縣,永靖鄉,住宅竊盜,6
2017,彰化縣,永靖鄉,強制性交,2
2017,彰化縣,永靖鄉,機車竊盜,2
2017,彰化縣,永靖鄉,毒品,40
2017,彰化縣,永靖鄉,汽車竊盜,1
2017,彰化縣,溪州鄉,住宅竊盜,1
2017,彰化縣,溪州鄉,強制性交,1
2017,彰化縣,溪州鄉,強盜,1
2017,彰化縣,溪州鄉,機車竊盜,2
2017,彰化縣,溪州鄉,毒品,28
2017,彰化縣,溪州鄉,汽車竊盜,2
2017,彰化縣,溪湖鎮,住宅竊盜,3
2017,彰化縣,溪湖鎮,強盜,1
2017,彰化縣,溪湖鎮,搶奪,2
2017,彰化縣,溪湖鎮,機車竊盜,1
2017,彰化縣,溪湖鎮,毒品,51
2017,彰化縣,溪湖鎮,汽車竊盜,4
2017,彰化縣,田中鎮,住宅竊盜,1
2017,彰化縣,田中鎮,強制性交,1
2017,彰化縣,田中鎮,搶奪,2
2017,彰化縣,田中鎮,機車竊盜,5
2017,彰化縣,田中鎮,毒品,33
2017,彰化縣,田中鎮,汽車竊盜,5
2017,彰化縣,田尾鄉,強制性交,1
2017,彰化縣,田尾鄉,機車竊盜,1
2017,彰化縣,田尾鄉,毒品,40
2017,彰化縣,田尾鄉,汽車竊盜,1
2017,彰化縣,社頭鄉,強制性交,1
2017,彰化縣,社頭鄉,強盜,1
2017,彰化縣,社頭鄉,機車竊盜,6
2017,彰化縣,社頭鄉,毒品,42
2017,彰化縣,社頭鄉,汽車竊盜,3
2017,彰化縣,福興鄉,機車竊盜,6
2017,彰化縣,福興鄉,毒品,49
2017,彰化縣,福興鄉,汽車竊盜,9
2017,彰化縣,秀水鄉,機車竊盜,3
2017,彰化縣,秀水鄉,毒品,30
2017,彰化縣,秀水鄉,汽車竊盜,4
2017,彰化縣,竹塘鄉,強盜,1
2017,彰化縣,竹塘鄉,機車竊盜,1
2017,彰化縣,竹塘鄉,毒品,5
2017,彰化縣,竹塘鄉,汽車竊盜,1
2017,彰化縣,線西鄉,住宅竊盜,3
2017,彰化縣,線西鄉,強制性交,1
2017,彰化縣,線西鄉,毒品,10
2017,彰化縣,芬園鄉,住宅竊盜,1
2017,彰化縣,芬園鄉,機車竊盜,1
2017,彰化縣,芬園鄉,毒品,33
2017,彰化縣,花壇鄉,搶奪,1
2017,彰化縣,花壇鄉,機車竊盜,2
2017,彰化縣,花壇鄉,毒品,38
2017,彰化縣,花壇鄉,汽車竊盜,5
2017,彰化縣,芳苑鄉,住宅竊盜,2
2017,彰化縣,芳苑鄉,機車竊盜,4
2017,彰化縣,芳苑鄉,毒品,30
2017,彰化縣,鹿港鎮,住宅竊盜,6
2017,彰化縣,鹿港鎮,強盜,2
2017,彰化縣,鹿港鎮,搶奪,1
2017,彰化縣,鹿港鎮,機車竊盜,7
2017,彰化縣,鹿港鎮,毒品,80
2017,彰化縣,鹿港鎮,汽車竊盜,6
2017,新北市,三峽區,住宅竊盜,2
2017,新北市,三峽區,強盜,1
2017,新北市,三峽區,搶奪,2
2017,新北市,三峽區,機車竊盜,41
2017,新北市,三峽區,毒品,177
2017,新北市,三峽區,汽車竊盜,5
2017,新北市,三芝區,住宅竊盜,2
2017,新北市,三芝區,機車竊盜,1
2017,新北市,三芝區,毒品,46
2017,新北市,三芝區,汽車竊盜,1
2017,新北市,三重區,住宅竊盜,64
2017,新北市,三重區,強制性交,1
2017,新北市,三重區,強盜,6
2017,新北市,三重區,搶奪,5
2017,新北市,三重區,機車竊盜,148
2017,新北市,三重區,毒品,1141
2017,新北市,三重區,汽車竊盜,33
2017,新北市,中和區,住宅竊盜,63
2017,新北市,中和區,強制性交,1
2017,新北市,中和區,強盜,4
2017,新北市,中和區,搶奪,6
2017,新北市,中和區,機車竊盜,92
2017,新北市,中和區,毒品,870
2017,新北市,中和區,汽車竊盜,14
2017,新北市,五股區,住宅竊盜,12
2017,新北市,五股區,強制性交,1
2017,新北市,五股區,機車竊盜,15
2017,新北市,五股區,毒品,274
2017,新北市,五股區,汽車竊盜,14
2017,新北市,八里區,住宅竊盜,4
2017,新北市,八里區,強制性交,1
2017,新北市,八里區,機車竊盜,7
2017,新北市,八里區,毒品,87
2017,新北市,八里區,汽車竊盜,24
2017,新北市,土城區,住宅竊盜,47
2017,新北市,土城區,強制性交,2
2017,新北市,土城區,搶奪,1
2017,新北市,土城區,機車竊盜,32
2017,新北市,土城區,毒品,519
2017,新北市,土城區,汽車竊盜,19
2017,新北市,坪林區,毒品,1
2017,新北市,平溪區,住宅竊盜,1
2017,新北市,平溪區,毒品,8
2017,新北市,新店區,住宅竊盜,44
2017,新北市,新店區,強制性交,1
2017,新北市,新店區,強盜,7
2017,新北市,新店區,搶奪,2
2017,新北市,新店區,機車竊盜,28
2017,新北市,新店區,毒品,366
2017,新北市,新店區,汽車竊盜,7
2017,新北市,新莊區,住宅竊盜,37
2017,新北市,新莊區,強制性交,2
2017,新北市,新莊區,強盜,6
2017,新北市,新莊區,搶奪,3
2017,新北市,新莊區,機車竊盜,78
2017,新北市,新莊區,毒品,642
2017,新北市,新莊區,汽車竊盜,21
2017,新北市,板橋區,住宅竊盜,100
2017,新北市,板橋區,強制性交,4
2017,新北市,板橋區,強盜,14
2017,新北市,板橋區,搶奪,3
2017,新北市,板橋區,機車竊盜,113
2017,新北市,板橋區,毒品,1347
2017,新北市,板橋區,汽車竊盜,23
2017,新北市,林口區,住宅竊盜,3
2017,新北市,林口區,搶奪,2
2017,新北市,林口區,機車竊盜,10
2017,新北市,林口區,毒品,80
2017,新北市,林口區,汽車竊盜,24
2017,新北市,樹林區,住宅竊盜,24
2017,新北市,樹林區,強制性交,2
2017,新北市,樹林區,強盜,1
2017,新北市,樹林區,搶奪,2
2017,新北市,樹林區,機車竊盜,30
2017,新北市,樹林區,毒品,370
2017,新北市,樹林區,汽車竊盜,19
2017,新北市,永和區,住宅竊盜,31
2017,新北市,永和區,強盜,2
2017,新北市,永和區,搶奪,1
2017,新北市,永和區,機車竊盜,41
2017,新北市,永和區,毒品,366
2017,新北市,永和區,汽車竊盜,6
2017,新北市,汐止區,住宅竊盜,20
2017,新北市,汐止區,強制性交,5
2017,新北市,汐止區,強盜,1
2017,新北市,汐止區,機車竊盜,32
2017,新北市,汐止區,毒品,326
2017,新北市,汐止區,汽車竊盜,18
2017,新北市,泰山區,住宅竊盜,12
2017,新北市,泰山區,強盜,1
2017,新北市,泰山區,搶奪,1
2017,新北市,泰山區,機車竊盜,13
2017,新北市,泰山區,毒品,95
2017,新北市,泰山區,汽車竊盜,9
2017,新北市,淡水區,住宅竊盜,3
2017,新北市,淡水區,搶奪,1
2017,新北市,淡水區,機車竊盜,37
2017,新北市,淡水區,毒品,175
2017,新北市,淡水區,汽車竊盜,10
2017,新北市,深坑區,住宅竊盜,4
2017,新北市,深坑區,強制性交,1
2017,新北市,深坑區,機車竊盜,1
2017,新北市,深坑區,毒品,36
2017,新北市,烏來區,住宅竊盜,1
2017,新北市,烏來區,毒品,11
2017,新北市,瑞芳區,住宅竊盜,3
2017,新北市,瑞芳區,強制性交,1
2017,新北市,瑞芳區,機車竊盜,3
2017,新北市,瑞芳區,毒品,93
2017,新北市,瑞芳區,汽車竊盜,1
2017,新北市,石碇區,住宅竊盜,1
2017,新北市,石碇區,毒品,6
2017,新北市,石門區,住宅竊盜,3
2017,新北市,石門區,搶奪,1
2017,新北市,石門區,毒品,27
2017,新北市,萬里區,住宅竊盜,3
2017,新北市,萬里區,強制性交,1
2017,新北市,萬里區,機車竊盜,1
2017,新北市,萬里區,毒品,26
2017,新北市,萬里區,汽車竊盜,1
2017,新北市,蘆洲區,住宅竊盜,17
2017,新北市,蘆洲區,強制性交,5
2017,新北市,蘆洲區,強盜,1
2017,新北市,蘆洲區,機車竊盜,35
2017,新北市,蘆洲區,毒品,444
2017,新北市,蘆洲區,汽車竊盜,11
2017,新北市,貢寮區,住宅竊盜,2
2017,新北市,貢寮區,毒品,12
2017,新北市,金山區,住宅竊盜,3
2017,新北市,金山區,強制性交,1
2017,新北市,金山區,強盜,1
2017,新北市,金山區,機車竊盜,1
2017,新北市,金山區,毒品,33
2017,新北市,雙溪區,毒品,3
2017,新北市,鶯歌區,住宅竊盜,4
2017,新北市,鶯歌區,強盜,1
2017,新北市,鶯歌區,搶奪,2
2017,新北市,鶯歌區,機車竊盜,40
2017,新北市,鶯歌區,毒品,115
2017,新北市,鶯歌區,汽車竊盜,15
2017,新竹市,北區,住宅竊盜,13
2017,新竹市,北區,強制性交,1
2017,新竹市,北區,搶奪,3
2017,新竹市,北區,機車竊盜,36
2017,新竹市,北區,毒品,168
2017,新竹市,北區,汽車竊盜,23
2017,新竹市,東區,住宅竊盜,24
2017,新竹市,東區,強制性交,3
2017,新竹市,東區,強盜,1
2017,新竹市,東區,機車竊盜,36
2017,新竹市,東區,毒品,176
2017,新竹市,東區,汽車竊盜,27
2017,新竹市,香山區,住宅竊盜,9
2017,新竹市,香山區,機車竊盜,14
2017,新竹市,香山區,毒品,79
2017,新竹市,香山區,汽車竊盜,14
2017,新竹縣,五峰鄉,毒品,33
2017,新竹縣,北埔鄉,住宅竊盜,1
2017,新竹縣,北埔鄉,機車竊盜,2
2017,新竹縣,北埔鄉,毒品,13
2017,新竹縣,北埔鄉,汽車竊盜,1
2017,新竹縣,寶山鄉,住宅竊盜,6
2017,新竹縣,寶山鄉,機車竊盜,2
2017,新竹縣,寶山鄉,毒品,15
2017,新竹縣,寶山鄉,汽車竊盜,5
2017,新竹縣,尖石鄉,毒品,13
2017,新竹縣,尖石鄉,汽車竊盜,1
2017,新竹縣,峨眉鄉,住宅竊盜,1
2017,新竹縣,峨眉鄉,毒品,14
2017,新竹縣,峨眉鄉,汽車竊盜,3
2017,新竹縣,新埔鎮,住宅竊盜,5
2017,新竹縣,新埔鎮,強盜,1
2017,新竹縣,新埔鎮,機車竊盜,8
2017,新竹縣,新埔鎮,毒品,43
2017,新竹縣,新埔鎮,汽車竊盜,13
2017,新竹縣,新豐鄉,住宅竊盜,3
2017,新竹縣,新豐鄉,強盜,2
2017,新竹縣,新豐鄉,機車竊盜,14
2017,新竹縣,新豐鄉,毒品,50
2017,新竹縣,新豐鄉,汽車竊盜,32
2017,新竹縣,橫山鄉,住宅竊盜,1
2017,新竹縣,橫山鄉,強盜,1
2017,新竹縣,橫山鄉,機車竊盜,1
2017,新竹縣,橫山鄉,毒品,27
2017,新竹縣,橫山鄉,汽車竊盜,3
2017,新竹縣,湖口鄉,住宅竊盜,4
2017,新竹縣,湖口鄉,強盜,2
2017,新竹縣,湖口鄉,搶奪,3
2017,新竹縣,湖口鄉,機車竊盜,26
2017,新竹縣,湖口鄉,毒品,146
2017,新竹縣,湖口鄉,汽車竊盜,93
2017,新竹縣,竹北市,住宅竊盜,9
2017,新竹縣,竹北市,強盜,3
2017,新竹縣,竹北市,搶奪,1
2017,新竹縣,竹北市,機車竊盜,40
2017,新竹縣,竹北市,毒品,229
2017,新竹縣,竹北市,汽車竊盜,57
2017,新竹縣,竹東鎮,住宅竊盜,16
2017,新竹縣,竹東鎮,搶奪,1
2017,新竹縣,竹東鎮,機車竊盜,35
2017,新竹縣,竹東鎮,毒品,141
2017,新竹縣,竹東鎮,汽車竊盜,43
2017,新竹縣,芎林鄉,住宅竊盜,5
2017,新竹縣,芎林鄉,強制性交,1
2017,新竹縣,芎林鄉,機車竊盜,2
2017,新竹縣,芎林鄉,毒品,29
2017,新竹縣,芎林鄉,汽車竊盜,5
2017,新竹縣,關西鎮,住宅竊盜,5
2017,新竹縣,關西鎮,機車竊盜,13
2017,新竹縣,關西鎮,毒品,46
2017,新竹縣,關西鎮,汽車竊盜,19
2017,桃園市,中壢區,住宅竊盜,23
2017,桃園市,中壢區,強制性交,2
2017,桃園市,中壢區,強盜,6
2017,桃園市,中壢區,搶奪,3
2017,桃園市,中壢區,機車竊盜,249
2017,桃園市,中壢區,毒品,1228
2017,桃園市,中壢區,汽車竊盜,117
2017,桃園市,八德區,住宅竊盜,19
2017,桃園市,八德區,強盜,2
2017,桃園市,八德區,搶奪,1
2017,桃園市,八德區,機車竊盜,61
2017,桃園市,八德區,毒品,505
2017,桃園市,八德區,汽車竊盜,41
2017,桃園市,大園區,住宅竊盜,5
2017,桃園市,大園區,強盜,4
2017,桃園市,大園區,搶奪,1
2017,桃園市,大園區,機車竊盜,32
2017,桃園市,大園區,毒品,202
2017,桃園市,大園區,汽車竊盜,17
2017,桃園市,大溪區,住宅竊盜,5
2017,桃園市,大溪區,強制性交,1
2017,桃園市,大溪區,搶奪,1
2017,桃園市,大溪區,機車竊盜,18
2017,桃園市,大溪區,毒品,225
2017,桃園市,大溪區,汽車竊盜,73
2017,桃園市,平鎮區,住宅竊盜,12
2017,桃園市,平鎮區,強制性交,1
2017,桃園市,平鎮區,機車竊盜,60
2017,桃園市,平鎮區,毒品,417
2017,桃園市,平鎮區,汽車竊盜,50
2017,桃園市,復興區,毒品,20
2017,桃園市,復興區,汽車竊盜,2
2017,桃園市,新屋區,住宅竊盜,4
2017,桃園市,新屋區,機車竊盜,10
2017,桃園市,新屋區,毒品,62
2017,桃園市,新屋區,汽車竊盜,23
2017,桃園市,桃園區,住宅竊盜,28
2017,桃園市,桃園區,強盜,4
2017,桃園市,桃園區,搶奪,3
2017,桃園市,桃園區,機車竊盜,227
2017,桃園市,桃園區,毒品,1365
2017,桃園市,桃園區,汽車竊盜,25
2017,桃園市,楊梅區,住宅竊盜,4
2017,桃園市,楊梅區,強盜,1
2017,桃園市,楊梅區,機車竊盜,55
2017,桃園市,楊梅區,毒品,201
2017,桃園市,楊梅區,汽車竊盜,92
2017,桃園市,蘆竹區,住宅竊盜,5
2017,桃園市,蘆竹區,強盜,1
2017,桃園市,蘆竹區,機車竊盜,39
2017,桃園市,蘆竹區,毒品,225
2017,桃園市,蘆竹區,汽車竊盜,20
2017,桃園市,觀音區,住宅竊盜,3
2017,桃園市,觀音區,強盜,1
2017,桃園市,觀音區,搶奪,1
2017,桃園市,觀音區,機車竊盜,16
2017,桃園市,觀音區,毒品,121
2017,桃園市,觀音區,汽車竊盜,25
2017,桃園市,龍潭區,住宅竊盜,11
2017,桃園市,龍潭區,強盜,2
2017,桃園市,龍潭區,搶奪,1
2017,桃園市,龍潭區,機車竊盜,43
2017,桃園市,龍潭區,毒品,281
2017,桃園市,龍潭區,汽車竊盜,68
2017,桃園市,龜山區,住宅竊盜,37
2017,桃園市,龜山區,強盜,2
2017,桃園市,龜山區,搶奪,1
2017,桃園市,龜山區,機車竊盜,79
2017,桃園市,龜山區,毒品,345
2017,桃園市,龜山區,汽車竊盜,54
2017,澎湖縣,七美鄉,毒品,1
2017,澎湖縣,望安鄉,住宅竊盜,1
2017,澎湖縣,湖西鄉,強制性交,1
2017,澎湖縣,湖西鄉,毒品,1
2017,澎湖縣,白沙鄉,住宅竊盜,1
2017,澎湖縣,白沙鄉,機車竊盜,3
2017,澎湖縣,白沙鄉,毒品,2
2017,澎湖縣,白沙鄉,汽車竊盜,1
2017,澎湖縣,西嶼鄉,住宅竊盜,3
2017,澎湖縣,西嶼鄉,機車竊盜,1
2017,澎湖縣,西嶼鄉,毒品,2
2017,澎湖縣,馬公市,住宅竊盜,16
2017,澎湖縣,馬公市,強制性交,4
2017,澎湖縣,馬公市,機車竊盜,3
2017,澎湖縣,馬公市,毒品,10
2017,臺中市,中區,住宅竊盜,2
2017,臺中市,中區,搶奪,1
2017,臺中市,中區,機車竊盜,29
2017,臺中市,中區,毒品,110
2017,臺中市,中區,汽車竊盜,5
2017,臺中市,北區,住宅竊盜,20
2017,臺中市,北區,強盜,1
2017,臺中市,北區,搶奪,2
2017,臺中市,北區,機車竊盜,39
2017,臺中市,北區,毒品,493
2017,臺中市,北區,汽車竊盜,8
2017,臺中市,北屯區,住宅竊盜,16
2017,臺中市,北屯區,強制性交,1
2017,臺中市,北屯區,強盜,1
2017,臺中市,北屯區,機車竊盜,36
2017,臺中市,北屯區,毒品,347
2017,臺中市,北屯區,汽車竊盜,20
2017,臺中市,南區,住宅竊盜,5
2017,臺中市,南區,機車竊盜,25
2017,臺中市,南區,毒品,74
2017,臺中市,南區,汽車竊盜,9
2017,臺中市,南屯區,住宅竊盜,8
2017,臺中市,南屯區,強制性交,2
2017,臺中市,南屯區,強盜,1
2017,臺中市,南屯區,機車竊盜,13
2017,臺中市,南屯區,毒品,97
2017,臺中市,南屯區,汽車竊盜,6
2017,臺中市,后里區,強制性交,1
2017,臺中市,后里區,搶奪,1
2017,臺中市,后里區,機車竊盜,8
2017,臺中市,后里區,毒品,64
2017,臺中市,后里區,汽車竊盜,2
2017,臺中市,和平區,機車竊盜,1
2017,臺中市,和平區,毒品,8
2017,臺中市,外埔區,機車竊盜,1
2017,臺中市,外埔區,毒品,44
2017,臺中市,大安區,強制性交,1
2017,臺中市,大安區,毒品,40
2017,臺中市,大甲區,住宅竊盜,3
2017,臺中市,大甲區,機車竊盜,10
2017,臺中市,大甲區,毒品,103
2017,臺中市,大甲區,汽車竊盜,3
2017,臺中市,大肚區,住宅竊盜,2
2017,臺中市,大肚區,機車竊盜,7
2017,臺中市,大肚區,毒品,36
2017,臺中市,大肚區,汽車竊盜,6
2017,臺中市,大里區,住宅竊盜,3
2017,臺中市,大里區,強制性交,2
2017,臺中市,大里區,搶奪,1
2017,臺中市,大里區,機車竊盜,24
2017,臺中市,大里區,毒品,234
2017,臺中市,大里區,汽車竊盜,11
2017,臺中市,大雅區,住宅竊盜,8
2017,臺中市,大雅區,強盜,1
2017,臺中市,大雅區,機車竊盜,11
2017,臺中市,大雅區,毒品,95
2017,臺中市,大雅區,汽車竊盜,10
2017,臺中市,太平區,住宅竊盜,2
2017,臺中市,太平區,機車竊盜,31
2017,臺中市,太平區,毒品,191
2017,臺中市,太平區,汽車竊盜,5
2017,臺中市,新社區,搶奪,1
2017,臺中市,新社區,機車竊盜,1
2017,臺中市,新社區,毒品,14
2017,臺中市,新社區,汽車竊盜,2
2017,臺中市,東勢區,住宅竊盜,3
2017,臺中市,東勢區,強制性交,1
2017,臺中市,東勢區,強盜,1
2017,臺中市,東勢區,機車竊盜,8
2017,臺中市,東勢區,毒品,44
2017,臺中市,東勢區,汽車竊盜,2
2017,臺中市,東區,住宅竊盜,8
2017,臺中市,東區,強制性交,4
2017,臺中市,東區,搶奪,3
2017,臺中市,東區,機車竊盜,34
2017,臺中市,東區,毒品,118
2017,臺中市,東區,汽車竊盜,9
2017,臺中市,梧棲區,強盜,1
2017,臺中市,梧棲區,搶奪,1
2017,臺中市,梧棲區,機車竊盜,6
2017,臺中市,梧棲區,毒品,60
2017,臺中市,梧棲區,汽車竊盜,6
2017,臺中市,沙鹿區,強制性交,2
2017,臺中市,沙鹿區,強盜,3
2017,臺中市,沙鹿區,機車竊盜,16
2017,臺中市,沙鹿區,毒品,121
2017,臺中市,沙鹿區,汽車竊盜,8
2017,臺中市,清水區,住宅竊盜,1
2017,臺中市,清水區,強制性交,1
2017,臺中市,清水區,強盜,2
2017,臺中市,清水區,機車竊盜,16
2017,臺中市,清水區,毒品,89
2017,臺中市,清水區,汽車竊盜,8
2017,臺中市,潭子區,住宅竊盜,4
2017,臺中市,潭子區,強制性交,3
2017,臺中市,潭子區,機車竊盜,13
2017,臺中市,潭子區,毒品,122
2017,臺中市,潭子區,汽車竊盜,5
2017,臺中市,烏日區,住宅竊盜,2
2017,臺中市,烏日區,強制性交,3
2017,臺中市,烏日區,搶奪,1
2017,臺中市,烏日區,機車竊盜,6
2017,臺中市,烏日區,毒品,122
2017,臺中市,烏日區,汽車竊盜,5
2017,臺中市,石岡區,強盜,1
2017,臺中市,石岡區,機車竊盜,2
2017,臺中市,石岡區,毒品,11
2017,臺中市,石岡區,汽車竊盜,1
2017,臺中市,神岡區,住宅竊盜,9
2017,臺中市,神岡區,機車竊盜,3
2017,臺中市,神岡區,毒品,45
2017,臺中市,神岡區,汽車竊盜,3
2017,臺中市,西區,住宅竊盜,5
2017,臺中市,西區,強制性交,1
2017,臺中市,西區,搶奪,3
2017,臺中市,西區,機車竊盜,13
2017,臺中市,西區,毒品,115
2017,臺中市,西區,汽車竊盜,4
2017,臺中市,西屯區,住宅竊盜,17
2017,臺中市,西屯區,強制性交,6
2017,臺中市,西屯區,強盜,1
2017,臺中市,西屯區,搶奪,3
2017,臺中市,西屯區,機車竊盜,41
2017,臺中市,西屯區,毒品,282
2017,臺中市,西屯區,汽車竊盜,10
2017,臺中市,豐原區,住宅竊盜,7
2017,臺中市,豐原區,強制性交,2
2017,臺中市,豐原區,強盜,1
2017,臺中市,豐原區,搶奪,2
2017,臺中市,豐原區,機車竊盜,21
2017,臺中市,豐原區,毒品,210
2017,臺中市,豐原區,汽車竊盜,16
2017,臺中市,霧峰區,住宅竊盜,2
2017,臺中市,霧峰區,機車竊盜,10
2017,臺中市,霧峰區,毒品,92
2017,臺中市,霧峰區,汽車竊盜,3
2017,臺中市,龍井區,住宅竊盜,4
2017,臺中市,龍井區,強制性交,3
2017,臺中市,龍井區,機車竊盜,2
2017,臺中市,龍井區,毒品,59
2017,臺中市,龍井區,汽車竊盜,6
2017,臺北市,中山區,住宅竊盜,38
2017,臺北市,中山區,強制性交,4
2017,臺北市,中山區,強盜,2
2017,臺北市,中山區,搶奪,5
2017,臺北市,中山區,機車竊盜,36
2017,臺北市,中山區,毒品,834
2017,臺北市,中山區,汽車竊盜,4
2017,臺北市,中正區,住宅竊盜,25
2017,臺北市,中正區,強制性交,2
2017,臺北市,中正區,強盜,1
2017,臺北市,中正區,搶奪,3
2017,臺北市,中正區,機車竊盜,29
2017,臺北市,中正區,毒品,158
2017,臺北市,中正區,汽車竊盜,2
2017,臺北市,信義區,住宅竊盜,23
2017,臺北市,信義區,強制性交,6
2017,臺北市,信義區,搶奪,1
2017,臺北市,信義區,機車竊盜,20
2017,臺北市,信義區,毒品,250
2017,臺北市,信義區,汽車竊盜,1
2017,臺北市,內湖區,住宅竊盜,39
2017,臺北市,內湖區,強制性交,2
2017,臺北市,內湖區,強盜,2
2017,臺北市,內湖區,機車竊盜,11
2017,臺北市,內湖區,毒品,147
2017,臺北市,內湖區,汽車竊盜,7
2017,臺北市,北投區,住宅竊盜,34
2017,臺北市,北投區,強制性交,6
2017,臺北市,北投區,強盜,1
2017,臺北市,北投區,搶奪,4
2017,臺北市,北投區,機車竊盜,34
2017,臺北市,北投區,毒品,163
2017,臺北市,北投區,汽車竊盜,17
2017,臺北市,南港區,住宅竊盜,26
2017,臺北市,南港區,機車竊盜,10
2017,臺北市,南港區,毒品,108
2017,臺北市,南港區,汽車竊盜,3
2017,臺北市,士林區,住宅竊盜,51
2017,臺北市,士林區,強制性交,3
2017,臺北市,士林區,強盜,5
2017,臺北市,士林區,機車竊盜,41
2017,臺北市,士林區,毒品,263
2017,臺北市,士林區,汽車竊盜,13
2017,臺北市,大同區,住宅竊盜,18
2017,臺北市,大同區,強制性交,2
2017,臺北市,大同區,搶奪,2
2017,臺北市,大同區,機車竊盜,23
2017,臺北市,大同區,毒品,273
2017,臺北市,大同區,汽車竊盜,9
2017,臺北市,大安區,住宅竊盜,32
2017,臺北市,大安區,強制性交,3
2017,臺北市,大安區,強盜,2
2017,臺北市,大安區,搶奪,3
2017,臺北市,大安區,機車竊盜,38
2017,臺北市,大安區,毒品,325
2017,臺北市,大安區,汽車竊盜,1
2017,臺北市,文山區,住宅竊盜,28
2017,臺北市,文山區,強制性交,2
2017,臺北市,文山區,強盜,2
2017,臺北市,文山區,機車竊盜,28
2017,臺北市,文山區,毒品,172
2017,臺北市,文山區,汽車竊盜,2
2017,臺北市,松山區,住宅竊盜,17
2017,臺北市,松山區,強制性交,2
2017,臺北市,松山區,強盜,1
2017,臺北市,松山區,搶奪,1
2017,臺北市,松山區,機車竊盜,18
2017,臺北市,松山區,毒品,345
2017,臺北市,松山區,汽車竊盜,3
2017,臺北市,萬華區,住宅竊盜,25
2017,臺北市,萬華區,強制性交,2
2017,臺北市,萬華區,強盜,5
2017,臺北市,萬華區,搶奪,5
2017,臺北市,萬華區,機車竊盜,41
2017,臺北市,萬華區,毒品,662
2017,臺北市,萬華區,汽車竊盜,20
2017,臺南市,七股區,住宅竊盜,2
2017,臺南市,七股區,機車竊盜,2
2017,臺南市,七股區,毒品,17
2017,臺南市,下營區,住宅竊盜,4
2017,臺南市,下營區,毒品,9
2017,臺南市,中西區,住宅竊盜,24
2017,臺南市,中西區,強盜,5
2017,臺南市,中西區,搶奪,3
2017,臺南市,中西區,機車竊盜,18
2017,臺南市,中西區,毒品,166
2017,臺南市,中西區,汽車竊盜,4
2017,臺南市,仁德區,住宅竊盜,26
2017,臺南市,仁德區,強制性交,2
2017,臺南市,仁德區,強盜,6
2017,臺南市,仁德區,搶奪,1
2017,臺南市,仁德區,機車竊盜,16
2017,臺南市,仁德區,毒品,97
2017,臺南市,仁德區,汽車竊盜,12
2017,臺南市,佳里區,住宅竊盜,25
2017,臺南市,佳里區,強制性交,1
2017,臺南市,佳里區,搶奪,1
2017,臺南市,佳里區,機車竊盜,5
2017,臺南市,佳里區,毒品,51
2017,臺南市,佳里區,汽車竊盜,1
2017,臺南市,六甲區,住宅竊盜,4
2017,臺南市,六甲區,強盜,1
2017,臺南市,六甲區,機車竊盜,4
2017,臺南市,六甲區,毒品,30
2017,臺南市,六甲區,汽車竊盜,2
2017,臺南市,北區,住宅竊盜,42
2017,臺南市,北區,強制性交,2
2017,臺南市,北區,強盜,1
2017,臺南市,北區,搶奪,5
2017,臺南市,北區,機車竊盜,17
2017,臺南市,北區,毒品,279
2017,臺南市,北區,汽車竊盜,14
2017,臺南市,北門區,住宅竊盜,4
2017,臺南市,北門區,毒品,5
2017,臺南市,南化區,住宅竊盜,3
2017,臺南市,南化區,強盜,1
2017,臺南市,南化區,毒品,3
2017,臺南市,南化區,汽車竊盜,1
2017,臺南市,南區,住宅竊盜,5
2017,臺南市,南區,強制性交,1
2017,臺南市,南區,強盜,1
2017,臺南市,南區,搶奪,1
2017,臺南市,南區,機車竊盜,13
2017,臺南市,南區,毒品,100
2017,臺南市,南區,汽車竊盜,13
2017,臺南市,善化區,住宅竊盜,8
2017,臺南市,善化區,強盜,2
2017,臺南市,善化區,毒品,23
2017,臺南市,善化區,汽車竊盜,6
2017,臺南市,大內區,住宅竊盜,2
2017,臺南市,大內區,機車竊盜,1
2017,臺南市,大內區,毒品,4
2017,臺南市,學甲區,住宅竊盜,17
2017,臺南市,學甲區,強制性交,1
2017,臺南市,學甲區,毒品,15
2017,臺南市,安南區,住宅竊盜,2
2017,臺南市,安南區,強制性交,2
2017,臺南市,安南區,搶奪,3
2017,臺南市,安南區,機車竊盜,26
2017,臺南市,安南區,毒品,238
2017,臺南市,安南區,汽車竊盜,9
2017,臺南市,安定區,住宅竊盜,5
2017,臺南市,安定區,強盜,1
2017,臺南市,安定區,機車竊盜,2
2017,臺南市,安定區,毒品,29
2017,臺南市,安定區,汽車竊盜,1
2017,臺南市,安平區,住宅竊盜,15
2017,臺南市,安平區,強盜,1
2017,臺南市,安平區,搶奪,1
2017,臺南市,安平區,機車竊盜,2
2017,臺南市,安平區,毒品,49
2017,臺南市,安平區,汽車竊盜,6
2017,臺南市,官田區,強制性交,1
2017,臺南市,官田區,毒品,15
2017,臺南市,官田區,汽車竊盜,1
2017,臺南市,將軍區,住宅竊盜,7
2017,臺南市,將軍區,機車竊盜,1
2017,臺南市,將軍區,毒品,17
2017,臺南市,山上區,機車竊盜,2
2017,臺南市,山上區,毒品,10
2017,臺南市,山上區,汽車竊盜,1
2017,臺南市,左鎮區,毒品,8
2017,臺南市,左鎮區,汽車竊盜,3
2017,臺南市,後壁區,住宅竊盜,6
2017,臺南市,後壁區,強制性交,1
2017,臺南市,後壁區,機車竊盜,1
2017,臺南市,後壁區,毒品,23
2017,臺南市,後壁區,汽車竊盜,3
2017,臺南市,新化區,住宅竊盜,4
2017,臺南市,新化區,機車竊盜,2
2017,臺南市,新化區,毒品,30
2017,臺南市,新化區,汽車竊盜,1
2017,臺南市,新市區,住宅竊盜,3
2017,臺南市,新市區,機車竊盜,4
2017,臺南市,新市區,毒品,23
2017,臺南市,新市區,汽車竊盜,4
2017,臺南市,新營區,住宅竊盜,8
2017,臺南市,新營區,強制性交,1
2017,臺南市,新營區,機車竊盜,14
2017,臺南市,新營區,毒品,44
2017,臺南市,新營區,汽車竊盜,7
2017,臺南市,東區,強制性交,1
2017,臺南市,東區,強盜,2
2017,臺南市,東區,搶奪,1
2017,臺南市,東區,機車竊盜,48
2017,臺南市,東區,毒品,111
2017,臺南市,東區,汽車竊盜,11
2017,臺南市,東山區,住宅竊盜,3
2017,臺南市,東山區,機車竊盜,2
2017,臺南市,東山區,毒品,37
2017,臺南市,東山區,汽車竊盜,3
2017,臺南市,柳營區,住宅竊盜,3
2017,臺南市,柳營區,強盜,1
2017,臺南市,柳營區,搶奪,1
2017,臺南市,柳營區,機車竊盜,4
2017,臺南市,柳營區,毒品,7
2017,臺南市,柳營區,汽車竊盜,4
2017,臺南市,楠西區,住宅竊盜,2
2017,臺南市,楠西區,毒品,15
2017,臺南市,歸仁區,住宅竊盜,17
2017,臺南市,歸仁區,強盜,1
2017,臺南市,歸仁區,機車竊盜,5
2017,臺南市,歸仁區,毒品,68
2017,臺南市,歸仁區,汽車竊盜,4
2017,臺南市,永康區,住宅竊盜,64
2017,臺南市,永康區,強盜,3
2017,臺南市,永康區,搶奪,1
2017,臺南市,永康區,機車竊盜,26
2017,臺南市,永康區,毒品,443
2017,臺南市,永康區,汽車竊盜,18
2017,臺南市,玉井區,住宅竊盜,3
2017,臺南市,玉井區,毒品,21
2017,臺南市,玉井區,汽車竊盜,2
2017,臺南市,白河區,住宅竊盜,12
2017,臺南市,白河區,機車竊盜,6
2017,臺南市,白河區,毒品,19
2017,臺南市,白河區,汽車竊盜,6
2017,臺南市,西港區,住宅竊盜,7
2017,臺南市,西港區,機車竊盜,2
2017,臺南市,西港區,毒品,26
2017,臺南市,西港區,汽車竊盜,2
2017,臺南市,關廟區,住宅竊盜,4
2017,臺南市,關廟區,機車竊盜,4
2017,臺南市,關廟區,毒品,37
2017,臺南市,鹽水區,住宅竊盜,2
2017,臺南市,鹽水區,機車竊盜,1
2017,臺南市,鹽水區,毒品,14
2017,臺南市,麻豆區,住宅竊盜,8
2017,臺南市,麻豆區,強盜,3
2017,臺南市,麻豆區,機車竊盜,5
2017,臺南市,麻豆區,毒品,29
2017,臺南市,龍崎區,住宅竊盜,3
2017,臺東縣,卑南鄉,機車竊盜,1
2017,臺東縣,卑南鄉,毒品,28
2017,臺東縣,大武鄉,毒品,5
2017,臺東縣,太麻里鄉,住宅竊盜,1
2017,臺東縣,太麻里鄉,機車竊盜,1
2017,臺東縣,太麻里鄉,毒品,10
2017,臺東縣,成功鎮,機車竊盜,1
2017,臺東縣,成功鎮,毒品,11
2017,臺東縣,東河鄉,住宅竊盜,1
2017,臺東縣,東河鄉,機車竊盜,1
2017,臺東縣,池上鄉,機車竊盜,5
2017,臺東縣,池上鄉,毒品,9
2017,臺東縣,池上鄉,汽車竊盜,1
2017,臺東縣,海端鄉,機車竊盜,1
2017,臺東縣,海端鄉,汽車竊盜,1
2017,臺東縣,臺東市,住宅竊盜,5
2017,臺東縣,臺東市,強盜,1
2017,臺東縣,臺東市,搶奪,1
2017,臺東縣,臺東市,機車竊盜,13
2017,臺東縣,臺東市,毒品,152
2017,臺東縣,臺東市,汽車竊盜,1
2017,臺東縣,蘭嶼鄉,毒品,1
2017,臺東縣,達仁鄉,機車竊盜,2
2017,臺東縣,達仁鄉,毒品,10
2017,臺東縣,長濱鄉,毒品,3
2017,臺東縣,關山鎮,機車竊盜,4
2017,臺東縣,關山鎮,毒品,5
2017,臺東縣,關山鎮,汽車竊盜,2
2017,臺東縣,鹿野鄉,住宅竊盜,1
2017,臺東縣,鹿野鄉,毒品,2
2017,花蓮縣,光復鄉,住宅竊盜,1
2017,花蓮縣,光復鄉,機車竊盜,2
2017,花蓮縣,光復鄉,毒品,9
2017,花蓮縣,卓溪鄉,毒品,11
2017,花蓮縣,吉安鄉,住宅竊盜,6
2017,花蓮縣,吉安鄉,強制性交,2
2017,花蓮縣,吉安鄉,搶奪,1
2017,花蓮縣,吉安鄉,機車竊盜,9
2017,花蓮縣,吉安鄉,毒品,168
2017,花蓮縣,吉安鄉,汽車竊盜,7
2017,花蓮縣,壽豐鄉,住宅竊盜,3
2017,花蓮縣,壽豐鄉,機車竊盜,1
2017,花蓮縣,壽豐鄉,毒品,11
2017,花蓮縣,壽豐鄉,汽車竊盜,2
2017,花蓮縣,富里鄉,毒品,20
2017,花蓮縣,富里鄉,汽車竊盜,1
2017,花蓮縣,新城鄉,住宅竊盜,7
2017,花蓮縣,新城鄉,強盜,1
2017,花蓮縣,新城鄉,機車竊盜,7
2017,花蓮縣,新城鄉,毒品,49
2017,花蓮縣,新城鄉,汽車竊盜,2
2017,花蓮縣,玉里鎮,住宅竊盜,1
2017,花蓮縣,玉里鎮,強盜,2
2017,花蓮縣,玉里鎮,機車竊盜,4
2017,花蓮縣,玉里鎮,毒品,58
2017,花蓮縣,玉里鎮,汽車竊盜,5
2017,花蓮縣,瑞穗鄉,住宅竊盜,4
2017,花蓮縣,瑞穗鄉,強制性交,1
2017,花蓮縣,瑞穗鄉,機車竊盜,2
2017,花蓮縣,瑞穗鄉,毒品,15
2017,花蓮縣,秀林鄉,住宅竊盜,4
2017,花蓮縣,秀林鄉,毒品,41
2017,花蓮縣,秀林鄉,汽車竊盜,3
2017,花蓮縣,花蓮市,住宅竊盜,18
2017,花蓮縣,花蓮市,強制性交,7
2017,花蓮縣,花蓮市,強盜,3
2017,花蓮縣,花蓮市,機車竊盜,16
2017,花蓮縣,花蓮市,毒品,255
2017,花蓮縣,花蓮市,汽車竊盜,8
2017,花蓮縣,萬榮鄉,住宅竊盜,3
2017,花蓮縣,萬榮鄉,機車竊盜,4
2017,花蓮縣,萬榮鄉,毒品,10
2017,花蓮縣,豐濱鄉,汽車竊盜,1
2017,花蓮縣,鳳林鎮,住宅竊盜,2
2017,花蓮縣,鳳林鎮,毒品,15
2017,苗栗縣,三灣鄉,機車竊盜,1
2017,苗栗縣,三灣鄉,毒品,5
2017,苗栗縣,三義鄉,機車竊盜,2
2017,苗栗縣,三義鄉,毒品,8
2017,苗栗縣,三義鄉,汽車竊盜,5
2017,苗栗縣,公館鄉,住宅竊盜,1
2017,苗栗縣,公館鄉,強盜,1
2017,苗栗縣,公館鄉,機車竊盜,1
2017,苗栗縣,公館鄉,毒品,34
2017,苗栗縣,公館鄉,汽車竊盜,5
2017,苗栗縣,卓蘭鎮,住宅竊盜,2
2017,苗栗縣,卓蘭鎮,強盜,1
2017,苗栗縣,卓蘭鎮,機車竊盜,1
2017,苗栗縣,卓蘭鎮,毒品,7
2017,苗栗縣,南庄鄉,毒品,12
2017,苗栗縣,南庄鄉,汽車竊盜,1
2017,苗栗縣,大湖鄉,住宅竊盜,5
2017,苗栗縣,大湖鄉,強盜,1
2017,苗栗縣,大湖鄉,機車竊盜,2
2017,苗栗縣,大湖鄉,毒品,11
2017,苗栗縣,大湖鄉,汽車竊盜,1
2017,苗栗縣,後龍鎮,住宅竊盜,17
2017,苗栗縣,後龍鎮,機車竊盜,3
2017,苗栗縣,後龍鎮,毒品,37
2017,苗栗縣,後龍鎮,汽車竊盜,11
2017,苗栗縣,泰安鄉,住宅竊盜,1
2017,苗栗縣,泰安鄉,毒品,10
2017,苗栗縣,泰安鄉,汽車竊盜,2
2017,苗栗縣,獅潭鄉,住宅竊盜,1
2017,苗栗縣,獅潭鄉,毒品,7
2017,苗栗縣,竹南鎮,住宅竊盜,34
2017,苗栗縣,竹南鎮,強制性交,1
2017,苗栗縣,竹南鎮,強盜,1
2017,苗栗縣,竹南鎮,機車竊盜,13
2017,苗栗縣,竹南鎮,毒品,133
2017,苗栗縣,竹南鎮,汽車竊盜,19
2017,苗栗縣,苑裡鎮,住宅竊盜,8
2017,苗栗縣,苑裡鎮,強盜,1
2017,苗栗縣,苑裡鎮,機車竊盜,4
2017,苗栗縣,苑裡鎮,毒品,20
2017,苗栗縣,苑裡鎮,汽車竊盜,2
2017,苗栗縣,苗栗市,機車竊盜,20
2017,苗栗縣,苗栗市,毒品,107
2017,苗栗縣,苗栗市,汽車竊盜,13
2017,苗栗縣,西湖鄉,住宅竊盜,1
2017,苗栗縣,西湖鄉,毒品,1
2017,苗栗縣,西湖鄉,汽車竊盜,1
2017,苗栗縣,通霄鎮,住宅竊盜,13
2017,苗栗縣,通霄鎮,強盜,1
2017,苗栗縣,通霄鎮,機車竊盜,2
2017,苗栗縣,通霄鎮,毒品,23
2017,苗栗縣,通霄鎮,汽車竊盜,1
2017,苗栗縣,造橋鄉,住宅竊盜,9
2017,苗栗縣,造橋鄉,強盜,1
2017,苗栗縣,造橋鄉,毒品,23
2017,苗栗縣,造橋鄉,汽車竊盜,3
2017,苗栗縣,銅鑼鄉,毒品,14
2017,苗栗縣,銅鑼鄉,汽車竊盜,4
2017,苗栗縣,頭份市,住宅竊盜,10
2017,苗栗縣,頭份市,強盜,1
2017,苗栗縣,頭份市,機車竊盜,12
2017,苗栗縣,頭份市,毒品,174
2017,苗栗縣,頭份市,汽車竊盜,31
2017,苗栗縣,頭屋鄉,機車竊盜,1
2017,苗栗縣,頭屋鄉,毒品,10
2017,苗栗縣,頭屋鄉,汽車竊盜,1
2017,連江縣,南竿鄉,住宅竊盜,3
2017,連江縣,南竿鄉,搶奪,1
2017,連江縣,南竿鄉,毒品,4
2017,金門縣,烈嶼鄉,住宅竊盜,2
2017,金門縣,烈嶼鄉,汽車竊盜,1
2017,金門縣,烏坵鄉,毒品,1
2017,金門縣,金城鎮,住宅竊盜,5
2017,金門縣,金城鎮,強制性交,3
2017,金門縣,金城鎮,強盜,1
2017,金門縣,金城鎮,搶奪,1
2017,金門縣,金城鎮,機車竊盜,1
2017,金門縣,金城鎮,毒品,14
2017,金門縣,金城鎮,汽車竊盜,1
2017,金門縣,金寧鄉,住宅竊盜,5
2017,金門縣,金寧鄉,毒品,6
2017,金門縣,金沙鎮,住宅竊盜,3
2017,金門縣,金沙鎮,強制性交,1
2017,金門縣,金沙鎮,機車竊盜,1
2017,金門縣,金沙鎮,毒品,5
2017,金門縣,金湖鎮,住宅竊盜,4
2017,金門縣,金湖鎮,強制性交,1
2017,金門縣,金湖鎮,機車竊盜,1
2017,金門縣,金湖鎮,毒品,22
2017,雲林縣,二崙鄉,住宅竊盜,5
2017,雲林縣,二崙鄉,機車竊盜,1
2017,雲林縣,二崙鄉,毒品,27
2017,雲林縣,二崙鄉,汽車竊盜,1
2017,雲林縣,元長鄉,住宅竊盜,2
2017,雲林縣,元長鄉,毒品,30
2017,雲林縣,元長鄉,汽車竊盜,2
2017,雲林縣,北港鎮,住宅竊盜,8
2017,雲林縣,北港鎮,搶奪,1
2017,雲林縣,北港鎮,機車竊盜,2
2017,雲林縣,北港鎮,毒品,61
2017,雲林縣,北港鎮,汽車竊盜,2
2017,雲林縣,口湖鄉,住宅竊盜,5
2017,雲林縣,口湖鄉,機車竊盜,2
2017,雲林縣,口湖鄉,毒品,49
2017,雲林縣,口湖鄉,汽車竊盜,1
2017,雲林縣,古坑鄉,住宅竊盜,6
2017,雲林縣,古坑鄉,強盜,1
2017,雲林縣,古坑鄉,機車竊盜,1
2017,雲林縣,古坑鄉,毒品,63
2017,雲林縣,古坑鄉,汽車竊盜,1
2017,雲林縣,四湖鄉,住宅竊盜,3
2017,雲林縣,四湖鄉,強盜,2
2017,雲林縣,四湖鄉,機車竊盜,5
2017,雲林縣,四湖鄉,毒品,40
2017,雲林縣,四湖鄉,汽車竊盜,5
2017,雲林縣,土庫鎮,住宅竊盜,3
2017,雲林縣,土庫鎮,強盜,1
2017,雲林縣,土庫鎮,機車竊盜,4
2017,雲林縣,土庫鎮,毒品,23
2017,雲林縣,土庫鎮,汽車竊盜,1
2017,雲林縣,大埤鄉,住宅竊盜,2
2017,雲林縣,大埤鄉,毒品,28
2017,雲林縣,大埤鄉,汽車竊盜,1
2017,雲林縣,崙背鄉,住宅竊盜,2
2017,雲林縣,崙背鄉,毒品,12
2017,雲林縣,崙背鄉,汽車竊盜,2
2017,雲林縣,斗六市,住宅竊盜,20
2017,雲林縣,斗六市,強制性交,4
2017,雲林縣,斗六市,強盜,1
2017,雲林縣,斗六市,搶奪,1
2017,雲林縣,斗六市,機車竊盜,21
2017,雲林縣,斗六市,毒品,185
2017,雲林縣,斗六市,汽車竊盜,12
2017,雲林縣,斗南鎮,住宅竊盜,10
2017,雲林縣,斗南鎮,機車竊盜,7
2017,雲林縣,斗南鎮,毒品,37
2017,雲林縣,斗南鎮,汽車竊盜,5
2017,雲林縣,東勢鄉,住宅竊盜,2
2017,雲林縣,東勢鄉,搶奪,1
2017,雲林縣,東勢鄉,機車竊盜,1
2017,雲林縣,東勢鄉,毒品,14
2017,雲林縣,東勢鄉,汽車竊盜,4
2017,雲林縣,林內鄉,住宅竊盜,4
2017,雲林縣,林內鄉,毒品,30
2017,雲林縣,林內鄉,汽車竊盜,1
2017,雲林縣,水林鄉,住宅竊盜,6
2017,雲林縣,水林鄉,強盜,1
2017,雲林縣,水林鄉,機車竊盜,2
2017,雲林縣,水林鄉,毒品,34
2017,雲林縣,水林鄉,汽車竊盜,2
2017,雲林縣,臺西鄉,住宅竊盜,6
2017,雲林縣,臺西鄉,機車竊盜,1
2017,雲林縣,臺西鄉,毒品,20
2017,雲林縣,臺西鄉,汽車竊盜,3
2017,雲林縣,莿桐鄉,住宅竊盜,7
2017,雲林縣,莿桐鄉,強盜,1
2017,雲林縣,莿桐鄉,毒品,38
2017,雲林縣,虎尾鎮,住宅竊盜,21
2017,雲林縣,虎尾鎮,強盜,3
2017,雲林縣,虎尾鎮,機車竊盜,16
2017,雲林縣,虎尾鎮,毒品,82
2017,雲林縣,虎尾鎮,汽車竊盜,10
2017,雲林縣,褒忠鄉,住宅竊盜,1
2017,雲林縣,褒忠鄉,毒品,21
2017,雲林縣,褒忠鄉,汽車竊盜,1
2017,雲林縣,西螺鎮,住宅竊盜,6
2017,雲林縣,西螺鎮,強制性交,1
2017,雲林縣,西螺鎮,搶奪,1
2017,雲林縣,西螺鎮,機車竊盜,3
2017,雲林縣,西螺鎮,毒品,54
2017,雲林縣,西螺鎮,汽車竊盜,3
2017,雲林縣,麥寮鄉,住宅竊盜,12
2017,雲林縣,麥寮鄉,強盜,2
2017,雲林縣,麥寮鄉,機車竊盜,5
2017,雲林縣,麥寮鄉,毒品,63
2017,雲林縣,麥寮鄉,汽車竊盜,9
2017,高雄市,三民區,住宅竊盜,5
2017,高雄市,三民區,強制性交,2
2017,高雄市,三民區,強盜,3
2017,高雄市,三民區,搶奪,7
2017,高雄市,三民區,機車竊盜,90
2017,高雄市,三民區,毒品,499
2017,高雄市,三民區,汽車竊盜,44
2017,高雄市,仁武區,住宅竊盜,4
2017,高雄市,仁武區,搶奪,1
2017,高雄市,仁武區,機車竊盜,15
2017,高雄市,仁武區,毒品,85
2017,高雄市,仁武區,汽車竊盜,40
2017,高雄市,內門區,住宅竊盜,7
2017,高雄市,內門區,毒品,7
2017,高雄市,六龜區,機車竊盜,3
2017,高雄市,六龜區,毒品,26
2017,高雄市,六龜區,汽車竊盜,2
2017,高雄市,前金區,住宅竊盜,1
2017,高雄市,前金區,機車竊盜,13
2017,高雄市,前金區,毒品,60
2017,高雄市,前金區,汽車竊盜,2
2017,高雄市,前鎮區,住宅竊盜,1
2017,高雄市,前鎮區,強盜,5
2017,高雄市,前鎮區,搶奪,4
2017,高雄市,前鎮區,機車竊盜,47
2017,高雄市,前鎮區,毒品,173
2017,高雄市,前鎮區,汽車竊盜,23
2017,高雄市,大寮區,住宅竊盜,3
2017,高雄市,大寮區,強制性交,4
2017,高雄市,大寮區,強盜,1
2017,高雄市,大寮區,搶奪,2
2017,高雄市,大寮區,機車竊盜,39
2017,高雄市,大寮區,毒品,114
2017,高雄市,大寮區,汽車竊盜,26
2017,高雄市,大樹區,機車竊盜,5
2017,高雄市,大樹區,毒品,49
2017,高雄市,大樹區,汽車竊盜,8
2017,高雄市,大社區,住宅竊盜,4
2017,高雄市,大社區,強盜,1
2017,高雄市,大社區,搶奪,1
2017,高雄市,大社區,機車竊盜,16
2017,高雄市,大社區,毒品,48
2017,高雄市,大社區,汽車竊盜,15
2017,高雄市,小港區,住宅竊盜,2
2017,高雄市,小港區,強盜,2
2017,高雄市,小港區,機車竊盜,29
2017,高雄市,小港區,毒品,143
2017,高雄市,小港區,汽車竊盜,20
2017,高雄市,岡山區,強盜,1
2017,高雄市,岡山區,搶奪,3
2017,高雄市,岡山區,機車竊盜,36
2017,高雄市,岡山區,毒品,97
2017,高雄市,岡山區,汽車竊盜,27
2017,高雄市,左營區,住宅竊盜,13
2017,高雄市,左營區,強制性交,4
2017,高雄市,左營區,強盜,1
2017,高雄市,左營區,搶奪,5
2017,高雄市,左營區,機車竊盜,42
2017,高雄市,左營區,毒品,177
2017,高雄市,左營區,汽車竊盜,32
2017,高雄市,彌陀區,機車竊盜,2
2017,高雄市,彌陀區,毒品,25
2017,高雄市,新興區,搶奪,1
2017,高雄市,新興區,機車竊盜,17
2017,高雄市,新興區,毒品,187
2017,高雄市,新興區,汽車竊盜,3
2017,高雄市,旗山區,住宅竊盜,6
2017,高雄市,旗山區,機車竊盜,3
2017,高雄市,旗山區,毒品,41
2017,高雄市,旗山區,汽車竊盜,7
2017,高雄市,旗津區,住宅竊盜,3
2017,高雄市,旗津區,機車竊盜,2
2017,高雄市,旗津區,毒品,27
2017,高雄市,旗津區,汽車竊盜,1
2017,高雄市,杉林區,住宅竊盜,4
2017,高雄市,杉林區,毒品,23
2017,高雄市,林園區,住宅竊盜,2
2017,高雄市,林園區,強盜,1
2017,高雄市,林園區,搶奪,2
2017,高雄市,林園區,機車竊盜,17
2017,高雄市,林園區,毒品,72
2017,高雄市,林園區,汽車竊盜,16
2017,高雄市,桃源區,毒品,2
2017,高雄市,梓官區,強盜,1
2017,高雄市,梓官區,搶奪,1
2017,高雄市,梓官區,機車竊盜,3
2017,高雄市,梓官區,毒品,55
2017,高雄市,梓官區,汽車竊盜,2
2017,高雄市,楠梓區,住宅竊盜,5
2017,高雄市,楠梓區,強盜,1
2017,高雄市,楠梓區,搶奪,5
2017,高雄市,楠梓區,機車竊盜,26
2017,高雄市,楠梓區,毒品,159
2017,高雄市,楠梓區,汽車竊盜,42
2017,高雄市,橋頭區,住宅竊盜,1
2017,高雄市,橋頭區,搶奪,2
2017,高雄市,橋頭區,機車竊盜,12
2017,高雄市,橋頭區,毒品,46
2017,高雄市,橋頭區,汽車竊盜,8
2017,高雄市,永安區,機車竊盜,1
2017,高雄市,永安區,毒品,8
2017,高雄市,永安區,汽車竊盜,1
2017,高雄市,湖內區,住宅竊盜,7
2017,高雄市,湖內區,強盜,1
2017,高雄市,湖內區,搶奪,1
2017,高雄市,湖內區,機車竊盜,5
2017,高雄市,湖內區,毒品,34
2017,高雄市,湖內區,汽車竊盜,1
2017,高雄市,燕巢區,住宅竊盜,1
2017,高雄市,燕巢區,強盜,1
2017,高雄市,燕巢區,搶奪,1
2017,高雄市,燕巢區,機車竊盜,11
2017,高雄市,燕巢區,毒品,46
2017,高雄市,燕巢區,汽車竊盜,19
2017,高雄市,田寮區,機車竊盜,3
2017,高雄市,田寮區,毒品,4
2017,高雄市,甲仙區,住宅竊盜,1
2017,高雄市,甲仙區,機車竊盜,2
2017,高雄市,甲仙區,毒品,7
2017,高雄市,美濃區,住宅竊盜,16
2017,高雄市,美濃區,機車竊盜,2
2017,高雄市,美濃區,毒品,78
2017,高雄市,美濃區,汽車竊盜,4
2017,高雄市,苓雅區,住宅竊盜,23
2017,高雄市,苓雅區,強盜,2
2017,高雄市,苓雅區,搶奪,3
2017,高雄市,苓雅區,機車竊盜,30
2017,高雄市,苓雅區,毒品,233
2017,高雄市,苓雅區,汽車竊盜,14
2017,高雄市,茂林區,毒品,3
2017,高雄市,茄萣區,住宅竊盜,3
2017,高雄市,茄萣區,強盜,2
2017,高雄市,茄萣區,機車竊盜,2
2017,高雄市,茄萣區,毒品,52
2017,高雄市,路竹區,住宅竊盜,5
2017,高雄市,路竹區,強制性交,1
2017,高雄市,路竹區,機車竊盜,4
2017,高雄市,路竹區,毒品,64
2017,高雄市,路竹區,汽車竊盜,4
2017,高雄市,阿蓮區,住宅竊盜,1
2017,高雄市,阿蓮區,搶奪,1
2017,高雄市,阿蓮區,機車竊盜,4
2017,高雄市,阿蓮區,毒品,68
2017,高雄市,阿蓮區,汽車竊盜,1
2017,高雄市,鳥松區,住宅竊盜,6
2017,高雄市,鳥松區,強制性交,1
2017,高雄市,鳥松區,機車竊盜,6
2017,高雄市,鳥松區,毒品,64
2017,高雄市,鳥松區,汽車竊盜,13
2017,高雄市,鳳山區,住宅竊盜,27
2017,高雄市,鳳山區,強制性交,1
2017,高雄市,鳳山區,強盜,7
2017,高雄市,鳳山區,搶奪,13
2017,高雄市,鳳山區,毒品,245
2017,高雄市,鳳山區,汽車竊盜,64
2017,高雄市,鹽埕區,機車竊盜,7
2017,高雄市,鹽埕區,毒品,32
2017,高雄市,鹽埕區,汽車竊盜,1
2017,高雄市,鼓山區,住宅竊盜,2
2017,高雄市,鼓山區,搶奪,3
2017,高雄市,鼓山區,機車竊盜,12
2017,高雄市,鼓山區,毒品,180
2017,高雄市,鼓山區,汽車竊盜,7
2018,南投縣,中寮鄉,住宅竊盜,1
2018,南投縣,中寮鄉,毒品,6
2018,南投縣,仁愛鄉,住宅竊盜,6
2018,南投縣,仁愛鄉,強制性交,1
2018,南投縣,仁愛鄉,機車竊盜,3
2018,南投縣,仁愛鄉,毒品,12
2018,南投縣,仁愛鄉,汽車竊盜,1
2018,南投縣,信義鄉,住宅竊盜,2
2018,南投縣,信義鄉,強制性交,1
2018,南投縣,信義鄉,機車竊盜,1
2018,南投縣,信義鄉,毒品,11
2018,南投縣,信義鄉,汽車竊盜,3
2018,南投縣,南投市,住宅竊盜,15
2018,南投縣,南投市,強制性交,4
2018,南投縣,南投市,強盜,1
2018,南投縣,南投市,搶奪,2
2018,南投縣,南投市,機車竊盜,19
2018,南投縣,南投市,毒品,127
2018,南投縣,南投市,汽車竊盜,4
2018,南投縣,名間鄉,住宅竊盜,14
2018,南投縣,名間鄉,強制性交,2
2018,南投縣,名間鄉,機車竊盜,2
2018,南投縣,名間鄉,毒品,30
2018,南投縣,名間鄉,汽車竊盜,2
2018,南投縣,國姓鄉,機車竊盜,3
2018,南投縣,國姓鄉,毒品,25
2018,南投縣,國姓鄉,汽車竊盜,2
2018,南投縣,埔里鎮,住宅竊盜,11
2018,南投縣,埔里鎮,強制性交,2
2018,南投縣,埔里鎮,搶奪,5
2018,南投縣,埔里鎮,機車竊盜,34
2018,南投縣,埔里鎮,毒品,136
2018,南投縣,埔里鎮,汽車竊盜,20
2018,南投縣,水里鄉,住宅竊盜,2
2018,南投縣,水里鄉,機車竊盜,2
2018,南投縣,水里鄉,毒品,29
2018,南投縣,水里鄉,汽車竊盜,3
2018,南投縣,竹山鎮,住宅竊盜,4
2018,南投縣,竹山鎮,強制性交,2
2018,南投縣,竹山鎮,強盜,1
2018,南投縣,竹山鎮,機車竊盜,5
2018,南投縣,竹山鎮,毒品,60
2018,南投縣,竹山鎮,汽車竊盜,6
2018,南投縣,草屯鎮,住宅竊盜,25
2018,南投縣,草屯鎮,強制性交,3
2018,南投縣,草屯鎮,強盜,2
2018,南投縣,草屯鎮,搶奪,2
2018,南投縣,草屯鎮,機車竊盜,15
2018,南投縣,草屯鎮,毒品,101
2018,南投縣,草屯鎮,汽車竊盜,12
2018,南投縣,集集鎮,住宅竊盜,2
2018,南投縣,集集鎮,毒品,12
2018,南投縣,魚池鄉,住宅竊盜,3
2018,南投縣,魚池鄉,強制性交,1
2018,南投縣,魚池鄉,毒品,20
2018,南投縣,魚池鄉,汽車竊盜,2
2018,南投縣,鹿谷鄉,住宅竊盜,5
2018,南投縣,鹿谷鄉,強盜,1
2018,南投縣,鹿谷鄉,毒品,16
2018,嘉義市,東區,住宅竊盜,3
2018,嘉義市,東區,強制性交,5
2018,嘉義市,東區,強盜,2
2018,嘉義市,東區,搶奪,1
2018,嘉義市,東區,機車竊盜,8
2018,嘉義市,東區,毒品,137
2018,嘉義市,東區,汽車竊盜,7
2018,嘉義市,西區,住宅竊盜,15
2018,嘉義市,西區,強制性交,10
2018,嘉義市,西區,強盜,1
2018,嘉義市,西區,機車竊盜,12
2018,嘉義市,西區,毒品,303
2018,嘉義市,西區,汽車竊盜,15
2018,嘉義縣,中埔鄉,強盜,1
2018,嘉義縣,中埔鄉,搶奪,1
2018,嘉義縣,中埔鄉,機車竊盜,3
2018,嘉義縣,中埔鄉,毒品,76
2018,嘉義縣,中埔鄉,汽車竊盜,5
2018,嘉義縣,六腳鄉,住宅竊盜,3
2018,嘉義縣,六腳鄉,機車竊盜,1
2018,嘉義縣,六腳鄉,毒品,24
2018,嘉義縣,大埔鄉,毒品,1
2018,嘉義縣,大林鎮,機車竊盜,4
2018,嘉義縣,大林鎮,毒品,21
2018,嘉義縣,大林鎮,汽車竊盜,3
2018,嘉義縣,太保市,住宅竊盜,1
2018,嘉義縣,太保市,搶奪,1
2018,嘉義縣,太保市,機車竊盜,1
2018,嘉義縣,太保市,毒品,45
2018,嘉義縣,太保市,汽車竊盜,5
2018,嘉義縣,布袋鎮,住宅竊盜,3
2018,嘉義縣,布袋鎮,搶奪,1
2018,嘉義縣,布袋鎮,機車竊盜,3
2018,嘉義縣,布袋鎮,毒品,11
2018,嘉義縣,布袋鎮,汽車竊盜,2
2018,嘉義縣,新港鄉,住宅竊盜,1
2018,嘉義縣,新港鄉,毒品,29
2018,嘉義縣,新港鄉,汽車竊盜,3
2018,嘉義縣,朴子市,住宅竊盜,4
2018,嘉義縣,朴子市,強制性交,1
2018,嘉義縣,朴子市,搶奪,1
2018,嘉義縣,朴子市,機車竊盜,4
2018,嘉義縣,朴子市,毒品,37
2018,嘉義縣,朴子市,汽車竊盜,5
2018,嘉義縣,東石鄉,住宅竊盜,3
2018,嘉義縣,東石鄉,機車竊盜,2
2018,嘉義縣,東石鄉,毒品,17
2018,嘉義縣,東石鄉,汽車竊盜,2
2018,嘉義縣,梅山鄉,強盜,1
2018,嘉義縣,梅山鄉,毒品,19
2018,嘉義縣,梅山鄉,汽車竊盜,2
2018,嘉義縣,民雄鄉,住宅竊盜,1
2018,嘉義縣,民雄鄉,搶奪,1
2018,嘉義縣,民雄鄉,機車竊盜,5
2018,嘉義縣,民雄鄉,毒品,63
2018,嘉義縣,民雄鄉,汽車竊盜,13
2018,嘉義縣,水上鄉,強制性交,2
2018,嘉義縣,水上鄉,機車竊盜,1
2018,嘉義縣,水上鄉,毒品,72
2018,嘉義縣,水上鄉,汽車竊盜,6
2018,嘉義縣,溪口鄉,住宅竊盜,1
2018,嘉義縣,溪口鄉,毒品,10
2018,嘉義縣,溪口鄉,汽車竊盜,3
2018,嘉義縣,番路鄉,強盜,1
2018,嘉義縣,番路鄉,毒品,13
2018,嘉義縣,番路鄉,汽車竊盜,1
2018,嘉義縣,竹崎鄉,住宅竊盜,3
2018,嘉義縣,竹崎鄉,毒品,34
2018,嘉義縣,竹崎鄉,汽車竊盜,1
2018,嘉義縣,義竹鄉,住宅竊盜,3
2018,嘉義縣,義竹鄉,機車竊盜,3
2018,嘉義縣,義竹鄉,毒品,22
2018,嘉義縣,義竹鄉,汽車竊盜,2
2018,嘉義縣,阿里山鄉,住宅竊盜,1
2018,嘉義縣,阿里山鄉,毒品,1
2018,嘉義縣,鹿草鄉,住宅竊盜,1
2018,嘉義縣,鹿草鄉,強盜,1
2018,嘉義縣,鹿草鄉,機車竊盜,1
2018,嘉義縣,鹿草鄉,毒品,19
2018,基隆市,七堵區,住宅竊盜,8
2018,基隆市,七堵區,機車竊盜,12
2018,基隆市,七堵區,毒品,133
2018,基隆市,七堵區,汽車竊盜,7
2018,基隆市,中山區,住宅竊盜,9
2018,基隆市,中山區,強制性交,5
2018,基隆市,中山區,搶奪,1
2018,基隆市,中山區,機車竊盜,8
2018,基隆市,中山區,毒品,211
2018,基隆市,中山區,汽車竊盜,2
2018,基隆市,中正區,住宅竊盜,12
2018,基隆市,中正區,強制性交,3
2018,基隆市,中正區,強盜,1
2018,基隆市,中正區,機車竊盜,3
2018,基隆市,中正區,毒品,207
2018,基隆市,仁愛區,住宅竊盜,8
2018,基隆市,仁愛區,強制性交,3
2018,基隆市,仁愛區,強盜,4
2018,基隆市,仁愛區,搶奪,3
2018,基隆市,仁愛區,機車竊盜,14
2018,基隆市,仁愛區,毒品,317
2018,基隆市,仁愛區,汽車竊盜,2
2018,基隆市,信義區,住宅竊盜,12
2018,基隆市,信義區,機車竊盜,10
2018,基隆市,信義區,毒品,134
2018,基隆市,信義區,汽車竊盜,1
2018,基隆市,安樂區,住宅竊盜,6
2018,基隆市,安樂區,搶奪,1
2018,基隆市,安樂區,機車竊盜,4
2018,基隆市,安樂區,毒品,220
2018,基隆市,安樂區,汽車竊盜,3
2018,基隆市,暖暖區,住宅竊盜,4
2018,基隆市,暖暖區,機車竊盜,2
2018,基隆市,暖暖區,毒品,91
2018,基隆市,暖暖區,汽車竊盜,1
2018,宜蘭縣,三星鄉,住宅竊盜,2
2018,宜蘭縣,三星鄉,強制性交,1
2018,宜蘭縣,三星鄉,強盜,1
2018,宜蘭縣,三星鄉,毒品,16
2018,宜蘭縣,三星鄉,汽車竊盜,1
2018,宜蘭縣,五結鄉,強制性交,1
2018,宜蘭縣,五結鄉,強盜,2
2018,宜蘭縣,五結鄉,機車竊盜,11
2018,宜蘭縣,五結鄉,毒品,48
2018,宜蘭縣,五結鄉,汽車竊盜,4
2018,宜蘭縣,冬山鄉,機車竊盜,6
2018,宜蘭縣,冬山鄉,毒品,46
2018,宜蘭縣,冬山鄉,汽車竊盜,3
2018,宜蘭縣,南澳鄉,毒品,9
2018,宜蘭縣,員山鄉,住宅竊盜,3
2018,宜蘭縣,員山鄉,搶奪,1
2018,宜蘭縣,員山鄉,機車竊盜,5
2018,宜蘭縣,員山鄉,毒品,50
2018,宜蘭縣,員山鄉,汽車竊盜,2
2018,宜蘭縣,壯圍鄉,住宅竊盜,2
2018,宜蘭縣,壯圍鄉,機車竊盜,1
2018,宜蘭縣,壯圍鄉,毒品,31
2018,宜蘭縣,壯圍鄉,汽車竊盜,1
2018,宜蘭縣,大同鄉,住宅竊盜,1
2018,宜蘭縣,大同鄉,強制性交,1
2018,宜蘭縣,大同鄉,毒品,8
2018,宜蘭縣,宜蘭市,住宅竊盜,5
2018,宜蘭縣,宜蘭市,強盜,2
2018,宜蘭縣,宜蘭市,搶奪,2
2018,宜蘭縣,宜蘭市,機車竊盜,12
2018,宜蘭縣,宜蘭市,毒品,123
2018,宜蘭縣,宜蘭市,汽車竊盜,19
2018,宜蘭縣,礁溪鄉,住宅竊盜,12
2018,宜蘭縣,礁溪鄉,機車竊盜,5
2018,宜蘭縣,礁溪鄉,毒品,90
2018,宜蘭縣,礁溪鄉,汽車竊盜,6
2018,宜蘭縣,羅東鎮,住宅竊盜,7
2018,宜蘭縣,羅東鎮,強制性交,2
2018,宜蘭縣,羅東鎮,機車竊盜,15
2018,宜蘭縣,羅東鎮,毒品,115
2018,宜蘭縣,羅東鎮,汽車竊盜,12
2018,宜蘭縣,蘇澳鎮,住宅竊盜,2
2018,宜蘭縣,蘇澳鎮,強盜,1
2018,宜蘭縣,蘇澳鎮,機車竊盜,4
2018,宜蘭縣,蘇澳鎮,毒品,106
2018,宜蘭縣,蘇澳鎮,汽車竊盜,6
2018,宜蘭縣,頭城鎮,住宅竊盜,4
2018,宜蘭縣,頭城鎮,強盜,1
2018,宜蘭縣,頭城鎮,機車竊盜,6
2018,宜蘭縣,頭城鎮,毒品,51
2018,宜蘭縣,頭城鎮,汽車竊盜,3
2018,屏東縣,三地門鄉,毒品,8
2018,屏東縣,九如鄉,毒品,30
2018,屏東縣,佳冬鄉,機車竊盜,4
2018,屏東縣,佳冬鄉,毒品,32
2018,屏東縣,來義鄉,毒品,4
2018,屏東縣,內埔鄉,強盜,2
2018,屏東縣,內埔鄉,機車竊盜,4
2018,屏東縣,內埔鄉,毒品,125
2018,屏東縣,內埔鄉,汽車竊盜,6
2018,屏東縣,南州鄉,住宅竊盜,1
2018,屏東縣,南州鄉,機車竊盜,2
2018,屏東縣,南州鄉,毒品,14
2018,屏東縣,南州鄉,汽車竊盜,2
2018,屏東縣,屏東市,住宅竊盜,15
2018,屏東縣,屏東市,強制性交,2
2018,屏東縣,屏東市,強盜,1
2018,屏東縣,屏東市,搶奪,2
2018,屏東縣,屏東市,機車竊盜,18
2018,屏東縣,屏東市,毒品,344
2018,屏東縣,屏東市,汽車竊盜,15
2018,屏東縣,崁頂鄉,機車竊盜,3
2018,屏東縣,崁頂鄉,毒品,6
2018,屏東縣,崁頂鄉,汽車竊盜,2
2018,屏東縣,恆春鎮,機車竊盜,7
2018,屏東縣,恆春鎮,毒品,69
2018,屏東縣,恆春鎮,汽車竊盜,4
2018,屏東縣,新園鄉,搶奪,1
2018,屏東縣,新園鄉,機車竊盜,2
2018,屏東縣,新園鄉,毒品,52
2018,屏東縣,新園鄉,汽車竊盜,3
2018,屏東縣,新埤鄉,毒品,12
2018,屏東縣,新埤鄉,汽車竊盜,1
2018,屏東縣,春日鄉,毒品,10
2018,屏東縣,東港鎮,住宅竊盜,6
2018,屏東縣,東港鎮,強制性交,1
2018,屏東縣,東港鎮,搶奪,2
2018,屏東縣,東港鎮,機車竊盜,7
2018,屏東縣,東港鎮,毒品,97
2018,屏東縣,東港鎮,汽車竊盜,8
2018,屏東縣,枋寮鄉,住宅竊盜,1
2018,屏東縣,枋寮鄉,搶奪,1
2018,屏東縣,枋寮鄉,機車竊盜,7
2018,屏東縣,枋寮鄉,毒品,53
2018,屏東縣,枋寮鄉,汽車竊盜,5
2018,屏東縣,枋山鄉,機車竊盜,1
2018,屏東縣,枋山鄉,毒品,12
2018,屏東縣,林邊鄉,住宅竊盜,1
2018,屏東縣,林邊鄉,機車竊盜,2
2018,屏東縣,林邊鄉,毒品,32
2018,屏東縣,林邊鄉,汽車竊盜,1
2018,屏東縣,泰武鄉,毒品,2
2018,屏東縣,泰武鄉,汽車竊盜,1
2018,屏東縣,滿州鄉,機車竊盜,4
2018,屏東縣,滿州鄉,毒品,2
2018,屏東縣,滿州鄉,汽車竊盜,1
2018,屏東縣,潮州鎮,住宅竊盜,4
2018,屏東縣,潮州鎮,強盜,1
2018,屏東縣,潮州鎮,機車竊盜,7
2018,屏東縣,潮州鎮,毒品,122
2018,屏東縣,潮州鎮,汽車竊盜,2
2018,屏東縣,牡丹鄉,機車竊盜,1
2018,屏東縣,獅子鄉,強制性交,1
2018,屏東縣,琉球鄉,毒品,4
2018,屏東縣,瑪家鄉,強制性交,1
2018,屏東縣,瑪家鄉,毒品,13
2018,屏東縣,竹田鄉,住宅竊盜,2
2018,屏東縣,竹田鄉,毒品,35
2018,屏東縣,竹田鄉,汽車竊盜,4
2018,屏東縣,萬丹鄉,搶奪,1
2018,屏東縣,萬丹鄉,機車竊盜,5
2018,屏東縣,萬丹鄉,毒品,73
2018,屏東縣,萬丹鄉,汽車竊盜,11
2018,屏東縣,萬巒鄉,機車竊盜,5
2018,屏東縣,萬巒鄉,毒品,70
2018,屏東縣,萬巒鄉,汽車竊盜,1
2018,屏東縣,車城鄉,機車竊盜,1
2018,屏東縣,車城鄉,毒品,17
2018,屏東縣,車城鄉,汽車竊盜,5
2018,屏東縣,里港鄉,機車竊盜,3
2018,屏東縣,里港鄉,毒品,37
2018,屏東縣,里港鄉,汽車竊盜,1
2018,屏東縣,長治鄉,住宅竊盜,2
2018,屏東縣,長治鄉,強制性交,1
2018,屏東縣,長治鄉,機車竊盜,2
2018,屏東縣,長治鄉,毒品,53
2018,屏東縣,長治鄉,汽車竊盜,1
2018,屏東縣,霧臺鄉,毒品,2
2018,屏東縣,高樹鄉,機車竊盜,4
2018,屏東縣,高樹鄉,毒品,46
2018,屏東縣,鹽埔鄉,強盜,3
2018,屏東縣,鹽埔鄉,機車竊盜,6
2018,屏東縣,鹽埔鄉,毒品,69
2018,屏東縣,麟洛鄉,機車竊盜,4
2018,屏東縣,麟洛鄉,毒品,22
2018,彰化縣,二林鎮,住宅竊盜,5
2018,彰化縣,二林鎮,強盜,1
2018,彰化縣,二林鎮,機車竊盜,6
2018,彰化縣,二林鎮,毒品,24
2018,彰化縣,二林鎮,汽車竊盜,10
2018,彰化縣,二水鄉,機車竊盜,7
2018,彰化縣,二水鄉,毒品,17
2018,彰化縣,伸港鄉,住宅竊盜,5
2018,彰化縣,伸港鄉,強盜,1
2018,彰化縣,伸港鄉,機車竊盜,3
2018,彰化縣,伸港鄉,毒品,45
2018,彰化縣,伸港鄉,汽車竊盜,4
2018,彰化縣,北斗鎮,住宅竊盜,2
2018,彰化縣,北斗鎮,機車竊盜,7
2018,彰化縣,北斗鎮,毒品,33
2018,彰化縣,北斗鎮,汽車竊盜,5
2018,彰化縣,和美鎮,住宅竊盜,6
2018,彰化縣,和美鎮,強制性交,1
2018,彰化縣,和美鎮,強盜,1
2018,彰化縣,和美鎮,機車竊盜,2
2018,彰化縣,和美鎮,毒品,85
2018,彰化縣,和美鎮,汽車竊盜,6
2018,彰化縣,員林市,住宅竊盜,6
2018,彰化縣,員林市,強制性交,1
2018,彰化縣,員林市,強盜,1
2018,彰化縣,員林市,機車竊盜,19
2018,彰化縣,員林市,毒品,164
2018,彰化縣,員林市,汽車竊盜,3
2018,彰化縣,埔心鄉,住宅竊盜,1
2018,彰化縣,埔心鄉,強盜,1
2018,彰化縣,埔心鄉,機車竊盜,4
2018,彰化縣,埔心鄉,毒品,47
2018,彰化縣,埔心鄉,汽車竊盜,1
2018,彰化縣,埔鹽鄉,住宅竊盜,2
2018,彰化縣,埔鹽鄉,機車竊盜,6
2018,彰化縣,埔鹽鄉,毒品,37
2018,彰化縣,埤頭鄉,住宅竊盜,1
2018,彰化縣,埤頭鄉,強盜,1
2018,彰化縣,埤頭鄉,機車竊盜,6
2018,彰化縣,埤頭鄉,毒品,17
2018,彰化縣,埤頭鄉,汽車竊盜,3
2018,彰化縣,大城鄉,住宅竊盜,3
2018,彰化縣,大城鄉,強制性交,1
2018,彰化縣,大城鄉,機車竊盜,1
2018,彰化縣,大村鄉,住宅竊盜,3
2018,彰化縣,大村鄉,強制性交,1
2018,彰化縣,大村鄉,機車竊盜,1
2018,彰化縣,大村鄉,毒品,59
2018,彰化縣,大村鄉,組織犯罪防制條例,1
2018,彰化縣,彰化市,住宅竊盜,4
2018,彰化縣,彰化市,強制性交,4
2018,彰化縣,彰化市,強盜,4
2018,彰化縣,彰化市,搶奪,1
2018,彰化縣,彰化市,機車竊盜,26
2018,彰化縣,彰化市,毒品,202
2018,彰化縣,彰化市,汽車竊盜,8
2018,彰化縣,永靖鄉,機車竊盜,2
2018,彰化縣,永靖鄉,毒品,33
2018,彰化縣,溪州鄉,強盜,1
2018,彰化縣,溪州鄉,機車竊盜,1
2018,彰化縣,溪州鄉,毒品,26
2018,彰化縣,溪州鄉,汽車竊盜,1
2018,彰化縣,溪湖鎮,住宅竊盜,2
2018,彰化縣,溪湖鎮,強盜,1
2018,彰化縣,溪湖鎮,搶奪,1
2018,彰化縣,溪湖鎮,機車竊盜,4
2018,彰化縣,溪湖鎮,毒品,43
2018,彰化縣,溪湖鎮,汽車竊盜,7
2018,彰化縣,田中鎮,機車竊盜,5
2018,彰化縣,田中鎮,毒品,27
2018,彰化縣,田中鎮,汽車竊盜,3
2018,彰化縣,田尾鄉,住宅竊盜,2
2018,彰化縣,田尾鄉,強制性交,1
2018,彰化縣,田尾鄉,機車竊盜,4
2018,彰化縣,田尾鄉,毒品,23
2018,彰化縣,田尾鄉,汽車竊盜,1
2018,彰化縣,社頭鄉,住宅竊盜,1
2018,彰化縣,社頭鄉,強制性交,2
2018,彰化縣,社頭鄉,機車竊盜,2
2018,彰化縣,社頭鄉,毒品,38
2018,彰化縣,社頭鄉,汽車竊盜,2
2018,彰化縣,福興鄉,住宅竊盜,5
2018,彰化縣,福興鄉,搶奪,1
2018,彰化縣,福興鄉,機車竊盜,1
2018,彰化縣,福興鄉,毒品,36
2018,彰化縣,福興鄉,汽車竊盜,6
2018,彰化縣,秀水鄉,住宅竊盜,1
2018,彰化縣,秀水鄉,強制性交,1
2018,彰化縣,秀水鄉,機車竊盜,1
2018,彰化縣,秀水鄉,毒品,22
2018,彰化縣,秀水鄉,汽車竊盜,3
2018,彰化縣,竹塘鄉,住宅竊盜,1
2018,彰化縣,竹塘鄉,毒品,2
2018,彰化縣,竹塘鄉,汽車竊盜,1
2018,彰化縣,線西鄉,住宅竊盜,1
2018,彰化縣,線西鄉,強制性交,1
2018,彰化縣,線西鄉,搶奪,1
2018,彰化縣,線西鄉,毒品,15
2018,彰化縣,線西鄉,汽車竊盜,2
2018,彰化縣,芬園鄉,住宅竊盜,1
2018,彰化縣,芬園鄉,機車竊盜,1
2018,彰化縣,芬園鄉,毒品,17
2018,彰化縣,花壇鄉,機車竊盜,5
2018,彰化縣,花壇鄉,毒品,38
2018,彰化縣,花壇鄉,汽車竊盜,6
2018,彰化縣,芳苑鄉,住宅竊盜,2
2018,彰化縣,芳苑鄉,機車竊盜,6
2018,彰化縣,芳苑鄉,毒品,13
2018,彰化縣,芳苑鄉,汽車竊盜,1
2018,彰化縣,鹿港鎮,住宅竊盜,7
2018,彰化縣,鹿港鎮,搶奪,2
2018,彰化縣,鹿港鎮,機車竊盜,5
2018,彰化縣,鹿港鎮,毒品,62
2018,彰化縣,鹿港鎮,汽車竊盜,14
2018,新北市,三峽區,住宅竊盜,5
2018,新北市,三峽區,強制性交,2
2018,新北市,三峽區,強盜,2
2018,新北市,三峽區,搶奪,1
2018,新北市,三峽區,機車竊盜,57
2018,新北市,三峽區,毒品,115
2018,新北市,三峽區,汽車竊盜,29
2018,新北市,三芝區,強制性交,1
2018,新北市,三芝區,機車竊盜,3
2018,新北市,三芝區,毒品,23
2018,新北市,三重區,住宅竊盜,52
2018,新北市,三重區,強制性交,1
2018,新北市,三重區,強盜,2
2018,新北市,三重區,搶奪,2
2018,新北市,三重區,機車竊盜,80
2018,新北市,三重區,毒品,1266
2018,新北市,三重區,汽車竊盜,31
2018,新北市,中和區,住宅竊盜,39
2018,新北市,中和區,強盜,2
2018,新北市,中和區,搶奪,5
2018,新北市,中和區,機車竊盜,52
2018,新北市,中和區,毒品,589
2018,新北市,中和區,汽車竊盜,5
2018,新北市,五股區,住宅竊盜,4
2018,新北市,五股區,強制性交,2
2018,新北市,五股區,強盜,1
2018,新北市,五股區,搶奪,1
2018,新北市,五股區,機車竊盜,14
2018,新北市,五股區,毒品,191
2018,新北市,五股區,汽車竊盜,13
2018,新北市,八里區,住宅竊盜,2
2018,新北市,八里區,強制性交,1
2018,新北市,八里區,搶奪,1
2018,新北市,八里區,機車竊盜,5
2018,新北市,八里區,毒品,75
2018,新北市,八里區,汽車竊盜,7
2018,新北市,土城區,住宅竊盜,24
2018,新北市,土城區,強制性交,2
2018,新北市,土城區,強盜,4
2018,新北市,土城區,搶奪,3
2018,新北市,土城區,機車竊盜,42
2018,新北市,土城區,毒品,394
2018,新北市,土城區,汽車竊盜,12
2018,新北市,坪林區,毒品,2
2018,新北市,平溪區,毒品,11
2018,新北市,新店區,住宅竊盜,22
2018,新北市,新店區,強制性交,1
2018,新北市,新店區,強盜,1
2018,新北市,新店區,搶奪,1
2018,新北市,新店區,機車竊盜,29
2018,新北市,新店區,毒品,422
2018,新北市,新店區,汽車竊盜,6
2018,新北市,新莊區,住宅竊盜,29
2018,新北市,新莊區,強盜,1
2018,新北市,新莊區,搶奪,4
2018,新北市,新莊區,機車竊盜,57
2018,新北市,新莊區,毒品,559
2018,新北市,新莊區,汽車竊盜,11
2018,新北市,板橋區,住宅竊盜,47
2018,新北市,板橋區,強制性交,1
2018,新北市,板橋區,強盜,8
2018,新北市,板橋區,搶奪,9
2018,新北市,板橋區,機車竊盜,100
2018,新北市,板橋區,毒品,1108
2018,新北市,板橋區,汽車竊盜,15
2018,新北市,林口區,住宅竊盜,5
2018,新北市,林口區,強盜,1
2018,新北市,林口區,機車竊盜,9
2018,新北市,林口區,毒品,74
2018,新北市,林口區,汽車竊盜,23
2018,新北市,樹林區,住宅竊盜,24
2018,新北市,樹林區,強制性交,1
2018,新北市,樹林區,強盜,1
2018,新北市,樹林區,搶奪,1
2018,新北市,樹林區,機車竊盜,46
2018,新北市,樹林區,毒品,341
2018,新北市,樹林區,汽車竊盜,12
2018,新北市,永和區,住宅竊盜,23
2018,新北市,永和區,強制性交,1
2018,新北市,永和區,搶奪,1
2018,新北市,永和區,機車竊盜,22
2018,新北市,永和區,毒品,228
2018,新北市,永和區,汽車竊盜,5
2018,新北市,汐止區,住宅竊盜,28
2018,新北市,汐止區,強制性交,4
2018,新北市,汐止區,機車竊盜,26
2018,新北市,汐止區,毒品,169
2018,新北市,汐止區,汽車竊盜,16
2018,新北市,泰山區,住宅竊盜,5
2018,新北市,泰山區,強盜,1
2018,新北市,泰山區,搶奪,1
2018,新北市,泰山區,機車竊盜,10
2018,新北市,泰山區,毒品,81
2018,新北市,泰山區,汽車竊盜,10
2018,新北市,淡水區,住宅竊盜,5
2018,新北市,淡水區,強制性交,1
2018,新北市,淡水區,強盜,1
2018,新北市,淡水區,搶奪,4
2018,新北市,淡水區,機車竊盜,35
2018,新北市,淡水區,毒品,155
2018,新北市,淡水區,汽車竊盜,3
2018,新北市,深坑區,住宅竊盜,4
2018,新北市,深坑區,機車竊盜,1
2018,新北市,深坑區,毒品,24
2018,新北市,烏來區,住宅竊盜,1
2018,新北市,烏來區,毒品,8
2018,新北市,瑞芳區,住宅竊盜,8
2018,新北市,瑞芳區,強制性交,1
2018,新北市,瑞芳區,機車竊盜,6
2018,新北市,瑞芳區,毒品,127
2018,新北市,瑞芳區,汽車竊盜,1
2018,新北市,石碇區,機車竊盜,2
2018,新北市,石碇區,毒品,4
2018,新北市,石門區,毒品,22
2018,新北市,萬里區,住宅竊盜,3
2018,新北市,萬里區,強制性交,1
2018,新北市,萬里區,毒品,35
2018,新北市,蘆洲區,住宅竊盜,22
2018,新北市,蘆洲區,強制性交,2
2018,新北市,蘆洲區,強盜,1
2018,新北市,蘆洲區,搶奪,1
2018,新北市,蘆洲區,機車竊盜,38
2018,新北市,蘆洲區,毒品,303
2018,新北市,蘆洲區,汽車竊盜,3
2018,新北市,貢寮區,住宅竊盜,1
2018,新北市,貢寮區,機車竊盜,1
2018,新北市,貢寮區,毒品,13
2018,新北市,金山區,住宅竊盜,2
2018,新北市,金山區,搶奪,2
2018,新北市,金山區,機車竊盜,2
2018,新北市,金山區,毒品,23
2018,新北市,金山區,汽車竊盜,1
2018,新北市,雙溪區,強盜,1
2018,新北市,雙溪區,機車竊盜,1
2018,新北市,雙溪區,毒品,7
2018,新北市,雙溪區,汽車竊盜,1
2018,新北市,鶯歌區,住宅竊盜,6
2018,新北市,鶯歌區,機車竊盜,44
2018,新北市,鶯歌區,毒品,104
2018,新北市,鶯歌區,汽車竊盜,12
2018,新竹市,北區,強制性交,1
2018,新竹市,北區,強盜,1
2018,新竹市,北區,機車竊盜,29
2018,新竹市,北區,毒品,144
2018,新竹市,北區,汽車竊盜,17
2018,新竹市,東區,住宅竊盜,20
2018,新竹市,東區,強制性交,3
2018,新竹市,東區,機車竊盜,30
2018,新竹市,東區,毒品,137
2018,新竹市,東區,汽車竊盜,19
2018,新竹市,香山區,住宅竊盜,10
2018,新竹市,香山區,強制性交,1
2018,新竹市,香山區,機車竊盜,6
2018,新竹市,香山區,毒品,61
2018,新竹市,香山區,汽車竊盜,3
2018,新竹縣,五峰鄉,毒品,20
2018,新竹縣,北埔鄉,住宅竊盜,1
2018,新竹縣,北埔鄉,機車竊盜,5
2018,新竹縣,北埔鄉,毒品,6
2018,新竹縣,北埔鄉,汽車竊盜,1
2018,新竹縣,寶山鄉,住宅竊盜,2
2018,新竹縣,寶山鄉,強制性交,1
2018,新竹縣,寶山鄉,機車竊盜,1
2018,新竹縣,寶山鄉,毒品,17
2018,新竹縣,寶山鄉,汽車竊盜,1
2018,新竹縣,尖石鄉,機車竊盜,1
2018,新竹縣,尖石鄉,毒品,15
2018,新竹縣,尖石鄉,汽車竊盜,1
2018,新竹縣,峨眉鄉,住宅竊盜,6
2018,新竹縣,峨眉鄉,機車竊盜,1
2018,新竹縣,峨眉鄉,毒品,7
2018,新竹縣,峨眉鄉,汽車竊盜,3
2018,新竹縣,新埔鎮,住宅竊盜,1
2018,新竹縣,新埔鎮,機車竊盜,3
2018,新竹縣,新埔鎮,毒品,24
2018,新竹縣,新埔鎮,汽車竊盜,9
2018,新竹縣,新豐鄉,住宅竊盜,1
2018,新竹縣,新豐鄉,強盜,1
2018,新竹縣,新豐鄉,機車竊盜,21
2018,新竹縣,新豐鄉,毒品,31
2018,新竹縣,新豐鄉,汽車竊盜,35
2018,新竹縣,橫山鄉,住宅竊盜,4
2018,新竹縣,橫山鄉,機車竊盜,4
2018,新竹縣,橫山鄉,毒品,12
2018,新竹縣,橫山鄉,汽車竊盜,1
2018,新竹縣,湖口鄉,住宅竊盜,8
2018,新竹縣,湖口鄉,搶奪,2
2018,新竹縣,湖口鄉,機車竊盜,20
2018,新竹縣,湖口鄉,毒品,112
2018,新竹縣,湖口鄉,汽車竊盜,60
2018,新竹縣,竹北市,住宅竊盜,11
2018,新竹縣,竹北市,搶奪,1
2018,新竹縣,竹北市,機車竊盜,21
2018,新竹縣,竹北市,毒品,138
2018,新竹縣,竹北市,汽車竊盜,50
2018,新竹縣,竹東鎮,住宅竊盜,14
2018,新竹縣,竹東鎮,強制性交,1
2018,新竹縣,竹東鎮,搶奪,1
2018,新竹縣,竹東鎮,機車竊盜,49
2018,新竹縣,竹東鎮,毒品,120
2018,新竹縣,竹東鎮,汽車竊盜,21
2018,新竹縣,芎林鄉,住宅竊盜,1
2018,新竹縣,芎林鄉,機車竊盜,6
2018,新竹縣,芎林鄉,毒品,32
2018,新竹縣,芎林鄉,汽車竊盜,6
2018,新竹縣,關西鎮,住宅竊盜,4
2018,新竹縣,關西鎮,搶奪,1
2018,新竹縣,關西鎮,機車竊盜,9
2018,新竹縣,關西鎮,毒品,39
2018,新竹縣,關西鎮,汽車竊盜,10
2018,桃園市,中壢區,住宅竊盜,18
2018,桃園市,中壢區,強制性交,1
2018,桃園市,中壢區,強盜,3
2018,桃園市,中壢區,搶奪,3
2018,桃園市,中壢區,機車竊盜,178
2018,桃園市,中壢區,毒品,1181
2018,桃園市,中壢區,汽車竊盜,61
2018,桃園市,八德區,住宅竊盜,10
2018,桃園市,八德區,強制性交,1
2018,桃園市,八德區,強盜,1
2018,桃園市,八德區,搶奪,2
2018,桃園市,八德區,機車竊盜,48
2018,桃園市,八德區,毒品,539
2018,桃園市,八德區,汽車竊盜,29
2018,桃園市,大園區,住宅竊盜,1
2018,桃園市,大園區,強制性交,3
2018,桃園市,大園區,強盜,2
2018,桃園市,大園區,機車竊盜,15
2018,桃園市,大園區,毒品,241
2018,桃園市,大園區,汽車竊盜,15
2018,桃園市,大溪區,住宅竊盜,3
2018,桃園市,大溪區,機車竊盜,14
2018,桃園市,大溪區,毒品,180
2018,桃園市,大溪區,汽車竊盜,35
2018,桃園市,平鎮區,住宅竊盜,4
2018,桃園市,平鎮區,強盜,1
2018,桃園市,平鎮區,搶奪,1
2018,桃園市,平鎮區,機車竊盜,50
2018,桃園市,平鎮區,毒品,415
2018,桃園市,平鎮區,汽車竊盜,44
2018,桃園市,復興區,強制性交,1
2018,桃園市,復興區,機車竊盜,2
2018,桃園市,復興區,毒品,36
2018,桃園市,復興區,汽車竊盜,5
2018,桃園市,新屋區,機車竊盜,12
2018,桃園市,新屋區,毒品,64
2018,桃園市,新屋區,汽車竊盜,10
2018,桃園市,桃園區,住宅竊盜,23
2018,桃園市,桃園區,強盜,4
2018,桃園市,桃園區,搶奪,3
2018,桃園市,桃園區,機車竊盜,169
2018,桃園市,桃園區,毒品,1421
2018,桃園市,桃園區,汽車竊盜,33
2018,桃園市,楊梅區,住宅竊盜,1
2018,桃園市,楊梅區,機車竊盜,37
2018,桃園市,楊梅區,毒品,246
2018,桃園市,楊梅區,汽車竊盜,53
2018,桃園市,蘆竹區,住宅竊盜,10
2018,桃園市,蘆竹區,強盜,1
2018,桃園市,蘆竹區,機車竊盜,22
2018,桃園市,蘆竹區,毒品,179
2018,桃園市,蘆竹區,汽車竊盜,23
2018,桃園市,觀音區,強盜,1
2018,桃園市,觀音區,機車竊盜,7
2018,桃園市,觀音區,毒品,135
2018,桃園市,觀音區,汽車竊盜,18
2018,桃園市,龍潭區,住宅竊盜,10
2018,桃園市,龍潭區,強盜,2
2018,桃園市,龍潭區,搶奪,3
2018,桃園市,龍潭區,機車竊盜,28
2018,桃園市,龍潭區,毒品,251
2018,桃園市,龍潭區,汽車竊盜,50
2018,桃園市,龜山區,住宅竊盜,26
2018,桃園市,龜山區,搶奪,1
2018,桃園市,龜山區,機車竊盜,46
2018,桃園市,龜山區,毒品,419
2018,桃園市,龜山區,汽車竊盜,51
2018,澎湖縣,湖西鄉,住宅竊盜,3
2018,澎湖縣,湖西鄉,強制性交,1
2018,澎湖縣,湖西鄉,機車竊盜,2
2018,澎湖縣,湖西鄉,毒品,3
2018,澎湖縣,白沙鄉,毒品,1
2018,澎湖縣,西嶼鄉,住宅竊盜,2
2018,澎湖縣,西嶼鄉,機車竊盜,1
2018,澎湖縣,馬公市,住宅竊盜,21
2018,澎湖縣,馬公市,強制性交,2
2018,澎湖縣,馬公市,機車竊盜,6
2018,澎湖縣,馬公市,毒品,19
2018,臺中市,中區,強盜,1
2018,臺中市,中區,搶奪,1
2018,臺中市,中區,機車竊盜,12
2018,臺中市,中區,毒品,171
2018,臺中市,中區,汽車竊盜,2
2018,臺中市,北區,住宅竊盜,15
2018,臺中市,北區,強盜,1
2018,臺中市,北區,搶奪,4
2018,臺中市,北區,機車竊盜,24
2018,臺中市,北區,毒品,468
2018,臺中市,北區,汽車竊盜,5
2018,臺中市,北屯區,住宅竊盜,16
2018,臺中市,北屯區,強制性交,2
2018,臺中市,北屯區,強盜,1
2018,臺中市,北屯區,搶奪,3
2018,臺中市,北屯區,機車竊盜,27
2018,臺中市,北屯區,毒品,343
2018,臺中市,北屯區,汽車竊盜,14
2018,臺中市,南區,住宅竊盜,3
2018,臺中市,南區,強制性交,2
2018,臺中市,南區,搶奪,4
2018,臺中市,南區,機車竊盜,21
2018,臺中市,南區,毒品,68
2018,臺中市,南區,汽車竊盜,1
2018,臺中市,南屯區,住宅竊盜,7
2018,臺中市,南屯區,強制性交,3
2018,臺中市,南屯區,強盜,1
2018,臺中市,南屯區,機車竊盜,4
2018,臺中市,南屯區,毒品,113
2018,臺中市,南屯區,汽車竊盜,5
2018,臺中市,后里區,機車竊盜,7
2018,臺中市,后里區,毒品,53
2018,臺中市,后里區,汽車竊盜,2
2018,臺中市,和平區,機車竊盜,1
2018,臺中市,和平區,毒品,3
2018,臺中市,外埔區,機車竊盜,2
2018,臺中市,外埔區,毒品,28
2018,臺中市,外埔區,汽車竊盜,2
2018,臺中市,大安區,毒品,18
2018,臺中市,大甲區,住宅竊盜,2
2018,臺中市,大甲區,強制性交,1
2018,臺中市,大甲區,機車竊盜,8
2018,臺中市,大甲區,毒品,75
2018,臺中市,大甲區,汽車竊盜,4
2018,臺中市,大肚區,住宅竊盜,1
2018,臺中市,大肚區,強制性交,1
2018,臺中市,大肚區,機車竊盜,5
2018,臺中市,大肚區,毒品,44
2018,臺中市,大肚區,汽車竊盜,1
2018,臺中市,大里區,強制性交,1
2018,臺中市,大里區,強盜,1
2018,臺中市,大里區,搶奪,1
2018,臺中市,大里區,機車竊盜,20
2018,臺中市,大里區,毒品,151
2018,臺中市,大里區,汽車竊盜,7
2018,臺中市,大雅區,住宅竊盜,6
2018,臺中市,大雅區,強盜,1
2018,臺中市,大雅區,機車竊盜,11
2018,臺中市,大雅區,毒品,78
2018,臺中市,大雅區,汽車竊盜,3
2018,臺中市,太平區,強制性交,1
2018,臺中市,太平區,強盜,2
2018,臺中市,太平區,機車竊盜,18
2018,臺中市,太平區,毒品,158
2018,臺中市,太平區,汽車竊盜,12
2018,臺中市,新社區,機車竊盜,5
2018,臺中市,新社區,毒品,8
2018,臺中市,東勢區,住宅竊盜,2
2018,臺中市,東勢區,機車竊盜,3
2018,臺中市,東勢區,毒品,40
2018,臺中市,東勢區,汽車竊盜,2
2018,臺中市,東區,住宅竊盜,3
2018,臺中市,東區,強制性交,2
2018,臺中市,東區,強盜,1
2018,臺中市,東區,機車竊盜,16
2018,臺中市,東區,毒品,109
2018,臺中市,東區,汽車竊盜,6
2018,臺中市,梧棲區,住宅竊盜,2
2018,臺中市,梧棲區,強盜,1
2018,臺中市,梧棲區,機車竊盜,6
2018,臺中市,梧棲區,毒品,65
2018,臺中市,梧棲區,汽車竊盜,5
2018,臺中市,沙鹿區,住宅竊盜,1
2018,臺中市,沙鹿區,強盜,1
2018,臺中市,沙鹿區,機車竊盜,6
2018,臺中市,沙鹿區,毒品,106
2018,臺中市,沙鹿區,汽車竊盜,7
2018,臺中市,清水區,住宅竊盜,2
2018,臺中市,清水區,強制性交,1
2018,臺中市,清水區,強盜,2
2018,臺中市,清水區,機車竊盜,7
2018,臺中市,清水區,毒品,62
2018,臺中市,清水區,汽車竊盜,6
2018,臺中市,潭子區,住宅竊盜,4
2018,臺中市,潭子區,機車竊盜,7
2018,臺中市,潭子區,毒品,76
2018,臺中市,潭子區,汽車竊盜,8
2018,臺中市,烏日區,強盜,1
2018,臺中市,烏日區,機車竊盜,8
2018,臺中市,烏日區,毒品,73
2018,臺中市,烏日區,汽車竊盜,2
2018,臺中市,石岡區,住宅竊盜,1
2018,臺中市,石岡區,機車竊盜,1
2018,臺中市,石岡區,毒品,9
2018,臺中市,神岡區,住宅竊盜,7
2018,臺中市,神岡區,強盜,1
2018,臺中市,神岡區,搶奪,2
2018,臺中市,神岡區,機車竊盜,11
2018,臺中市,神岡區,毒品,48
2018,臺中市,神岡區,汽車竊盜,4
2018,臺中市,西區,住宅竊盜,3
2018,臺中市,西區,強盜,1
2018,臺中市,西區,搶奪,1
2018,臺中市,西區,機車竊盜,15
2018,臺中市,西區,毒品,107
2018,臺中市,西區,汽車竊盜,2
2018,臺中市,西屯區,住宅竊盜,12
2018,臺中市,西屯區,強制性交,1
2018,臺中市,西屯區,強盜,6
2018,臺中市,西屯區,搶奪,1
2018,臺中市,西屯區,機車竊盜,25
2018,臺中市,西屯區,毒品,392
2018,臺中市,西屯區,汽車竊盜,4
2018,臺中市,豐原區,住宅竊盜,11
2018,臺中市,豐原區,強制性交,1
2018,臺中市,豐原區,強盜,2
2018,臺中市,豐原區,機車竊盜,22
2018,臺中市,豐原區,毒品,159
2018,臺中市,豐原區,汽車竊盜,22
2018,臺中市,霧峰區,機車竊盜,7
2018,臺中市,霧峰區,毒品,56
2018,臺中市,霧峰區,汽車竊盜,4
2018,臺中市,龍井區,住宅竊盜,6
2018,臺中市,龍井區,強制性交,2
2018,臺中市,龍井區,機車竊盜,4
2018,臺中市,龍井區,毒品,55
2018,臺中市,龍井區,汽車竊盜,4
2018,臺中市,龍井區,組織犯罪防制條例,1
2018,臺北市,中山區,住宅竊盜,40
2018,臺北市,中山區,強制性交,4
2018,臺北市,中山區,強盜,4
2018,臺北市,中山區,搶奪,2
2018,臺北市,中山區,機車竊盜,25
2018,臺北市,中山區,毒品,619
2018,臺北市,中山區,汽車竊盜,8
2018,臺北市,中正區,住宅竊盜,23
2018,臺北市,中正區,搶奪,2
2018,臺北市,中正區,機車竊盜,16
2018,臺北市,中正區,毒品,130
2018,臺北市,中正區,汽車竊盜,5
2018,臺北市,信義區,住宅竊盜,20
2018,臺北市,信義區,強制性交,1
2018,臺北市,信義區,強盜,2
2018,臺北市,信義區,機車竊盜,17
2018,臺北市,信義區,毒品,252
2018,臺北市,信義區,汽車竊盜,5
2018,臺北市,內湖區,住宅竊盜,30
2018,臺北市,內湖區,強盜,1
2018,臺北市,內湖區,搶奪,2
2018,臺北市,內湖區,機車竊盜,11
2018,臺北市,內湖區,毒品,150
2018,臺北市,內湖區,汽車竊盜,4
2018,臺北市,北投區,住宅竊盜,48
2018,臺北市,北投區,強制性交,7
2018,臺北市,北投區,強盜,2
2018,臺北市,北投區,搶奪,2
2018,臺北市,北投區,機車竊盜,29
2018,臺北市,北投區,毒品,184
2018,臺北市,北投區,汽車竊盜,19
2018,臺北市,南港區,住宅竊盜,29
2018,臺北市,南港區,強制性交,1
2018,臺北市,南港區,機車竊盜,10
2018,臺北市,南港區,毒品,103
2018,臺北市,南港區,汽車竊盜,5
2018,臺北市,士林區,住宅竊盜,34
2018,臺北市,士林區,強制性交,2
2018,臺北市,士林區,強盜,3
2018,臺北市,士林區,搶奪,1
2018,臺北市,士林區,機車竊盜,33
2018,臺北市,士林區,毒品,250
2018,臺北市,士林區,汽車竊盜,7
2018,臺北市,大同區,住宅竊盜,23
2018,臺北市,大同區,強制性交,2
2018,臺北市,大同區,搶奪,2
2018,臺北市,大同區,機車竊盜,26
2018,臺北市,大同區,毒品,253
2018,臺北市,大同區,汽車竊盜,4
2018,臺北市,大安區,住宅竊盜,32
2018,臺北市,大安區,強制性交,1
2018,臺北市,大安區,強盜,1
2018,臺北市,大安區,機車竊盜,28
2018,臺北市,大安區,毒品,552
2018,臺北市,大安區,汽車竊盜,11
2018,臺北市,文山區,住宅竊盜,24
2018,臺北市,文山區,強盜,1
2018,臺北市,文山區,機車竊盜,15
2018,臺北市,文山區,毒品,241
2018,臺北市,文山區,汽車竊盜,5
2018,臺北市,松山區,住宅竊盜,11
2018,臺北市,松山區,強制性交,2
2018,臺北市,松山區,機車竊盜,7
2018,臺北市,松山區,毒品,331
2018,臺北市,松山區,汽車竊盜,3
2018,臺北市,萬華區,住宅竊盜,38
2018,臺北市,萬華區,強制性交,2
2018,臺北市,萬華區,強盜,2
2018,臺北市,萬華區,搶奪,2
2018,臺北市,萬華區,機車竊盜,27
2018,臺北市,萬華區,毒品,761
2018,臺北市,萬華區,汽車竊盜,15
2018,臺南市,七股區,住宅竊盜,3
2018,臺南市,七股區,機車竊盜,1
2018,臺南市,七股區,毒品,6
2018,臺南市,下營區,住宅竊盜,3
2018,臺南市,下營區,強制性交,1
2018,臺南市,下營區,機車竊盜,2
2018,臺南市,下營區,毒品,11
2018,臺南市,中西區,住宅竊盜,22
2018,臺南市,中西區,強制性交,1
2018,臺南市,中西區,強盜,4
2018,臺南市,中西區,搶奪,1
2018,臺南市,中西區,機車竊盜,15
2018,臺南市,中西區,毒品,162
2018,臺南市,中西區,汽車竊盜,2
2018,臺南市,仁德區,住宅竊盜,13
2018,臺南市,仁德區,強盜,3
2018,臺南市,仁德區,搶奪,1
2018,臺南市,仁德區,機車竊盜,10
2018,臺南市,仁德區,毒品,103
2018,臺南市,仁德區,汽車竊盜,8
2018,臺南市,佳里區,住宅竊盜,12
2018,臺南市,佳里區,機車竊盜,3
2018,臺南市,佳里區,毒品,42
2018,臺南市,佳里區,汽車竊盜,5
2018,臺南市,六甲區,住宅竊盜,1
2018,臺南市,六甲區,毒品,43
2018,臺南市,北區,住宅竊盜,55
2018,臺南市,北區,強盜,1
2018,臺南市,北區,機車竊盜,9
2018,臺南市,北區,毒品,216
2018,臺南市,北區,汽車竊盜,7
2018,臺南市,北門區,住宅竊盜,1
2018,臺南市,北門區,毒品,22
2018,臺南市,南化區,住宅竊盜,1
2018,臺南市,南化區,機車竊盜,1
2018,臺南市,南化區,毒品,6
2018,臺南市,南化區,汽車竊盜,1
2018,臺南市,南區,住宅竊盜,5
2018,臺南市,南區,強制性交,3
2018,臺南市,南區,強盜,2
2018,臺南市,南區,搶奪,2
2018,臺南市,南區,機車竊盜,6
2018,臺南市,南區,毒品,171
2018,臺南市,南區,汽車竊盜,3
2018,臺南市,善化區,住宅竊盜,8
2018,臺南市,善化區,機車竊盜,4
2018,臺南市,善化區,毒品,37
2018,臺南市,善化區,汽車竊盜,1
2018,臺南市,大內區,毒品,4
2018,臺南市,學甲區,住宅竊盜,7
2018,臺南市,學甲區,強制性交,1
2018,臺南市,學甲區,強盜,1
2018,臺南市,學甲區,機車竊盜,1
2018,臺南市,學甲區,毒品,32
2018,臺南市,學甲區,汽車竊盜,1
2018,臺南市,安南區,住宅竊盜,5
2018,臺南市,安南區,機車竊盜,11
2018,臺南市,安南區,毒品,242
2018,臺南市,安南區,汽車竊盜,13
2018,臺南市,安定區,住宅竊盜,4
2018,臺南市,安定區,強制性交,2
2018,臺南市,安定區,機車竊盜,4
2018,臺南市,安定區,毒品,47
2018,臺南市,安定區,汽車竊盜,6
2018,臺南市,安平區,住宅竊盜,8
2018,臺南市,安平區,強制性交,1
2018,臺南市,安平區,機車竊盜,4
2018,臺南市,安平區,毒品,48
2018,臺南市,安平區,汽車竊盜,4
2018,臺南市,官田區,機車竊盜,2
2018,臺南市,官田區,毒品,19
2018,臺南市,將軍區,住宅竊盜,1
2018,臺南市,將軍區,強制性交,1
2018,臺南市,將軍區,機車竊盜,1
2018,臺南市,將軍區,毒品,26
2018,臺南市,山上區,住宅竊盜,1
2018,臺南市,山上區,毒品,5
2018,臺南市,左鎮區,毒品,8
2018,臺南市,後壁區,住宅竊盜,9
2018,臺南市,後壁區,機車竊盜,3
2018,臺南市,後壁區,毒品,29
2018,臺南市,新化區,住宅竊盜,4
2018,臺南市,新化區,強制性交,1
2018,臺南市,新化區,強盜,1
2018,臺南市,新化區,機車竊盜,1
2018,臺南市,新化區,毒品,41
2018,臺南市,新化區,汽車竊盜,1
2018,臺南市,新市區,住宅竊盜,5
2018,臺南市,新市區,強盜,2
2018,臺南市,新市區,搶奪,1
2018,臺南市,新市區,毒品,41
2018,臺南市,新市區,汽車竊盜,1
2018,臺南市,新營區,住宅竊盜,7
2018,臺南市,新營區,強制性交,1
2018,臺南市,新營區,強盜,2
2018,臺南市,新營區,機車竊盜,5
2018,臺南市,新營區,毒品,80
2018,臺南市,新營區,汽車竊盜,9
2018,臺南市,東區,住宅竊盜,23
2018,臺南市,東區,強制性交,1
2018,臺南市,東區,強盜,2
2018,臺南市,東區,機車竊盜,10
2018,臺南市,東區,毒品,145
2018,臺南市,東區,汽車竊盜,5
2018,臺南市,東山區,住宅竊盜,6
2018,臺南市,東山區,強盜,1
2018,臺南市,東山區,機車竊盜,3
2018,臺南市,東山區,毒品,21
2018,臺南市,柳營區,住宅竊盜,4
2018,臺南市,柳營區,機車竊盜,2
2018,臺南市,柳營區,毒品,25
2018,臺南市,柳營區,汽車竊盜,1
2018,臺南市,楠西區,毒品,7
2018,臺南市,歸仁區,住宅竊盜,20
2018,臺南市,歸仁區,強制性交,1
2018,臺南市,歸仁區,機車竊盜,2
2018,臺南市,歸仁區,毒品,67
2018,臺南市,歸仁區,汽車竊盜,5
2018,臺南市,永康區,住宅竊盜,41
2018,臺南市,永康區,強制性交,2
2018,臺南市,永康區,強盜,5
2018,臺南市,永康區,搶奪,1
2018,臺南市,永康區,機車竊盜,17
2018,臺南市,永康區,毒品,410
2018,臺南市,永康區,汽車竊盜,11
2018,臺南市,玉井區,住宅竊盜,1
2018,臺南市,玉井區,機車竊盜,1
2018,臺南市,玉井區,毒品,17
2018,臺南市,白河區,住宅竊盜,7
2018,臺南市,白河區,機車竊盜,2
2018,臺南市,白河區,毒品,23
2018,臺南市,西港區,住宅竊盜,4
2018,臺南市,西港區,毒品,29
2018,臺南市,西港區,汽車竊盜,1
2018,臺南市,關廟區,住宅竊盜,6
2018,臺南市,關廟區,強盜,1
2018,臺南市,關廟區,機車竊盜,1
2018,臺南市,關廟區,毒品,43
2018,臺南市,鹽水區,住宅竊盜,5
2018,臺南市,鹽水區,強盜,2
2018,臺南市,鹽水區,搶奪,3
2018,臺南市,鹽水區,毒品,29
2018,臺南市,鹽水區,汽車竊盜,2
2018,臺南市,麻豆區,住宅竊盜,3
2018,臺南市,麻豆區,強盜,2
2018,臺南市,麻豆區,機車竊盜,3
2018,臺南市,麻豆區,毒品,31
2018,臺南市,麻豆區,汽車竊盜,1
2018,臺南市,龍崎區,住宅竊盜,1
2018,臺南市,龍崎區,機車竊盜,1
2018,臺南市,龍崎區,毒品,3
2018,臺東縣,卑南鄉,毒品,33
2018,臺東縣,大武鄉,毒品,7
2018,臺東縣,太麻里鄉,住宅竊盜,1
2018,臺東縣,太麻里鄉,毒品,7
2018,臺東縣,太麻里鄉,汽車竊盜,1
2018,臺東縣,延平鄉,毒品,1
2018,臺東縣,成功鎮,毒品,8
2018,臺東縣,東河鄉,搶奪,1
2018,臺東縣,東河鄉,毒品,2
2018,臺東縣,池上鄉,毒品,5
2018,臺東縣,臺東市,住宅竊盜,1
2018,臺東縣,臺東市,機車竊盜,14
2018,臺東縣,臺東市,毒品,195
2018,臺東縣,蘭嶼鄉,機車竊盜,1
2018,臺東縣,達仁鄉,毒品,1
2018,臺東縣,長濱鄉,毒品,2
2018,臺東縣,關山鎮,機車竊盜,2
2018,臺東縣,關山鎮,毒品,2
2018,臺東縣,關山鎮,汽車竊盜,1
2018,臺東縣,鹿野鄉,住宅竊盜,1
2018,臺東縣,鹿野鄉,機車竊盜,1
2018,臺東縣,鹿野鄉,毒品,6
2018,臺東縣,鹿野鄉,汽車竊盜,1
2018,花蓮縣,光復鄉,住宅竊盜,3
2018,花蓮縣,光復鄉,毒品,8
2018,花蓮縣,光復鄉,汽車竊盜,4
2018,花蓮縣,卓溪鄉,毒品,1
2018,花蓮縣,吉安鄉,住宅竊盜,6
2018,花蓮縣,吉安鄉,強制性交,1
2018,花蓮縣,吉安鄉,搶奪,2
2018,花蓮縣,吉安鄉,機車竊盜,6
2018,花蓮縣,吉安鄉,毒品,150
2018,花蓮縣,吉安鄉,汽車竊盜,6
2018,花蓮縣,壽豐鄉,住宅竊盜,2
2018,花蓮縣,壽豐鄉,機車竊盜,2
2018,花蓮縣,壽豐鄉,毒品,12
2018,花蓮縣,富里鄉,毒品,7
2018,花蓮縣,新城鄉,住宅竊盜,5
2018,花蓮縣,新城鄉,強制性交,2
2018,花蓮縣,新城鄉,強盜,1
2018,花蓮縣,新城鄉,搶奪,1
2018,花蓮縣,新城鄉,機車竊盜,3
2018,花蓮縣,新城鄉,毒品,49
2018,花蓮縣,新城鄉,汽車竊盜,2
2018,花蓮縣,玉里鎮,強盜,1
2018,花蓮縣,玉里鎮,機車竊盜,2
2018,花蓮縣,玉里鎮,毒品,55
2018,花蓮縣,玉里鎮,汽車竊盜,2
2018,花蓮縣,瑞穗鄉,強制性交,1
2018,花蓮縣,瑞穗鄉,機車竊盜,1
2018,花蓮縣,瑞穗鄉,毒品,12
2018,花蓮縣,瑞穗鄉,汽車竊盜,1
2018,花蓮縣,秀林鄉,住宅竊盜,7
2018,花蓮縣,秀林鄉,強制性交,1
2018,花蓮縣,秀林鄉,機車竊盜,1
2018,花蓮縣,秀林鄉,毒品,32
2018,花蓮縣,花蓮市,住宅竊盜,17
2018,花蓮縣,花蓮市,強制性交,2
2018,花蓮縣,花蓮市,強盜,1
2018,花蓮縣,花蓮市,搶奪,1
2018,花蓮縣,花蓮市,機車竊盜,10
2018,花蓮縣,花蓮市,毒品,160
2018,花蓮縣,花蓮市,汽車竊盜,23
2018,花蓮縣,萬榮鄉,住宅竊盜,1
2018,花蓮縣,萬榮鄉,毒品,7
2018,花蓮縣,鳳林鎮,住宅竊盜,3
2018,花蓮縣,鳳林鎮,毒品,19
2018,花蓮縣,鳳林鎮,汽車竊盜,1
2018,苗栗縣,三灣鄉,住宅竊盜,1
2018,苗栗縣,三灣鄉,毒品,3
2018,苗栗縣,三灣鄉,汽車竊盜,2
2018,苗栗縣,三義鄉,強盜,1
2018,苗栗縣,三義鄉,機車竊盜,1
2018,苗栗縣,三義鄉,毒品,38
2018,苗栗縣,三義鄉,汽車竊盜,3
2018,苗栗縣,公館鄉,強盜,1
2018,苗栗縣,公館鄉,機車竊盜,1
2018,苗栗縣,公館鄉,毒品,37
2018,苗栗縣,公館鄉,汽車竊盜,2
2018,苗栗縣,卓蘭鎮,機車竊盜,1
2018,苗栗縣,卓蘭鎮,毒品,18
2018,苗栗縣,卓蘭鎮,汽車竊盜,1
2018,苗栗縣,南庄鄉,住宅竊盜,1
2018,苗栗縣,南庄鄉,毒品,8
2018,苗栗縣,大湖鄉,住宅竊盜,2
2018,苗栗縣,大湖鄉,機車竊盜,1
2018,苗栗縣,大湖鄉,毒品,14
2018,苗栗縣,大湖鄉,汽車竊盜,2
2018,苗栗縣,後龍鎮,住宅竊盜,21
2018,苗栗縣,後龍鎮,機車竊盜,1
2018,苗栗縣,後龍鎮,毒品,24
2018,苗栗縣,後龍鎮,汽車竊盜,2
2018,苗栗縣,泰安鄉,住宅竊盜,1
2018,苗栗縣,泰安鄉,毒品,6
2018,苗栗縣,獅潭鄉,機車竊盜,1
2018,苗栗縣,獅潭鄉,毒品,8
2018,苗栗縣,獅潭鄉,汽車竊盜,1
2018,苗栗縣,竹南鎮,住宅竊盜,21
2018,苗栗縣,竹南鎮,強盜,2
2018,苗栗縣,竹南鎮,搶奪,1
2018,苗栗縣,竹南鎮,機車竊盜,4
2018,苗栗縣,竹南鎮,毒品,104
2018,苗栗縣,竹南鎮,汽車竊盜,12
2018,苗栗縣,苑裡鎮,住宅竊盜,6
2018,苗栗縣,苑裡鎮,強制性交,1
2018,苗栗縣,苑裡鎮,搶奪,1
2018,苗栗縣,苑裡鎮,機車竊盜,2
2018,苗栗縣,苑裡鎮,毒品,25
2018,苗栗縣,苑裡鎮,汽車竊盜,1
2018,苗栗縣,苗栗市,住宅竊盜,3
2018,苗栗縣,苗栗市,機車竊盜,12
2018,苗栗縣,苗栗市,毒品,130
2018,苗栗縣,苗栗市,汽車竊盜,9
2018,苗栗縣,西湖鄉,毒品,3
2018,苗栗縣,通霄鎮,住宅竊盜,6
2018,苗栗縣,通霄鎮,毒品,33
2018,苗栗縣,通霄鎮,汽車竊盜,1
2018,苗栗縣,造橋鄉,強盜,1
2018,苗栗縣,造橋鄉,毒品,9
2018,苗栗縣,銅鑼鄉,住宅竊盜,1
2018,苗栗縣,銅鑼鄉,毒品,14
2018,苗栗縣,頭份市,住宅竊盜,12
2018,苗栗縣,頭份市,強盜,2
2018,苗栗縣,頭份市,搶奪,1
2018,苗栗縣,頭份市,機車竊盜,3
2018,苗栗縣,頭份市,毒品,185
2018,苗栗縣,頭份市,汽車竊盜,17
2018,苗栗縣,頭屋鄉,住宅竊盜,2
2018,苗栗縣,頭屋鄉,機車竊盜,2
2018,苗栗縣,頭屋鄉,毒品,12
2018,連江縣,南竿鄉,住宅竊盜,1
2018,連江縣,南竿鄉,毒品,9
2018,連江縣,東引鄉,毒品,1
2018,金門縣,烈嶼鄉,住宅竊盜,2
2018,金門縣,烈嶼鄉,強制性交,1
2018,金門縣,烏坵鄉,住宅竊盜,1
2018,金門縣,金城鎮,住宅竊盜,8
2018,金門縣,金城鎮,強制性交,2
2018,金門縣,金城鎮,機車竊盜,2
2018,金門縣,金城鎮,毒品,8
2018,金門縣,金寧鄉,住宅竊盜,3
2018,金門縣,金寧鄉,強制性交,1
2018,金門縣,金寧鄉,機車竊盜,1
2018,金門縣,金寧鄉,毒品,5
2018,金門縣,金沙鎮,住宅竊盜,2
2018,金門縣,金沙鎮,毒品,2
2018,金門縣,金湖鎮,住宅竊盜,9
2018,金門縣,金湖鎮,強制性交,2
2018,金門縣,金湖鎮,機車竊盜,1
2018,金門縣,金湖鎮,毒品,8
2018,雲林縣,二崙鄉,住宅竊盜,4
2018,雲林縣,二崙鄉,毒品,10
2018,雲林縣,二崙鄉,汽車竊盜,2
2018,雲林縣,元長鄉,住宅竊盜,2
2018,雲林縣,元長鄉,機車竊盜,1
2018,雲林縣,元長鄉,毒品,23
2018,雲林縣,元長鄉,汽車竊盜,1
2018,雲林縣,北港鎮,住宅竊盜,10
2018,雲林縣,北港鎮,機車竊盜,5
2018,雲林縣,北港鎮,毒品,61
2018,雲林縣,北港鎮,汽車竊盜,6
2018,雲林縣,口湖鄉,住宅竊盜,6
2018,雲林縣,口湖鄉,毒品,36
2018,雲林縣,口湖鄉,汽車竊盜,4
2018,雲林縣,古坑鄉,住宅竊盜,1
2018,雲林縣,古坑鄉,強制性交,1
2018,雲林縣,古坑鄉,機車竊盜,1
2018,雲林縣,古坑鄉,毒品,44
2018,雲林縣,古坑鄉,汽車竊盜,2
2018,雲林縣,四湖鄉,住宅竊盜,2
2018,雲林縣,四湖鄉,機車竊盜,3
2018,雲林縣,四湖鄉,毒品,22
2018,雲林縣,四湖鄉,汽車竊盜,2
2018,雲林縣,土庫鎮,住宅竊盜,3
2018,雲林縣,土庫鎮,機車竊盜,1
2018,雲林縣,土庫鎮,毒品,23
2018,雲林縣,土庫鎮,汽車竊盜,1
2018,雲林縣,大埤鄉,住宅竊盜,4
2018,雲林縣,大埤鄉,毒品,22
2018,雲林縣,大埤鄉,汽車竊盜,1
2018,雲林縣,崙背鄉,機車竊盜,2
2018,雲林縣,崙背鄉,毒品,14
2018,雲林縣,崙背鄉,汽車竊盜,6
2018,雲林縣,斗六市,住宅竊盜,23
2018,雲林縣,斗六市,強制性交,5
2018,雲林縣,斗六市,強盜,1
2018,雲林縣,斗六市,機車竊盜,9
2018,雲林縣,斗六市,毒品,201
2018,雲林縣,斗六市,汽車竊盜,14
2018,雲林縣,斗南鎮,住宅竊盜,10
2018,雲林縣,斗南鎮,強制性交,1
2018,雲林縣,斗南鎮,機車竊盜,4
2018,雲林縣,斗南鎮,毒品,33
2018,雲林縣,斗南鎮,汽車竊盜,4
2018,雲林縣,東勢鄉,住宅竊盜,1
2018,雲林縣,東勢鄉,毒品,20
2018,雲林縣,東勢鄉,汽車竊盜,1
2018,雲林縣,林內鄉,住宅竊盜,3
2018,雲林縣,林內鄉,機車竊盜,3
2018,雲林縣,林內鄉,毒品,33
2018,雲林縣,林內鄉,汽車竊盜,1
2018,雲林縣,水林鄉,住宅竊盜,2
2018,雲林縣,水林鄉,機車竊盜,3
2018,雲林縣,水林鄉,毒品,30
2018,雲林縣,臺西鄉,住宅竊盜,3
2018,雲林縣,臺西鄉,毒品,31
2018,雲林縣,臺西鄉,汽車竊盜,1
2018,雲林縣,莿桐鄉,住宅竊盜,4
2018,雲林縣,莿桐鄉,毒品,21
2018,雲林縣,莿桐鄉,汽車竊盜,3
2018,雲林縣,虎尾鎮,住宅竊盜,6
2018,雲林縣,虎尾鎮,強盜,1
2018,雲林縣,虎尾鎮,搶奪,1
2018,雲林縣,虎尾鎮,機車竊盜,16
2018,雲林縣,虎尾鎮,毒品,97
2018,雲林縣,虎尾鎮,汽車竊盜,7
2018,雲林縣,褒忠鄉,住宅竊盜,1
2018,雲林縣,褒忠鄉,毒品,9
2018,雲林縣,西螺鎮,住宅竊盜,5
2018,雲林縣,西螺鎮,機車竊盜,5
2018,雲林縣,西螺鎮,毒品,24
2018,雲林縣,西螺鎮,汽車竊盜,3
2018,雲林縣,麥寮鄉,住宅竊盜,5
2018,雲林縣,麥寮鄉,強盜,1
2018,雲林縣,麥寮鄉,機車竊盜,9
2018,雲林縣,麥寮鄉,毒品,107
2018,雲林縣,麥寮鄉,汽車竊盜,7
2018,高雄市,三民區,住宅竊盜,3
2018,高雄市,三民區,強制性交,1
2018,高雄市,三民區,強盜,4
2018,高雄市,三民區,搶奪,9
2018,高雄市,三民區,機車竊盜,52
2018,高雄市,三民區,毒品,368
2018,高雄市,三民區,汽車竊盜,12
2018,高雄市,仁武區,搶奪,1
2018,高雄市,仁武區,機車竊盜,11
2018,高雄市,仁武區,毒品,57
2018,高雄市,仁武區,汽車竊盜,12
2018,高雄市,內門區,機車竊盜,1
2018,高雄市,內門區,毒品,15
2018,高雄市,六龜區,毒品,29
2018,高雄市,六龜區,汽車竊盜,1
2018,高雄市,前金區,強制性交,1
2018,高雄市,前金區,搶奪,2
2018,高雄市,前金區,機車竊盜,5
2018,高雄市,前金區,毒品,65
2018,高雄市,前鎮區,強制性交,1
2018,高雄市,前鎮區,搶奪,6
2018,高雄市,前鎮區,機車竊盜,46
2018,高雄市,前鎮區,毒品,161
2018,高雄市,前鎮區,汽車竊盜,14
2018,高雄市,大寮區,搶奪,3
2018,高雄市,大寮區,機車竊盜,19
2018,高雄市,大寮區,毒品,99
2018,高雄市,大寮區,汽車竊盜,23
2018,高雄市,大樹區,搶奪,1
2018,高雄市,大樹區,機車竊盜,5
2018,高雄市,大樹區,毒品,53
2018,高雄市,大樹區,汽車竊盜,4
2018,高雄市,大社區,強盜,1
2018,高雄市,大社區,機車竊盜,9
2018,高雄市,大社區,毒品,39
2018,高雄市,大社區,汽車竊盜,4
2018,高雄市,小港區,強盜,1
2018,高雄市,小港區,機車竊盜,15
2018,高雄市,小港區,毒品,167
2018,高雄市,小港區,汽車竊盜,15
2018,高雄市,岡山區,住宅竊盜,2
2018,高雄市,岡山區,強盜,1
2018,高雄市,岡山區,機車竊盜,10
2018,高雄市,岡山區,毒品,170
2018,高雄市,岡山區,汽車竊盜,6
2018,高雄市,左營區,住宅竊盜,1
2018,高雄市,左營區,強制性交,2
2018,高雄市,左營區,強盜,1
2018,高雄市,左營區,搶奪,4
2018,高雄市,左營區,機車竊盜,15
2018,高雄市,左營區,毒品,166
2018,高雄市,左營區,汽車竊盜,17
2018,高雄市,彌陀區,住宅竊盜,1
2018,高雄市,彌陀區,強制性交,1
2018,高雄市,彌陀區,毒品,11
2018,高雄市,新興區,強盜,1
2018,高雄市,新興區,機車竊盜,8
2018,高雄市,新興區,毒品,107
2018,高雄市,新興區,汽車竊盜,1
2018,高雄市,旗山區,住宅竊盜,4
2018,高雄市,旗山區,搶奪,1
2018,高雄市,旗山區,機車竊盜,1
2018,高雄市,旗山區,毒品,31
2018,高雄市,旗山區,汽車竊盜,4
2018,高雄市,旗津區,機車竊盜,6
2018,高雄市,旗津區,毒品,72
2018,高雄市,杉林區,住宅竊盜,3
2018,高雄市,杉林區,強制性交,1
2018,高雄市,杉林區,毒品,32
2018,高雄市,林園區,強制性交,1
2018,高雄市,林園區,機車竊盜,12
2018,高雄市,林園區,毒品,88
2018,高雄市,林園區,汽車竊盜,3
2018,高雄市,桃源區,毒品,2
2018,高雄市,梓官區,強盜,1
2018,高雄市,梓官區,機車竊盜,3
2018,高雄市,梓官區,毒品,27
2018,高雄市,梓官區,汽車竊盜,1
2018,高雄市,楠梓區,住宅竊盜,1
2018,高雄市,楠梓區,搶奪,4
2018,高雄市,楠梓區,機車竊盜,32
2018,高雄市,楠梓區,毒品,136
2018,高雄市,楠梓區,汽車竊盜,17
2018,高雄市,橋頭區,住宅竊盜,1
2018,高雄市,橋頭區,機車竊盜,4
2018,高雄市,橋頭區,毒品,40
2018,高雄市,橋頭區,汽車竊盜,3
2018,高雄市,永安區,強盜,1
2018,高雄市,永安區,機車竊盜,2
2018,高雄市,永安區,毒品,14
2018,高雄市,湖內區,住宅竊盜,2
2018,高雄市,湖內區,強盜,1
2018,高雄市,湖內區,機車竊盜,2
2018,高雄市,湖內區,毒品,45
2018,高雄市,湖內區,汽車竊盜,5
2018,高雄市,燕巢區,住宅竊盜,1
2018,高雄市,燕巢區,機車竊盜,1
2018,高雄市,燕巢區,毒品,34
2018,高雄市,燕巢區,汽車竊盜,7
2018,高雄市,田寮區,毒品,7
2018,高雄市,甲仙區,住宅竊盜,1
2018,高雄市,甲仙區,毒品,5
2018,高雄市,甲仙區,汽車竊盜,1
2018,高雄市,美濃區,住宅竊盜,4
2018,高雄市,美濃區,機車竊盜,5
2018,高雄市,美濃區,毒品,56
2018,高雄市,美濃區,汽車竊盜,3
2018,高雄市,苓雅區,住宅竊盜,7
2018,高雄市,苓雅區,強制性交,1
2018,高雄市,苓雅區,強盜,2
2018,高雄市,苓雅區,搶奪,2
2018,高雄市,苓雅區,機車竊盜,21
2018,高雄市,苓雅區,毒品,186
2018,高雄市,苓雅區,汽車竊盜,12
2018,高雄市,茂林區,汽車竊盜,1
2018,高雄市,茄萣區,住宅竊盜,1
2018,高雄市,茄萣區,機車竊盜,2
2018,高雄市,茄萣區,毒品,35
2018,高雄市,茄萣區,汽車竊盜,2
2018,高雄市,路竹區,住宅竊盜,1
2018,高雄市,路竹區,強盜,1
2018,高雄市,路竹區,機車竊盜,2
2018,高雄市,路竹區,毒品,78
2018,高雄市,路竹區,汽車竊盜,4
2018,高雄市,阿蓮區,住宅竊盜,1
2018,高雄市,阿蓮區,機車竊盜,1
2018,高雄市,阿蓮區,毒品,50
2018,高雄市,鳥松區,住宅竊盜,1
2018,高雄市,鳥松區,強制性交,1
2018,高雄市,鳥松區,機車竊盜,3
2018,高雄市,鳥松區,毒品,70
2018,高雄市,鳥松區,汽車竊盜,4
2018,高雄市,鳳山區,住宅竊盜,22
2018,高雄市,鳳山區,強盜,2
2018,高雄市,鳳山區,搶奪,7
2018,高雄市,鳳山區,毒品,305
2018,高雄市,鳳山區,汽車竊盜,39
2018,高雄市,鹽埕區,住宅竊盜,4
2018,高雄市,鹽埕區,機車竊盜,1
2018,高雄市,鹽埕區,毒品,27
2018,高雄市,鹽埕區,汽車竊盜,2
2018,高雄市,鼓山區,強制性交,1
2018,高雄市,鼓山區,搶奪,1
2018,高雄市,鼓山區,機車竊盜,6
2018,高雄市,鼓山區,毒品,140
2018,高雄市,鼓山區,汽車竊盜,3
2019,南投縣,中寮鄉,住宅竊盜,6
2019,南投縣,中寮鄉,搶奪,1
2019,南投縣,中寮鄉,毒品,13
2019,南投縣,仁愛鄉,強制性交,3
2019,南投縣,仁愛鄉,機車竊盜,2
2019,南投縣,仁愛鄉,毒品,13
2019,南投縣,信義鄉,住宅竊盜,3
2019,南投縣,信義鄉,強制性交,2
2019,南投縣,信義鄉,搶奪,1
2019,南投縣,信義鄉,機車竊盜,3
2019,南投縣,信義鄉,毒品,7
2019,南投縣,信義鄉,汽車竊盜,2
2019,南投縣,南投市,住宅竊盜,23
2019,南投縣,南投市,強制性交,4
2019,南投縣,南投市,強盜,2
2019,南投縣,南投市,機車竊盜,11
2019,南投縣,南投市,毒品,120
2019,南投縣,南投市,汽車竊盜,9
2019,南投縣,名間鄉,住宅竊盜,9
2019,南投縣,名間鄉,強制性交,1
2019,南投縣,名間鄉,搶奪,1
2019,南投縣,名間鄉,機車竊盜,4
2019,南投縣,名間鄉,毒品,30
2019,南投縣,名間鄉,汽車竊盜,5
2019,南投縣,國姓鄉,住宅竊盜,5
2019,南投縣,國姓鄉,機車竊盜,2
2019,南投縣,國姓鄉,毒品,37
2019,南投縣,埔里鎮,住宅竊盜,10
2019,南投縣,埔里鎮,強制性交,6
2019,南投縣,埔里鎮,強盜,1
2019,南投縣,埔里鎮,機車竊盜,20
2019,南投縣,埔里鎮,毒品,92
2019,南投縣,埔里鎮,汽車竊盜,17
2019,南投縣,水里鄉,住宅竊盜,1
2019,南投縣,水里鄉,強制性交,1
2019,南投縣,水里鄉,機車竊盜,4
2019,南投縣,水里鄉,毒品,27
2019,南投縣,水里鄉,汽車竊盜,3
2019,南投縣,水里鄉,組織犯罪防制條例,1
2019,南投縣,竹山鎮,住宅竊盜,7
2019,南投縣,竹山鎮,搶奪,1
2019,南投縣,竹山鎮,機車竊盜,4
2019,南投縣,竹山鎮,毒品,48
2019,南投縣,竹山鎮,汽車竊盜,5
2019,南投縣,草屯鎮,住宅竊盜,23
2019,南投縣,草屯鎮,強制性交,3
2019,南投縣,草屯鎮,強盜,1
2019,南投縣,草屯鎮,機車竊盜,16
2019,南投縣,草屯鎮,毒品,89
2019,南投縣,草屯鎮,汽車竊盜,9
2019,南投縣,集集鎮,住宅竊盜,4
2019,南投縣,集集鎮,強盜,1
2019,南投縣,集集鎮,毒品,16
2019,南投縣,魚池鄉,住宅竊盜,2
2019,南投縣,魚池鄉,毒品,26
2019,南投縣,魚池鄉,汽車竊盜,1
2019,南投縣,鹿谷鄉,住宅竊盜,2
2019,南投縣,鹿谷鄉,毒品,13
2019,嘉義市,東區,住宅竊盜,2
2019,嘉義市,東區,強制性交,7
2019,嘉義市,東區,強盜,2
2019,嘉義市,東區,搶奪,1
2019,嘉義市,東區,機車竊盜,4
2019,嘉義市,東區,毒品,144
2019,嘉義市,東區,汽車竊盜,6
2019,嘉義市,西區,住宅竊盜,7
2019,嘉義市,西區,強制性交,4
2019,嘉義市,西區,強盜,1
2019,嘉義市,西區,搶奪,2
2019,嘉義市,西區,機車竊盜,8
2019,嘉義市,西區,毒品,248
2019,嘉義市,西區,汽車竊盜,10
2019,嘉義縣,中埔鄉,毒品,48
2019,嘉義縣,中埔鄉,汽車竊盜,2
2019,嘉義縣,六腳鄉,住宅竊盜,3
2019,嘉義縣,六腳鄉,毒品,20
2019,嘉義縣,六腳鄉,汽車竊盜,1
2019,嘉義縣,大埔鄉,毒品,1
2019,嘉義縣,大林鎮,機車竊盜,5
2019,嘉義縣,大林鎮,毒品,35
2019,嘉義縣,大林鎮,汽車竊盜,2
2019,嘉義縣,太保市,強制性交,3
2019,嘉義縣,太保市,機車竊盜,2
2019,嘉義縣,太保市,毒品,31
2019,嘉義縣,太保市,汽車竊盜,3
2019,嘉義縣,布袋鎮,機車竊盜,2
2019,嘉義縣,布袋鎮,毒品,9
2019,嘉義縣,新港鄉,機車竊盜,1
2019,嘉義縣,新港鄉,毒品,13
2019,嘉義縣,新港鄉,汽車竊盜,2
2019,嘉義縣,朴子市,住宅竊盜,1
2019,嘉義縣,朴子市,強制性交,1
2019,嘉義縣,朴子市,機車竊盜,3
2019,嘉義縣,朴子市,毒品,18
2019,嘉義縣,朴子市,汽車竊盜,4
2019,嘉義縣,東石鄉,住宅竊盜,2
2019,嘉義縣,東石鄉,機車竊盜,2
2019,嘉義縣,東石鄉,毒品,11
2019,嘉義縣,梅山鄉,住宅竊盜,3
2019,嘉義縣,梅山鄉,毒品,38
2019,嘉義縣,民雄鄉,機車竊盜,2
2019,嘉義縣,民雄鄉,毒品,46
2019,嘉義縣,民雄鄉,汽車竊盜,4
2019,嘉義縣,水上鄉,強盜,3
2019,嘉義縣,水上鄉,機車竊盜,4
2019,嘉義縣,水上鄉,毒品,62
2019,嘉義縣,水上鄉,汽車竊盜,1
2019,嘉義縣,溪口鄉,毒品,4
2019,嘉義縣,番路鄉,毒品,5
2019,嘉義縣,竹崎鄉,住宅竊盜,3
2019,嘉義縣,竹崎鄉,毒品,27
2019,嘉義縣,竹崎鄉,汽車竊盜,2
2019,嘉義縣,義竹鄉,住宅竊盜,1
2019,嘉義縣,義竹鄉,毒品,8
2019,嘉義縣,阿里山鄉,毒品,1
2019,嘉義縣,鹿草鄉,強制性交,1
2019,嘉義縣,鹿草鄉,機車竊盜,3
2019,嘉義縣,鹿草鄉,毒品,2
2019,基隆市,七堵區,住宅竊盜,11
2019,基隆市,七堵區,強制性交,1
2019,基隆市,七堵區,機車竊盜,7
2019,基隆市,七堵區,毒品,167
2019,基隆市,七堵區,汽車竊盜,2
2019,基隆市,中山區,住宅竊盜,9
2019,基隆市,中山區,強制性交,2
2019,基隆市,中山區,強盜,1
2019,基隆市,中山區,搶奪,1
2019,基隆市,中山區,機車竊盜,4
2019,基隆市,中山區,毒品,102
2019,基隆市,中山區,汽車竊盜,3
2019,基隆市,中正區,住宅竊盜,11
2019,基隆市,中正區,強制性交,2
2019,基隆市,中正區,機車竊盜,5
2019,基隆市,中正區,毒品,137
2019,基隆市,中正區,組織犯罪防制條例,1
2019,基隆市,仁愛區,住宅竊盜,7
2019,基隆市,仁愛區,強制性交,1
2019,基隆市,仁愛區,強盜,2
2019,基隆市,仁愛區,搶奪,2
2019,基隆市,仁愛區,機車竊盜,2
2019,基隆市,仁愛區,毒品,207
2019,基隆市,仁愛區,汽車竊盜,2
2019,基隆市,信義區,住宅竊盜,9
2019,基隆市,信義區,強制性交,1
2019,基隆市,信義區,機車竊盜,4
2019,基隆市,信義區,毒品,89
2019,基隆市,信義區,汽車竊盜,1
2019,基隆市,安樂區,住宅竊盜,11
2019,基隆市,安樂區,強制性交,5
2019,基隆市,安樂區,機車竊盜,2
2019,基隆市,安樂區,毒品,133
2019,基隆市,安樂區,汽車竊盜,3
2019,基隆市,暖暖區,住宅竊盜,9
2019,基隆市,暖暖區,機車竊盜,3
2019,基隆市,暖暖區,毒品,68
2019,宜蘭縣,三星鄉,住宅竊盜,6
2019,宜蘭縣,三星鄉,機車竊盜,1
2019,宜蘭縣,三星鄉,毒品,25
2019,宜蘭縣,三星鄉,汽車竊盜,5
2019,宜蘭縣,五結鄉,住宅竊盜,2
2019,宜蘭縣,五結鄉,機車竊盜,7
2019,宜蘭縣,五結鄉,毒品,43
2019,宜蘭縣,五結鄉,汽車竊盜,5
2019,宜蘭縣,冬山鄉,強制性交,1
2019,宜蘭縣,冬山鄉,強盜,1
2019,宜蘭縣,冬山鄉,機車竊盜,9
2019,宜蘭縣,冬山鄉,毒品,41
2019,宜蘭縣,冬山鄉,汽車竊盜,8
2019,宜蘭縣,南澳鄉,毒品,3
2019,宜蘭縣,員山鄉,住宅竊盜,6
2019,宜蘭縣,員山鄉,強制性交,1
2019,宜蘭縣,員山鄉,搶奪,1
2019,宜蘭縣,員山鄉,機車竊盜,1
2019,宜蘭縣,員山鄉,毒品,54
2019,宜蘭縣,員山鄉,汽車竊盜,1
2019,宜蘭縣,壯圍鄉,住宅竊盜,1
2019,宜蘭縣,壯圍鄉,搶奪,1
2019,宜蘭縣,壯圍鄉,機車竊盜,1
2019,宜蘭縣,壯圍鄉,毒品,19
2019,宜蘭縣,壯圍鄉,汽車竊盜,4
2019,宜蘭縣,大同鄉,毒品,6
2019,宜蘭縣,宜蘭市,住宅竊盜,5
2019,宜蘭縣,宜蘭市,強制性交,2
2019,宜蘭縣,宜蘭市,強盜,1
2019,宜蘭縣,宜蘭市,搶奪,1
2019,宜蘭縣,宜蘭市,機車竊盜,20
2019,宜蘭縣,宜蘭市,毒品,95
2019,宜蘭縣,宜蘭市,汽車竊盜,12
2019,宜蘭縣,礁溪鄉,住宅竊盜,8
2019,宜蘭縣,礁溪鄉,強盜,1
2019,宜蘭縣,礁溪鄉,機車竊盜,3
2019,宜蘭縣,礁溪鄉,毒品,51
2019,宜蘭縣,礁溪鄉,汽車竊盜,3
2019,宜蘭縣,羅東鎮,住宅竊盜,1
2019,宜蘭縣,羅東鎮,強制性交,4
2019,宜蘭縣,羅東鎮,機車竊盜,21
2019,宜蘭縣,羅東鎮,毒品,110
2019,宜蘭縣,羅東鎮,汽車竊盜,16
2019,宜蘭縣,蘇澳鎮,住宅竊盜,3
2019,宜蘭縣,蘇澳鎮,強盜,1
2019,宜蘭縣,蘇澳鎮,機車竊盜,3
2019,宜蘭縣,蘇澳鎮,毒品,65
2019,宜蘭縣,頭城鎮,住宅竊盜,2
2019,宜蘭縣,頭城鎮,強制性交,1
2019,宜蘭縣,頭城鎮,機車竊盜,3
2019,宜蘭縣,頭城鎮,毒品,25
2019,宜蘭縣,頭城鎮,汽車竊盜,2
2019,屏東縣,三地門鄉,毒品,4
2019,屏東縣,九如鄉,住宅竊盜,1
2019,屏東縣,九如鄉,強盜,1
2019,屏東縣,九如鄉,機車竊盜,2
2019,屏東縣,九如鄉,毒品,24
2019,屏東縣,九如鄉,汽車竊盜,2
2019,屏東縣,佳冬鄉,毒品,29
2019,屏東縣,佳冬鄉,汽車竊盜,3
2019,屏東縣,來義鄉,住宅竊盜,1
2019,屏東縣,來義鄉,毒品,8
2019,屏東縣,內埔鄉,住宅竊盜,1
2019,屏東縣,內埔鄉,強盜,1
2019,屏東縣,內埔鄉,機車竊盜,5
2019,屏東縣,內埔鄉,毒品,106
2019,屏東縣,內埔鄉,汽車竊盜,1
2019,屏東縣,南州鄉,強制性交,2
2019,屏東縣,南州鄉,毒品,12
2019,屏東縣,南州鄉,汽車竊盜,1
2019,屏東縣,屏東市,住宅竊盜,8
2019,屏東縣,屏東市,搶奪,1
2019,屏東縣,屏東市,機車竊盜,16
2019,屏東縣,屏東市,毒品,296
2019,屏東縣,屏東市,汽車竊盜,11
2019,屏東縣,屏東市,組織犯罪防制條例,1
2019,屏東縣,崁頂鄉,住宅竊盜,1
2019,屏東縣,崁頂鄉,強盜,1
2019,屏東縣,崁頂鄉,搶奪,1
2019,屏東縣,崁頂鄉,毒品,5
2019,屏東縣,崁頂鄉,汽車竊盜,1
2019,屏東縣,恆春鎮,住宅竊盜,1
2019,屏東縣,恆春鎮,機車竊盜,1
2019,屏東縣,恆春鎮,毒品,41
2019,屏東縣,恆春鎮,汽車竊盜,2
2019,屏東縣,新園鄉,住宅竊盜,2
2019,屏東縣,新園鄉,機車竊盜,2
2019,屏東縣,新園鄉,毒品,47
2019,屏東縣,新園鄉,汽車竊盜,2
2019,屏東縣,新埤鄉,強制性交,1
2019,屏東縣,新埤鄉,毒品,15
2019,屏東縣,春日鄉,住宅竊盜,2
2019,屏東縣,春日鄉,毒品,9
2019,屏東縣,東港鎮,住宅竊盜,2
2019,屏東縣,東港鎮,搶奪,1
2019,屏東縣,東港鎮,機車竊盜,3
2019,屏東縣,東港鎮,毒品,66
2019,屏東縣,東港鎮,汽車竊盜,3
2019,屏東縣,枋寮鄉,住宅竊盜,2
2019,屏東縣,枋寮鄉,機車竊盜,2
2019,屏東縣,枋寮鄉,毒品,61
2019,屏東縣,枋寮鄉,汽車竊盜,3
2019,屏東縣,枋山鄉,機車竊盜,1
2019,屏東縣,枋山鄉,毒品,19
2019,屏東縣,林邊鄉,住宅竊盜,1
2019,屏東縣,林邊鄉,強制性交,1
2019,屏東縣,林邊鄉,機車竊盜,1
2019,屏東縣,林邊鄉,毒品,16
2019,屏東縣,林邊鄉,汽車竊盜,1
2019,屏東縣,泰武鄉,毒品,3
2019,屏東縣,泰武鄉,汽車竊盜,1
2019,屏東縣,滿州鄉,機車竊盜,1
2019,屏東縣,滿州鄉,毒品,1
2019,屏東縣,滿州鄉,汽車竊盜,1
2019,屏東縣,潮州鎮,住宅竊盜,3
2019,屏東縣,潮州鎮,搶奪,2
2019,屏東縣,潮州鎮,機車竊盜,9
2019,屏東縣,潮州鎮,毒品,83
2019,屏東縣,潮州鎮,汽車竊盜,5
2019,屏東縣,牡丹鄉,機車竊盜,1
2019,屏東縣,琉球鄉,毒品,5
2019,屏東縣,瑪家鄉,機車竊盜,1
2019,屏東縣,瑪家鄉,毒品,7
2019,屏東縣,竹田鄉,毒品,22
2019,屏東縣,竹田鄉,汽車竊盜,1
2019,屏東縣,萬丹鄉,住宅竊盜,3
2019,屏東縣,萬丹鄉,強盜,1
2019,屏東縣,萬丹鄉,機車竊盜,1
2019,屏東縣,萬丹鄉,毒品,72
2019,屏東縣,萬丹鄉,汽車竊盜,4
2019,屏東縣,萬巒鄉,機車竊盜,7
2019,屏東縣,萬巒鄉,毒品,48
2019,屏東縣,萬巒鄉,汽車竊盜,1
2019,屏東縣,車城鄉,機車竊盜,1
2019,屏東縣,車城鄉,毒品,15
2019,屏東縣,車城鄉,汽車竊盜,1
2019,屏東縣,里港鄉,機車竊盜,3
2019,屏東縣,里港鄉,毒品,26
2019,屏東縣,長治鄉,強制性交,1
2019,屏東縣,長治鄉,強盜,1
2019,屏東縣,長治鄉,機車竊盜,2
2019,屏東縣,長治鄉,毒品,37
2019,屏東縣,長治鄉,汽車竊盜,3
2019,屏東縣,高樹鄉,住宅竊盜,1
2019,屏東縣,高樹鄉,機車竊盜,2
2019,屏東縣,高樹鄉,毒品,60
2019,屏東縣,高樹鄉,汽車竊盜,3
2019,屏東縣,鹽埔鄉,機車竊盜,2
2019,屏東縣,鹽埔鄉,毒品,52
2019,屏東縣,鹽埔鄉,汽車竊盜,2
2019,屏東縣,麟洛鄉,機車竊盜,2
2019,屏東縣,麟洛鄉,毒品,29
2019,屏東縣,麟洛鄉,汽車竊盜,5
2019,彰化縣,二林鎮,住宅竊盜,4
2019,彰化縣,二林鎮,強盜,1
2019,彰化縣,二林鎮,機車竊盜,1
2019,彰化縣,二林鎮,毒品,28
2019,彰化縣,二林鎮,汽車竊盜,3
2019,彰化縣,二水鄉,住宅竊盜,1
2019,彰化縣,二水鄉,搶奪,1
2019,彰化縣,二水鄉,機車竊盜,3
2019,彰化縣,二水鄉,毒品,23
2019,彰化縣,伸港鄉,住宅竊盜,1
2019,彰化縣,伸港鄉,強制性交,1
2019,彰化縣,伸港鄉,搶奪,1
2019,彰化縣,伸港鄉,毒品,48
2019,彰化縣,伸港鄉,汽車竊盜,3
2019,彰化縣,北斗鎮,住宅竊盜,2
2019,彰化縣,北斗鎮,機車竊盜,7
2019,彰化縣,北斗鎮,毒品,28
2019,彰化縣,北斗鎮,汽車竊盜,2
2019,彰化縣,和美鎮,住宅竊盜,7
2019,彰化縣,和美鎮,強盜,1
2019,彰化縣,和美鎮,機車竊盜,5
2019,彰化縣,和美鎮,毒品,59
2019,彰化縣,和美鎮,汽車竊盜,2
2019,彰化縣,員林市,住宅竊盜,2
2019,彰化縣,員林市,強制性交,1
2019,彰化縣,員林市,強盜,1
2019,彰化縣,員林市,機車竊盜,12
2019,彰化縣,員林市,毒品,137
2019,彰化縣,員林市,汽車竊盜,6
2019,彰化縣,埔心鄉,住宅竊盜,3
2019,彰化縣,埔心鄉,強盜,1
2019,彰化縣,埔心鄉,機車竊盜,3
2019,彰化縣,埔心鄉,毒品,55
2019,彰化縣,埔鹽鄉,住宅竊盜,1
2019,彰化縣,埔鹽鄉,毒品,22
2019,彰化縣,埔鹽鄉,汽車竊盜,1
2019,彰化縣,埤頭鄉,住宅竊盜,3
2019,彰化縣,埤頭鄉,毒品,29
2019,彰化縣,大城鄉,毒品,7
2019,彰化縣,大村鄉,住宅竊盜,2
2019,彰化縣,大村鄉,強盜,1
2019,彰化縣,大村鄉,搶奪,1
2019,彰化縣,大村鄉,機車竊盜,2
2019,彰化縣,大村鄉,毒品,51
2019,彰化縣,彰化市,住宅竊盜,2
2019,彰化縣,彰化市,強盜,2
2019,彰化縣,彰化市,搶奪,1
2019,彰化縣,彰化市,機車竊盜,18
2019,彰化縣,彰化市,毒品,124
2019,彰化縣,彰化市,汽車竊盜,4
2019,彰化縣,永靖鄉,搶奪,1
2019,彰化縣,永靖鄉,機車竊盜,3
2019,彰化縣,永靖鄉,毒品,36
2019,彰化縣,永靖鄉,汽車竊盜,4
2019,彰化縣,溪州鄉,住宅竊盜,1
2019,彰化縣,溪州鄉,強制性交,1
2019,彰化縣,溪州鄉,強盜,1
2019,彰化縣,溪州鄉,機車竊盜,2
2019,彰化縣,溪州鄉,毒品,27
2019,彰化縣,溪州鄉,汽車竊盜,3
2019,彰化縣,溪湖鎮,住宅竊盜,1
2019,彰化縣,溪湖鎮,搶奪,1
2019,彰化縣,溪湖鎮,機車竊盜,9
2019,彰化縣,溪湖鎮,毒品,56
2019,彰化縣,溪湖鎮,汽車竊盜,3
2019,彰化縣,田中鎮,住宅竊盜,1
2019,彰化縣,田中鎮,強制性交,1
2019,彰化縣,田中鎮,強盜,1
2019,彰化縣,田中鎮,機車竊盜,4
2019,彰化縣,田中鎮,毒品,36
2019,彰化縣,田尾鄉,機車竊盜,1
2019,彰化縣,田尾鄉,毒品,26
2019,彰化縣,田尾鄉,汽車竊盜,2
2019,彰化縣,社頭鄉,住宅竊盜,1
2019,彰化縣,社頭鄉,強盜,1
2019,彰化縣,社頭鄉,搶奪,1
2019,彰化縣,社頭鄉,機車竊盜,2
2019,彰化縣,社頭鄉,毒品,48
2019,彰化縣,社頭鄉,汽車竊盜,2
2019,彰化縣,福興鄉,住宅竊盜,2
2019,彰化縣,福興鄉,強制性交,1
2019,彰化縣,福興鄉,機車竊盜,3
2019,彰化縣,福興鄉,毒品,24
2019,彰化縣,福興鄉,汽車竊盜,1
2019,彰化縣,秀水鄉,機車竊盜,1
2019,彰化縣,秀水鄉,毒品,18
2019,彰化縣,竹塘鄉,機車竊盜,1
2019,彰化縣,竹塘鄉,毒品,13
2019,彰化縣,線西鄉,住宅竊盜,1
2019,彰化縣,線西鄉,毒品,13
2019,彰化縣,線西鄉,汽車竊盜,1
2019,彰化縣,芬園鄉,住宅竊盜,1
2019,彰化縣,芬園鄉,機車竊盜,2
2019,彰化縣,芬園鄉,毒品,14
2019,彰化縣,花壇鄉,住宅竊盜,1
2019,彰化縣,花壇鄉,機車竊盜,2
2019,彰化縣,花壇鄉,毒品,35
2019,彰化縣,花壇鄉,汽車竊盜,2
2019,彰化縣,芳苑鄉,住宅竊盜,1
2019,彰化縣,芳苑鄉,強盜,1
2019,彰化縣,芳苑鄉,機車竊盜,4
2019,彰化縣,芳苑鄉,毒品,13
2019,彰化縣,芳苑鄉,汽車竊盜,3
2019,彰化縣,鹿港鎮,住宅竊盜,4
2019,彰化縣,鹿港鎮,機車竊盜,5
2019,彰化縣,鹿港鎮,毒品,49
2019,彰化縣,鹿港鎮,汽車竊盜,2
2019,新北市,三峽區,住宅竊盜,5
2019,新北市,三峽區,強制性交,2
2019,新北市,三峽區,強盜,1
2019,新北市,三峽區,搶奪,1
2019,新北市,三峽區,機車竊盜,36
2019,新北市,三峽區,毒品,156
2019,新北市,三峽區,汽車竊盜,5
2019,新北市,三芝區,強制性交,1
2019,新北市,三芝區,機車竊盜,1
2019,新北市,三芝區,毒品,9
2019,新北市,三芝區,汽車竊盜,1
2019,新北市,三重區,住宅竊盜,74
2019,新北市,三重區,強盜,1
2019,新北市,三重區,搶奪,7
2019,新北市,三重區,機車竊盜,74
2019,新北市,三重區,毒品,902
2019,新北市,三重區,汽車竊盜,15
2019,新北市,中和區,住宅竊盜,33
2019,新北市,中和區,強制性交,1
2019,新北市,中和區,強盜,1
2019,新北市,中和區,搶奪,1
2019,新北市,中和區,機車竊盜,50
2019,新北市,中和區,毒品,457
2019,新北市,中和區,汽車竊盜,7
2019,新北市,五股區,住宅竊盜,8
2019,新北市,五股區,強制性交,1
2019,新北市,五股區,機車竊盜,21
2019,新北市,五股區,毒品,102
2019,新北市,五股區,汽車竊盜,6
2019,新北市,八里區,住宅竊盜,2
2019,新北市,八里區,機車竊盜,1
2019,新北市,八里區,毒品,38
2019,新北市,八里區,汽車竊盜,6
2019,新北市,土城區,住宅竊盜,22
2019,新北市,土城區,搶奪,1
2019,新北市,土城區,機車竊盜,45
2019,新北市,土城區,毒品,268
2019,新北市,土城區,汽車竊盜,6
2019,新北市,平溪區,住宅竊盜,1
2019,新北市,平溪區,毒品,4
2019,新北市,新店區,住宅竊盜,18
2019,新北市,新店區,強盜,1
2019,新北市,新店區,機車竊盜,23
2019,新北市,新店區,毒品,214
2019,新北市,新店區,汽車竊盜,8
2019,新北市,新莊區,住宅竊盜,19
2019,新北市,新莊區,強盜,2
2019,新北市,新莊區,搶奪,7
2019,新北市,新莊區,機車竊盜,52
2019,新北市,新莊區,毒品,381
2019,新北市,新莊區,汽車竊盜,10
2019,新北市,板橋區,住宅竊盜,25
2019,新北市,板橋區,強盜,7
2019,新北市,板橋區,搶奪,7
2019,新北市,板橋區,機車竊盜,78
2019,新北市,板橋區,毒品,757
2019,新北市,板橋區,汽車竊盜,8
2019,新北市,林口區,住宅竊盜,5
2019,新北市,林口區,強盜,1
2019,新北市,林口區,機車竊盜,5
2019,新北市,林口區,毒品,47
2019,新北市,林口區,汽車竊盜,7
2019,新北市,樹林區,住宅竊盜,22
2019,新北市,樹林區,強制性交,1
2019,新北市,樹林區,強盜,3
2019,新北市,樹林區,機車竊盜,43
2019,新北市,樹林區,毒品,252
2019,新北市,樹林區,汽車竊盜,16
2019,新北市,永和區,住宅竊盜,23
2019,新北市,永和區,強盜,2
2019,新北市,永和區,搶奪,2
2019,新北市,永和區,機車竊盜,26
2019,新北市,永和區,毒品,144
2019,新北市,永和區,汽車竊盜,5
2019,新北市,汐止區,住宅竊盜,15
2019,新北市,汐止區,強制性交,1
2019,新北市,汐止區,機車竊盜,17
2019,新北市,汐止區,毒品,149
2019,新北市,汐止區,汽車竊盜,8
2019,新北市,泰山區,住宅竊盜,2
2019,新北市,泰山區,搶奪,1
2019,新北市,泰山區,機車竊盜,7
2019,新北市,泰山區,毒品,62
2019,新北市,泰山區,汽車竊盜,7
2019,新北市,淡水區,住宅竊盜,3
2019,新北市,淡水區,強盜,2
2019,新北市,淡水區,機車竊盜,29
2019,新北市,淡水區,毒品,114
2019,新北市,淡水區,汽車竊盜,4
2019,新北市,深坑區,機車竊盜,2
2019,新北市,深坑區,毒品,26
2019,新北市,烏來區,毒品,16
2019,新北市,瑞芳區,強盜,2
2019,新北市,瑞芳區,機車竊盜,4
2019,新北市,瑞芳區,毒品,87
2019,新北市,石碇區,住宅竊盜,1
2019,新北市,石碇區,機車竊盜,1
2019,新北市,石碇區,毒品,4
2019,新北市,石碇區,汽車竊盜,2
2019,新北市,石門區,住宅竊盜,1
2019,新北市,石門區,強制性交,1
2019,新北市,石門區,機車竊盜,1
2019,新北市,石門區,毒品,12
2019,新北市,萬里區,住宅竊盜,5
2019,新北市,萬里區,機車竊盜,1
2019,新北市,萬里區,毒品,35
2019,新北市,蘆洲區,住宅竊盜,11
2019,新北市,蘆洲區,強制性交,1
2019,新北市,蘆洲區,強盜,2
2019,新北市,蘆洲區,機車竊盜,13
2019,新北市,蘆洲區,毒品,223
2019,新北市,貢寮區,強制性交,1
2019,新北市,貢寮區,毒品,12
2019,新北市,金山區,住宅竊盜,3
2019,新北市,金山區,機車竊盜,3
2019,新北市,金山區,毒品,37
2019,新北市,雙溪區,毒品,4
2019,新北市,鶯歌區,住宅竊盜,2
2019,新北市,鶯歌區,強制性交,1
2019,新北市,鶯歌區,搶奪,1
2019,新北市,鶯歌區,機車竊盜,37
2019,新北市,鶯歌區,毒品,108
2019,新北市,鶯歌區,汽車竊盜,7
2019,新竹市,北區,強盜,1
2019,新竹市,北區,機車竊盜,15
2019,新竹市,北區,毒品,149
2019,新竹市,北區,汽車竊盜,6
2019,新竹市,北區,組織犯罪防制條例,1
2019,新竹市,東區,住宅竊盜,16
2019,新竹市,東區,強制性交,2
2019,新竹市,東區,搶奪,1
2019,新竹市,東區,機車竊盜,23
2019,新竹市,東區,毒品,125
2019,新竹市,東區,汽車竊盜,9
2019,新竹市,香山區,住宅竊盜,5
2019,新竹市,香山區,機車竊盜,7
2019,新竹市,香山區,毒品,61
2019,新竹市,香山區,汽車竊盜,2
2019,新竹縣,五峰鄉,毒品,9
2019,新竹縣,北埔鄉,住宅竊盜,3
2019,新竹縣,北埔鄉,強盜,2
2019,新竹縣,北埔鄉,機車竊盜,2
2019,新竹縣,北埔鄉,毒品,7
2019,新竹縣,寶山鄉,搶奪,1
2019,新竹縣,寶山鄉,機車竊盜,2
2019,新竹縣,寶山鄉,毒品,14
2019,新竹縣,尖石鄉,住宅竊盜,1
2019,新竹縣,尖石鄉,毒品,10
2019,新竹縣,尖石鄉,汽車竊盜,2
2019,新竹縣,峨眉鄉,住宅竊盜,1
2019,新竹縣,峨眉鄉,毒品,6
2019,新竹縣,新埔鎮,住宅竊盜,7
2019,新竹縣,新埔鎮,強盜,1
2019,新竹縣,新埔鎮,機車竊盜,4
2019,新竹縣,新埔鎮,毒品,17
2019,新竹縣,新埔鎮,汽車竊盜,6
2019,新竹縣,新豐鄉,住宅竊盜,18
2019,新竹縣,新豐鄉,機車竊盜,10
2019,新竹縣,新豐鄉,毒品,32
2019,新竹縣,新豐鄉,汽車竊盜,18
2019,新竹縣,橫山鄉,住宅竊盜,6
2019,新竹縣,橫山鄉,機車竊盜,2
2019,新竹縣,橫山鄉,毒品,13
2019,新竹縣,橫山鄉,汽車竊盜,3
2019,新竹縣,湖口鄉,住宅竊盜,5
2019,新竹縣,湖口鄉,搶奪,1
2019,新竹縣,湖口鄉,機車竊盜,16
2019,新竹縣,湖口鄉,毒品,102
2019,新竹縣,湖口鄉,汽車竊盜,20
2019,新竹縣,竹北市,住宅竊盜,5
2019,新竹縣,竹北市,強制性交,2
2019,新竹縣,竹北市,搶奪,1
2019,新竹縣,竹北市,機車竊盜,24
2019,新竹縣,竹北市,毒品,121
2019,新竹縣,竹北市,汽車竊盜,34
2019,新竹縣,竹東鎮,住宅竊盜,10
2019,新竹縣,竹東鎮,強盜,1
2019,新竹縣,竹東鎮,機車竊盜,17
2019,新竹縣,竹東鎮,毒品,69
2019,新竹縣,竹東鎮,汽車竊盜,16
2019,新竹縣,芎林鄉,住宅竊盜,4
2019,新竹縣,芎林鄉,搶奪,1
2019,新竹縣,芎林鄉,機車竊盜,3
2019,新竹縣,芎林鄉,毒品,39
2019,新竹縣,芎林鄉,汽車竊盜,7
2019,新竹縣,關西鎮,住宅竊盜,2
2019,新竹縣,關西鎮,強制性交,1
2019,新竹縣,關西鎮,機車竊盜,2
2019,新竹縣,關西鎮,毒品,57
2019,新竹縣,關西鎮,汽車竊盜,12
2019,桃園市,中壢區,住宅竊盜,5
2019,桃園市,中壢區,強制性交,2
2019,桃園市,中壢區,強盜,3
2019,桃園市,中壢區,機車竊盜,84
2019,桃園市,中壢區,毒品,1011
2019,桃園市,中壢區,汽車竊盜,35
2019,桃園市,八德區,住宅竊盜,3
2019,桃園市,八德區,強制性交,1
2019,桃園市,八德區,強盜,1
2019,桃園市,八德區,搶奪,1
2019,桃園市,八德區,機車竊盜,28
2019,桃園市,八德區,毒品,534
2019,桃園市,八德區,汽車竊盜,19
2019,桃園市,大園區,住宅竊盜,2
2019,桃園市,大園區,強制性交,1
2019,桃園市,大園區,強盜,1
2019,桃園市,大園區,搶奪,1
2019,桃園市,大園區,機車竊盜,10
2019,桃園市,大園區,毒品,208
2019,桃園市,大園區,汽車竊盜,10
2019,桃園市,大溪區,住宅竊盜,2
2019,桃園市,大溪區,機車竊盜,7
2019,桃園市,大溪區,毒品,205
2019,桃園市,大溪區,汽車竊盜,12
2019,桃園市,平鎮區,住宅竊盜,2
2019,桃園市,平鎮區,強制性交,1
2019,桃園市,平鎮區,強盜,2
2019,桃園市,平鎮區,機車竊盜,27
2019,桃園市,平鎮區,毒品,446
2019,桃園市,平鎮區,汽車竊盜,15
2019,桃園市,復興區,毒品,18
2019,桃園市,復興區,汽車竊盜,1
2019,桃園市,新屋區,機車竊盜,3
2019,桃園市,新屋區,毒品,57
2019,桃園市,新屋區,汽車竊盜,6
2019,桃園市,桃園區,住宅竊盜,22
2019,桃園市,桃園區,強制性交,1
2019,桃園市,桃園區,強盜,8
2019,桃園市,桃園區,搶奪,1
2019,桃園市,桃園區,機車竊盜,91
2019,桃園市,桃園區,毒品,1342
2019,桃園市,桃園區,汽車竊盜,15
2019,桃園市,楊梅區,機車竊盜,31
2019,桃園市,楊梅區,毒品,212
2019,桃園市,楊梅區,汽車竊盜,25
2019,桃園市,蘆竹區,住宅竊盜,8
2019,桃園市,蘆竹區,機車竊盜,16
2019,桃園市,蘆竹區,毒品,142
2019,桃園市,蘆竹區,汽車竊盜,25
2019,桃園市,觀音區,住宅竊盜,2
2019,桃園市,觀音區,強制性交,1
2019,桃園市,觀音區,機車竊盜,6
2019,桃園市,觀音區,毒品,141
2019,桃園市,觀音區,汽車竊盜,15
2019,桃園市,龍潭區,住宅竊盜,6
2019,桃園市,龍潭區,強盜,1
2019,桃園市,龍潭區,搶奪,1
2019,桃園市,龍潭區,機車竊盜,14
2019,桃園市,龍潭區,毒品,235
2019,桃園市,龍潭區,汽車竊盜,22
2019,桃園市,龜山區,住宅竊盜,10
2019,桃園市,龜山區,強制性交,1
2019,桃園市,龜山區,強盜,1
2019,桃園市,龜山區,搶奪,1
2019,桃園市,龜山區,機車竊盜,37
2019,桃園市,龜山區,毒品,338
2019,桃園市,龜山區,汽車竊盜,22
2019,澎湖縣,七美鄉,住宅竊盜,1
2019,澎湖縣,七美鄉,毒品,2
2019,澎湖縣,湖西鄉,強盜,1
2019,澎湖縣,湖西鄉,毒品,3
2019,澎湖縣,白沙鄉,住宅竊盜,3
2019,澎湖縣,西嶼鄉,住宅竊盜,3
2019,澎湖縣,馬公市,住宅竊盜,27
2019,澎湖縣,馬公市,強制性交,4
2019,澎湖縣,馬公市,強盜,2
2019,澎湖縣,馬公市,機車竊盜,1
2019,澎湖縣,馬公市,毒品,12
2019,澎湖縣,馬公市,汽車竊盜,2
2019,臺中市,中區,住宅竊盜,2
2019,臺中市,中區,搶奪,3
2019,臺中市,中區,機車竊盜,11
2019,臺中市,中區,毒品,124
2019,臺中市,北區,住宅竊盜,12
2019,臺中市,北區,強盜,1
2019,臺中市,北區,搶奪,2
2019,臺中市,北區,機車竊盜,19
2019,臺中市,北區,毒品,263
2019,臺中市,北區,汽車竊盜,5
2019,臺中市,北屯區,住宅竊盜,7
2019,臺中市,北屯區,強盜,3
2019,臺中市,北屯區,搶奪,1
2019,臺中市,北屯區,機車竊盜,17
2019,臺中市,北屯區,毒品,517
2019,臺中市,北屯區,汽車竊盜,8
2019,臺中市,南區,住宅竊盜,5
2019,臺中市,南區,搶奪,1
2019,臺中市,南區,機車竊盜,16
2019,臺中市,南區,毒品,96
2019,臺中市,南區,汽車竊盜,6
2019,臺中市,南屯區,住宅竊盜,1
2019,臺中市,南屯區,強盜,1
2019,臺中市,南屯區,機車竊盜,9
2019,臺中市,南屯區,毒品,113
2019,臺中市,南屯區,汽車竊盜,5
2019,臺中市,后里區,住宅竊盜,2
2019,臺中市,后里區,機車竊盜,4
2019,臺中市,后里區,毒品,50
2019,臺中市,后里區,汽車竊盜,1
2019,臺中市,和平區,機車竊盜,1
2019,臺中市,外埔區,機車竊盜,2
2019,臺中市,外埔區,毒品,17
2019,臺中市,大安區,機車竊盜,1
2019,臺中市,大安區,毒品,8
2019,臺中市,大甲區,強盜,1
2019,臺中市,大甲區,機車竊盜,8
2019,臺中市,大甲區,毒品,49
2019,臺中市,大甲區,汽車竊盜,4
2019,臺中市,大肚區,住宅竊盜,1
2019,臺中市,大肚區,機車竊盜,1
2019,臺中市,大肚區,毒品,32
2019,臺中市,大肚區,汽車竊盜,3
2019,臺中市,大里區,住宅竊盜,2
2019,臺中市,大里區,強盜,1
2019,臺中市,大里區,機車竊盜,12
2019,臺中市,大里區,毒品,120
2019,臺中市,大里區,汽車竊盜,4
2019,臺中市,大雅區,住宅竊盜,7
2019,臺中市,大雅區,機車竊盜,14
2019,臺中市,大雅區,毒品,59
2019,臺中市,大雅區,汽車竊盜,5
2019,臺中市,太平區,住宅竊盜,3
2019,臺中市,太平區,強盜,1
2019,臺中市,太平區,機車竊盜,14
2019,臺中市,太平區,毒品,144
2019,臺中市,太平區,汽車竊盜,5
2019,臺中市,新社區,機車竊盜,1
2019,臺中市,新社區,毒品,8
2019,臺中市,新社區,汽車竊盜,1
2019,臺中市,東勢區,搶奪,1
2019,臺中市,東勢區,機車竊盜,5
2019,臺中市,東勢區,毒品,33
2019,臺中市,東勢區,汽車竊盜,4
2019,臺中市,東區,住宅竊盜,2
2019,臺中市,東區,搶奪,1
2019,臺中市,東區,機車竊盜,10
2019,臺中市,東區,毒品,103
2019,臺中市,東區,汽車竊盜,3
2019,臺中市,梧棲區,強盜,1
2019,臺中市,梧棲區,機車竊盜,6
2019,臺中市,梧棲區,毒品,40
2019,臺中市,梧棲區,汽車竊盜,2
2019,臺中市,沙鹿區,住宅竊盜,1
2019,臺中市,沙鹿區,強盜,1
2019,臺中市,沙鹿區,機車竊盜,12
2019,臺中市,沙鹿區,毒品,69
2019,臺中市,沙鹿區,汽車竊盜,6
2019,臺中市,沙鹿區,組織犯罪防制條例,1
2019,臺中市,清水區,機車竊盜,4
2019,臺中市,清水區,毒品,47
2019,臺中市,清水區,汽車竊盜,2
2019,臺中市,潭子區,住宅竊盜,5
2019,臺中市,潭子區,強盜,1
2019,臺中市,潭子區,搶奪,1
2019,臺中市,潭子區,機車竊盜,6
2019,臺中市,潭子區,毒品,68
2019,臺中市,潭子區,汽車竊盜,2
2019,臺中市,烏日區,住宅竊盜,2
2019,臺中市,烏日區,強盜,1
2019,臺中市,烏日區,機車竊盜,3
2019,臺中市,烏日區,毒品,41
2019,臺中市,烏日區,汽車竊盜,8
2019,臺中市,石岡區,機車竊盜,1
2019,臺中市,石岡區,毒品,5
2019,臺中市,神岡區,住宅竊盜,3
2019,臺中市,神岡區,強盜,1
2019,臺中市,神岡區,搶奪,1
2019,臺中市,神岡區,機車竊盜,1
2019,臺中市,神岡區,毒品,35
2019,臺中市,神岡區,汽車竊盜,2
2019,臺中市,西區,強盜,1
2019,臺中市,西區,機車竊盜,15
2019,臺中市,西區,毒品,101
2019,臺中市,西區,汽車竊盜,4
2019,臺中市,西屯區,住宅竊盜,11
2019,臺中市,西屯區,強盜,1
2019,臺中市,西屯區,搶奪,1
2019,臺中市,西屯區,機車竊盜,34
2019,臺中市,西屯區,毒品,389
2019,臺中市,西屯區,汽車竊盜,8
2019,臺中市,豐原區,住宅竊盜,10
2019,臺中市,豐原區,強盜,2
2019,臺中市,豐原區,搶奪,3
2019,臺中市,豐原區,機車竊盜,17
2019,臺中市,豐原區,毒品,118
2019,臺中市,豐原區,汽車竊盜,10
2019,臺中市,霧峰區,搶奪,1
2019,臺中市,霧峰區,機車竊盜,9
2019,臺中市,霧峰區,毒品,32
2019,臺中市,霧峰區,汽車竊盜,2
2019,臺中市,龍井區,住宅竊盜,2
2019,臺中市,龍井區,機車竊盜,4
2019,臺中市,龍井區,毒品,41
2019,臺中市,龍井區,汽車竊盜,2
2019,臺北市,中山區,住宅竊盜,40
2019,臺北市,中山區,強制性交,2
2019,臺北市,中山區,強盜,1
2019,臺北市,中山區,搶奪,1
2019,臺北市,中山區,機車竊盜,9
2019,臺北市,中山區,毒品,539
2019,臺北市,中山區,汽車竊盜,1
2019,臺北市,中正區,住宅竊盜,19
2019,臺北市,中正區,搶奪,6
2019,臺北市,中正區,機車竊盜,10
2019,臺北市,中正區,毒品,114
2019,臺北市,中正區,汽車竊盜,2
2019,臺北市,信義區,住宅竊盜,14
2019,臺北市,信義區,強制性交,1
2019,臺北市,信義區,強盜,3
2019,臺北市,信義區,搶奪,1
2019,臺北市,信義區,機車竊盜,21
2019,臺北市,信義區,毒品,210
2019,臺北市,信義區,汽車竊盜,4
2019,臺北市,內湖區,住宅竊盜,24
2019,臺北市,內湖區,強制性交,1
2019,臺北市,內湖區,強盜,1
2019,臺北市,內湖區,機車竊盜,7
2019,臺北市,內湖區,毒品,157
2019,臺北市,內湖區,汽車竊盜,1
2019,臺北市,北投區,住宅竊盜,45
2019,臺北市,北投區,強制性交,4
2019,臺北市,北投區,強盜,5
2019,臺北市,北投區,機車竊盜,24
2019,臺北市,北投區,毒品,201
2019,臺北市,北投區,汽車竊盜,4
2019,臺北市,南港區,住宅竊盜,21
2019,臺北市,南港區,強制性交,1
2019,臺北市,南港區,機車竊盜,8
2019,臺北市,南港區,毒品,96
2019,臺北市,南港區,汽車竊盜,4
2019,臺北市,士林區,住宅竊盜,31
2019,臺北市,士林區,搶奪,2
2019,臺北市,士林區,機車竊盜,37
2019,臺北市,士林區,毒品,198
2019,臺北市,士林區,汽車竊盜,5
2019,臺北市,大同區,住宅竊盜,19
2019,臺北市,大同區,強制性交,1
2019,臺北市,大同區,強盜,2
2019,臺北市,大同區,搶奪,1
2019,臺北市,大同區,機車竊盜,17
2019,臺北市,大同區,毒品,208
2019,臺北市,大同區,汽車竊盜,2
2019,臺北市,大同區,組織犯罪防制條例,1
2019,臺北市,大安區,住宅竊盜,43
2019,臺北市,大安區,機車竊盜,7
2019,臺北市,大安區,毒品,550
2019,臺北市,大安區,汽車竊盜,4
2019,臺北市,文山區,住宅竊盜,19
2019,臺北市,文山區,強制性交,2
2019,臺北市,文山區,強盜,1
2019,臺北市,文山區,機車竊盜,9
2019,臺北市,文山區,毒品,166
2019,臺北市,文山區,汽車竊盜,6
2019,臺北市,松山區,住宅竊盜,12
2019,臺北市,松山區,機車竊盜,6
2019,臺北市,松山區,毒品,396
2019,臺北市,松山區,汽車竊盜,1
2019,臺北市,萬華區,住宅竊盜,31
2019,臺北市,萬華區,強制性交,2
2019,臺北市,萬華區,強盜,1
2019,臺北市,萬華區,搶奪,4
2019,臺北市,萬華區,機車竊盜,30
2019,臺北市,萬華區,毒品,672
2019,臺北市,萬華區,汽車竊盜,11
2019,臺南市,七股區,住宅竊盜,6
2019,臺南市,七股區,機車竊盜,1
2019,臺南市,七股區,毒品,9
2019,臺南市,七股區,汽車竊盜,1
2019,臺南市,下營區,住宅竊盜,3
2019,臺南市,下營區,機車竊盜,1
2019,臺南市,下營區,毒品,17
2019,臺南市,下營區,汽車竊盜,1
2019,臺南市,中西區,住宅竊盜,7
2019,臺南市,中西區,強制性交,1
2019,臺南市,中西區,強盜,1
2019,臺南市,中西區,機車竊盜,5
2019,臺南市,中西區,毒品,160
2019,臺南市,中西區,汽車竊盜,2
2019,臺南市,仁德區,住宅竊盜,15
2019,臺南市,仁德區,強盜,1
2019,臺南市,仁德區,搶奪,1
2019,臺南市,仁德區,機車竊盜,10
2019,臺南市,仁德區,毒品,105
2019,臺南市,仁德區,汽車竊盜,8
2019,臺南市,佳里區,住宅竊盜,7
2019,臺南市,佳里區,機車竊盜,1
2019,臺南市,佳里區,毒品,34
2019,臺南市,佳里區,汽車竊盜,1
2019,臺南市,六甲區,住宅竊盜,1
2019,臺南市,六甲區,強盜,1
2019,臺南市,六甲區,毒品,34
2019,臺南市,六甲區,汽車竊盜,1
2019,臺南市,北區,住宅竊盜,36
2019,臺南市,北區,強制性交,1
2019,臺南市,北區,強盜,1
2019,臺南市,北區,機車竊盜,10
2019,臺南市,北區,毒品,191
2019,臺南市,北區,汽車竊盜,6
2019,臺南市,北門區,住宅竊盜,1
2019,臺南市,北門區,機車竊盜,1
2019,臺南市,北門區,毒品,11
2019,臺南市,南化區,住宅竊盜,1
2019,臺南市,南化區,毒品,11
2019,臺南市,南區,住宅竊盜,6
2019,臺南市,南區,強制性交,2
2019,臺南市,南區,強盜,1
2019,臺南市,南區,搶奪,1
2019,臺南市,南區,機車竊盜,6
2019,臺南市,南區,毒品,88
2019,臺南市,南區,汽車竊盜,8
2019,臺南市,善化區,住宅竊盜,5
2019,臺南市,善化區,搶奪,1
2019,臺南市,善化區,機車竊盜,1
2019,臺南市,善化區,毒品,35
2019,臺南市,善化區,汽車竊盜,1
2019,臺南市,大內區,住宅竊盜,2
2019,臺南市,大內區,毒品,16
2019,臺南市,學甲區,住宅竊盜,12
2019,臺南市,學甲區,強盜,2
2019,臺南市,學甲區,毒品,24
2019,臺南市,學甲區,汽車竊盜,1
2019,臺南市,安南區,住宅竊盜,7
2019,臺南市,安南區,強制性交,1
2019,臺南市,安南區,強盜,1
2019,臺南市,安南區,機車竊盜,12
2019,臺南市,安南區,毒品,200
2019,臺南市,安南區,汽車竊盜,4
2019,臺南市,安定區,住宅竊盜,3
2019,臺南市,安定區,機車竊盜,2
2019,臺南市,安定區,毒品,30
2019,臺南市,安平區,住宅竊盜,5
2019,臺南市,安平區,強制性交,2
2019,臺南市,安平區,強盜,1
2019,臺南市,安平區,機車竊盜,5
2019,臺南市,安平區,毒品,36
2019,臺南市,安平區,汽車竊盜,8
2019,臺南市,官田區,住宅竊盜,4
2019,臺南市,官田區,強制性交,1
2019,臺南市,官田區,機車竊盜,2
2019,臺南市,官田區,毒品,32
2019,臺南市,官田區,汽車竊盜,3
2019,臺南市,將軍區,毒品,20
2019,臺南市,山上區,毒品,7
2019,臺南市,左鎮區,毒品,3
2019,臺南市,左鎮區,汽車竊盜,1
2019,臺南市,後壁區,住宅竊盜,5
2019,臺南市,後壁區,毒品,16
2019,臺南市,新化區,住宅竊盜,6
2019,臺南市,新化區,強制性交,1
2019,臺南市,新化區,機車竊盜,1
2019,臺南市,新化區,毒品,30
2019,臺南市,新化區,汽車竊盜,5
2019,臺南市,新市區,住宅竊盜,5
2019,臺南市,新市區,機車竊盜,1
2019,臺南市,新市區,毒品,35
2019,臺南市,新營區,住宅竊盜,20
2019,臺南市,新營區,強制性交,1
2019,臺南市,新營區,強盜,4
2019,臺南市,新營區,搶奪,1
2019,臺南市,新營區,機車竊盜,5
2019,臺南市,新營區,毒品,68
2019,臺南市,新營區,汽車竊盜,2
2019,臺南市,東區,住宅竊盜,13
2019,臺南市,東區,強制性交,3
2019,臺南市,東區,強盜,3
2019,臺南市,東區,搶奪,1
2019,臺南市,東區,機車竊盜,15
2019,臺南市,東區,毒品,111
2019,臺南市,東區,汽車竊盜,6
2019,臺南市,東山區,住宅竊盜,3
2019,臺南市,東山區,機車竊盜,3
2019,臺南市,東山區,毒品,12
2019,臺南市,東山區,汽車竊盜,1
2019,臺南市,柳營區,住宅竊盜,4
2019,臺南市,柳營區,毒品,18
2019,臺南市,柳營區,汽車竊盜,1
2019,臺南市,楠西區,住宅竊盜,1
2019,臺南市,楠西區,毒品,2
2019,臺南市,歸仁區,住宅竊盜,10
2019,臺南市,歸仁區,強盜,2
2019,臺南市,歸仁區,機車竊盜,4
2019,臺南市,歸仁區,毒品,53
2019,臺南市,歸仁區,汽車竊盜,6
2019,臺南市,永康區,住宅竊盜,22
2019,臺南市,永康區,強盜,1
2019,臺南市,永康區,搶奪,2
2019,臺南市,永康區,機車竊盜,11
2019,臺南市,永康區,毒品,374
2019,臺南市,永康區,汽車竊盜,19
2019,臺南市,玉井區,住宅竊盜,5
2019,臺南市,玉井區,毒品,9
2019,臺南市,玉井區,汽車竊盜,2
2019,臺南市,白河區,住宅竊盜,7
2019,臺南市,白河區,毒品,27
2019,臺南市,白河區,汽車竊盜,2
2019,臺南市,西港區,住宅竊盜,2
2019,臺南市,西港區,毒品,21
2019,臺南市,西港區,汽車竊盜,2
2019,臺南市,關廟區,住宅竊盜,5
2019,臺南市,關廟區,機車竊盜,14
2019,臺南市,關廟區,毒品,31
2019,臺南市,關廟區,汽車竊盜,3
2019,臺南市,鹽水區,住宅竊盜,1
2019,臺南市,鹽水區,搶奪,1
2019,臺南市,鹽水區,機車竊盜,1
2019,臺南市,鹽水區,毒品,11
2019,臺南市,麻豆區,住宅竊盜,2
2019,臺南市,麻豆區,強盜,2
2019,臺南市,麻豆區,機車竊盜,1
2019,臺南市,麻豆區,毒品,11
2019,臺南市,麻豆區,汽車竊盜,1
2019,臺南市,龍崎區,住宅竊盜,1
2019,臺南市,龍崎區,機車竊盜,1
2019,臺南市,龍崎區,毒品,2
2019,臺東縣,卑南鄉,機車竊盜,2
2019,臺東縣,卑南鄉,毒品,17
2019,臺東縣,大武鄉,毒品,8
2019,臺東縣,太麻里鄉,機車竊盜,1
2019,臺東縣,太麻里鄉,毒品,5
2019,臺東縣,成功鎮,毒品,7
2019,臺東縣,東河鄉,機車竊盜,1
2019,臺東縣,東河鄉,毒品,6
2019,臺東縣,池上鄉,毒品,8
2019,臺東縣,臺東市,住宅竊盜,3
2019,臺東縣,臺東市,強盜,1
2019,臺東縣,臺東市,機車竊盜,4
2019,臺東縣,臺東市,毒品,206
2019,臺東縣,臺東市,汽車竊盜,1
2019,臺東縣,蘭嶼鄉,毒品,2
2019,臺東縣,金峰鄉,毒品,1
2019,臺東縣,長濱鄉,毒品,1
2019,臺東縣,關山鎮,毒品,1
2019,臺東縣,鹿野鄉,機車竊盜,2
2019,臺東縣,鹿野鄉,毒品,4
2019,花蓮縣,光復鄉,住宅竊盜,1
2019,花蓮縣,光復鄉,機車竊盜,1
2019,花蓮縣,光復鄉,毒品,14
2019,花蓮縣,光復鄉,汽車竊盜,1
2019,花蓮縣,吉安鄉,住宅竊盜,10
2019,花蓮縣,吉安鄉,強盜,1
2019,花蓮縣,吉安鄉,搶奪,1
2019,花蓮縣,吉安鄉,機車竊盜,3
2019,花蓮縣,吉安鄉,毒品,125
2019,花蓮縣,吉安鄉,汽車竊盜,1
2019,花蓮縣,壽豐鄉,住宅竊盜,2
2019,花蓮縣,壽豐鄉,強盜,1
2019,花蓮縣,壽豐鄉,機車竊盜,1
2019,花蓮縣,壽豐鄉,毒品,23
2019,花蓮縣,富里鄉,毒品,9
2019,花蓮縣,新城鄉,住宅竊盜,6
2019,花蓮縣,新城鄉,機車竊盜,5
2019,花蓮縣,新城鄉,毒品,42
2019,花蓮縣,新城鄉,汽車竊盜,1
2019,花蓮縣,玉里鎮,住宅竊盜,1
2019,花蓮縣,玉里鎮,強盜,1
2019,花蓮縣,玉里鎮,機車竊盜,6
2019,花蓮縣,玉里鎮,毒品,33
2019,花蓮縣,玉里鎮,汽車竊盜,3
2019,花蓮縣,瑞穗鄉,住宅竊盜,1
2019,花蓮縣,瑞穗鄉,機車竊盜,1
2019,花蓮縣,瑞穗鄉,毒品,18
2019,花蓮縣,秀林鄉,住宅竊盜,3
2019,花蓮縣,秀林鄉,強制性交,2
2019,花蓮縣,秀林鄉,毒品,31
2019,花蓮縣,秀林鄉,汽車竊盜,1
2019,花蓮縣,花蓮市,住宅竊盜,19
2019,花蓮縣,花蓮市,強盜,2
2019,花蓮縣,花蓮市,搶奪,4
2019,花蓮縣,花蓮市,機車竊盜,8
2019,花蓮縣,花蓮市,毒品,171
2019,花蓮縣,花蓮市,汽車竊盜,2
2019,花蓮縣,萬榮鄉,住宅竊盜,1
2019,花蓮縣,萬榮鄉,機車竊盜,1
2019,花蓮縣,萬榮鄉,毒品,2
2019,花蓮縣,豐濱鄉,機車竊盜,1
2019,花蓮縣,豐濱鄉,毒品,1
2019,花蓮縣,鳳林鎮,毒品,13
2019,苗栗縣,三灣鄉,毒品,1
2019,苗栗縣,三義鄉,住宅竊盜,2
2019,苗栗縣,三義鄉,毒品,20
2019,苗栗縣,三義鄉,汽車竊盜,1
2019,苗栗縣,公館鄉,毒品,30
2019,苗栗縣,公館鄉,汽車竊盜,1
2019,苗栗縣,卓蘭鎮,機車竊盜,1
2019,苗栗縣,卓蘭鎮,毒品,15
2019,苗栗縣,南庄鄉,毒品,16
2019,苗栗縣,大湖鄉,住宅竊盜,1
2019,苗栗縣,大湖鄉,機車竊盜,2
2019,苗栗縣,大湖鄉,毒品,20
2019,苗栗縣,後龍鎮,住宅竊盜,14
2019,苗栗縣,後龍鎮,強盜,1
2019,苗栗縣,後龍鎮,毒品,32
2019,苗栗縣,後龍鎮,汽車竊盜,2
2019,苗栗縣,泰安鄉,毒品,6
2019,苗栗縣,泰安鄉,汽車竊盜,1
2019,苗栗縣,獅潭鄉,毒品,9
2019,苗栗縣,竹南鎮,住宅竊盜,6
2019,苗栗縣,竹南鎮,強盜,1
2019,苗栗縣,竹南鎮,搶奪,1
2019,苗栗縣,竹南鎮,機車竊盜,5
2019,苗栗縣,竹南鎮,毒品,104
2019,苗栗縣,竹南鎮,汽車竊盜,7
2019,苗栗縣,苑裡鎮,住宅竊盜,3
2019,苗栗縣,苑裡鎮,強盜,1
2019,苗栗縣,苑裡鎮,機車竊盜,1
2019,苗栗縣,苑裡鎮,毒品,34
2019,苗栗縣,苑裡鎮,汽車竊盜,1
2019,苗栗縣,苗栗市,住宅竊盜,10
2019,苗栗縣,苗栗市,機車竊盜,3
2019,苗栗縣,苗栗市,毒品,128
2019,苗栗縣,苗栗市,汽車竊盜,4
2019,苗栗縣,西湖鄉,毒品,3
2019,苗栗縣,通霄鎮,住宅竊盜,5
2019,苗栗縣,通霄鎮,毒品,36
2019,苗栗縣,通霄鎮,汽車竊盜,1
2019,苗栗縣,造橋鄉,住宅竊盜,3
2019,苗栗縣,造橋鄉,強盜,1
2019,苗栗縣,造橋鄉,毒品,15
2019,苗栗縣,造橋鄉,汽車竊盜,1
2019,苗栗縣,銅鑼鄉,住宅竊盜,1
2019,苗栗縣,銅鑼鄉,毒品,25
2019,苗栗縣,頭份市,住宅竊盜,4
2019,苗栗縣,頭份市,強制性交,1
2019,苗栗縣,頭份市,機車竊盜,2
2019,苗栗縣,頭份市,毒品,176
2019,苗栗縣,頭份市,汽車竊盜,8
2019,苗栗縣,頭屋鄉,毒品,14
2019,連江縣,北竿鄉,住宅竊盜,1
2019,連江縣,南竿鄉,毒品,5
2019,金門縣,烈嶼鄉,住宅竊盜,2
2019,金門縣,烈嶼鄉,毒品,2
2019,金門縣,金城鎮,住宅竊盜,6
2019,金門縣,金城鎮,強制性交,1
2019,金門縣,金城鎮,機車竊盜,2
2019,金門縣,金城鎮,毒品,10
2019,金門縣,金寧鄉,住宅竊盜,2
2019,金門縣,金寧鄉,強制性交,2
2019,金門縣,金寧鄉,毒品,11
2019,金門縣,金寧鄉,汽車竊盜,1
2019,金門縣,金沙鎮,住宅竊盜,7
2019,金門縣,金沙鎮,毒品,2
2019,金門縣,金沙鎮,組織犯罪防制條例,1
2019,金門縣,金湖鎮,住宅竊盜,10
2019,金門縣,金湖鎮,強制性交,1
2019,金門縣,金湖鎮,毒品,8
2019,金門縣,金湖鎮,汽車竊盜,1
2019,雲林縣,二崙鄉,住宅竊盜,6
2019,雲林縣,二崙鄉,毒品,10
2019,雲林縣,元長鄉,住宅竊盜,5
2019,雲林縣,元長鄉,機車竊盜,3
2019,雲林縣,元長鄉,毒品,30
2019,雲林縣,北港鎮,住宅竊盜,3
2019,雲林縣,北港鎮,機車竊盜,2
2019,雲林縣,北港鎮,毒品,54
2019,雲林縣,北港鎮,汽車竊盜,1
2019,雲林縣,口湖鄉,住宅竊盜,4
2019,雲林縣,口湖鄉,機車竊盜,2
2019,雲林縣,口湖鄉,毒品,26
2019,雲林縣,口湖鄉,汽車竊盜,1
2019,雲林縣,古坑鄉,住宅竊盜,4
2019,雲林縣,古坑鄉,強制性交,1
2019,雲林縣,古坑鄉,毒品,54
2019,雲林縣,四湖鄉,住宅竊盜,3
2019,雲林縣,四湖鄉,機車竊盜,2
2019,雲林縣,四湖鄉,毒品,21
2019,雲林縣,土庫鎮,住宅竊盜,4
2019,雲林縣,土庫鎮,機車竊盜,1
2019,雲林縣,土庫鎮,毒品,33
2019,雲林縣,大埤鄉,機車竊盜,1
2019,雲林縣,大埤鄉,毒品,22
2019,雲林縣,大埤鄉,汽車竊盜,1
2019,雲林縣,崙背鄉,住宅竊盜,1
2019,雲林縣,崙背鄉,機車竊盜,2
2019,雲林縣,崙背鄉,毒品,11
2019,雲林縣,斗六市,住宅竊盜,35
2019,雲林縣,斗六市,強制性交,2
2019,雲林縣,斗六市,強盜,1
2019,雲林縣,斗六市,機車竊盜,9
2019,雲林縣,斗六市,毒品,170
2019,雲林縣,斗六市,汽車竊盜,13
2019,雲林縣,斗南鎮,住宅竊盜,7
2019,雲林縣,斗南鎮,強盜,2
2019,雲林縣,斗南鎮,機車竊盜,2
2019,雲林縣,斗南鎮,毒品,44
2019,雲林縣,斗南鎮,汽車竊盜,3
2019,雲林縣,東勢鄉,住宅竊盜,5
2019,雲林縣,東勢鄉,機車竊盜,1
2019,雲林縣,東勢鄉,毒品,18
2019,雲林縣,林內鄉,強制性交,1
2019,雲林縣,林內鄉,毒品,14
2019,雲林縣,水林鄉,住宅竊盜,6
2019,雲林縣,水林鄉,機車竊盜,1
2019,雲林縣,水林鄉,毒品,50
2019,雲林縣,臺西鄉,機車竊盜,1
2019,雲林縣,臺西鄉,毒品,32
2019,雲林縣,莿桐鄉,住宅竊盜,7
2019,雲林縣,莿桐鄉,機車竊盜,1
2019,雲林縣,莿桐鄉,毒品,16
2019,雲林縣,莿桐鄉,汽車竊盜,1
2019,雲林縣,虎尾鎮,住宅竊盜,20
2019,雲林縣,虎尾鎮,機車竊盜,7
2019,雲林縣,虎尾鎮,毒品,117
2019,雲林縣,虎尾鎮,汽車竊盜,5
2019,雲林縣,褒忠鄉,住宅竊盜,2
2019,雲林縣,褒忠鄉,機車竊盜,1
2019,雲林縣,褒忠鄉,毒品,17
2019,雲林縣,褒忠鄉,汽車竊盜,1
2019,雲林縣,西螺鎮,住宅竊盜,6
2019,雲林縣,西螺鎮,強制性交,1
2019,雲林縣,西螺鎮,強盜,1
2019,雲林縣,西螺鎮,機車竊盜,7
2019,雲林縣,西螺鎮,毒品,36
2019,雲林縣,西螺鎮,汽車竊盜,6
2019,雲林縣,麥寮鄉,住宅竊盜,11
2019,雲林縣,麥寮鄉,強制性交,1
2019,雲林縣,麥寮鄉,機車竊盜,4
2019,雲林縣,麥寮鄉,毒品,102
2019,雲林縣,麥寮鄉,汽車竊盜,3
2019,高雄市,三民區,住宅竊盜,1
2019,高雄市,三民區,強制性交,2
2019,高雄市,三民區,強盜,5
2019,高雄市,三民區,搶奪,3
2019,高雄市,三民區,機車竊盜,27
2019,高雄市,三民區,毒品,358
2019,高雄市,三民區,汽車竊盜,6
2019,高雄市,仁武區,搶奪,1
2019,高雄市,仁武區,機車竊盜,3
2019,高雄市,仁武區,毒品,51
2019,高雄市,仁武區,汽車竊盜,21
2019,高雄市,內門區,機車竊盜,2
2019,高雄市,內門區,毒品,11
2019,高雄市,六龜區,毒品,26
2019,高雄市,前金區,強制性交,1
2019,高雄市,前金區,強盜,1
2019,高雄市,前金區,機車竊盜,8
2019,高雄市,前金區,毒品,56
2019,高雄市,前金區,汽車竊盜,1
2019,高雄市,前鎮區,住宅竊盜,2
2019,高雄市,前鎮區,強盜,2
2019,高雄市,前鎮區,搶奪,1
2019,高雄市,前鎮區,機車竊盜,19
2019,高雄市,前鎮區,毒品,158
2019,高雄市,前鎮區,汽車竊盜,4
2019,高雄市,大寮區,強盜,3
2019,高雄市,大寮區,機車竊盜,20
2019,高雄市,大寮區,毒品,117
2019,高雄市,大寮區,汽車竊盜,10
2019,高雄市,大樹區,強制性交,1
2019,高雄市,大樹區,機車竊盜,7
2019,高雄市,大樹區,毒品,43
2019,高雄市,大樹區,汽車竊盜,3
2019,高雄市,大社區,強盜,1
2019,高雄市,大社區,機車竊盜,4
2019,高雄市,大社區,毒品,61
2019,高雄市,大社區,汽車竊盜,4
2019,高雄市,小港區,強制性交,1
2019,高雄市,小港區,搶奪,1
2019,高雄市,小港區,機車竊盜,20
2019,高雄市,小港區,毒品,113
2019,高雄市,小港區,汽車竊盜,8
2019,高雄市,岡山區,搶奪,2
2019,高雄市,岡山區,機車竊盜,7
2019,高雄市,岡山區,毒品,145
2019,高雄市,岡山區,汽車竊盜,5
2019,高雄市,左營區,住宅竊盜,2
2019,高雄市,左營區,強制性交,2
2019,高雄市,左營區,強盜,1
2019,高雄市,左營區,搶奪,1
2019,高雄市,左營區,機車竊盜,9
2019,高雄市,左營區,毒品,158
2019,高雄市,左營區,汽車竊盜,4
2019,高雄市,彌陀區,毒品,15
2019,高雄市,彌陀區,汽車竊盜,1
2019,高雄市,新興區,強制性交,1
2019,高雄市,新興區,搶奪,2
2019,高雄市,新興區,機車竊盜,13
2019,高雄市,新興區,毒品,143
2019,高雄市,新興區,汽車竊盜,1
2019,高雄市,旗山區,住宅竊盜,3
2019,高雄市,旗山區,搶奪,1
2019,高雄市,旗山區,機車竊盜,4
2019,高雄市,旗山區,毒品,25
2019,高雄市,旗山區,汽車竊盜,7
2019,高雄市,旗津區,強制性交,1
2019,高雄市,旗津區,機車竊盜,1
2019,高雄市,旗津區,毒品,54
2019,高雄市,杉林區,住宅竊盜,2
2019,高雄市,杉林區,毒品,24
2019,高雄市,林園區,住宅竊盜,1
2019,高雄市,林園區,搶奪,2
2019,高雄市,林園區,機車竊盜,2
2019,高雄市,林園區,毒品,70
2019,高雄市,林園區,汽車竊盜,2
2019,高雄市,桃源區,機車竊盜,1
2019,高雄市,梓官區,強制性交,1
2019,高雄市,梓官區,毒品,44
2019,高雄市,梓官區,汽車竊盜,1
2019,高雄市,楠梓區,住宅竊盜,1
2019,高雄市,楠梓區,強制性交,3
2019,高雄市,楠梓區,搶奪,1
2019,高雄市,楠梓區,機車竊盜,25
2019,高雄市,楠梓區,毒品,104
2019,高雄市,楠梓區,汽車竊盜,7
2019,高雄市,橋頭區,強制性交,1
2019,高雄市,橋頭區,搶奪,1
2019,高雄市,橋頭區,機車竊盜,2
2019,高雄市,橋頭區,毒品,37
2019,高雄市,橋頭區,汽車竊盜,4
2019,高雄市,永安區,機車竊盜,1
2019,高雄市,永安區,毒品,13
2019,高雄市,永安區,汽車竊盜,1
2019,高雄市,湖內區,住宅竊盜,1
2019,高雄市,湖內區,機車竊盜,3
2019,高雄市,湖內區,毒品,29
2019,高雄市,湖內區,汽車竊盜,3
2019,高雄市,燕巢區,搶奪,1
2019,高雄市,燕巢區,機車竊盜,1
2019,高雄市,燕巢區,毒品,29
2019,高雄市,燕巢區,汽車竊盜,3
2019,高雄市,田寮區,毒品,2
2019,高雄市,甲仙區,毒品,6
2019,高雄市,美濃區,住宅竊盜,2
2019,高雄市,美濃區,搶奪,1
2019,高雄市,美濃區,機車竊盜,2
2019,高雄市,美濃區,毒品,61
2019,高雄市,美濃區,汽車竊盜,2
2019,高雄市,苓雅區,住宅竊盜,2
2019,高雄市,苓雅區,強制性交,1
2019,高雄市,苓雅區,搶奪,2
2019,高雄市,苓雅區,機車竊盜,26
2019,高雄市,苓雅區,毒品,138
2019,高雄市,苓雅區,汽車竊盜,3
2019,高雄市,茂林區,毒品,1
2019,高雄市,茄萣區,強盜,3
2019,高雄市,茄萣區,毒品,31
2019,高雄市,茄萣區,汽車竊盜,1
2019,高雄市,路竹區,強制性交,2
2019,高雄市,路竹區,搶奪,1
2019,高雄市,路竹區,機車竊盜,2
2019,高雄市,路竹區,毒品,104
2019,高雄市,路竹區,汽車竊盜,2
2019,高雄市,那瑪夏區,機車竊盜,1
2019,高雄市,阿蓮區,住宅竊盜,1
2019,高雄市,阿蓮區,機車竊盜,2
2019,高雄市,阿蓮區,毒品,32
2019,高雄市,鳥松區,強盜,2
2019,高雄市,鳥松區,機車竊盜,3
2019,高雄市,鳥松區,毒品,63
2019,高雄市,鳥松區,汽車竊盜,5
2019,高雄市,鳳山區,住宅竊盜,25
2019,高雄市,鳳山區,強制性交,4
2019,高雄市,鳳山區,強盜,3
2019,高雄市,鳳山區,毒品,324
2019,高雄市,鳳山區,汽車竊盜,18
2019,高雄市,鹽埕區,強制性交,1
2019,高雄市,鹽埕區,機車竊盜,1
2019,高雄市,鹽埕區,毒品,17
2019,高雄市,鹽埕區,汽車竊盜,1
2019,高雄市,鼓山區,住宅竊盜,2
2019,高雄市,鼓山區,機車竊盜,6
2019,高雄市,鼓山區,毒品,106
2019,高雄市,鼓山區,汽車竊盜,4
2020,南投縣,中寮鄉,住宅竊盜,1
2020,南投縣,中寮鄉,機車竊盜,1
2020,南投縣,中寮鄉,毒品,5
2020,南投縣,仁愛鄉,機車竊盜,3
2020,南投縣,仁愛鄉,毒品,11
2020,南投縣,仁愛鄉,汽車竊盜,1
2020,南投縣,信義鄉,住宅竊盜,4
2020,南投縣,信義鄉,強制性交,1
2020,南投縣,信義鄉,機車竊盜,3
2020,南投縣,信義鄉,毒品,9
2020,南投縣,南投市,住宅竊盜,17
2020,南投縣,南投市,強制性交,2
2020,南投縣,南投市,強盜,2
2020,南投縣,南投市,機車竊盜,4
2020,南投縣,南投市,毒品,128
2020,南投縣,南投市,汽車竊盜,4
2020,南投縣,名間鄉,住宅竊盜,4
2020,南投縣,名間鄉,機車竊盜,5
2020,南投縣,名間鄉,毒品,36
2020,南投縣,名間鄉,汽車竊盜,9
2020,南投縣,國姓鄉,住宅竊盜,1
2020,南投縣,國姓鄉,強制性交,1
2020,南投縣,國姓鄉,強盜,1
2020,南投縣,國姓鄉,毒品,19
2020,南投縣,國姓鄉,汽車竊盜,1
2020,南投縣,埔里鎮,住宅竊盜,15
2020,南投縣,埔里鎮,強制性交,3
2020,南投縣,埔里鎮,機車竊盜,14
2020,南投縣,埔里鎮,毒品,110
2020,南投縣,埔里鎮,汽車竊盜,4
2020,南投縣,水里鄉,住宅竊盜,4
2020,南投縣,水里鄉,搶奪,1
2020,南投縣,水里鄉,機車竊盜,1
2020,南投縣,水里鄉,毒品,17
2020,南投縣,水里鄉,汽車竊盜,1
2020,南投縣,竹山鎮,住宅竊盜,5
2020,南投縣,竹山鎮,強制性交,2
2020,南投縣,竹山鎮,機車竊盜,1
2020,南投縣,竹山鎮,毒品,38
2020,南投縣,竹山鎮,汽車竊盜,3
2020,南投縣,草屯鎮,住宅竊盜,36
2020,南投縣,草屯鎮,強制性交,2
2020,南投縣,草屯鎮,機車竊盜,7
2020,南投縣,草屯鎮,毒品,71
2020,南投縣,草屯鎮,汽車竊盜,2
2020,南投縣,集集鎮,毒品,11
2020,南投縣,集集鎮,汽車竊盜,1
2020,南投縣,魚池鄉,住宅竊盜,3
2020,南投縣,魚池鄉,機車竊盜,1
2020,南投縣,魚池鄉,毒品,28
2020,南投縣,魚池鄉,汽車竊盜,1
2020,南投縣,鹿谷鄉,毒品,15
2020,嘉義市,東區,住宅竊盜,2
2020,嘉義市,東區,強制性交,1
2020,嘉義市,東區,搶奪,1
2020,嘉義市,東區,機車竊盜,5
2020,嘉義市,東區,毒品,142
2020,嘉義市,東區,汽車竊盜,3
2020,嘉義市,西區,住宅竊盜,5
2020,嘉義市,西區,強制性交,5
2020,嘉義市,西區,強盜,2
2020,嘉義市,西區,搶奪,1
2020,嘉義市,西區,機車竊盜,8
2020,嘉義市,西區,毒品,244
2020,嘉義市,西區,汽車竊盜,9
2020,嘉義縣,中埔鄉,機車竊盜,3
2020,嘉義縣,中埔鄉,毒品,56
2020,嘉義縣,中埔鄉,汽車竊盜,4
2020,嘉義縣,六腳鄉,機車竊盜,2
2020,嘉義縣,六腳鄉,毒品,26
2020,嘉義縣,六腳鄉,汽車竊盜,1
2020,嘉義縣,大埔鄉,機車竊盜,1
2020,嘉義縣,大林鎮,強盜,1
2020,嘉義縣,大林鎮,毒品,38
2020,嘉義縣,大林鎮,汽車竊盜,4
2020,嘉義縣,太保市,強制性交,1
2020,嘉義縣,太保市,搶奪,1
2020,嘉義縣,太保市,機車竊盜,2
2020,嘉義縣,太保市,毒品,43
2020,嘉義縣,太保市,汽車竊盜,1
2020,嘉義縣,布袋鎮,住宅竊盜,1
2020,嘉義縣,布袋鎮,機車竊盜,1
2020,嘉義縣,布袋鎮,毒品,6
2020,嘉義縣,布袋鎮,汽車竊盜,1
2020,嘉義縣,新港鄉,強盜,1
2020,嘉義縣,新港鄉,機車竊盜,2
2020,嘉義縣,新港鄉,毒品,17
2020,嘉義縣,朴子市,毒品,34
2020,嘉義縣,朴子市,汽車竊盜,2
2020,嘉義縣,東石鄉,機車竊盜,2
2020,嘉義縣,東石鄉,毒品,12
2020,嘉義縣,梅山鄉,機車竊盜,1
2020,嘉義縣,梅山鄉,毒品,21
2020,嘉義縣,民雄鄉,住宅竊盜,1
2020,嘉義縣,民雄鄉,機車竊盜,4
2020,嘉義縣,民雄鄉,毒品,72
2020,嘉義縣,水上鄉,強制性交,1
2020,嘉義縣,水上鄉,機車竊盜,5
2020,嘉義縣,水上鄉,毒品,65
2020,嘉義縣,水上鄉,汽車竊盜,2
2020,嘉義縣,溪口鄉,毒品,6
2020,嘉義縣,溪口鄉,汽車竊盜,2
2020,嘉義縣,番路鄉,毒品,1
2020,嘉義縣,竹崎鄉,住宅竊盜,2
2020,嘉義縣,竹崎鄉,強盜,1
2020,嘉義縣,竹崎鄉,毒品,26
2020,嘉義縣,竹崎鄉,汽車竊盜,1
2020,嘉義縣,義竹鄉,毒品,9
2020,嘉義縣,阿里山鄉,毒品,1
2020,嘉義縣,鹿草鄉,強制性交,1
2020,嘉義縣,鹿草鄉,機車竊盜,1
2020,嘉義縣,鹿草鄉,毒品,15
2020,基隆市,七堵區,住宅竊盜,16
2020,基隆市,七堵區,強制性交,1
2020,基隆市,七堵區,強盜,2
2020,基隆市,七堵區,搶奪,1
2020,基隆市,七堵區,機車竊盜,6
2020,基隆市,七堵區,毒品,121
2020,基隆市,七堵區,汽車竊盜,2
2020,基隆市,中山區,住宅竊盜,9
2020,基隆市,中山區,強制性交,2
2020,基隆市,中山區,機車竊盜,2
2020,基隆市,中山區,毒品,74
2020,基隆市,中山區,汽車竊盜,2
2020,基隆市,中正區,住宅竊盜,10
2020,基隆市,中正區,強制性交,1
2020,基隆市,中正區,機車竊盜,5
2020,基隆市,中正區,毒品,119
2020,基隆市,仁愛區,住宅竊盜,11
2020,基隆市,仁愛區,強制性交,7
2020,基隆市,仁愛區,機車竊盜,11
2020,基隆市,仁愛區,毒品,171
2020,基隆市,仁愛區,汽車竊盜,2
2020,基隆市,信義區,住宅竊盜,4
2020,基隆市,信義區,強盜,1
2020,基隆市,信義區,機車竊盜,4
2020,基隆市,信義區,毒品,114
2020,基隆市,信義區,汽車竊盜,1
2020,基隆市,安樂區,住宅竊盜,6
2020,基隆市,安樂區,強制性交,1
2020,基隆市,安樂區,機車竊盜,1
2020,基隆市,安樂區,毒品,104
2020,基隆市,安樂區,汽車竊盜,1
2020,基隆市,暖暖區,住宅竊盜,3
2020,基隆市,暖暖區,機車竊盜,2
2020,基隆市,暖暖區,毒品,101
2020,基隆市,暖暖區,汽車竊盜,3
2020,宜蘭縣,三星鄉,住宅竊盜,5
2020,宜蘭縣,三星鄉,強制性交,1
2020,宜蘭縣,三星鄉,機車竊盜,1
2020,宜蘭縣,三星鄉,毒品,17
2020,宜蘭縣,三星鄉,汽車竊盜,3
2020,宜蘭縣,五結鄉,機車竊盜,3
2020,宜蘭縣,五結鄉,毒品,43
2020,宜蘭縣,五結鄉,汽車竊盜,6
2020,宜蘭縣,冬山鄉,強制性交,1
2020,宜蘭縣,冬山鄉,強盜,1
2020,宜蘭縣,冬山鄉,機車竊盜,4
2020,宜蘭縣,冬山鄉,毒品,53
2020,宜蘭縣,冬山鄉,汽車竊盜,8
2020,宜蘭縣,南澳鄉,毒品,11
2020,宜蘭縣,南澳鄉,汽車竊盜,1
2020,宜蘭縣,員山鄉,住宅竊盜,3
2020,宜蘭縣,員山鄉,機車竊盜,2
2020,宜蘭縣,員山鄉,毒品,37
2020,宜蘭縣,員山鄉,汽車竊盜,2
2020,宜蘭縣,壯圍鄉,住宅竊盜,1
2020,宜蘭縣,壯圍鄉,毒品,15
2020,宜蘭縣,壯圍鄉,汽車竊盜,3
2020,宜蘭縣,大同鄉,機車竊盜,2
2020,宜蘭縣,大同鄉,毒品,5
2020,宜蘭縣,宜蘭市,住宅竊盜,4
2020,宜蘭縣,宜蘭市,強制性交,1
2020,宜蘭縣,宜蘭市,強盜,2
2020,宜蘭縣,宜蘭市,搶奪,1
2020,宜蘭縣,宜蘭市,機車竊盜,14
2020,宜蘭縣,宜蘭市,毒品,103
2020,宜蘭縣,宜蘭市,汽車竊盜,18
2020,宜蘭縣,礁溪鄉,強盜,1
2020,宜蘭縣,礁溪鄉,機車竊盜,3
2020,宜蘭縣,礁溪鄉,毒品,42
2020,宜蘭縣,礁溪鄉,汽車竊盜,3
2020,宜蘭縣,羅東鎮,強制性交,2
2020,宜蘭縣,羅東鎮,強盜,2
2020,宜蘭縣,羅東鎮,機車竊盜,26
2020,宜蘭縣,羅東鎮,毒品,92
2020,宜蘭縣,羅東鎮,汽車竊盜,1
2020,宜蘭縣,蘇澳鎮,住宅竊盜,2
2020,宜蘭縣,蘇澳鎮,強制性交,1
2020,宜蘭縣,蘇澳鎮,機車竊盜,1
2020,宜蘭縣,蘇澳鎮,毒品,67
2020,宜蘭縣,蘇澳鎮,汽車竊盜,1
2020,宜蘭縣,頭城鎮,機車竊盜,3
2020,宜蘭縣,頭城鎮,毒品,10
2020,宜蘭縣,頭城鎮,汽車竊盜,2
2020,屏東縣,三地門鄉,機車竊盜,1
2020,屏東縣,三地門鄉,毒品,5
2020,屏東縣,九如鄉,機車竊盜,1
2020,屏東縣,九如鄉,毒品,23
2020,屏東縣,佳冬鄉,毒品,13
2020,屏東縣,來義鄉,毒品,6
2020,屏東縣,內埔鄉,機車竊盜,3
2020,屏東縣,內埔鄉,毒品,130
2020,屏東縣,內埔鄉,汽車竊盜,1
2020,屏東縣,南州鄉,機車竊盜,1
2020,屏東縣,南州鄉,毒品,6
2020,屏東縣,屏東市,住宅竊盜,1
2020,屏東縣,屏東市,強制性交,2
2020,屏東縣,屏東市,搶奪,2
2020,屏東縣,屏東市,機車竊盜,11
2020,屏東縣,屏東市,毒品,290
2020,屏東縣,屏東市,汽車竊盜,5
2020,屏東縣,崁頂鄉,住宅竊盜,1
2020,屏東縣,崁頂鄉,毒品,5
2020,屏東縣,恆春鎮,毒品,49
2020,屏東縣,恆春鎮,汽車竊盜,4
2020,屏東縣,新園鄉,住宅竊盜,1
2020,屏東縣,新園鄉,強盜,1
2020,屏東縣,新園鄉,機車竊盜,1
2020,屏東縣,新園鄉,毒品,37
2020,屏東縣,新埤鄉,毒品,13
2020,屏東縣,春日鄉,機車竊盜,1
2020,屏東縣,春日鄉,毒品,7
2020,屏東縣,東港鎮,住宅竊盜,1
2020,屏東縣,東港鎮,強制性交,1
2020,屏東縣,東港鎮,強盜,1
2020,屏東縣,東港鎮,機車竊盜,7
2020,屏東縣,東港鎮,毒品,57
2020,屏東縣,東港鎮,汽車竊盜,1
2020,屏東縣,枋寮鄉,住宅竊盜,1
2020,屏東縣,枋寮鄉,毒品,45
2020,屏東縣,枋山鄉,毒品,11
2020,屏東縣,林邊鄉,機車竊盜,1
2020,屏東縣,林邊鄉,毒品,15
2020,屏東縣,泰武鄉,毒品,1
2020,屏東縣,滿州鄉,機車竊盜,1
2020,屏東縣,滿州鄉,毒品,2
2020,屏東縣,潮州鎮,機車竊盜,2
2020,屏東縣,潮州鎮,毒品,124
2020,屏東縣,潮州鎮,汽車竊盜,1
2020,屏東縣,獅子鄉,毒品,3
2020,屏東縣,琉球鄉,毒品,8
2020,屏東縣,瑪家鄉,毒品,10
2020,屏東縣,竹田鄉,機車竊盜,1
2020,屏東縣,竹田鄉,毒品,29
2020,屏東縣,竹田鄉,汽車竊盜,1
2020,屏東縣,萬丹鄉,住宅竊盜,1
2020,屏東縣,萬丹鄉,機車竊盜,2
2020,屏東縣,萬丹鄉,毒品,89
2020,屏東縣,萬丹鄉,汽車竊盜,4
2020,屏東縣,萬巒鄉,強制性交,1
2020,屏東縣,萬巒鄉,機車竊盜,2
2020,屏東縣,萬巒鄉,毒品,40
2020,屏東縣,萬巒鄉,汽車竊盜,1
2020,屏東縣,車城鄉,機車竊盜,1
2020,屏東縣,車城鄉,毒品,17
2020,屏東縣,里港鄉,機車竊盜,2
2020,屏東縣,里港鄉,毒品,23
2020,屏東縣,里港鄉,汽車竊盜,1
2020,屏東縣,長治鄉,毒品,48
2020,屏東縣,長治鄉,汽車竊盜,3
2020,屏東縣,霧臺鄉,毒品,2
2020,屏東縣,高樹鄉,機車竊盜,1
2020,屏東縣,高樹鄉,毒品,50
2020,屏東縣,鹽埔鄉,住宅竊盜,1
2020,屏東縣,鹽埔鄉,機車竊盜,1
2020,屏東縣,鹽埔鄉,毒品,26
2020,屏東縣,鹽埔鄉,汽車竊盜,1
2020,屏東縣,麟洛鄉,機車竊盜,1
2020,屏東縣,麟洛鄉,毒品,25
2020,彰化縣,二林鎮,住宅竊盜,1
2020,彰化縣,二林鎮,搶奪,1
2020,彰化縣,二林鎮,機車竊盜,3
2020,彰化縣,二林鎮,毒品,56
2020,彰化縣,二林鎮,汽車竊盜,2
2020,彰化縣,二水鄉,毒品,19
2020,彰化縣,伸港鄉,住宅竊盜,3
2020,彰化縣,伸港鄉,搶奪,2
2020,彰化縣,伸港鄉,毒品,25
2020,彰化縣,伸港鄉,汽車竊盜,3
2020,彰化縣,北斗鎮,搶奪,1
2020,彰化縣,北斗鎮,機車竊盜,2
2020,彰化縣,北斗鎮,毒品,28
2020,彰化縣,北斗鎮,汽車竊盜,1
2020,彰化縣,和美鎮,住宅竊盜,5
2020,彰化縣,和美鎮,機車竊盜,6
2020,彰化縣,和美鎮,毒品,58
2020,彰化縣,和美鎮,汽車竊盜,2
2020,彰化縣,員林市,住宅竊盜,4
2020,彰化縣,員林市,強盜,1
2020,彰化縣,員林市,搶奪,1
2020,彰化縣,員林市,機車竊盜,8
2020,彰化縣,員林市,毒品,123
2020,彰化縣,員林市,汽車竊盜,5
2020,彰化縣,埔心鄉,住宅竊盜,1
2020,彰化縣,埔心鄉,機車竊盜,4
2020,彰化縣,埔心鄉,毒品,49
2020,彰化縣,埔心鄉,汽車竊盜,2
2020,彰化縣,埔鹽鄉,機車竊盜,2
2020,彰化縣,埔鹽鄉,毒品,32
2020,彰化縣,埤頭鄉,住宅竊盜,2
2020,彰化縣,埤頭鄉,毒品,29
2020,彰化縣,大城鄉,住宅竊盜,1
2020,彰化縣,大城鄉,機車竊盜,2
2020,彰化縣,大城鄉,毒品,8
2020,彰化縣,大村鄉,住宅竊盜,3
2020,彰化縣,大村鄉,強盜,1
2020,彰化縣,大村鄉,機車竊盜,5
2020,彰化縣,大村鄉,毒品,46
2020,彰化縣,彰化市,住宅竊盜,7
2020,彰化縣,彰化市,強盜,1
2020,彰化縣,彰化市,機車竊盜,18
2020,彰化縣,彰化市,毒品,113
2020,彰化縣,彰化市,汽車竊盜,5
2020,彰化縣,永靖鄉,住宅竊盜,1
2020,彰化縣,永靖鄉,強制性交,1
2020,彰化縣,永靖鄉,機車竊盜,3
2020,彰化縣,永靖鄉,毒品,32
2020,彰化縣,溪州鄉,機車竊盜,2
2020,彰化縣,溪州鄉,毒品,23
2020,彰化縣,溪州鄉,汽車竊盜,2
2020,彰化縣,溪湖鎮,毒品,75
2020,彰化縣,溪湖鎮,汽車竊盜,5
2020,彰化縣,田中鎮,機車竊盜,3
2020,彰化縣,田中鎮,毒品,34
2020,彰化縣,田中鎮,汽車竊盜,1
2020,彰化縣,田尾鄉,強盜,1
2020,彰化縣,田尾鄉,機車竊盜,1
2020,彰化縣,田尾鄉,毒品,28
2020,彰化縣,社頭鄉,機車竊盜,2
2020,彰化縣,社頭鄉,毒品,46
2020,彰化縣,社頭鄉,汽車竊盜,2
2020,彰化縣,福興鄉,住宅竊盜,4
2020,彰化縣,福興鄉,強盜,1
2020,彰化縣,福興鄉,機車竊盜,4
2020,彰化縣,福興鄉,毒品,17
2020,彰化縣,福興鄉,汽車竊盜,2
2020,彰化縣,秀水鄉,住宅竊盜,2
2020,彰化縣,秀水鄉,機車竊盜,1
2020,彰化縣,秀水鄉,毒品,28
2020,彰化縣,秀水鄉,汽車竊盜,1
2020,彰化縣,竹塘鄉,搶奪,1
2020,彰化縣,竹塘鄉,毒品,11
2020,彰化縣,線西鄉,住宅竊盜,3
2020,彰化縣,線西鄉,毒品,4
2020,彰化縣,線西鄉,汽車竊盜,3
2020,彰化縣,芬園鄉,機車竊盜,4
2020,彰化縣,芬園鄉,毒品,18
2020,彰化縣,芬園鄉,汽車竊盜,2
2020,彰化縣,花壇鄉,住宅竊盜,2
2020,彰化縣,花壇鄉,機車竊盜,3
2020,彰化縣,花壇鄉,毒品,29
2020,彰化縣,花壇鄉,汽車竊盜,2
2020,彰化縣,芳苑鄉,住宅竊盜,2
2020,彰化縣,芳苑鄉,機車竊盜,6
2020,彰化縣,芳苑鄉,毒品,19
2020,彰化縣,芳苑鄉,汽車竊盜,4
2020,彰化縣,鹿港鎮,住宅竊盜,3
2020,彰化縣,鹿港鎮,強制性交,2
2020,彰化縣,鹿港鎮,機車竊盜,7
2020,彰化縣,鹿港鎮,毒品,66
2020,彰化縣,鹿港鎮,汽車竊盜,3
2020,彰化縣,鹿港鎮,組織犯罪防制條例,1
2020,新北市,三峽區,住宅竊盜,9
2020,新北市,三峽區,搶奪,2
2020,新北市,三峽區,機車竊盜,33
2020,新北市,三峽區,毒品,129
2020,新北市,三峽區,汽車竊盜,7
2020,新北市,三芝區,機車竊盜,1
2020,新北市,三芝區,毒品,15
2020,新北市,三重區,住宅竊盜,40
2020,新北市,三重區,強盜,4
2020,新北市,三重區,搶奪,2
2020,新北市,三重區,機車竊盜,54
2020,新北市,三重區,毒品,1266
2020,新北市,三重區,汽車竊盜,5
2020,新北市,三重區,組織犯罪防制條例,1
2020,新北市,中和區,住宅竊盜,24
2020,新北市,中和區,強制性交,2
2020,新北市,中和區,強盜,3
2020,新北市,中和區,搶奪,3
2020,新北市,中和區,機車竊盜,34
2020,新北市,中和區,毒品,388
2020,新北市,中和區,汽車竊盜,7
2020,新北市,五股區,住宅竊盜,2
2020,新北市,五股區,搶奪,2
2020,新北市,五股區,機車竊盜,9
2020,新北市,五股區,毒品,97
2020,新北市,五股區,組織犯罪防制條例,1
2020,新北市,八里區,住宅竊盜,3
2020,新北市,八里區,機車竊盜,3
2020,新北市,八里區,毒品,35
2020,新北市,八里區,汽車竊盜,1
2020,新北市,土城區,住宅竊盜,5
2020,新北市,土城區,強盜,1
2020,新北市,土城區,搶奪,2
2020,新北市,土城區,機車竊盜,33
2020,新北市,土城區,毒品,268
2020,新北市,土城區,汽車竊盜,5
2020,新北市,坪林區,毒品,1
2020,新北市,平溪區,毒品,5
2020,新北市,新店區,住宅竊盜,17
2020,新北市,新店區,機車竊盜,27
2020,新北市,新店區,毒品,217
2020,新北市,新店區,汽車竊盜,1
2020,新北市,新莊區,住宅竊盜,11
2020,新北市,新莊區,強制性交,1
2020,新北市,新莊區,強盜,4
2020,新北市,新莊區,搶奪,2
2020,新北市,新莊區,機車竊盜,35
2020,新北市,新莊區,毒品,424
2020,新北市,新莊區,汽車竊盜,6
2020,新北市,板橋區,住宅竊盜,16
2020,新北市,板橋區,強制性交,1
2020,新北市,板橋區,強盜,2
2020,新北市,板橋區,搶奪,3
2020,新北市,板橋區,機車竊盜,60
2020,新北市,板橋區,毒品,699
2020,新北市,板橋區,汽車竊盜,3
2020,新北市,林口區,住宅竊盜,1
2020,新北市,林口區,機車竊盜,5
2020,新北市,林口區,毒品,39
2020,新北市,林口區,汽車竊盜,3
2020,新北市,樹林區,住宅竊盜,20
2020,新北市,樹林區,強盜,2
2020,新北市,樹林區,搶奪,2
2020,新北市,樹林區,機車竊盜,19
2020,新北市,樹林區,毒品,315
2020,新北市,樹林區,汽車竊盜,5
2020,新北市,永和區,住宅竊盜,17
2020,新北市,永和區,強制性交,1
2020,新北市,永和區,強盜,2
2020,新北市,永和區,搶奪,1
2020,新北市,永和區,機車竊盜,17
2020,新北市,永和區,毒品,148
2020,新北市,汐止區,住宅竊盜,7
2020,新北市,汐止區,強制性交,2
2020,新北市,汐止區,強盜,3
2020,新北市,汐止區,機車竊盜,20
2020,新北市,汐止區,毒品,178
2020,新北市,汐止區,汽車竊盜,7
2020,新北市,泰山區,住宅竊盜,2
2020,新北市,泰山區,搶奪,1
2020,新北市,泰山區,機車竊盜,6
2020,新北市,泰山區,毒品,78
2020,新北市,泰山區,汽車竊盜,1
2020,新北市,淡水區,住宅竊盜,1
2020,新北市,淡水區,機車竊盜,25
2020,新北市,淡水區,毒品,112
2020,新北市,淡水區,汽車竊盜,3
2020,新北市,深坑區,住宅竊盜,3
2020,新北市,深坑區,毒品,17
2020,新北市,烏來區,強制性交,1
2020,新北市,烏來區,機車竊盜,1
2020,新北市,烏來區,毒品,14
2020,新北市,瑞芳區,住宅竊盜,1
2020,新北市,瑞芳區,強制性交,1
2020,新北市,瑞芳區,搶奪,1
2020,新北市,瑞芳區,機車竊盜,1
2020,新北市,瑞芳區,毒品,95
2020,新北市,石碇區,強盜,1
2020,新北市,石碇區,毒品,4
2020,新北市,石門區,毒品,3
2020,新北市,萬里區,住宅竊盜,3
2020,新北市,萬里區,機車竊盜,1
2020,新北市,萬里區,毒品,33
2020,新北市,蘆洲區,住宅竊盜,7
2020,新北市,蘆洲區,強制性交,1
2020,新北市,蘆洲區,強盜,1
2020,新北市,蘆洲區,搶奪,1
2020,新北市,蘆洲區,機車竊盜,19
2020,新北市,蘆洲區,毒品,200
2020,新北市,蘆洲區,汽車竊盜,1
2020,新北市,蘆洲區,組織犯罪防制條例,1
2020,新北市,貢寮區,毒品,11
2020,新北市,金山區,住宅竊盜,2
2020,新北市,金山區,機車竊盜,1
2020,新北市,金山區,毒品,18
2020,新北市,雙溪區,毒品,5
2020,新北市,鶯歌區,住宅竊盜,2
2020,新北市,鶯歌區,機車竊盜,19
2020,新北市,鶯歌區,毒品,98
2020,新北市,鶯歌區,汽車竊盜,4
2020,新竹市,北區,住宅竊盜,1
2020,新竹市,北區,強盜,2
2020,新竹市,北區,機車竊盜,11
2020,新竹市,北區,毒品,123
2020,新竹市,北區,汽車竊盜,12
2020,新竹市,東區,住宅竊盜,16
2020,新竹市,東區,強制性交,1
2020,新竹市,東區,強盜,1
2020,新竹市,東區,搶奪,2
2020,新竹市,東區,機車竊盜,16
2020,新竹市,東區,毒品,117
2020,新竹市,東區,汽車竊盜,5
2020,新竹市,香山區,住宅竊盜,6
2020,新竹市,香山區,機車竊盜,11
2020,新竹市,香山區,毒品,62
2020,新竹市,香山區,汽車竊盜,4
2020,新竹縣,五峰鄉,毒品,22
2020,新竹縣,北埔鄉,住宅竊盜,2
2020,新竹縣,北埔鄉,毒品,6
2020,新竹縣,寶山鄉,機車竊盜,6
2020,新竹縣,寶山鄉,毒品,24
2020,新竹縣,尖石鄉,機車竊盜,1
2020,新竹縣,尖石鄉,毒品,23
2020,新竹縣,峨眉鄉,毒品,6
2020,新竹縣,峨眉鄉,汽車竊盜,2
2020,新竹縣,新埔鎮,住宅竊盜,2
2020,新竹縣,新埔鎮,搶奪,1
2020,新竹縣,新埔鎮,機車竊盜,2
2020,新竹縣,新埔鎮,毒品,24
2020,新竹縣,新埔鎮,汽車竊盜,9
2020,新竹縣,新豐鄉,住宅竊盜,1
2020,新竹縣,新豐鄉,強盜,2
2020,新竹縣,新豐鄉,機車竊盜,9
2020,新竹縣,新豐鄉,毒品,43
2020,新竹縣,新豐鄉,汽車竊盜,10
2020,新竹縣,橫山鄉,住宅竊盜,3
2020,新竹縣,橫山鄉,機車竊盜,1
2020,新竹縣,橫山鄉,毒品,18
2020,新竹縣,橫山鄉,汽車竊盜,1
2020,新竹縣,湖口鄉,住宅竊盜,7
2020,新竹縣,湖口鄉,強制性交,1
2020,新竹縣,湖口鄉,搶奪,1
2020,新竹縣,湖口鄉,機車竊盜,21
2020,新竹縣,湖口鄉,毒品,104
2020,新竹縣,湖口鄉,汽車竊盜,14
2020,新竹縣,竹北市,住宅竊盜,6
2020,新竹縣,竹北市,機車竊盜,15
2020,新竹縣,竹北市,毒品,135
2020,新竹縣,竹北市,汽車竊盜,15
2020,新竹縣,竹北市,組織犯罪防制條例,1
2020,新竹縣,竹東鎮,住宅竊盜,4
2020,新竹縣,竹東鎮,強制性交,1
2020,新竹縣,竹東鎮,機車竊盜,14
2020,新竹縣,竹東鎮,毒品,116
2020,新竹縣,竹東鎮,汽車竊盜,3
2020,新竹縣,芎林鄉,住宅竊盜,2
2020,新竹縣,芎林鄉,毒品,38
2020,新竹縣,芎林鄉,汽車竊盜,2
2020,新竹縣,關西鎮,住宅竊盜,3
2020,新竹縣,關西鎮,強制性交,1
2020,新竹縣,關西鎮,機車竊盜,1
2020,新竹縣,關西鎮,毒品,39
2020,新竹縣,關西鎮,汽車竊盜,3
2020,桃園市,中壢區,住宅竊盜,5
2020,桃園市,中壢區,強制性交,2
2020,桃園市,中壢區,強盜,4
2020,桃園市,中壢區,搶奪,1
2020,桃園市,中壢區,機車竊盜,60
2020,桃園市,中壢區,毒品,1085
2020,桃園市,中壢區,汽車竊盜,13
2020,桃園市,中壢區,組織犯罪防制條例,1
2020,桃園市,八德區,住宅竊盜,5
2020,桃園市,八德區,強盜,1
2020,桃園市,八德區,搶奪,1
2020,桃園市,八德區,機車竊盜,9
2020,桃園市,八德區,毒品,511
2020,桃園市,八德區,汽車竊盜,4
2020,桃園市,大園區,住宅竊盜,1
2020,桃園市,大園區,強制性交,1
2020,桃園市,大園區,強盜,2
2020,桃園市,大園區,機車竊盜,8
2020,桃園市,大園區,毒品,196
2020,桃園市,大園區,汽車竊盜,10
2020,桃園市,大溪區,住宅竊盜,4
2020,桃園市,大溪區,強盜,1
2020,桃園市,大溪區,搶奪,1
2020,桃園市,大溪區,機車竊盜,3
2020,桃園市,大溪區,毒品,199
2020,桃園市,大溪區,汽車竊盜,7
2020,桃園市,平鎮區,強盜,3
2020,桃園市,平鎮區,機車竊盜,15
2020,桃園市,平鎮區,毒品,458
2020,桃園市,平鎮區,汽車竊盜,11
2020,桃園市,復興區,毒品,19
2020,桃園市,新屋區,住宅竊盜,1
2020,桃園市,新屋區,搶奪,1
2020,桃園市,新屋區,機車竊盜,8
2020,桃園市,新屋區,毒品,71
2020,桃園市,新屋區,汽車竊盜,1
2020,桃園市,桃園區,住宅竊盜,20
2020,桃園市,桃園區,強制性交,4
2020,桃園市,桃園區,強盜,2
2020,桃園市,桃園區,搶奪,1
2020,桃園市,桃園區,機車竊盜,58
2020,桃園市,桃園區,毒品,1033
2020,桃園市,桃園區,汽車竊盜,9
2020,桃園市,楊梅區,住宅竊盜,1
2020,桃園市,楊梅區,機車竊盜,13
2020,桃園市,楊梅區,毒品,259
2020,桃園市,楊梅區,汽車竊盜,6
2020,桃園市,蘆竹區,住宅竊盜,1
2020,桃園市,蘆竹區,強盜,1
2020,桃園市,蘆竹區,機車竊盜,7
2020,桃園市,蘆竹區,毒品,166
2020,桃園市,蘆竹區,汽車竊盜,22
2020,桃園市,觀音區,住宅竊盜,4
2020,桃園市,觀音區,強盜,1
2020,桃園市,觀音區,機車竊盜,4
2020,桃園市,觀音區,毒品,152
2020,桃園市,觀音區,汽車竊盜,3
2020,桃園市,龍潭區,住宅竊盜,1
2020,桃園市,龍潭區,強制性交,2
2020,桃園市,龍潭區,強盜,1
2020,桃園市,龍潭區,機車竊盜,9
2020,桃園市,龍潭區,毒品,178
2020,桃園市,龍潭區,汽車竊盜,4
2020,桃園市,龜山區,住宅竊盜,14
2020,桃園市,龜山區,搶奪,1
2020,桃園市,龜山區,機車竊盜,21
2020,桃園市,龜山區,毒品,423
2020,桃園市,龜山區,汽車竊盜,19
2020,澎湖縣,望安鄉,住宅竊盜,2
2020,澎湖縣,湖西鄉,住宅竊盜,6
2020,澎湖縣,湖西鄉,毒品,4
2020,澎湖縣,白沙鄉,住宅竊盜,3
2020,澎湖縣,西嶼鄉,住宅竊盜,4
2020,澎湖縣,西嶼鄉,強制性交,1
2020,澎湖縣,西嶼鄉,機車竊盜,1
2020,澎湖縣,馬公市,住宅竊盜,24
2020,澎湖縣,馬公市,強制性交,3
2020,澎湖縣,馬公市,強盜,1
2020,澎湖縣,馬公市,機車竊盜,2
2020,澎湖縣,馬公市,毒品,21
2020,澎湖縣,馬公市,汽車竊盜,1
2020,臺中市,中區,強盜,1
2020,臺中市,中區,機車竊盜,8
2020,臺中市,中區,毒品,120
2020,臺中市,中區,汽車竊盜,1
2020,臺中市,北區,住宅竊盜,4
2020,臺中市,北區,強盜,1
2020,臺中市,北區,搶奪,2
2020,臺中市,北區,機車竊盜,16
2020,臺中市,北區,毒品,345
2020,臺中市,北區,汽車竊盜,1
2020,臺中市,北屯區,住宅竊盜,5
2020,臺中市,北屯區,強盜,2
2020,臺中市,北屯區,機車竊盜,22
2020,臺中市,北屯區,毒品,352
2020,臺中市,北屯區,汽車竊盜,11
2020,臺中市,南區,住宅竊盜,6
2020,臺中市,南區,搶奪,1
2020,臺中市,南區,機車竊盜,11
2020,臺中市,南區,毒品,48
2020,臺中市,南區,汽車竊盜,2
2020,臺中市,南屯區,住宅竊盜,3
2020,臺中市,南屯區,強盜,1
2020,臺中市,南屯區,機車竊盜,3
2020,臺中市,南屯區,毒品,108
2020,臺中市,南屯區,汽車竊盜,2
2020,臺中市,后里區,機車竊盜,5
2020,臺中市,后里區,毒品,47
2020,臺中市,后里區,汽車竊盜,4
2020,臺中市,和平區,強制性交,1
2020,臺中市,和平區,毒品,3
2020,臺中市,外埔區,住宅竊盜,1
2020,臺中市,外埔區,機車竊盜,1
2020,臺中市,外埔區,毒品,11
2020,臺中市,大安區,機車竊盜,2
2020,臺中市,大安區,毒品,6
2020,臺中市,大安區,汽車竊盜,1
2020,臺中市,大甲區,搶奪,1
2020,臺中市,大甲區,機車竊盜,4
2020,臺中市,大甲區,毒品,44
2020,臺中市,大甲區,汽車竊盜,3
2020,臺中市,大肚區,住宅竊盜,4
2020,臺中市,大肚區,強制性交,1
2020,臺中市,大肚區,毒品,17
2020,臺中市,大肚區,汽車竊盜,4
2020,臺中市,大里區,住宅竊盜,1
2020,臺中市,大里區,強制性交,1
2020,臺中市,大里區,強盜,1
2020,臺中市,大里區,機車竊盜,13
2020,臺中市,大里區,毒品,165
2020,臺中市,大里區,汽車竊盜,5
2020,臺中市,大雅區,住宅竊盜,5
2020,臺中市,大雅區,強盜,2
2020,臺中市,大雅區,機車竊盜,3
2020,臺中市,大雅區,毒品,66
2020,臺中市,大雅區,汽車竊盜,2
2020,臺中市,太平區,住宅竊盜,4
2020,臺中市,太平區,強盜,1
2020,臺中市,太平區,機車竊盜,22
2020,臺中市,太平區,毒品,146
2020,臺中市,太平區,汽車竊盜,1
2020,臺中市,新社區,機車竊盜,1
2020,臺中市,新社區,毒品,6
2020,臺中市,新社區,汽車竊盜,1
2020,臺中市,東勢區,住宅竊盜,2
2020,臺中市,東勢區,機車竊盜,2
2020,臺中市,東勢區,毒品,17
2020,臺中市,東勢區,汽車竊盜,1
2020,臺中市,東區,住宅竊盜,2
2020,臺中市,東區,機車竊盜,18
2020,臺中市,東區,毒品,89
2020,臺中市,東區,汽車竊盜,3
2020,臺中市,梧棲區,住宅竊盜,1
2020,臺中市,梧棲區,強制性交,1
2020,臺中市,梧棲區,機車竊盜,2
2020,臺中市,梧棲區,毒品,34
2020,臺中市,梧棲區,汽車竊盜,8
2020,臺中市,沙鹿區,強盜,1
2020,臺中市,沙鹿區,搶奪,1
2020,臺中市,沙鹿區,機車竊盜,4
2020,臺中市,沙鹿區,毒品,61
2020,臺中市,沙鹿區,汽車竊盜,10
2020,臺中市,清水區,機車竊盜,5
2020,臺中市,清水區,毒品,48
2020,臺中市,清水區,汽車竊盜,6
2020,臺中市,潭子區,住宅竊盜,9
2020,臺中市,潭子區,強盜,1
2020,臺中市,潭子區,搶奪,2
2020,臺中市,潭子區,機車竊盜,6
2020,臺中市,潭子區,毒品,76
2020,臺中市,潭子區,汽車竊盜,2
2020,臺中市,烏日區,住宅竊盜,1
2020,臺中市,烏日區,機車竊盜,3
2020,臺中市,烏日區,毒品,69
2020,臺中市,烏日區,汽車竊盜,2
2020,臺中市,石岡區,毒品,4
2020,臺中市,石岡區,汽車竊盜,2
2020,臺中市,神岡區,住宅竊盜,3
2020,臺中市,神岡區,機車竊盜,1
2020,臺中市,神岡區,毒品,27
2020,臺中市,神岡區,汽車竊盜,1
2020,臺中市,西區,搶奪,1
2020,臺中市,西區,機車竊盜,8
2020,臺中市,西區,毒品,99
2020,臺中市,西區,汽車竊盜,1
2020,臺中市,西屯區,住宅竊盜,9
2020,臺中市,西屯區,強盜,1
2020,臺中市,西屯區,機車竊盜,16
2020,臺中市,西屯區,毒品,395
2020,臺中市,西屯區,汽車竊盜,7
2020,臺中市,豐原區,住宅竊盜,6
2020,臺中市,豐原區,強制性交,2
2020,臺中市,豐原區,強盜,1
2020,臺中市,豐原區,機車竊盜,11
2020,臺中市,豐原區,毒品,82
2020,臺中市,豐原區,汽車竊盜,4
2020,臺中市,霧峰區,機車竊盜,6
2020,臺中市,霧峰區,毒品,29
2020,臺中市,霧峰區,汽車竊盜,1
2020,臺中市,龍井區,住宅竊盜,4
2020,臺中市,龍井區,強盜,1
2020,臺中市,龍井區,機車竊盜,1
2020,臺中市,龍井區,毒品,35
2020,臺中市,龍井區,汽車竊盜,5
2020,臺北市,中山區,住宅竊盜,21
2020,臺北市,中山區,強制性交,1
2020,臺北市,中山區,強盜,3
2020,臺北市,中山區,搶奪,2
2020,臺北市,中山區,機車竊盜,8
2020,臺北市,中山區,毒品,398
2020,臺北市,中山區,汽車竊盜,3
2020,臺北市,中山區,組織犯罪防制條例,1
2020,臺北市,中正區,住宅竊盜,20
2020,臺北市,中正區,強制性交,1
2020,臺北市,中正區,搶奪,1
2020,臺北市,中正區,機車竊盜,13
2020,臺北市,中正區,毒品,157
2020,臺北市,中正區,汽車竊盜,2
2020,臺北市,信義區,住宅竊盜,16
2020,臺北市,信義區,強盜,1
2020,臺北市,信義區,機車竊盜,6
2020,臺北市,信義區,毒品,194
2020,臺北市,信義區,汽車竊盜,1
2020,臺北市,內湖區,住宅竊盜,28
2020,臺北市,內湖區,搶奪,1
2020,臺北市,內湖區,機車竊盜,4
2020,臺北市,內湖區,毒品,119
2020,臺北市,北投區,住宅竊盜,17
2020,臺北市,北投區,強制性交,1
2020,臺北市,北投區,強盜,1
2020,臺北市,北投區,機車竊盜,25
2020,臺北市,北投區,毒品,167
2020,臺北市,北投區,汽車竊盜,9
2020,臺北市,南港區,住宅竊盜,15
2020,臺北市,南港區,強制性交,2
2020,臺北市,南港區,強盜,1
2020,臺北市,南港區,搶奪,1
2020,臺北市,南港區,機車竊盜,5
2020,臺北市,南港區,毒品,70
2020,臺北市,南港區,汽車竊盜,1
2020,臺北市,士林區,住宅竊盜,28
2020,臺北市,士林區,強盜,1
2020,臺北市,士林區,搶奪,1
2020,臺北市,士林區,機車竊盜,27
2020,臺北市,士林區,毒品,212
2020,臺北市,士林區,汽車竊盜,5
2020,臺北市,士林區,組織犯罪防制條例,2
2020,臺北市,大同區,住宅竊盜,10
2020,臺北市,大同區,強盜,2
2020,臺北市,大同區,搶奪,2
2020,臺北市,大同區,機車竊盜,12
2020,臺北市,大同區,毒品,329
2020,臺北市,大同區,汽車竊盜,6
2020,臺北市,大安區,住宅竊盜,22
2020,臺北市,大安區,強盜,1
2020,臺北市,大安區,搶奪,1
2020,臺北市,大安區,機車竊盜,10
2020,臺北市,大安區,毒品,417
2020,臺北市,大安區,汽車竊盜,1
2020,臺北市,文山區,住宅竊盜,14
2020,臺北市,文山區,搶奪,1
2020,臺北市,文山區,機車竊盜,8
2020,臺北市,文山區,毒品,160
2020,臺北市,文山區,汽車竊盜,2
2020,臺北市,松山區,住宅竊盜,15
2020,臺北市,松山區,強制性交,2
2020,臺北市,松山區,強盜,1
2020,臺北市,松山區,機車竊盜,3
2020,臺北市,松山區,毒品,264
2020,臺北市,松山區,汽車竊盜,3
2020,臺北市,萬華區,住宅竊盜,37
2020,臺北市,萬華區,強盜,3
2020,臺北市,萬華區,搶奪,4
2020,臺北市,萬華區,機車竊盜,26
2020,臺北市,萬華區,毒品,852
2020,臺北市,萬華區,汽車竊盜,2
2020,臺南市,七股區,強盜,1
2020,臺南市,七股區,毒品,5
2020,臺南市,七股區,汽車竊盜,1
2020,臺南市,下營區,住宅竊盜,8
2020,臺南市,下營區,毒品,3
2020,臺南市,中西區,住宅竊盜,4
2020,臺南市,中西區,強制性交,2
2020,臺南市,中西區,搶奪,2
2020,臺南市,中西區,機車竊盜,7
2020,臺南市,中西區,毒品,152
2020,臺南市,中西區,汽車竊盜,3
2020,臺南市,仁德區,住宅竊盜,9
2020,臺南市,仁德區,強制性交,1
2020,臺南市,仁德區,強盜,1
2020,臺南市,仁德區,機車竊盜,5
2020,臺南市,仁德區,毒品,87
2020,臺南市,仁德區,汽車竊盜,2
2020,臺南市,佳里區,住宅竊盜,5
2020,臺南市,佳里區,機車竊盜,4
2020,臺南市,佳里區,毒品,26
2020,臺南市,佳里區,汽車竊盜,2
2020,臺南市,六甲區,住宅竊盜,7
2020,臺南市,六甲區,機車竊盜,1
2020,臺南市,六甲區,毒品,24
2020,臺南市,北區,住宅竊盜,22
2020,臺南市,北區,強制性交,2
2020,臺南市,北區,強盜,2
2020,臺南市,北區,搶奪,2
2020,臺南市,北區,機車竊盜,9
2020,臺南市,北區,毒品,195
2020,臺南市,北區,汽車竊盜,3
2020,臺南市,北門區,住宅竊盜,1
2020,臺南市,北門區,毒品,12
2020,臺南市,南化區,機車竊盜,1
2020,臺南市,南化區,毒品,7
2020,臺南市,南區,住宅竊盜,6
2020,臺南市,南區,強盜,2
2020,臺南市,南區,搶奪,3
2020,臺南市,南區,機車竊盜,5
2020,臺南市,南區,毒品,90
2020,臺南市,南區,汽車竊盜,6
2020,臺南市,善化區,住宅竊盜,8
2020,臺南市,善化區,機車竊盜,1
2020,臺南市,善化區,毒品,26
2020,臺南市,大內區,毒品,3
2020,臺南市,學甲區,住宅竊盜,6
2020,臺南市,學甲區,搶奪,1
2020,臺南市,學甲區,毒品,31
2020,臺南市,學甲區,汽車竊盜,2
2020,臺南市,安南區,住宅竊盜,2
2020,臺南市,安南區,強制性交,1
2020,臺南市,安南區,強盜,1
2020,臺南市,安南區,搶奪,2
2020,臺南市,安南區,機車竊盜,12
2020,臺南市,安南區,毒品,208
2020,臺南市,安南區,汽車竊盜,5
2020,臺南市,安定區,機車竊盜,2
2020,臺南市,安定區,毒品,39
2020,臺南市,安定區,汽車竊盜,2
2020,臺南市,安平區,住宅竊盜,7
2020,臺南市,安平區,強盜,1
2020,臺南市,安平區,搶奪,1
2020,臺南市,安平區,機車竊盜,3
2020,臺南市,安平區,毒品,41
2020,臺南市,安平區,汽車竊盜,2
2020,臺南市,官田區,住宅竊盜,3
2020,臺南市,官田區,機車竊盜,1
2020,臺南市,官田區,毒品,17
2020,臺南市,官田區,汽車竊盜,1
2020,臺南市,將軍區,住宅竊盜,2
2020,臺南市,將軍區,強制性交,1
2020,臺南市,將軍區,毒品,8
2020,臺南市,山上區,搶奪,1
2020,臺南市,山上區,毒品,7
2020,臺南市,左鎮區,毒品,2
2020,臺南市,後壁區,住宅竊盜,4
2020,臺南市,後壁區,強盜,1
2020,臺南市,後壁區,機車竊盜,1
2020,臺南市,後壁區,毒品,16
2020,臺南市,後壁區,汽車竊盜,1
2020,臺南市,新化區,強盜,1
2020,臺南市,新化區,機車竊盜,1
2020,臺南市,新化區,毒品,34
2020,臺南市,新市區,住宅竊盜,8
2020,臺南市,新市區,強制性交,1
2020,臺南市,新市區,強盜,2
2020,臺南市,新市區,機車竊盜,1
2020,臺南市,新市區,毒品,48
2020,臺南市,新營區,住宅竊盜,9
2020,臺南市,新營區,強盜,1
2020,臺南市,新營區,搶奪,3
2020,臺南市,新營區,機車竊盜,3
2020,臺南市,新營區,毒品,59
2020,臺南市,東區,住宅竊盜,9
2020,臺南市,東區,強制性交,2
2020,臺南市,東區,搶奪,2
2020,臺南市,東區,機車竊盜,9
2020,臺南市,東區,毒品,123
2020,臺南市,東區,汽車竊盜,2
2020,臺南市,東山區,住宅竊盜,6
2020,臺南市,東山區,毒品,12
2020,臺南市,東山區,汽車竊盜,1
2020,臺南市,柳營區,住宅竊盜,3
2020,臺南市,柳營區,毒品,3
2020,臺南市,柳營區,汽車竊盜,1
2020,臺南市,楠西區,住宅竊盜,1
2020,臺南市,楠西區,毒品,3
2020,臺南市,歸仁區,住宅竊盜,9
2020,臺南市,歸仁區,強盜,1
2020,臺南市,歸仁區,機車竊盜,2
2020,臺南市,歸仁區,毒品,61
2020,臺南市,歸仁區,汽車竊盜,2
2020,臺南市,永康區,住宅竊盜,6
2020,臺南市,永康區,搶奪,1
2020,臺南市,永康區,機車竊盜,3
2020,臺南市,永康區,毒品,448
2020,臺南市,永康區,汽車竊盜,6
2020,臺南市,玉井區,住宅竊盜,8
2020,臺南市,玉井區,毒品,18
2020,臺南市,白河區,住宅竊盜,2
2020,臺南市,白河區,強盜,1
2020,臺南市,白河區,機車竊盜,1
2020,臺南市,白河區,毒品,18
2020,臺南市,白河區,汽車竊盜,4
2020,臺南市,西港區,住宅竊盜,2
2020,臺南市,西港區,搶奪,1
2020,臺南市,西港區,毒品,15
2020,臺南市,關廟區,住宅竊盜,4
2020,臺南市,關廟區,強制性交,1
2020,臺南市,關廟區,機車竊盜,2
2020,臺南市,關廟區,毒品,32
2020,臺南市,關廟區,汽車竊盜,1
2020,臺南市,鹽水區,住宅竊盜,1
2020,臺南市,鹽水區,機車竊盜,2
2020,臺南市,鹽水區,毒品,19
2020,臺南市,鹽水區,汽車竊盜,2
2020,臺南市,麻豆區,住宅竊盜,2
2020,臺南市,麻豆區,機車竊盜,1
2020,臺南市,麻豆區,毒品,23
2020,臺南市,麻豆區,汽車竊盜,1
2020,臺南市,龍崎區,住宅竊盜,1
2020,臺南市,龍崎區,毒品,5
2020,臺南市,龍崎區,汽車竊盜,1
2020,臺東縣,卑南鄉,毒品,17
2020,臺東縣,大武鄉,毒品,3
2020,臺東縣,太麻里鄉,強制性交,1
2020,臺東縣,太麻里鄉,毒品,3
2020,臺東縣,成功鎮,機車竊盜,1
2020,臺東縣,成功鎮,毒品,5
2020,臺東縣,東河鄉,毒品,1
2020,臺東縣,池上鄉,毒品,6
2020,臺東縣,海端鄉,機車竊盜,2
2020,臺東縣,海端鄉,毒品,1
2020,臺東縣,臺東市,住宅竊盜,1
2020,臺東縣,臺東市,機車竊盜,5
2020,臺東縣,臺東市,毒品,194
2020,臺東縣,臺東市,汽車竊盜,4
2020,臺東縣,長濱鄉,毒品,1
2020,臺東縣,關山鎮,毒品,3
2020,臺東縣,鹿野鄉,毒品,4
2020,花蓮縣,光復鄉,住宅竊盜,1
2020,花蓮縣,光復鄉,毒品,17
2020,花蓮縣,卓溪鄉,毒品,1
2020,花蓮縣,吉安鄉,住宅竊盜,12
2020,花蓮縣,吉安鄉,強制性交,1
2020,花蓮縣,吉安鄉,搶奪,1
2020,花蓮縣,吉安鄉,機車竊盜,7
2020,花蓮縣,吉安鄉,毒品,93
2020,花蓮縣,吉安鄉,汽車竊盜,5
2020,花蓮縣,壽豐鄉,住宅竊盜,2
2020,花蓮縣,壽豐鄉,搶奪,1
2020,花蓮縣,壽豐鄉,機車竊盜,2
2020,花蓮縣,壽豐鄉,毒品,18
2020,花蓮縣,富里鄉,毒品,10
2020,花蓮縣,新城鄉,住宅竊盜,5
2020,花蓮縣,新城鄉,機車竊盜,2
2020,花蓮縣,新城鄉,毒品,26
2020,花蓮縣,新城鄉,汽車竊盜,1
2020,花蓮縣,玉里鎮,強盜,1
2020,花蓮縣,玉里鎮,機車竊盜,1
2020,花蓮縣,玉里鎮,毒品,31
2020,花蓮縣,瑞穗鄉,強盜,1
2020,花蓮縣,瑞穗鄉,機車竊盜,3
2020,花蓮縣,瑞穗鄉,毒品,16
2020,花蓮縣,瑞穗鄉,汽車竊盜,1
2020,花蓮縣,秀林鄉,住宅竊盜,2
2020,花蓮縣,秀林鄉,毒品,24
2020,花蓮縣,秀林鄉,汽車竊盜,1
2020,花蓮縣,花蓮市,住宅竊盜,5
2020,花蓮縣,花蓮市,強制性交,1
2020,花蓮縣,花蓮市,機車竊盜,12
2020,花蓮縣,花蓮市,毒品,127
2020,花蓮縣,花蓮市,汽車竊盜,4
2020,花蓮縣,萬榮鄉,住宅竊盜,2
2020,花蓮縣,萬榮鄉,強盜,1
2020,花蓮縣,萬榮鄉,毒品,1
2020,花蓮縣,鳳林鎮,住宅竊盜,1
2020,花蓮縣,鳳林鎮,毒品,8
2020,苗栗縣,三灣鄉,住宅竊盜,2
2020,苗栗縣,三灣鄉,機車竊盜,1
2020,苗栗縣,三灣鄉,毒品,4
2020,苗栗縣,三義鄉,住宅竊盜,1
2020,苗栗縣,三義鄉,毒品,24
2020,苗栗縣,三義鄉,汽車竊盜,2
2020,苗栗縣,公館鄉,住宅竊盜,2
2020,苗栗縣,公館鄉,強制性交,1
2020,苗栗縣,公館鄉,機車竊盜,2
2020,苗栗縣,公館鄉,毒品,38
2020,苗栗縣,公館鄉,汽車竊盜,1
2020,苗栗縣,卓蘭鎮,住宅竊盜,1
2020,苗栗縣,卓蘭鎮,毒品,17
2020,苗栗縣,南庄鄉,毒品,11
2020,苗栗縣,大湖鄉,住宅竊盜,3
2020,苗栗縣,大湖鄉,毒品,32
2020,苗栗縣,後龍鎮,住宅竊盜,10
2020,苗栗縣,後龍鎮,強制性交,1
2020,苗栗縣,後龍鎮,強盜,1
2020,苗栗縣,後龍鎮,機車竊盜,2
2020,苗栗縣,後龍鎮,毒品,30
2020,苗栗縣,後龍鎮,汽車竊盜,3
2020,苗栗縣,泰安鄉,毒品,6
2020,苗栗縣,獅潭鄉,毒品,3
2020,苗栗縣,竹南鎮,住宅竊盜,10
2020,苗栗縣,竹南鎮,強制性交,2
2020,苗栗縣,竹南鎮,強盜,1
2020,苗栗縣,竹南鎮,機車竊盜,1
2020,苗栗縣,竹南鎮,毒品,123
2020,苗栗縣,竹南鎮,汽車竊盜,5
2020,苗栗縣,苑裡鎮,住宅竊盜,3
2020,苗栗縣,苑裡鎮,毒品,35
2020,苗栗縣,苗栗市,住宅竊盜,6
2020,苗栗縣,苗栗市,機車竊盜,9
2020,苗栗縣,苗栗市,毒品,95
2020,苗栗縣,苗栗市,汽車竊盜,2
2020,苗栗縣,西湖鄉,住宅竊盜,1
2020,苗栗縣,西湖鄉,強制性交,1
2020,苗栗縣,西湖鄉,搶奪,1
2020,苗栗縣,西湖鄉,毒品,12
2020,苗栗縣,西湖鄉,汽車竊盜,1
2020,苗栗縣,通霄鎮,住宅竊盜,3
2020,苗栗縣,通霄鎮,毒品,25
2020,苗栗縣,通霄鎮,汽車竊盜,1
2020,苗栗縣,造橋鄉,住宅竊盜,4
2020,苗栗縣,造橋鄉,強制性交,1
2020,苗栗縣,造橋鄉,毒品,23
2020,苗栗縣,造橋鄉,汽車竊盜,1
2020,苗栗縣,銅鑼鄉,住宅竊盜,1
2020,苗栗縣,銅鑼鄉,強盜,1
2020,苗栗縣,銅鑼鄉,毒品,23
2020,苗栗縣,頭份市,住宅竊盜,12
2020,苗栗縣,頭份市,強制性交,1
2020,苗栗縣,頭份市,搶奪,1
2020,苗栗縣,頭份市,機車竊盜,4
2020,苗栗縣,頭份市,毒品,95
2020,苗栗縣,頭份市,汽車竊盜,6
2020,苗栗縣,頭屋鄉,機車竊盜,1
2020,苗栗縣,頭屋鄉,毒品,2
2020,連江縣,北竿鄉,住宅竊盜,1
2020,連江縣,南竿鄉,毒品,6
2020,金門縣,烈嶼鄉,汽車竊盜,1
2020,金門縣,金城鎮,住宅竊盜,12
2020,金門縣,金城鎮,機車竊盜,3
2020,金門縣,金城鎮,毒品,18
2020,金門縣,金城鎮,汽車竊盜,1
2020,金門縣,金寧鄉,住宅竊盜,8
2020,金門縣,金寧鄉,毒品,7
2020,金門縣,金寧鄉,汽車竊盜,1
2020,金門縣,金沙鎮,住宅竊盜,4
2020,金門縣,金沙鎮,毒品,9
2020,金門縣,金湖鎮,住宅竊盜,9
2020,金門縣,金湖鎮,強制性交,1
2020,金門縣,金湖鎮,毒品,10
2020,金門縣,金湖鎮,汽車竊盜,1
2020,雲林縣,二崙鄉,住宅竊盜,1
2020,雲林縣,二崙鄉,機車竊盜,1
2020,雲林縣,二崙鄉,毒品,10
2020,雲林縣,二崙鄉,汽車竊盜,1
2020,雲林縣,元長鄉,住宅竊盜,3
2020,雲林縣,元長鄉,強盜,1
2020,雲林縣,元長鄉,搶奪,1
2020,雲林縣,元長鄉,毒品,10
2020,雲林縣,元長鄉,汽車竊盜,1
2020,雲林縣,北港鎮,住宅竊盜,1
2020,雲林縣,北港鎮,強制性交,1
2020,雲林縣,北港鎮,機車竊盜,2
2020,雲林縣,北港鎮,毒品,33
2020,雲林縣,北港鎮,汽車竊盜,2
2020,雲林縣,口湖鄉,住宅竊盜,1
2020,雲林縣,口湖鄉,強制性交,2
2020,雲林縣,口湖鄉,毒品,4
2020,雲林縣,口湖鄉,汽車竊盜,1
2020,雲林縣,古坑鄉,住宅竊盜,5
2020,雲林縣,古坑鄉,強盜,1
2020,雲林縣,古坑鄉,機車竊盜,3
2020,雲林縣,古坑鄉,毒品,34
2020,雲林縣,四湖鄉,住宅竊盜,1
2020,雲林縣,四湖鄉,強制性交,1
2020,雲林縣,四湖鄉,機車竊盜,1
2020,雲林縣,四湖鄉,毒品,19
2020,雲林縣,土庫鎮,住宅竊盜,2
2020,雲林縣,土庫鎮,機車竊盜,1
2020,雲林縣,土庫鎮,毒品,18
2020,雲林縣,土庫鎮,汽車竊盜,1
2020,雲林縣,大埤鄉,住宅竊盜,2
2020,雲林縣,大埤鄉,毒品,18
2020,雲林縣,崙背鄉,住宅竊盜,1
2020,雲林縣,崙背鄉,機車竊盜,1
2020,雲林縣,崙背鄉,毒品,8
2020,雲林縣,斗六市,住宅竊盜,27
2020,雲林縣,斗六市,強制性交,1
2020,雲林縣,斗六市,強盜,3
2020,雲林縣,斗六市,機車竊盜,4
2020,雲林縣,斗六市,毒品,138
2020,雲林縣,斗六市,汽車竊盜,4
2020,雲林縣,斗六市,組織犯罪防制條例,1
2020,雲林縣,斗南鎮,住宅竊盜,7
2020,雲林縣,斗南鎮,機車竊盜,4
2020,雲林縣,斗南鎮,毒品,27
2020,雲林縣,斗南鎮,汽車竊盜,5
2020,雲林縣,東勢鄉,毒品,11
2020,雲林縣,林內鄉,住宅竊盜,5
2020,雲林縣,林內鄉,機車竊盜,1
2020,雲林縣,林內鄉,毒品,7
2020,雲林縣,林內鄉,汽車竊盜,1
2020,雲林縣,水林鄉,強制性交,1
2020,雲林縣,水林鄉,機車竊盜,1
2020,雲林縣,水林鄉,毒品,16
2020,雲林縣,臺西鄉,毒品,39
2020,雲林縣,臺西鄉,汽車竊盜,1
2020,雲林縣,莿桐鄉,住宅竊盜,3
2020,雲林縣,莿桐鄉,機車竊盜,3
2020,雲林縣,莿桐鄉,毒品,22
2020,雲林縣,虎尾鎮,住宅竊盜,11
2020,雲林縣,虎尾鎮,機車竊盜,10
2020,雲林縣,虎尾鎮,毒品,87
2020,雲林縣,虎尾鎮,汽車竊盜,10
2020,雲林縣,褒忠鄉,住宅竊盜,1
2020,雲林縣,褒忠鄉,機車竊盜,2
2020,雲林縣,褒忠鄉,毒品,16
2020,雲林縣,褒忠鄉,汽車竊盜,1
2020,雲林縣,西螺鎮,住宅竊盜,5
2020,雲林縣,西螺鎮,搶奪,1
2020,雲林縣,西螺鎮,機車竊盜,2
2020,雲林縣,西螺鎮,毒品,31
2020,雲林縣,西螺鎮,汽車竊盜,2
2020,雲林縣,麥寮鄉,強制性交,1
2020,雲林縣,麥寮鄉,搶奪,2
2020,雲林縣,麥寮鄉,機車竊盜,1
2020,雲林縣,麥寮鄉,毒品,73
2020,雲林縣,麥寮鄉,汽車竊盜,3
2020,高雄市,三民區,住宅竊盜,12
2020,高雄市,三民區,強制性交,7
2020,高雄市,三民區,強盜,4
2020,高雄市,三民區,搶奪,2
2020,高雄市,三民區,機車竊盜,29
2020,高雄市,三民區,毒品,337
2020,高雄市,三民區,汽車竊盜,7
2020,高雄市,仁武區,機車竊盜,3
2020,高雄市,仁武區,毒品,69
2020,高雄市,仁武區,汽車竊盜,10
2020,高雄市,內門區,住宅竊盜,1
2020,高雄市,內門區,毒品,8
2020,高雄市,六龜區,毒品,20
2020,高雄市,前金區,住宅竊盜,2
2020,高雄市,前金區,機車竊盜,5
2020,高雄市,前金區,毒品,57
2020,高雄市,前鎮區,住宅竊盜,3
2020,高雄市,前鎮區,強制性交,1
2020,高雄市,前鎮區,強盜,1
2020,高雄市,前鎮區,搶奪,4
2020,高雄市,前鎮區,機車竊盜,13
2020,高雄市,前鎮區,毒品,135
2020,高雄市,前鎮區,汽車竊盜,3
2020,高雄市,大寮區,強制性交,2
2020,高雄市,大寮區,強盜,2
2020,高雄市,大寮區,搶奪,2
2020,高雄市,大寮區,機車竊盜,12
2020,高雄市,大寮區,毒品,93
2020,高雄市,大寮區,汽車竊盜,5
2020,高雄市,大樹區,強制性交,1
2020,高雄市,大樹區,機車竊盜,2
2020,高雄市,大樹區,毒品,48
2020,高雄市,大社區,住宅竊盜,1
2020,高雄市,大社區,強盜,2
2020,高雄市,大社區,搶奪,1
2020,高雄市,大社區,機車竊盜,4
2020,高雄市,大社區,毒品,41
2020,高雄市,大社區,汽車竊盜,2
2020,高雄市,小港區,強制性交,3
2020,高雄市,小港區,機車竊盜,11
2020,高雄市,小港區,毒品,138
2020,高雄市,岡山區,強制性交,2
2020,高雄市,岡山區,強盜,1
2020,高雄市,岡山區,搶奪,2
2020,高雄市,岡山區,機車竊盜,4
2020,高雄市,岡山區,毒品,91
2020,高雄市,岡山區,汽車竊盜,5
2020,高雄市,左營區,住宅竊盜,8
2020,高雄市,左營區,強制性交,1
2020,高雄市,左營區,搶奪,2
2020,高雄市,左營區,機車竊盜,13
2020,高雄市,左營區,毒品,114
2020,高雄市,左營區,汽車竊盜,3
2020,高雄市,彌陀區,搶奪,2
2020,高雄市,彌陀區,毒品,8
2020,高雄市,新興區,住宅竊盜,1
2020,高雄市,新興區,強制性交,2
2020,高雄市,新興區,搶奪,3
2020,高雄市,新興區,機車竊盜,4
2020,高雄市,新興區,毒品,128
2020,高雄市,新興區,汽車竊盜,1
2020,高雄市,旗山區,住宅竊盜,3
2020,高雄市,旗山區,強制性交,1
2020,高雄市,旗山區,機車竊盜,2
2020,高雄市,旗山區,毒品,46
2020,高雄市,旗山區,汽車竊盜,7
2020,高雄市,旗津區,搶奪,1
2020,高雄市,旗津區,機車竊盜,4
2020,高雄市,旗津區,毒品,42
2020,高雄市,杉林區,住宅竊盜,4
2020,高雄市,杉林區,強制性交,1
2020,高雄市,杉林區,毒品,36
2020,高雄市,杉林區,汽車竊盜,1
2020,高雄市,林園區,機車竊盜,4
2020,高雄市,林園區,毒品,72
2020,高雄市,林園區,汽車竊盜,2
2020,高雄市,梓官區,毒品,26
2020,高雄市,梓官區,汽車竊盜,1
2020,高雄市,楠梓區,強制性交,1
2020,高雄市,楠梓區,搶奪,1
2020,高雄市,楠梓區,機車竊盜,6
2020,高雄市,楠梓區,毒品,92
2020,高雄市,楠梓區,汽車竊盜,10
2020,高雄市,橋頭區,強盜,1
2020,高雄市,橋頭區,機車竊盜,1
2020,高雄市,橋頭區,毒品,35
2020,高雄市,橋頭區,汽車竊盜,1
2020,高雄市,永安區,毒品,8
2020,高雄市,湖內區,住宅竊盜,3
2020,高雄市,湖內區,搶奪,1
2020,高雄市,湖內區,機車竊盜,1
2020,高雄市,湖內區,毒品,30
2020,高雄市,湖內區,汽車竊盜,1
2020,高雄市,燕巢區,搶奪,1
2020,高雄市,燕巢區,機車竊盜,1
2020,高雄市,燕巢區,毒品,21
2020,高雄市,田寮區,毒品,3
2020,高雄市,甲仙區,機車竊盜,1
2020,高雄市,甲仙區,毒品,3
2020,高雄市,甲仙區,汽車竊盜,1
2020,高雄市,美濃區,機車竊盜,3
2020,高雄市,美濃區,毒品,40
2020,高雄市,美濃區,汽車竊盜,3
2020,高雄市,苓雅區,住宅竊盜,3
2020,高雄市,苓雅區,強制性交,3
2020,高雄市,苓雅區,強盜,2
2020,高雄市,苓雅區,搶奪,4
2020,高雄市,苓雅區,機車竊盜,15
2020,高雄市,苓雅區,毒品,187
2020,高雄市,茄萣區,住宅竊盜,2
2020,高雄市,茄萣區,強制性交,1
2020,高雄市,茄萣區,搶奪,1
2020,高雄市,茄萣區,機車竊盜,2
2020,高雄市,茄萣區,毒品,19
2020,高雄市,茄萣區,汽車竊盜,1
2020,高雄市,路竹區,強盜,1
2020,高雄市,路竹區,機車竊盜,2
2020,高雄市,路竹區,毒品,91
2020,高雄市,阿蓮區,住宅竊盜,1
2020,高雄市,阿蓮區,機車竊盜,2
2020,高雄市,阿蓮區,毒品,25
2020,高雄市,鳥松區,強制性交,1
2020,高雄市,鳥松區,機車竊盜,2
2020,高雄市,鳥松區,毒品,64
2020,高雄市,鳥松區,汽車竊盜,3
2020,高雄市,鳳山區,住宅竊盜,5
2020,高雄市,鳳山區,強制性交,3
2020,高雄市,鳳山區,搶奪,2
2020,高雄市,鳳山區,毒品,311
2020,高雄市,鳳山區,汽車竊盜,18
2020,高雄市,鹽埕區,機車竊盜,3
2020,高雄市,鹽埕區,毒品,17
2020,高雄市,鼓山區,住宅竊盜,2
2020,高雄市,鼓山區,強制性交,1
2020,高雄市,鼓山區,機車竊盜,2
2020,高雄市,鼓山區,毒品,89
2020,高雄市,鼓山區,汽車竊盜,1
2021,南投縣,中寮鄉,住宅竊盜,1
2021,南投縣,中寮鄉,機車竊盜,1
2021,南投縣,中寮鄉,毒品,3
2021,南投縣,仁愛鄉,住宅竊盜,2
2021,南投縣,仁愛鄉,強盜,1
2021,南投縣,仁愛鄉,毒品,23
2021,南投縣,信義鄉,住宅竊盜,2
2021,南投縣,信義鄉,機車竊盜,1
2021,南投縣,信義鄉,毒品,1
2021,南投縣,信義鄉,汽車竊盜,1
2021,南投縣,南投市,住宅竊盜,7
2021,南投縣,南投市,強制性交,3
2021,南投縣,南投市,強盜,2
2021,南投縣,南投市,搶奪,1
2021,南投縣,南投市,機車竊盜,11
2021,南投縣,南投市,毒品,100
2021,南投縣,南投市,汽車竊盜,4
2021,南投縣,名間鄉,住宅竊盜,4
2021,南投縣,名間鄉,機車竊盜,4
2021,南投縣,名間鄉,毒品,23
2021,南投縣,名間鄉,汽車竊盜,1
2021,南投縣,國姓鄉,機車竊盜,3
2021,南投縣,國姓鄉,毒品,12
2021,南投縣,國姓鄉,汽車竊盜,2
2021,南投縣,埔里鎮,住宅竊盜,26
2021,南投縣,埔里鎮,機車竊盜,12
2021,南投縣,埔里鎮,毒品,92
2021,南投縣,埔里鎮,汽車竊盜,2
2021,南投縣,水里鄉,住宅竊盜,2
2021,南投縣,水里鄉,機車竊盜,3
2021,南投縣,水里鄉,毒品,18
2021,南投縣,水里鄉,汽車竊盜,1
2021,南投縣,竹山鎮,住宅竊盜,18
2021,南投縣,竹山鎮,機車竊盜,5
2021,南投縣,竹山鎮,毒品,32
2021,南投縣,竹山鎮,汽車竊盜,4
2021,南投縣,草屯鎮,住宅竊盜,48
2021,南投縣,草屯鎮,強制性交,1
2021,南投縣,草屯鎮,搶奪,1
2021,南投縣,草屯鎮,機車竊盜,4
2021,南投縣,草屯鎮,毒品,59
2021,南投縣,草屯鎮,汽車竊盜,3
2021,南投縣,集集鎮,住宅竊盜,1
2021,南投縣,集集鎮,毒品,11
2021,南投縣,集集鎮,汽車竊盜,1
2021,南投縣,魚池鄉,強盜,1
2021,南投縣,魚池鄉,毒品,17
2021,南投縣,魚池鄉,汽車竊盜,1
2021,南投縣,鹿谷鄉,住宅竊盜,6
2021,南投縣,鹿谷鄉,毒品,16
2021,南投縣,鹿谷鄉,汽車竊盜,1
2021,嘉義市,東區,住宅竊盜,3
2021,嘉義市,東區,強盜,1
2021,嘉義市,東區,機車竊盜,2
2021,嘉義市,東區,毒品,161
2021,嘉義市,西區,住宅竊盜,7
2021,嘉義市,西區,強制性交,2
2021,嘉義市,西區,強盜,2
2021,嘉義市,西區,機車竊盜,6
2021,嘉義市,西區,毒品,268
2021,嘉義市,西區,汽車竊盜,4
2021,嘉義縣,中埔鄉,強制性交,1
2021,嘉義縣,中埔鄉,強盜,1
2021,嘉義縣,中埔鄉,毒品,39
2021,嘉義縣,六腳鄉,住宅竊盜,1
2021,嘉義縣,六腳鄉,機車竊盜,1
2021,嘉義縣,六腳鄉,毒品,22
2021,嘉義縣,六腳鄉,汽車竊盜,1
2021,嘉義縣,大林鎮,機車竊盜,3
2021,嘉義縣,大林鎮,毒品,32
2021,嘉義縣,大林鎮,汽車竊盜,2
2021,嘉義縣,太保市,住宅竊盜,1
2021,嘉義縣,太保市,強制性交,2
2021,嘉義縣,太保市,機車竊盜,4
2021,嘉義縣,太保市,毒品,33
2021,嘉義縣,太保市,汽車竊盜,3
2021,嘉義縣,布袋鎮,住宅竊盜,3
2021,嘉義縣,布袋鎮,強制性交,1
2021,嘉義縣,布袋鎮,機車竊盜,4
2021,嘉義縣,布袋鎮,毒品,8
2021,嘉義縣,布袋鎮,汽車竊盜,2
2021,嘉義縣,新港鄉,住宅竊盜,1
2021,嘉義縣,新港鄉,搶奪,1
2021,嘉義縣,新港鄉,機車竊盜,1
2021,嘉義縣,新港鄉,毒品,16
2021,嘉義縣,新港鄉,汽車竊盜,1
2021,嘉義縣,新港鄉,組織犯罪防制條例,1
2021,嘉義縣,朴子市,住宅竊盜,5
2021,嘉義縣,朴子市,強制性交,1
2021,嘉義縣,朴子市,強盜,1
2021,嘉義縣,朴子市,搶奪,3
2021,嘉義縣,朴子市,機車竊盜,3
2021,嘉義縣,朴子市,毒品,33
2021,嘉義縣,朴子市,汽車竊盜,2
2021,嘉義縣,東石鄉,住宅竊盜,2
2021,嘉義縣,東石鄉,毒品,14
2021,嘉義縣,梅山鄉,毒品,5
2021,嘉義縣,民雄鄉,住宅竊盜,4
2021,嘉義縣,民雄鄉,機車竊盜,1
2021,嘉義縣,民雄鄉,毒品,52
2021,嘉義縣,民雄鄉,汽車竊盜,2
2021,嘉義縣,水上鄉,強盜,1
2021,嘉義縣,水上鄉,機車竊盜,3
2021,嘉義縣,水上鄉,毒品,35
2021,嘉義縣,溪口鄉,住宅竊盜,1
2021,嘉義縣,溪口鄉,毒品,7
2021,嘉義縣,番路鄉,機車竊盜,1
2021,嘉義縣,番路鄉,毒品,3
2021,嘉義縣,竹崎鄉,住宅竊盜,1
2021,嘉義縣,竹崎鄉,機車竊盜,2
2021,嘉義縣,竹崎鄉,毒品,23
2021,嘉義縣,義竹鄉,住宅竊盜,1
2021,嘉義縣,義竹鄉,機車竊盜,3
2021,嘉義縣,義竹鄉,毒品,7
2021,嘉義縣,義竹鄉,汽車竊盜,1
2021,嘉義縣,鹿草鄉,機車竊盜,3
2021,嘉義縣,鹿草鄉,毒品,11
2021,基隆市,七堵區,住宅竊盜,5
2021,基隆市,七堵區,強制性交,1
2021,基隆市,七堵區,強盜,2
2021,基隆市,七堵區,機車竊盜,3
2021,基隆市,七堵區,毒品,127
2021,基隆市,七堵區,汽車竊盜,4
2021,基隆市,中山區,住宅竊盜,7
2021,基隆市,中山區,強制性交,1
2021,基隆市,中山區,強盜,3
2021,基隆市,中山區,機車竊盜,5
2021,基隆市,中山區,毒品,72
2021,基隆市,中山區,汽車竊盜,2
2021,基隆市,中正區,住宅竊盜,4
2021,基隆市,中正區,強盜,1
2021,基隆市,中正區,機車竊盜,12
2021,基隆市,中正區,毒品,108
2021,基隆市,仁愛區,住宅竊盜,6
2021,基隆市,仁愛區,強制性交,1
2021,基隆市,仁愛區,機車竊盜,17
2021,基隆市,仁愛區,毒品,192
2021,基隆市,信義區,住宅竊盜,4
2021,基隆市,信義區,強制性交,1
2021,基隆市,信義區,強盜,1
2021,基隆市,信義區,機車竊盜,4
2021,基隆市,信義區,毒品,98
2021,基隆市,信義區,汽車竊盜,2
2021,基隆市,安樂區,住宅竊盜,9
2021,基隆市,安樂區,強制性交,3
2021,基隆市,安樂區,機車竊盜,9
2021,基隆市,安樂區,毒品,59
2021,基隆市,安樂區,汽車竊盜,1
2021,基隆市,暖暖區,住宅竊盜,5
2021,基隆市,暖暖區,機車竊盜,1
2021,基隆市,暖暖區,毒品,82
2021,宜蘭縣,三星鄉,住宅竊盜,2
2021,宜蘭縣,三星鄉,毒品,18
2021,宜蘭縣,三星鄉,汽車竊盜,2
2021,宜蘭縣,五結鄉,機車竊盜,3
2021,宜蘭縣,五結鄉,毒品,40
2021,宜蘭縣,五結鄉,汽車竊盜,10
2021,宜蘭縣,冬山鄉,搶奪,1
2021,宜蘭縣,冬山鄉,機車竊盜,2
2021,宜蘭縣,冬山鄉,毒品,36
2021,宜蘭縣,冬山鄉,汽車竊盜,7
2021,宜蘭縣,南澳鄉,機車竊盜,1
2021,宜蘭縣,南澳鄉,毒品,4
2021,宜蘭縣,員山鄉,強盜,1
2021,宜蘭縣,員山鄉,機車竊盜,4
2021,宜蘭縣,員山鄉,毒品,29
2021,宜蘭縣,員山鄉,汽車竊盜,9
2021,宜蘭縣,壯圍鄉,機車竊盜,2
2021,宜蘭縣,壯圍鄉,毒品,15
2021,宜蘭縣,壯圍鄉,汽車竊盜,3
2021,宜蘭縣,大同鄉,住宅竊盜,1
2021,宜蘭縣,大同鄉,毒品,3
2021,宜蘭縣,宜蘭市,住宅竊盜,2
2021,宜蘭縣,宜蘭市,強制性交,1
2021,宜蘭縣,宜蘭市,機車竊盜,24
2021,宜蘭縣,宜蘭市,毒品,85
2021,宜蘭縣,宜蘭市,汽車竊盜,7
2021,宜蘭縣,礁溪鄉,住宅竊盜,1
2021,宜蘭縣,礁溪鄉,搶奪,1
2021,宜蘭縣,礁溪鄉,機車竊盜,1
2021,宜蘭縣,礁溪鄉,毒品,36
2021,宜蘭縣,礁溪鄉,汽車竊盜,3
2021,宜蘭縣,羅東鎮,機車竊盜,29
2021,宜蘭縣,羅東鎮,毒品,64
2021,宜蘭縣,羅東鎮,汽車竊盜,10
2021,宜蘭縣,羅東鎮,組織犯罪防制條例,1
2021,宜蘭縣,蘇澳鎮,強制性交,1
2021,宜蘭縣,蘇澳鎮,機車竊盜,5
2021,宜蘭縣,蘇澳鎮,毒品,71
2021,宜蘭縣,蘇澳鎮,汽車竊盜,8
2021,宜蘭縣,蘇澳鎮,組織犯罪防制條例,1
2021,宜蘭縣,頭城鎮,機車竊盜,2
2021,宜蘭縣,頭城鎮,毒品,29
2021,宜蘭縣,頭城鎮,汽車竊盜,3
2021,屏東縣,三地門鄉,毒品,6
2021,屏東縣,九如鄉,住宅竊盜,2
2021,屏東縣,九如鄉,毒品,20
2021,屏東縣,九如鄉,汽車竊盜,2
2021,屏東縣,佳冬鄉,機車竊盜,1
2021,屏東縣,佳冬鄉,毒品,11
2021,屏東縣,來義鄉,毒品,6
2021,屏東縣,內埔鄉,搶奪,2
2021,屏東縣,內埔鄉,機車竊盜,1
2021,屏東縣,內埔鄉,毒品,97
2021,屏東縣,內埔鄉,汽車竊盜,3
2021,屏東縣,南州鄉,住宅竊盜,1
2021,屏東縣,南州鄉,強制性交,1
2021,屏東縣,南州鄉,機車竊盜,1
2021,屏東縣,南州鄉,毒品,11
2021,屏東縣,南州鄉,汽車竊盜,1
2021,屏東縣,屏東市,住宅竊盜,2
2021,屏東縣,屏東市,強制性交,1
2021,屏東縣,屏東市,機車竊盜,23
2021,屏東縣,屏東市,毒品,233
2021,屏東縣,屏東市,汽車竊盜,7
2021,屏東縣,崁頂鄉,毒品,14
2021,屏東縣,恆春鎮,機車竊盜,3
2021,屏東縣,恆春鎮,毒品,18
2021,屏東縣,新園鄉,強盜,1
2021,屏東縣,新園鄉,機車竊盜,2
2021,屏東縣,新園鄉,毒品,32
2021,屏東縣,新園鄉,汽車竊盜,1
2021,屏東縣,新埤鄉,機車竊盜,1
2021,屏東縣,新埤鄉,毒品,6
2021,屏東縣,春日鄉,機車竊盜,1
2021,屏東縣,春日鄉,毒品,5
2021,屏東縣,春日鄉,汽車竊盜,1
2021,屏東縣,東港鎮,住宅竊盜,2
2021,屏東縣,東港鎮,機車竊盜,6
2021,屏東縣,東港鎮,毒品,59
2021,屏東縣,東港鎮,汽車竊盜,1
2021,屏東縣,枋寮鄉,住宅竊盜,1
2021,屏東縣,枋寮鄉,機車竊盜,2
2021,屏東縣,枋寮鄉,毒品,26
2021,屏東縣,枋寮鄉,汽車竊盜,2
2021,屏東縣,枋山鄉,機車竊盜,2
2021,屏東縣,枋山鄉,毒品,5
2021,屏東縣,林邊鄉,住宅竊盜,4
2021,屏東縣,林邊鄉,機車竊盜,3
2021,屏東縣,林邊鄉,毒品,20
2021,屏東縣,林邊鄉,汽車竊盜,4
2021,屏東縣,泰武鄉,毒品,6
2021,屏東縣,滿州鄉,毒品,1
2021,屏東縣,潮州鎮,機車竊盜,4
2021,屏東縣,潮州鎮,毒品,90
2021,屏東縣,潮州鎮,汽車竊盜,4
2021,屏東縣,獅子鄉,機車竊盜,1
2021,屏東縣,獅子鄉,毒品,3
2021,屏東縣,琉球鄉,毒品,10
2021,屏東縣,瑪家鄉,毒品,8
2021,屏東縣,竹田鄉,機車竊盜,1
2021,屏東縣,竹田鄉,毒品,24
2021,屏東縣,竹田鄉,汽車竊盜,1
2021,屏東縣,萬丹鄉,強制性交,1
2021,屏東縣,萬丹鄉,搶奪,1
2021,屏東縣,萬丹鄉,機車竊盜,2
2021,屏東縣,萬丹鄉,毒品,42
2021,屏東縣,萬丹鄉,汽車竊盜,1
2021,屏東縣,萬巒鄉,機車竊盜,3
2021,屏東縣,萬巒鄉,毒品,28
2021,屏東縣,萬巒鄉,汽車竊盜,1
2021,屏東縣,車城鄉,機車竊盜,3
2021,屏東縣,車城鄉,毒品,9
2021,屏東縣,里港鄉,住宅竊盜,1
2021,屏東縣,里港鄉,搶奪,1
2021,屏東縣,里港鄉,毒品,10
2021,屏東縣,長治鄉,搶奪,1
2021,屏東縣,長治鄉,機車竊盜,3
2021,屏東縣,長治鄉,毒品,29
2021,屏東縣,高樹鄉,搶奪,1
2021,屏東縣,高樹鄉,機車竊盜,1
2021,屏東縣,高樹鄉,毒品,32
2021,屏東縣,高樹鄉,汽車竊盜,3
2021,屏東縣,鹽埔鄉,強制性交,1
2021,屏東縣,鹽埔鄉,機車竊盜,3
2021,屏東縣,鹽埔鄉,毒品,12
2021,屏東縣,麟洛鄉,機車竊盜,2
2021,屏東縣,麟洛鄉,毒品,11
2021,彰化縣,二林鎮,住宅竊盜,2
2021,彰化縣,二林鎮,機車竊盜,2
2021,彰化縣,二林鎮,毒品,43
2021,彰化縣,二林鎮,汽車竊盜,1
2021,彰化縣,二水鄉,機車竊盜,1
2021,彰化縣,二水鄉,毒品,11
2021,彰化縣,二水鄉,汽車竊盜,1
2021,彰化縣,伸港鄉,機車竊盜,1
2021,彰化縣,伸港鄉,毒品,30
2021,彰化縣,伸港鄉,汽車竊盜,1
2021,彰化縣,北斗鎮,搶奪,1
2021,彰化縣,北斗鎮,機車竊盜,4
2021,彰化縣,北斗鎮,毒品,42
2021,彰化縣,北斗鎮,汽車竊盜,2
2021,彰化縣,和美鎮,住宅竊盜,2
2021,彰化縣,和美鎮,機車竊盜,5
2021,彰化縣,和美鎮,毒品,47
2021,彰化縣,和美鎮,汽車竊盜,3
2021,彰化縣,員林市,住宅竊盜,8
2021,彰化縣,員林市,強制性交,3
2021,彰化縣,員林市,搶奪,2
2021,彰化縣,員林市,機車竊盜,13
2021,彰化縣,員林市,毒品,89
2021,彰化縣,員林市,汽車竊盜,2
2021,彰化縣,埔心鄉,毒品,28
2021,彰化縣,埔鹽鄉,住宅竊盜,1
2021,彰化縣,埔鹽鄉,機車竊盜,1
2021,彰化縣,埔鹽鄉,毒品,22
2021,彰化縣,埤頭鄉,機車竊盜,3
2021,彰化縣,埤頭鄉,毒品,29
2021,彰化縣,大城鄉,住宅竊盜,3
2021,彰化縣,大城鄉,機車竊盜,1
2021,彰化縣,大城鄉,毒品,7
2021,彰化縣,大村鄉,住宅竊盜,1
2021,彰化縣,大村鄉,機車竊盜,2
2021,彰化縣,大村鄉,毒品,34
2021,彰化縣,大村鄉,汽車竊盜,1
2021,彰化縣,彰化市,住宅竊盜,1
2021,彰化縣,彰化市,強盜,1
2021,彰化縣,彰化市,機車竊盜,13
2021,彰化縣,彰化市,毒品,112
2021,彰化縣,彰化市,汽車竊盜,5
2021,彰化縣,永靖鄉,強制性交,2
2021,彰化縣,永靖鄉,機車竊盜,2
2021,彰化縣,永靖鄉,毒品,19
2021,彰化縣,永靖鄉,汽車竊盜,2
2021,彰化縣,溪州鄉,住宅竊盜,2
2021,彰化縣,溪州鄉,搶奪,1
2021,彰化縣,溪州鄉,機車竊盜,2
2021,彰化縣,溪州鄉,毒品,16
2021,彰化縣,溪州鄉,汽車竊盜,2
2021,彰化縣,溪湖鎮,住宅竊盜,1
2021,彰化縣,溪湖鎮,機車竊盜,1
2021,彰化縣,溪湖鎮,毒品,44
2021,彰化縣,溪湖鎮,汽車竊盜,8
2021,彰化縣,田中鎮,強制性交,1
2021,彰化縣,田中鎮,強盜,1
2021,彰化縣,田中鎮,機車竊盜,4
2021,彰化縣,田中鎮,毒品,27
2021,彰化縣,田尾鄉,住宅竊盜,1
2021,彰化縣,田尾鄉,機車竊盜,1
2021,彰化縣,田尾鄉,毒品,16
2021,彰化縣,社頭鄉,強盜,1
2021,彰化縣,社頭鄉,機車竊盜,6
2021,彰化縣,社頭鄉,毒品,24
2021,彰化縣,社頭鄉,汽車竊盜,3
2021,彰化縣,福興鄉,住宅竊盜,4
2021,彰化縣,福興鄉,機車竊盜,3
2021,彰化縣,福興鄉,毒品,30
2021,彰化縣,福興鄉,汽車竊盜,1
2021,彰化縣,秀水鄉,住宅竊盜,1
2021,彰化縣,秀水鄉,毒品,17
2021,彰化縣,秀水鄉,汽車竊盜,1
2021,彰化縣,竹塘鄉,毒品,2
2021,彰化縣,線西鄉,機車竊盜,2
2021,彰化縣,線西鄉,毒品,9
2021,彰化縣,芬園鄉,毒品,12
2021,彰化縣,花壇鄉,住宅竊盜,1
2021,彰化縣,花壇鄉,機車竊盜,3
2021,彰化縣,花壇鄉,毒品,17
2021,彰化縣,芳苑鄉,住宅竊盜,4
2021,彰化縣,芳苑鄉,毒品,5
2021,彰化縣,鹿港鎮,住宅竊盜,5
2021,彰化縣,鹿港鎮,機車竊盜,5
2021,彰化縣,鹿港鎮,毒品,57
2021,彰化縣,鹿港鎮,汽車竊盜,7
2021,新北市,三峽區,住宅竊盜,1
2021,新北市,三峽區,搶奪,4
2021,新北市,三峽區,機車竊盜,22
2021,新北市,三峽區,毒品,76
2021,新北市,三峽區,汽車竊盜,9
2021,新北市,三芝區,機車竊盜,1
2021,新北市,三芝區,毒品,6
2021,新北市,三重區,住宅竊盜,49
2021,新北市,三重區,強盜,6
2021,新北市,三重區,搶奪,3
2021,新北市,三重區,機車竊盜,61
2021,新北市,三重區,毒品,924
2021,新北市,三重區,汽車竊盜,6
2021,新北市,中和區,住宅竊盜,48
2021,新北市,中和區,強制性交,1
2021,新北市,中和區,強盜,2
2021,新北市,中和區,搶奪,1
2021,新北市,中和區,機車竊盜,37
2021,新北市,中和區,毒品,246
2021,新北市,中和區,汽車竊盜,3
2021,新北市,五股區,住宅竊盜,2
2021,新北市,五股區,強盜,1
2021,新北市,五股區,搶奪,1
2021,新北市,五股區,機車竊盜,10
2021,新北市,五股區,毒品,68
2021,新北市,五股區,汽車竊盜,6
2021,新北市,八里區,住宅竊盜,2
2021,新北市,八里區,機車竊盜,2
2021,新北市,八里區,毒品,27
2021,新北市,八里區,汽車竊盜,2
2021,新北市,土城區,住宅竊盜,11
2021,新北市,土城區,強盜,2
2021,新北市,土城區,機車竊盜,22
2021,新北市,土城區,毒品,208
2021,新北市,土城區,汽車竊盜,5
2021,新北市,坪林區,毒品,2
2021,新北市,平溪區,毒品,8
2021,新北市,平溪區,汽車竊盜,1
2021,新北市,新店區,住宅竊盜,3
2021,新北市,新店區,強盜,1
2021,新北市,新店區,搶奪,2
2021,新北市,新店區,機車竊盜,23
2021,新北市,新店區,毒品,176
2021,新北市,新店區,汽車竊盜,2
2021,新北市,新莊區,住宅竊盜,23
2021,新北市,新莊區,強盜,7
2021,新北市,新莊區,搶奪,1
2021,新北市,新莊區,機車竊盜,21
2021,新北市,新莊區,毒品,281
2021,新北市,新莊區,汽車竊盜,1
2021,新北市,板橋區,住宅竊盜,16
2021,新北市,板橋區,強制性交,1
2021,新北市,板橋區,強盜,4
2021,新北市,板橋區,搶奪,6
2021,新北市,板橋區,機車竊盜,57
2021,新北市,板橋區,毒品,597
2021,新北市,板橋區,汽車竊盜,8
2021,新北市,林口區,住宅竊盜,3
2021,新北市,林口區,強盜,2
2021,新北市,林口區,機車竊盜,7
2021,新北市,林口區,毒品,39
2021,新北市,林口區,汽車竊盜,2
2021,新北市,樹林區,住宅竊盜,16
2021,新北市,樹林區,強制性交,1
2021,新北市,樹林區,強盜,2
2021,新北市,樹林區,搶奪,1
2021,新北市,樹林區,機車竊盜,10
2021,新北市,樹林區,毒品,289
2021,新北市,樹林區,汽車竊盜,2
2021,新北市,永和區,住宅竊盜,8
2021,新北市,永和區,搶奪,1
2021,新北市,永和區,機車竊盜,20
2021,新北市,永和區,毒品,109
2021,新北市,汐止區,住宅竊盜,11
2021,新北市,汐止區,強制性交,1
2021,新北市,汐止區,搶奪,1
2021,新北市,汐止區,機車竊盜,17
2021,新北市,汐止區,毒品,81
2021,新北市,汐止區,汽車竊盜,3
2021,新北市,泰山區,住宅竊盜,2
2021,新北市,泰山區,強制性交,1
2021,新北市,泰山區,強盜,2
2021,新北市,泰山區,搶奪,2
2021,新北市,泰山區,機車竊盜,3
2021,新北市,泰山區,毒品,54
2021,新北市,泰山區,汽車竊盜,2
2021,新北市,泰山區,組織犯罪防制條例,1
2021,新北市,淡水區,住宅竊盜,2
2021,新北市,淡水區,強制性交,1
2021,新北市,淡水區,強盜,3
2021,新北市,淡水區,搶奪,1
2021,新北市,淡水區,機車竊盜,16
2021,新北市,淡水區,毒品,68
2021,新北市,淡水區,汽車竊盜,1
2021,新北市,深坑區,住宅竊盜,1
2021,新北市,深坑區,毒品,20
2021,新北市,烏來區,毒品,7
2021,新北市,瑞芳區,強制性交,2
2021,新北市,瑞芳區,機車竊盜,5
2021,新北市,瑞芳區,毒品,83
2021,新北市,石門區,毒品,3
2021,新北市,萬里區,住宅竊盜,3
2021,新北市,萬里區,機車竊盜,2
2021,新北市,萬里區,毒品,27
2021,新北市,萬里區,汽車竊盜,1
2021,新北市,蘆洲區,住宅竊盜,8
2021,新北市,蘆洲區,強制性交,1
2021,新北市,蘆洲區,搶奪,1
2021,新北市,蘆洲區,機車竊盜,16
2021,新北市,蘆洲區,毒品,226
2021,新北市,蘆洲區,汽車竊盜,2
2021,新北市,貢寮區,住宅竊盜,1
2021,新北市,貢寮區,機車竊盜,2
2021,新北市,貢寮區,毒品,7
2021,新北市,金山區,住宅竊盜,4
2021,新北市,金山區,機車竊盜,2
2021,新北市,金山區,毒品,11
2021,新北市,金山區,汽車竊盜,1
2021,新北市,雙溪區,機車竊盜,1
2021,新北市,雙溪區,毒品,4
2021,新北市,鶯歌區,機車竊盜,16
2021,新北市,鶯歌區,毒品,90
2021,新北市,鶯歌區,汽車竊盜,6
2021,新竹市,北區,強制性交,1
2021,新竹市,北區,機車竊盜,16
2021,新竹市,北區,毒品,137
2021,新竹市,北區,汽車竊盜,6
2021,新竹市,東區,住宅竊盜,16
2021,新竹市,東區,搶奪,1
2021,新竹市,東區,機車竊盜,20
2021,新竹市,東區,毒品,120
2021,新竹市,東區,汽車竊盜,6
2021,新竹市,香山區,機車竊盜,5
2021,新竹市,香山區,毒品,61
2021,新竹市,香山區,汽車竊盜,2
2021,新竹縣,五峰鄉,毒品,13
2021,新竹縣,北埔鄉,毒品,2
2021,新竹縣,寶山鄉,住宅竊盜,1
2021,新竹縣,寶山鄉,毒品,23
2021,新竹縣,寶山鄉,汽車竊盜,2
2021,新竹縣,尖石鄉,住宅竊盜,1
2021,新竹縣,尖石鄉,機車竊盜,1
2021,新竹縣,尖石鄉,毒品,10
2021,新竹縣,峨眉鄉,機車竊盜,1
2021,新竹縣,新埔鎮,住宅竊盜,8
2021,新竹縣,新埔鎮,機車竊盜,3
2021,新竹縣,新埔鎮,毒品,19
2021,新竹縣,新埔鎮,汽車竊盜,5
2021,新竹縣,新豐鄉,住宅竊盜,3
2021,新竹縣,新豐鄉,強盜,1
2021,新竹縣,新豐鄉,機車竊盜,15
2021,新竹縣,新豐鄉,毒品,27
2021,新竹縣,新豐鄉,汽車竊盜,7
2021,新竹縣,橫山鄉,住宅竊盜,2
2021,新竹縣,橫山鄉,毒品,14
2021,新竹縣,湖口鄉,住宅竊盜,7
2021,新竹縣,湖口鄉,強盜,4
2021,新竹縣,湖口鄉,機車竊盜,17
2021,新竹縣,湖口鄉,毒品,120
2021,新竹縣,湖口鄉,汽車竊盜,29
2021,新竹縣,竹北市,住宅竊盜,9
2021,新竹縣,竹北市,強盜,2
2021,新竹縣,竹北市,機車竊盜,21
2021,新竹縣,竹北市,毒品,107
2021,新竹縣,竹北市,汽車竊盜,21
2021,新竹縣,竹東鎮,住宅竊盜,16
2021,新竹縣,竹東鎮,機車竊盜,7
2021,新竹縣,竹東鎮,毒品,90
2021,新竹縣,竹東鎮,汽車竊盜,7
2021,新竹縣,芎林鄉,住宅竊盜,3
2021,新竹縣,芎林鄉,機車竊盜,5
2021,新竹縣,芎林鄉,毒品,27
2021,新竹縣,關西鎮,住宅竊盜,4
2021,新竹縣,關西鎮,機車竊盜,5
2021,新竹縣,關西鎮,毒品,24
2021,新竹縣,關西鎮,汽車竊盜,6
2021,桃園市,中壢區,住宅竊盜,2
2021,桃園市,中壢區,強盜,1
2021,桃園市,中壢區,搶奪,2
2021,桃園市,中壢區,機車竊盜,43
2021,桃園市,中壢區,毒品,799
2021,桃園市,中壢區,汽車竊盜,20
2021,桃園市,八德區,住宅竊盜,5
2021,桃園市,八德區,強盜,1
2021,桃園市,八德區,搶奪,2
2021,桃園市,八德區,機車竊盜,10
2021,桃園市,八德區,毒品,427
2021,桃園市,八德區,汽車竊盜,9
2021,桃園市,大園區,住宅竊盜,5
2021,桃園市,大園區,強制性交,1
2021,桃園市,大園區,強盜,2
2021,桃園市,大園區,機車竊盜,5
2021,桃園市,大園區,毒品,154
2021,桃園市,大園區,汽車竊盜,4
2021,桃園市,大溪區,搶奪,3
2021,桃園市,大溪區,機車竊盜,4
2021,桃園市,大溪區,毒品,119
2021,桃園市,大溪區,汽車竊盜,2
2021,桃園市,平鎮區,強制性交,3
2021,桃園市,平鎮區,強盜,4
2021,桃園市,平鎮區,機車竊盜,12
2021,桃園市,平鎮區,毒品,335
2021,桃園市,平鎮區,汽車竊盜,8
2021,桃園市,復興區,毒品,7
2021,桃園市,復興區,汽車竊盜,1
2021,桃園市,新屋區,強盜,1
2021,桃園市,新屋區,機車竊盜,4
2021,桃園市,新屋區,毒品,96
2021,桃園市,新屋區,汽車竊盜,1
2021,桃園市,桃園區,住宅竊盜,14
2021,桃園市,桃園區,強盜,2
2021,桃園市,桃園區,搶奪,2
2021,桃園市,桃園區,機車竊盜,20
2021,桃園市,桃園區,毒品,852
2021,桃園市,桃園區,汽車竊盜,5
2021,桃園市,楊梅區,強盜,1
2021,桃園市,楊梅區,機車竊盜,4
2021,桃園市,楊梅區,毒品,310
2021,桃園市,楊梅區,汽車竊盜,8
2021,桃園市,蘆竹區,住宅竊盜,2
2021,桃園市,蘆竹區,強盜,1
2021,桃園市,蘆竹區,機車竊盜,6
2021,桃園市,蘆竹區,毒品,159
2021,桃園市,蘆竹區,汽車竊盜,7
2021,桃園市,觀音區,住宅竊盜,5
2021,桃園市,觀音區,機車竊盜,5
2021,桃園市,觀音區,毒品,90
2021,桃園市,觀音區,汽車竊盜,7
2021,桃園市,龍潭區,住宅竊盜,2
2021,桃園市,龍潭區,強盜,3
2021,桃園市,龍潭區,搶奪,1
2021,桃園市,龍潭區,機車竊盜,4
2021,桃園市,龍潭區,毒品,135
2021,桃園市,龍潭區,汽車竊盜,12
2021,桃園市,龜山區,住宅竊盜,5
2021,桃園市,龜山區,強盜,2
2021,桃園市,龜山區,機車竊盜,11
2021,桃園市,龜山區,毒品,360
2021,桃園市,龜山區,汽車竊盜,16
2021,澎湖縣,七美鄉,住宅竊盜,1
2021,澎湖縣,望安鄉,毒品,1
2021,澎湖縣,湖西鄉,住宅竊盜,4
2021,澎湖縣,湖西鄉,毒品,7
2021,澎湖縣,湖西鄉,汽車竊盜,1
2021,澎湖縣,白沙鄉,住宅竊盜,2
2021,澎湖縣,白沙鄉,強制性交,1
2021,澎湖縣,白沙鄉,毒品,1
2021,澎湖縣,西嶼鄉,住宅竊盜,2
2021,澎湖縣,馬公市,住宅竊盜,25
2021,澎湖縣,馬公市,強制性交,3
2021,澎湖縣,馬公市,強盜,1
2021,澎湖縣,馬公市,毒品,21
2021,臺中市,中區,住宅竊盜,1
2021,臺中市,中區,搶奪,1
2021,臺中市,中區,機車竊盜,8
2021,臺中市,中區,毒品,89
2021,臺中市,北區,住宅竊盜,4
2021,臺中市,北區,強盜,1
2021,臺中市,北區,搶奪,2
2021,臺中市,北區,機車竊盜,21
2021,臺中市,北區,毒品,229
2021,臺中市,北區,汽車竊盜,1
2021,臺中市,北屯區,住宅竊盜,7
2021,臺中市,北屯區,強制性交,2
2021,臺中市,北屯區,強盜,2
2021,臺中市,北屯區,機車竊盜,26
2021,臺中市,北屯區,毒品,245
2021,臺中市,北屯區,汽車竊盜,5
2021,臺中市,南區,住宅竊盜,2
2021,臺中市,南區,機車竊盜,14
2021,臺中市,南區,毒品,61
2021,臺中市,南屯區,住宅竊盜,1
2021,臺中市,南屯區,強盜,1
2021,臺中市,南屯區,機車竊盜,4
2021,臺中市,南屯區,毒品,103
2021,臺中市,南屯區,汽車竊盜,3
2021,臺中市,后里區,機車竊盜,3
2021,臺中市,后里區,毒品,22
2021,臺中市,后里區,汽車竊盜,1
2021,臺中市,和平區,毒品,6
2021,臺中市,外埔區,機車竊盜,1
2021,臺中市,外埔區,毒品,25
2021,臺中市,外埔區,汽車竊盜,1
2021,臺中市,大安區,住宅竊盜,2
2021,臺中市,大安區,毒品,8
2021,臺中市,大甲區,住宅竊盜,1
2021,臺中市,大甲區,強盜,1
2021,臺中市,大甲區,搶奪,1
2021,臺中市,大甲區,機車竊盜,4
2021,臺中市,大甲區,毒品,67
2021,臺中市,大甲區,汽車竊盜,1
2021,臺中市,大肚區,住宅竊盜,1
2021,臺中市,大肚區,強制性交,1
2021,臺中市,大肚區,搶奪,1
2021,臺中市,大肚區,機車竊盜,1
2021,臺中市,大肚區,毒品,15
2021,臺中市,大里區,住宅竊盜,1
2021,臺中市,大里區,強盜,1
2021,臺中市,大里區,機車竊盜,12
2021,臺中市,大里區,毒品,144
2021,臺中市,大里區,汽車竊盜,3
2021,臺中市,大雅區,機車竊盜,3
2021,臺中市,大雅區,毒品,51
2021,臺中市,大雅區,汽車竊盜,2
2021,臺中市,太平區,住宅竊盜,3
2021,臺中市,太平區,強盜,2
2021,臺中市,太平區,機車竊盜,16
2021,臺中市,太平區,毒品,128
2021,臺中市,太平區,汽車竊盜,3
2021,臺中市,新社區,住宅竊盜,1
2021,臺中市,新社區,機車竊盜,2
2021,臺中市,新社區,毒品,4
2021,臺中市,新社區,汽車竊盜,1
2021,臺中市,東勢區,住宅竊盜,1
2021,臺中市,東勢區,機車竊盜,4
2021,臺中市,東勢區,毒品,12
2021,臺中市,東勢區,汽車竊盜,3
2021,臺中市,東區,住宅竊盜,4
2021,臺中市,東區,機車竊盜,8
2021,臺中市,東區,毒品,66
2021,臺中市,東區,汽車竊盜,2
2021,臺中市,梧棲區,住宅竊盜,3
2021,臺中市,梧棲區,強盜,1
2021,臺中市,梧棲區,機車竊盜,1
2021,臺中市,梧棲區,毒品,26
2021,臺中市,梧棲區,汽車竊盜,1
2021,臺中市,沙鹿區,住宅竊盜,6
2021,臺中市,沙鹿區,強盜,2
2021,臺中市,沙鹿區,機車竊盜,13
2021,臺中市,沙鹿區,毒品,57
2021,臺中市,沙鹿區,汽車竊盜,2
2021,臺中市,清水區,住宅竊盜,3
2021,臺中市,清水區,強盜,1
2021,臺中市,清水區,機車竊盜,3
2021,臺中市,清水區,毒品,53
2021,臺中市,潭子區,住宅竊盜,7
2021,臺中市,潭子區,搶奪,1
2021,臺中市,潭子區,機車竊盜,10
2021,臺中市,潭子區,毒品,52
2021,臺中市,潭子區,汽車竊盜,2
2021,臺中市,烏日區,住宅竊盜,2
2021,臺中市,烏日區,機車竊盜,3
2021,臺中市,烏日區,毒品,62
2021,臺中市,烏日區,汽車竊盜,5
2021,臺中市,石岡區,機車竊盜,1
2021,臺中市,石岡區,毒品,3
2021,臺中市,石岡區,汽車竊盜,1
2021,臺中市,神岡區,住宅竊盜,3
2021,臺中市,神岡區,機車竊盜,4
2021,臺中市,神岡區,毒品,44
2021,臺中市,神岡區,汽車竊盜,2
2021,臺中市,西區,住宅竊盜,3
2021,臺中市,西區,強盜,1
2021,臺中市,西區,機車竊盜,12
2021,臺中市,西區,毒品,77
2021,臺中市,西區,汽車竊盜,1
2021,臺中市,西屯區,住宅竊盜,7
2021,臺中市,西屯區,搶奪,1
2021,臺中市,西屯區,機車竊盜,18
2021,臺中市,西屯區,毒品,327
2021,臺中市,西屯區,汽車竊盜,5
2021,臺中市,豐原區,住宅竊盜,5
2021,臺中市,豐原區,機車竊盜,21
2021,臺中市,豐原區,毒品,73
2021,臺中市,豐原區,汽車竊盜,3
2021,臺中市,豐原區,組織犯罪防制條例,1
2021,臺中市,霧峰區,住宅竊盜,1
2021,臺中市,霧峰區,強盜,1
2021,臺中市,霧峰區,機車竊盜,5
2021,臺中市,霧峰區,毒品,54
2021,臺中市,龍井區,住宅竊盜,1
2021,臺中市,龍井區,機車竊盜,1
2021,臺中市,龍井區,毒品,32
2021,臺中市,龍井區,汽車竊盜,1
2021,臺北市,中山區,住宅竊盜,15
2021,臺北市,中山區,強制性交,1
2021,臺北市,中山區,強盜,4
2021,臺北市,中山區,搶奪,3
2021,臺北市,中山區,機車竊盜,5
2021,臺北市,中山區,毒品,309
2021,臺北市,中山區,汽車竊盜,3
2021,臺北市,中山區,組織犯罪防制條例,1
2021,臺北市,中正區,住宅竊盜,19
2021,臺北市,中正區,機車竊盜,7
2021,臺北市,中正區,毒品,137
2021,臺北市,信義區,住宅竊盜,8
2021,臺北市,信義區,強制性交,1
2021,臺北市,信義區,強盜,1
2021,臺北市,信義區,機車竊盜,14
2021,臺北市,信義區,毒品,149
2021,臺北市,內湖區,住宅竊盜,12
2021,臺北市,內湖區,機車竊盜,5
2021,臺北市,內湖區,毒品,83
2021,臺北市,內湖區,汽車竊盜,2
2021,臺北市,北投區,住宅竊盜,11
2021,臺北市,北投區,強制性交,1
2021,臺北市,北投區,搶奪,1
2021,臺北市,北投區,機車竊盜,22
2021,臺北市,北投區,毒品,107
2021,臺北市,北投區,汽車竊盜,4
2021,臺北市,南港區,住宅竊盜,4
2021,臺北市,南港區,強盜,1
2021,臺北市,南港區,搶奪,1
2021,臺北市,南港區,機車竊盜,12
2021,臺北市,南港區,毒品,81
2021,臺北市,南港區,汽車竊盜,3
2021,臺北市,士林區,住宅竊盜,10
2021,臺北市,士林區,強盜,1
2021,臺北市,士林區,搶奪,1
2021,臺北市,士林區,機車竊盜,26
2021,臺北市,士林區,毒品,195
2021,臺北市,士林區,汽車竊盜,4
2021,臺北市,大同區,住宅竊盜,19
2021,臺北市,大同區,強盜,2
2021,臺北市,大同區,搶奪,2
2021,臺北市,大同區,機車竊盜,12
2021,臺北市,大同區,毒品,182
2021,臺北市,大同區,汽車竊盜,3
2021,臺北市,大安區,住宅竊盜,10
2021,臺北市,大安區,強制性交,1
2021,臺北市,大安區,強盜,1
2021,臺北市,大安區,機車竊盜,6
2021,臺北市,大安區,毒品,298
2021,臺北市,大安區,組織犯罪防制條例,1
2021,臺北市,文山區,住宅竊盜,13
2021,臺北市,文山區,強盜,2
2021,臺北市,文山區,機車竊盜,8
2021,臺北市,文山區,毒品,124
2021,臺北市,文山區,汽車竊盜,2
2021,臺北市,松山區,住宅竊盜,7
2021,臺北市,松山區,強盜,1
2021,臺北市,松山區,機車竊盜,1
2021,臺北市,松山區,毒品,130
2021,臺北市,萬華區,住宅竊盜,15
2021,臺北市,萬華區,強制性交,1
2021,臺北市,萬華區,強盜,2
2021,臺北市,萬華區,搶奪,1
2021,臺北市,萬華區,機車竊盜,23
2021,臺北市,萬華區,毒品,739
2021,臺北市,萬華區,汽車竊盜,4
2021,臺南市,七股區,住宅竊盜,3
2021,臺南市,七股區,毒品,9
2021,臺南市,下營區,住宅竊盜,1
2021,臺南市,下營區,強制性交,1
2021,臺南市,下營區,搶奪,1
2021,臺南市,下營區,機車竊盜,1
2021,臺南市,下營區,毒品,8
2021,臺南市,中西區,住宅竊盜,3
2021,臺南市,中西區,強制性交,2
2021,臺南市,中西區,強盜,2
2021,臺南市,中西區,搶奪,3
2021,臺南市,中西區,機車竊盜,5
2021,臺南市,中西區,毒品,144
2021,臺南市,中西區,汽車竊盜,1
2021,臺南市,仁德區,住宅竊盜,7
2021,臺南市,仁德區,機車竊盜,1
2021,臺南市,仁德區,毒品,94
2021,臺南市,仁德區,汽車竊盜,1
2021,臺南市,佳里區,住宅竊盜,6
2021,臺南市,佳里區,強制性交,1
2021,臺南市,佳里區,毒品,25
2021,臺南市,佳里區,汽車竊盜,1
2021,臺南市,六甲區,住宅竊盜,2
2021,臺南市,六甲區,機車竊盜,2
2021,臺南市,六甲區,毒品,31
2021,臺南市,六甲區,汽車竊盜,1
2021,臺南市,北區,住宅竊盜,18
2021,臺南市,北區,強制性交,3
2021,臺南市,北區,強盜,1
2021,臺南市,北區,搶奪,3
2021,臺南市,北區,機車竊盜,6
2021,臺南市,北區,毒品,139
2021,臺南市,北門區,住宅竊盜,2
2021,臺南市,北門區,毒品,9
2021,臺南市,南化區,住宅竊盜,2
2021,臺南市,南化區,毒品,6
2021,臺南市,南區,住宅竊盜,19
2021,臺南市,南區,強制性交,2
2021,臺南市,南區,強盜,1
2021,臺南市,南區,搶奪,1
2021,臺南市,南區,機車竊盜,4
2021,臺南市,南區,毒品,87
2021,臺南市,南區,汽車竊盜,2
2021,臺南市,善化區,住宅竊盜,5
2021,臺南市,善化區,機車竊盜,3
2021,臺南市,善化區,毒品,34
2021,臺南市,善化區,汽車竊盜,2
2021,臺南市,大內區,機車竊盜,1
2021,臺南市,大內區,毒品,1
2021,臺南市,學甲區,住宅竊盜,4
2021,臺南市,學甲區,強制性交,1
2021,臺南市,學甲區,毒品,25
2021,臺南市,學甲區,汽車竊盜,1
2021,臺南市,安南區,住宅竊盜,16
2021,臺南市,安南區,強制性交,4
2021,臺南市,安南區,強盜,1
2021,臺南市,安南區,搶奪,1
2021,臺南市,安南區,機車竊盜,7
2021,臺南市,安南區,毒品,169
2021,臺南市,安南區,汽車竊盜,3
2021,臺南市,安定區,住宅竊盜,2
2021,臺南市,安定區,機車竊盜,1
2021,臺南市,安定區,毒品,16
2021,臺南市,安定區,汽車竊盜,1
2021,臺南市,安平區,住宅竊盜,4
2021,臺南市,安平區,強盜,2
2021,臺南市,安平區,機車竊盜,2
2021,臺南市,安平區,毒品,53
2021,臺南市,官田區,住宅竊盜,3
2021,臺南市,官田區,機車竊盜,1
2021,臺南市,官田區,毒品,19
2021,臺南市,官田區,汽車竊盜,1
2021,臺南市,將軍區,住宅竊盜,4
2021,臺南市,將軍區,毒品,6
2021,臺南市,將軍區,汽車竊盜,1
2021,臺南市,山上區,住宅竊盜,1
2021,臺南市,山上區,毒品,6
2021,臺南市,左鎮區,住宅竊盜,1
2021,臺南市,左鎮區,毒品,3
2021,臺南市,後壁區,住宅竊盜,5
2021,臺南市,後壁區,毒品,18
2021,臺南市,新化區,住宅竊盜,3
2021,臺南市,新化區,強制性交,1
2021,臺南市,新化區,強盜,1
2021,臺南市,新化區,搶奪,1
2021,臺南市,新化區,毒品,35
2021,臺南市,新市區,住宅竊盜,10
2021,臺南市,新市區,機車竊盜,2
2021,臺南市,新市區,毒品,39
2021,臺南市,新市區,汽車竊盜,2
2021,臺南市,新營區,住宅竊盜,6
2021,臺南市,新營區,強制性交,2
2021,臺南市,新營區,強盜,2
2021,臺南市,新營區,機車竊盜,9
2021,臺南市,新營區,毒品,56
2021,臺南市,新營區,汽車竊盜,1
2021,臺南市,東區,住宅竊盜,7
2021,臺南市,東區,強制性交,1
2021,臺南市,東區,強盜,1
2021,臺南市,東區,機車竊盜,10
2021,臺南市,東區,毒品,124
2021,臺南市,東區,汽車竊盜,2
2021,臺南市,東山區,強盜,1
2021,臺南市,東山區,機車竊盜,1
2021,臺南市,東山區,毒品,17
2021,臺南市,東山區,汽車竊盜,2
2021,臺南市,柳營區,住宅竊盜,3
2021,臺南市,柳營區,強盜,1
2021,臺南市,柳營區,機車竊盜,1
2021,臺南市,柳營區,毒品,10
2021,臺南市,楠西區,住宅竊盜,1
2021,臺南市,楠西區,毒品,2
2021,臺南市,歸仁區,住宅竊盜,3
2021,臺南市,歸仁區,強制性交,3
2021,臺南市,歸仁區,機車竊盜,5
2021,臺南市,歸仁區,毒品,57
2021,臺南市,歸仁區,汽車竊盜,1
2021,臺南市,永康區,住宅竊盜,2
2021,臺南市,永康區,強制性交,2
2021,臺南市,永康區,強盜,1
2021,臺南市,永康區,機車竊盜,9
2021,臺南市,永康區,毒品,414
2021,臺南市,永康區,汽車竊盜,2
2021,臺南市,玉井區,住宅竊盜,4
2021,臺南市,玉井區,毒品,9
2021,臺南市,玉井區,汽車竊盜,2
2021,臺南市,白河區,住宅竊盜,1
2021,臺南市,白河區,強制性交,1
2021,臺南市,白河區,強盜,1
2021,臺南市,白河區,機車竊盜,2
2021,臺南市,白河區,毒品,33
2021,臺南市,白河區,汽車竊盜,3
2021,臺南市,西港區,住宅竊盜,1
2021,臺南市,西港區,機車竊盜,1
2021,臺南市,西港區,毒品,7
2021,臺南市,關廟區,住宅竊盜,5
2021,臺南市,關廟區,機車竊盜,2
2021,臺南市,關廟區,毒品,32
2021,臺南市,鹽水區,住宅竊盜,5
2021,臺南市,鹽水區,機車竊盜,4
2021,臺南市,鹽水區,毒品,16
2021,臺南市,麻豆區,住宅竊盜,3
2021,臺南市,麻豆區,機車竊盜,1
2021,臺南市,麻豆區,毒品,17
2021,臺南市,龍崎區,毒品,2
2021,臺東縣,卑南鄉,毒品,6
2021,臺東縣,卑南鄉,汽車竊盜,1
2021,臺東縣,大武鄉,毒品,3
2021,臺東縣,太麻里鄉,毒品,2
2021,臺東縣,延平鄉,機車竊盜,1
2021,臺東縣,延平鄉,毒品,1
2021,臺東縣,成功鎮,強制性交,1
2021,臺東縣,成功鎮,毒品,4
2021,臺東縣,東河鄉,強制性交,1
2021,臺東縣,東河鄉,毒品,1
2021,臺東縣,池上鄉,住宅竊盜,1
2021,臺東縣,池上鄉,毒品,3
2021,臺東縣,池上鄉,汽車竊盜,1
2021,臺東縣,海端鄉,機車竊盜,1
2021,臺東縣,臺東市,住宅竊盜,1
2021,臺東縣,臺東市,強制性交,1
2021,臺東縣,臺東市,強盜,2
2021,臺東縣,臺東市,搶奪,2
2021,臺東縣,臺東市,毒品,145
2021,臺東縣,臺東市,汽車竊盜,1
2021,臺東縣,蘭嶼鄉,強制性交,1
2021,臺東縣,達仁鄉,強制性交,1
2021,臺東縣,長濱鄉,機車竊盜,1
2021,臺東縣,長濱鄉,毒品,1
2021,臺東縣,關山鎮,機車竊盜,1
2021,臺東縣,關山鎮,毒品,4
2021,臺東縣,鹿野鄉,住宅竊盜,1
2021,臺東縣,鹿野鄉,搶奪,1
2021,臺東縣,鹿野鄉,毒品,6
2021,花蓮縣,光復鄉,住宅竊盜,2
2021,花蓮縣,光復鄉,強盜,1
2021,花蓮縣,光復鄉,機車竊盜,3
2021,花蓮縣,光復鄉,毒品,7
2021,花蓮縣,卓溪鄉,毒品,3
2021,花蓮縣,吉安鄉,住宅竊盜,8
2021,花蓮縣,吉安鄉,搶奪,1
2021,花蓮縣,吉安鄉,機車竊盜,10
2021,花蓮縣,吉安鄉,毒品,58
2021,花蓮縣,吉安鄉,汽車竊盜,6
2021,花蓮縣,壽豐鄉,住宅竊盜,1
2021,花蓮縣,壽豐鄉,機車竊盜,5
2021,花蓮縣,壽豐鄉,毒品,6
2021,花蓮縣,富里鄉,毒品,5
2021,花蓮縣,新城鄉,住宅竊盜,1
2021,花蓮縣,新城鄉,機車竊盜,6
2021,花蓮縣,新城鄉,毒品,27
2021,花蓮縣,新城鄉,汽車竊盜,1
2021,花蓮縣,玉里鎮,機車竊盜,3
2021,花蓮縣,玉里鎮,毒品,21
2021,花蓮縣,瑞穗鄉,住宅竊盜,1
2021,花蓮縣,瑞穗鄉,機車竊盜,5
2021,花蓮縣,瑞穗鄉,毒品,9
2021,花蓮縣,秀林鄉,毒品,10
2021,花蓮縣,花蓮市,住宅竊盜,6
2021,花蓮縣,花蓮市,強盜,1
2021,花蓮縣,花蓮市,機車竊盜,24
2021,花蓮縣,花蓮市,毒品,122
2021,花蓮縣,花蓮市,汽車竊盜,2
2021,花蓮縣,萬榮鄉,住宅竊盜,1
2021,花蓮縣,萬榮鄉,毒品,2
2021,花蓮縣,豐濱鄉,住宅竊盜,2
2021,花蓮縣,豐濱鄉,機車竊盜,1
2021,花蓮縣,鳳林鎮,住宅竊盜,4
2021,花蓮縣,鳳林鎮,機車竊盜,2
2021,花蓮縣,鳳林鎮,毒品,28
2021,苗栗縣,三灣鄉,住宅竊盜,1
2021,苗栗縣,三灣鄉,毒品,4
2021,苗栗縣,三義鄉,住宅竊盜,2
2021,苗栗縣,三義鄉,機車竊盜,1
2021,苗栗縣,三義鄉,毒品,14
2021,苗栗縣,三義鄉,汽車竊盜,1
2021,苗栗縣,公館鄉,住宅竊盜,7
2021,苗栗縣,公館鄉,毒品,21
2021,苗栗縣,卓蘭鎮,住宅竊盜,2
2021,苗栗縣,卓蘭鎮,機車竊盜,1
2021,苗栗縣,卓蘭鎮,毒品,9
2021,苗栗縣,南庄鄉,毒品,8
2021,苗栗縣,大湖鄉,住宅竊盜,2
2021,苗栗縣,大湖鄉,毒品,14
2021,苗栗縣,後龍鎮,住宅竊盜,4
2021,苗栗縣,後龍鎮,強盜,2
2021,苗栗縣,後龍鎮,毒品,51
2021,苗栗縣,後龍鎮,汽車竊盜,1
2021,苗栗縣,泰安鄉,毒品,2
2021,苗栗縣,竹南鎮,住宅竊盜,12
2021,苗栗縣,竹南鎮,強制性交,2
2021,苗栗縣,竹南鎮,機車竊盜,3
2021,苗栗縣,竹南鎮,毒品,95
2021,苗栗縣,竹南鎮,汽車竊盜,6
2021,苗栗縣,苑裡鎮,住宅竊盜,6
2021,苗栗縣,苑裡鎮,強制性交,1
2021,苗栗縣,苑裡鎮,毒品,44
2021,苗栗縣,苗栗市,住宅竊盜,17
2021,苗栗縣,苗栗市,強盜,1
2021,苗栗縣,苗栗市,搶奪,1
2021,苗栗縣,苗栗市,機車竊盜,5
2021,苗栗縣,苗栗市,毒品,94
2021,苗栗縣,苗栗市,汽車竊盜,5
2021,苗栗縣,西湖鄉,住宅竊盜,3
2021,苗栗縣,西湖鄉,毒品,9
2021,苗栗縣,通霄鎮,住宅竊盜,2
2021,苗栗縣,通霄鎮,機車竊盜,1
2021,苗栗縣,通霄鎮,毒品,39
2021,苗栗縣,造橋鄉,住宅竊盜,4
2021,苗栗縣,造橋鄉,毒品,27
2021,苗栗縣,銅鑼鄉,住宅竊盜,2
2021,苗栗縣,銅鑼鄉,毒品,7
2021,苗栗縣,銅鑼鄉,汽車竊盜,1
2021,苗栗縣,頭份市,住宅竊盜,9
2021,苗栗縣,頭份市,強盜,1
2021,苗栗縣,頭份市,機車竊盜,8
2021,苗栗縣,頭份市,毒品,107
2021,苗栗縣,頭份市,汽車竊盜,1
2021,苗栗縣,頭屋鄉,住宅竊盜,3
2021,苗栗縣,頭屋鄉,毒品,5
2021,連江縣,北竿鄉,住宅竊盜,1
2021,連江縣,南竿鄉,住宅竊盜,1
2021,連江縣,南竿鄉,毒品,5
2021,連江縣,莒光鄉,強制性交,1
2021,金門縣,烈嶼鄉,住宅竊盜,1
2021,金門縣,烈嶼鄉,機車竊盜,2
2021,金門縣,金城鎮,住宅竊盜,4
2021,金門縣,金城鎮,強制性交,1
2021,金門縣,金城鎮,機車竊盜,8
2021,金門縣,金城鎮,毒品,11
2021,金門縣,金寧鄉,住宅竊盜,9
2021,金門縣,金寧鄉,強制性交,1
2021,金門縣,金寧鄉,毒品,11
2021,金門縣,金沙鎮,住宅竊盜,7
2021,金門縣,金沙鎮,機車竊盜,1
2021,金門縣,金沙鎮,毒品,10
2021,金門縣,金湖鎮,住宅竊盜,11
2021,金門縣,金湖鎮,強制性交,1
2021,金門縣,金湖鎮,強盜,1
2021,金門縣,金湖鎮,毒品,18
2021,雲林縣,二崙鄉,住宅竊盜,3
2021,雲林縣,二崙鄉,毒品,9
2021,雲林縣,二崙鄉,汽車竊盜,1
2021,雲林縣,元長鄉,機車竊盜,2
2021,雲林縣,元長鄉,毒品,19
2021,雲林縣,元長鄉,汽車竊盜,1
2021,雲林縣,北港鎮,住宅竊盜,5
2021,雲林縣,北港鎮,毒品,27
2021,雲林縣,北港鎮,汽車竊盜,2
2021,雲林縣,口湖鄉,強盜,1
2021,雲林縣,口湖鄉,機車竊盜,1
2021,雲林縣,口湖鄉,毒品,9
2021,雲林縣,古坑鄉,機車竊盜,2
2021,雲林縣,古坑鄉,毒品,11
2021,雲林縣,四湖鄉,住宅竊盜,3
2021,雲林縣,四湖鄉,機車竊盜,1
2021,雲林縣,四湖鄉,毒品,15
2021,雲林縣,土庫鎮,機車竊盜,1
2021,雲林縣,土庫鎮,毒品,7
2021,雲林縣,大埤鄉,機車竊盜,1
2021,雲林縣,大埤鄉,毒品,11
2021,雲林縣,大埤鄉,汽車竊盜,1
2021,雲林縣,崙背鄉,住宅竊盜,6
2021,雲林縣,崙背鄉,機車竊盜,2
2021,雲林縣,崙背鄉,毒品,5
2021,雲林縣,斗六市,住宅竊盜,13
2021,雲林縣,斗六市,搶奪,1
2021,雲林縣,斗六市,機車竊盜,10
2021,雲林縣,斗六市,毒品,109
2021,雲林縣,斗六市,汽車竊盜,1
2021,雲林縣,斗南鎮,住宅竊盜,7
2021,雲林縣,斗南鎮,機車竊盜,2
2021,雲林縣,斗南鎮,毒品,41
2021,雲林縣,斗南鎮,汽車竊盜,2
2021,雲林縣,東勢鄉,住宅竊盜,3
2021,雲林縣,東勢鄉,機車竊盜,2
2021,雲林縣,東勢鄉,毒品,12
2021,雲林縣,東勢鄉,汽車竊盜,1
2021,雲林縣,林內鄉,住宅竊盜,1
2021,雲林縣,林內鄉,搶奪,1
2021,雲林縣,林內鄉,毒品,6
2021,雲林縣,水林鄉,住宅竊盜,3
2021,雲林縣,水林鄉,機車竊盜,1
2021,雲林縣,水林鄉,毒品,12
2021,雲林縣,臺西鄉,住宅竊盜,3
2021,雲林縣,臺西鄉,強制性交,1
2021,雲林縣,臺西鄉,機車竊盜,2
2021,雲林縣,臺西鄉,毒品,28
2021,雲林縣,莿桐鄉,住宅竊盜,4
2021,雲林縣,莿桐鄉,毒品,32
2021,雲林縣,莿桐鄉,汽車竊盜,1
2021,雲林縣,虎尾鎮,住宅竊盜,2
2021,雲林縣,虎尾鎮,強制性交,2
2021,雲林縣,虎尾鎮,機車竊盜,4
2021,雲林縣,虎尾鎮,毒品,45
2021,雲林縣,虎尾鎮,汽車竊盜,2
2021,雲林縣,褒忠鄉,機車竊盜,1
2021,雲林縣,褒忠鄉,毒品,9
2021,雲林縣,褒忠鄉,汽車竊盜,1
2021,雲林縣,西螺鎮,住宅竊盜,3
2021,雲林縣,西螺鎮,機車竊盜,3
2021,雲林縣,西螺鎮,毒品,25
2021,雲林縣,西螺鎮,汽車竊盜,1
2021,雲林縣,麥寮鄉,住宅竊盜,4
2021,雲林縣,麥寮鄉,搶奪,1
2021,雲林縣,麥寮鄉,機車竊盜,4
2021,雲林縣,麥寮鄉,毒品,50
2021,雲林縣,麥寮鄉,汽車竊盜,1
2021,高雄市,三民區,住宅竊盜,4
2021,高雄市,三民區,強制性交,1
2021,高雄市,三民區,強盜,1
2021,高雄市,三民區,機車竊盜,23
2021,高雄市,三民區,毒品,274
2021,高雄市,仁武區,住宅竊盜,1
2021,高雄市,仁武區,強盜,1
2021,高雄市,仁武區,機車竊盜,4
2021,高雄市,仁武區,毒品,76
2021,高雄市,仁武區,汽車竊盜,4
2021,高雄市,內門區,毒品,12
2021,高雄市,內門區,汽車竊盜,1
2021,高雄市,六龜區,毒品,20
2021,高雄市,前金區,強盜,1
2021,高雄市,前金區,機車竊盜,1
2021,高雄市,前金區,毒品,42
2021,高雄市,前鎮區,住宅竊盜,2
2021,高雄市,前鎮區,強盜,1
2021,高雄市,前鎮區,搶奪,1
2021,高雄市,前鎮區,機車竊盜,17
2021,高雄市,前鎮區,毒品,126
2021,高雄市,前鎮區,汽車竊盜,2
2021,高雄市,大寮區,住宅竊盜,1
2021,高雄市,大寮區,強制性交,1
2021,高雄市,大寮區,強盜,1
2021,高雄市,大寮區,搶奪,1
2021,高雄市,大寮區,機車竊盜,17
2021,高雄市,大寮區,毒品,93
2021,高雄市,大寮區,汽車竊盜,1
2021,高雄市,大樹區,住宅竊盜,1
2021,高雄市,大樹區,毒品,21
2021,高雄市,大樹區,汽車竊盜,1
2021,高雄市,大社區,強制性交,1
2021,高雄市,大社區,強盜,1
2021,高雄市,大社區,機車竊盜,1
2021,高雄市,大社區,毒品,46
2021,高雄市,大社區,汽車竊盜,1
2021,高雄市,小港區,強制性交,1
2021,高雄市,小港區,搶奪,1
2021,高雄市,小港區,機車竊盜,10
2021,高雄市,小港區,毒品,83
2021,高雄市,岡山區,機車竊盜,3
2021,高雄市,岡山區,毒品,75
2021,高雄市,岡山區,汽車竊盜,3
2021,高雄市,左營區,強制性交,1
2021,高雄市,左營區,強盜,2
2021,高雄市,左營區,搶奪,3
2021,高雄市,左營區,機車竊盜,8
2021,高雄市,左營區,毒品,99
2021,高雄市,左營區,汽車竊盜,2
2021,高雄市,彌陀區,毒品,10
2021,高雄市,新興區,住宅竊盜,1
2021,高雄市,新興區,強盜,1
2021,高雄市,新興區,搶奪,2
2021,高雄市,新興區,機車竊盜,13
2021,高雄市,新興區,毒品,72
2021,高雄市,旗山區,機車竊盜,3
2021,高雄市,旗山區,毒品,33
2021,高雄市,旗山區,汽車竊盜,4
2021,高雄市,旗津區,機車竊盜,2
2021,高雄市,旗津區,毒品,49
2021,高雄市,杉林區,機車竊盜,1
2021,高雄市,杉林區,毒品,39
2021,高雄市,林園區,強制性交,1
2021,高雄市,林園區,機車竊盜,4
2021,高雄市,林園區,毒品,58
2021,高雄市,林園區,汽車竊盜,1
2021,高雄市,梓官區,機車竊盜,2
2021,高雄市,梓官區,毒品,35
2021,高雄市,楠梓區,搶奪,3
2021,高雄市,楠梓區,機車竊盜,9
2021,高雄市,楠梓區,毒品,86
2021,高雄市,楠梓區,汽車竊盜,3
2021,高雄市,橋頭區,住宅竊盜,1
2021,高雄市,橋頭區,機車竊盜,1
2021,高雄市,橋頭區,毒品,30
2021,高雄市,永安區,機車竊盜,1
2021,高雄市,永安區,毒品,5
2021,高雄市,湖內區,住宅竊盜,1
2021,高雄市,湖內區,機車竊盜,1
2021,高雄市,湖內區,毒品,17
2021,高雄市,燕巢區,機車竊盜,5
2021,高雄市,燕巢區,毒品,21
2021,高雄市,燕巢區,汽車竊盜,3
2021,高雄市,田寮區,毒品,1
2021,高雄市,甲仙區,機車竊盜,2
2021,高雄市,甲仙區,毒品,4
2021,高雄市,美濃區,機車竊盜,4
2021,高雄市,美濃區,毒品,18
2021,高雄市,美濃區,汽車竊盜,2
2021,高雄市,苓雅區,強制性交,1
2021,高雄市,苓雅區,搶奪,3
2021,高雄市,苓雅區,機車竊盜,16
2021,高雄市,苓雅區,毒品,186
2021,高雄市,苓雅區,汽車竊盜,1
2021,高雄市,茄萣區,強盜,1
2021,高雄市,茄萣區,機車竊盜,1
2021,高雄市,茄萣區,毒品,25
2021,高雄市,路竹區,住宅竊盜,1
2021,高雄市,路竹區,強制性交,1
2021,高雄市,路竹區,毒品,32
2021,高雄市,阿蓮區,住宅竊盜,1
2021,高雄市,阿蓮區,搶奪,1
2021,高雄市,阿蓮區,機車竊盜,1
2021,高雄市,阿蓮區,毒品,18
2021,高雄市,阿蓮區,汽車竊盜,2
2021,高雄市,鳥松區,搶奪,1
2021,高雄市,鳥松區,毒品,57
2021,高雄市,鳥松區,汽車竊盜,1
2021,高雄市,鳳山區,住宅竊盜,1
2021,高雄市,鳳山區,強制性交,2
2021,高雄市,鳳山區,強盜,3
2021,高雄市,鳳山區,搶奪,4
2021,高雄市,鳳山區,毒品,268
2021,高雄市,鳳山區,汽車竊盜,8
2021,高雄市,鹽埕區,機車竊盜,1
2021,高雄市,鹽埕區,毒品,14
2021,高雄市,鼓山區,機車竊盜,5
2021,高雄市,鼓山區,毒品,63
2021,高雄市,鼓山區,汽車竊盜,1
2022,南投縣,中寮鄉,住宅竊盜,4
2022,南投縣,中寮鄉,機車竊盜,1
2022,南投縣,中寮鄉,毒品,9
2022,南投縣,仁愛鄉,住宅竊盜,1
2022,南投縣,仁愛鄉,強制性交,1
2022,南投縣,仁愛鄉,機車竊盜,2
2022,南投縣,仁愛鄉,毒品,18
2022,南投縣,仁愛鄉,汽車竊盜,1
2022,南投縣,信義鄉,住宅竊盜,2
2022,南投縣,信義鄉,機車竊盜,2
2022,南投縣,信義鄉,毒品,4
2022,南投縣,信義鄉,汽車竊盜,1
2022,南投縣,南投市,住宅竊盜,27
2022,南投縣,南投市,強盜,1
2022,南投縣,南投市,搶奪,1
2022,南投縣,南投市,機車竊盜,13
2022,南投縣,南投市,毒品,91
2022,南投縣,南投市,汽車竊盜,1
2022,南投縣,名間鄉,住宅竊盜,2
2022,南投縣,名間鄉,機車竊盜,1
2022,南投縣,名間鄉,毒品,21
2022,南投縣,名間鄉,汽車竊盜,2
2022,南投縣,國姓鄉,機車竊盜,1
2022,南投縣,國姓鄉,毒品,15
2022,南投縣,埔里鎮,住宅竊盜,19
2022,南投縣,埔里鎮,強制性交,1
2022,南投縣,埔里鎮,機車竊盜,6
2022,南投縣,埔里鎮,毒品,131
2022,南投縣,埔里鎮,汽車竊盜,1
2022,南投縣,水里鄉,毒品,13
2022,南投縣,水里鄉,汽車竊盜,2
2022,南投縣,竹山鎮,住宅竊盜,12
2022,南投縣,竹山鎮,機車竊盜,1
2022,南投縣,竹山鎮,毒品,44
2022,南投縣,草屯鎮,住宅竊盜,57
2022,南投縣,草屯鎮,搶奪,1
2022,南投縣,草屯鎮,機車竊盜,5
2022,南投縣,草屯鎮,毒品,103
2022,南投縣,草屯鎮,汽車竊盜,11
2022,南投縣,集集鎮,住宅竊盜,1
2022,南投縣,集集鎮,毒品,6
2022,南投縣,集集鎮,汽車竊盜,1
2022,南投縣,魚池鄉,住宅竊盜,1
2022,南投縣,魚池鄉,搶奪,1
2022,南投縣,魚池鄉,毒品,8
2022,南投縣,魚池鄉,汽車竊盜,1
2022,南投縣,鹿谷鄉,住宅竊盜,1
2022,南投縣,鹿谷鄉,強盜,1
2022,南投縣,鹿谷鄉,毒品,17
2022,南投縣,鹿谷鄉,汽車竊盜,1
2022,嘉義市,東區,住宅竊盜,3
2022,嘉義市,東區,強制性交,1
2022,嘉義市,東區,搶奪,1
2022,嘉義市,東區,機車竊盜,5
2022,嘉義市,東區,毒品,126
2022,嘉義市,東區,汽車竊盜,2
2022,嘉義市,西區,住宅竊盜,2
2022,嘉義市,西區,強制性交,3
2022,嘉義市,西區,強盜,4
2022,嘉義市,西區,機車竊盜,1
2022,嘉義市,西區,毒品,286
2022,嘉義市,西區,汽車竊盜,1
2022,嘉義縣,中埔鄉,強制性交,2
2022,嘉義縣,中埔鄉,機車竊盜,1
2022,嘉義縣,中埔鄉,毒品,30
2022,嘉義縣,六腳鄉,機車竊盜,1
2022,嘉義縣,六腳鄉,毒品,7
2022,嘉義縣,六腳鄉,汽車竊盜,2
2022,嘉義縣,大林鎮,毒品,31
2022,嘉義縣,大林鎮,汽車竊盜,1
2022,嘉義縣,太保市,強制性交,1
2022,嘉義縣,太保市,機車竊盜,1
2022,嘉義縣,太保市,毒品,19
2022,嘉義縣,太保市,汽車竊盜,5
2022,嘉義縣,布袋鎮,機車竊盜,1
2022,嘉義縣,布袋鎮,毒品,13
2022,嘉義縣,新港鄉,住宅竊盜,1
2022,嘉義縣,新港鄉,機車竊盜,4
2022,嘉義縣,新港鄉,毒品,22
2022,嘉義縣,新港鄉,汽車竊盜,1
2022,嘉義縣,朴子市,住宅竊盜,2
2022,嘉義縣,朴子市,毒品,27
2022,嘉義縣,朴子市,汽車竊盜,1
2022,嘉義縣,東石鄉,住宅竊盜,1
2022,嘉義縣,東石鄉,強制性交,1
2022,嘉義縣,東石鄉,毒品,10
2022,嘉義縣,梅山鄉,毒品,6
2022,嘉義縣,梅山鄉,汽車竊盜,1
2022,嘉義縣,民雄鄉,機車竊盜,3
2022,嘉義縣,民雄鄉,毒品,47
2022,嘉義縣,民雄鄉,汽車竊盜,1
2022,嘉義縣,水上鄉,機車竊盜,2
2022,嘉義縣,水上鄉,毒品,28
2022,嘉義縣,水上鄉,汽車竊盜,1
2022,嘉義縣,溪口鄉,毒品,8
2022,嘉義縣,竹崎鄉,機車竊盜,6
2022,嘉義縣,竹崎鄉,毒品,21
2022,嘉義縣,義竹鄉,住宅竊盜,1
2022,嘉義縣,義竹鄉,毒品,6
2022,嘉義縣,阿里山鄉,機車竊盜,1
2022,嘉義縣,鹿草鄉,毒品,5
2022,嘉義縣,鹿草鄉,汽車竊盜,1
2022,基隆市,七堵區,住宅竊盜,2
2022,基隆市,七堵區,強盜,1
2022,基隆市,七堵區,搶奪,1
2022,基隆市,七堵區,機車竊盜,4
2022,基隆市,七堵區,毒品,98
2022,基隆市,七堵區,汽車竊盜,4
2022,基隆市,中山區,住宅竊盜,5
2022,基隆市,中山區,機車竊盜,13
2022,基隆市,中山區,毒品,100
2022,基隆市,中正區,住宅竊盜,11
2022,基隆市,中正區,機車竊盜,14
2022,基隆市,中正區,毒品,63
2022,基隆市,中正區,汽車竊盜,7
2022,基隆市,仁愛區,住宅竊盜,7
2022,基隆市,仁愛區,強制性交,1
2022,基隆市,仁愛區,搶奪,1
2022,基隆市,仁愛區,機車竊盜,9
2022,基隆市,仁愛區,毒品,178
2022,基隆市,仁愛區,汽車竊盜,2
2022,基隆市,信義區,住宅竊盜,10
2022,基隆市,信義區,機車竊盜,3
2022,基隆市,信義區,毒品,54
2022,基隆市,信義區,汽車竊盜,3
2022,基隆市,安樂區,住宅竊盜,9
2022,基隆市,安樂區,搶奪,2
2022,基隆市,安樂區,機車竊盜,3
2022,基隆市,安樂區,毒品,54
2022,基隆市,暖暖區,住宅竊盜,4
2022,基隆市,暖暖區,機車竊盜,3
2022,基隆市,暖暖區,毒品,77
2022,基隆市,暖暖區,汽車竊盜,3
2022,宜蘭縣,三星鄉,住宅竊盜,1
2022,宜蘭縣,三星鄉,機車竊盜,4
2022,宜蘭縣,三星鄉,毒品,16
2022,宜蘭縣,三星鄉,汽車竊盜,1
2022,宜蘭縣,五結鄉,機車竊盜,6
2022,宜蘭縣,五結鄉,毒品,52
2022,宜蘭縣,五結鄉,汽車竊盜,7
2022,宜蘭縣,冬山鄉,機車竊盜,10
2022,宜蘭縣,冬山鄉,毒品,31
2022,宜蘭縣,冬山鄉,汽車竊盜,9
2022,宜蘭縣,南澳鄉,機車竊盜,1
2022,宜蘭縣,南澳鄉,毒品,6
2022,宜蘭縣,南澳鄉,汽車竊盜,1
2022,宜蘭縣,員山鄉,住宅竊盜,1
2022,宜蘭縣,員山鄉,機車竊盜,3
2022,宜蘭縣,員山鄉,毒品,30
2022,宜蘭縣,員山鄉,汽車竊盜,2
2022,宜蘭縣,壯圍鄉,住宅竊盜,1
2022,宜蘭縣,壯圍鄉,機車竊盜,1
2022,宜蘭縣,壯圍鄉,毒品,12
2022,宜蘭縣,壯圍鄉,汽車竊盜,1
2022,宜蘭縣,宜蘭市,住宅竊盜,2
2022,宜蘭縣,宜蘭市,強制性交,1
2022,宜蘭縣,宜蘭市,搶奪,1
2022,宜蘭縣,宜蘭市,機車竊盜,18
2022,宜蘭縣,宜蘭市,毒品,60
2022,宜蘭縣,宜蘭市,汽車竊盜,1
2022,宜蘭縣,礁溪鄉,住宅竊盜,1
2022,宜蘭縣,礁溪鄉,強盜,1
2022,宜蘭縣,礁溪鄉,毒品,38
2022,宜蘭縣,礁溪鄉,汽車竊盜,1
2022,宜蘭縣,羅東鎮,機車竊盜,28
2022,宜蘭縣,羅東鎮,毒品,61
2022,宜蘭縣,羅東鎮,汽車竊盜,7
2022,宜蘭縣,蘇澳鎮,機車竊盜,3
2022,宜蘭縣,蘇澳鎮,毒品,57
2022,宜蘭縣,蘇澳鎮,汽車竊盜,1
2022,宜蘭縣,頭城鎮,毒品,21
2022,宜蘭縣,頭城鎮,汽車竊盜,1
2022,屏東縣,三地門鄉,毒品,7
2022,屏東縣,九如鄉,毒品,21
2022,屏東縣,九如鄉,汽車竊盜,1
2022,屏東縣,佳冬鄉,機車竊盜,4
2022,屏東縣,佳冬鄉,毒品,11
2022,屏東縣,佳冬鄉,汽車竊盜,1
2022,屏東縣,來義鄉,毒品,2
2022,屏東縣,內埔鄉,強制性交,1
2022,屏東縣,內埔鄉,強盜,1
2022,屏東縣,內埔鄉,機車竊盜,4
2022,屏東縣,內埔鄉,毒品,47
2022,屏東縣,內埔鄉,汽車竊盜,2
2022,屏東縣,南州鄉,毒品,11
2022,屏東縣,屏東市,強制性交,1
2022,屏東縣,屏東市,強盜,2
2022,屏東縣,屏東市,機車竊盜,18
2022,屏東縣,屏東市,毒品,257
2022,屏東縣,屏東市,汽車竊盜,4
2022,屏東縣,崁頂鄉,機車竊盜,1
2022,屏東縣,崁頂鄉,毒品,9
2022,屏東縣,恆春鎮,機車竊盜,3
2022,屏東縣,恆春鎮,毒品,19
2022,屏東縣,恆春鎮,汽車竊盜,1
2022,屏東縣,新園鄉,強制性交,1
2022,屏東縣,新園鄉,機車竊盜,2
2022,屏東縣,新園鄉,毒品,37
2022,屏東縣,新園鄉,汽車竊盜,1
2022,屏東縣,新埤鄉,強盜,1
2022,屏東縣,新埤鄉,毒品,10
2022,屏東縣,春日鄉,機車竊盜,3
2022,屏東縣,春日鄉,毒品,8
2022,屏東縣,東港鎮,強制性交,1
2022,屏東縣,東港鎮,機車竊盜,1
2022,屏東縣,東港鎮,毒品,52
2022,屏東縣,東港鎮,汽車竊盜,1
2022,屏東縣,枋寮鄉,機車竊盜,4
2022,屏東縣,枋寮鄉,毒品,33
2022,屏東縣,枋寮鄉,汽車竊盜,1
2022,屏東縣,枋山鄉,毒品,5
2022,屏東縣,林邊鄉,機車竊盜,2
2022,屏東縣,林邊鄉,毒品,15
2022,屏東縣,泰武鄉,強制性交,1
2022,屏東縣,泰武鄉,毒品,2
2022,屏東縣,潮州鎮,住宅竊盜,2
2022,屏東縣,潮州鎮,強盜,1
2022,屏東縣,潮州鎮,機車竊盜,3
2022,屏東縣,潮州鎮,毒品,78
2022,屏東縣,潮州鎮,汽車竊盜,2
2022,屏東縣,牡丹鄉,機車竊盜,1
2022,屏東縣,牡丹鄉,毒品,1
2022,屏東縣,獅子鄉,毒品,5
2022,屏東縣,琉球鄉,機車竊盜,1
2022,屏東縣,琉球鄉,毒品,3
2022,屏東縣,瑪家鄉,強制性交,1
2022,屏東縣,瑪家鄉,毒品,4
2022,屏東縣,竹田鄉,機車竊盜,2
2022,屏東縣,竹田鄉,毒品,16
2022,屏東縣,竹田鄉,汽車竊盜,1
2022,屏東縣,萬丹鄉,機車竊盜,2
2022,屏東縣,萬丹鄉,毒品,55
2022,屏東縣,萬丹鄉,汽車竊盜,1
2022,屏東縣,萬巒鄉,機車竊盜,2
2022,屏東縣,萬巒鄉,毒品,17
2022,屏東縣,車城鄉,強盜,1
2022,屏東縣,車城鄉,機車竊盜,1
2022,屏東縣,車城鄉,毒品,8
2022,屏東縣,車城鄉,汽車竊盜,1
2022,屏東縣,里港鄉,機車竊盜,1
2022,屏東縣,里港鄉,毒品,20
2022,屏東縣,里港鄉,汽車竊盜,1
2022,屏東縣,長治鄉,毒品,30
2022,屏東縣,長治鄉,汽車竊盜,2
2022,屏東縣,高樹鄉,強盜,1
2022,屏東縣,高樹鄉,機車竊盜,1
2022,屏東縣,高樹鄉,毒品,63
2022,屏東縣,鹽埔鄉,毒品,25
2022,屏東縣,麟洛鄉,機車竊盜,1
2022,屏東縣,麟洛鄉,毒品,13
2022,屏東縣,麟洛鄉,汽車竊盜,1
2022,彰化縣,二林鎮,機車竊盜,4
2022,彰化縣,二林鎮,毒品,35
2022,彰化縣,二林鎮,汽車竊盜,3
2022,彰化縣,二水鄉,機車竊盜,1
2022,彰化縣,二水鄉,毒品,20
2022,彰化縣,伸港鄉,強盜,1
2022,彰化縣,伸港鄉,機車竊盜,1
2022,彰化縣,伸港鄉,毒品,33
2022,彰化縣,北斗鎮,住宅竊盜,3
2022,彰化縣,北斗鎮,強盜,1
2022,彰化縣,北斗鎮,機車竊盜,6
2022,彰化縣,北斗鎮,毒品,24
2022,彰化縣,和美鎮,住宅竊盜,2
2022,彰化縣,和美鎮,強盜,1
2022,彰化縣,和美鎮,機車竊盜,5
2022,彰化縣,和美鎮,毒品,47
2022,彰化縣,和美鎮,汽車竊盜,1
2022,彰化縣,員林市,住宅竊盜,1
2022,彰化縣,員林市,強制性交,4
2022,彰化縣,員林市,強盜,1
2022,彰化縣,員林市,機車竊盜,16
2022,彰化縣,員林市,毒品,95
2022,彰化縣,員林市,汽車竊盜,4
2022,彰化縣,埔心鄉,機車竊盜,6
2022,彰化縣,埔心鄉,毒品,17
2022,彰化縣,埔心鄉,汽車竊盜,2
2022,彰化縣,埔鹽鄉,機車竊盜,2
2022,彰化縣,埔鹽鄉,毒品,11
2022,彰化縣,埤頭鄉,住宅竊盜,1
2022,彰化縣,埤頭鄉,強盜,1
2022,彰化縣,埤頭鄉,機車竊盜,1
2022,彰化縣,埤頭鄉,毒品,19
2022,彰化縣,埤頭鄉,汽車竊盜,1
2022,彰化縣,大城鄉,機車竊盜,1
2022,彰化縣,大城鄉,毒品,2
2022,彰化縣,大村鄉,住宅竊盜,3
2022,彰化縣,大村鄉,強制性交,1
2022,彰化縣,大村鄉,搶奪,1
2022,彰化縣,大村鄉,機車竊盜,2
2022,彰化縣,大村鄉,毒品,31
2022,彰化縣,大村鄉,汽車竊盜,8
2022,彰化縣,彰化市,住宅竊盜,5
2022,彰化縣,彰化市,強制性交,2
2022,彰化縣,彰化市,搶奪,3
2022,彰化縣,彰化市,機車竊盜,25
2022,彰化縣,彰化市,毒品,131
2022,彰化縣,彰化市,汽車竊盜,3
2022,彰化縣,永靖鄉,住宅竊盜,1
2022,彰化縣,永靖鄉,強制性交,1
2022,彰化縣,永靖鄉,機車竊盜,1
2022,彰化縣,永靖鄉,毒品,11
2022,彰化縣,永靖鄉,汽車竊盜,1
2022,彰化縣,溪州鄉,住宅竊盜,2
2022,彰化縣,溪州鄉,機車竊盜,1
2022,彰化縣,溪州鄉,毒品,18
2022,彰化縣,溪州鄉,汽車竊盜,1
2022,彰化縣,溪湖鎮,機車竊盜,6
2022,彰化縣,溪湖鎮,毒品,24
2022,彰化縣,溪湖鎮,汽車竊盜,2
2022,彰化縣,田中鎮,機車竊盜,3
2022,彰化縣,田中鎮,毒品,36
2022,彰化縣,田尾鄉,住宅竊盜,2
2022,彰化縣,田尾鄉,機車竊盜,2
2022,彰化縣,田尾鄉,毒品,13
2022,彰化縣,社頭鄉,機車竊盜,3
2022,彰化縣,社頭鄉,毒品,43
2022,彰化縣,社頭鄉,汽車竊盜,2
2022,彰化縣,福興鄉,住宅竊盜,1
2022,彰化縣,福興鄉,機車竊盜,1
2022,彰化縣,福興鄉,毒品,19
2022,彰化縣,福興鄉,汽車竊盜,1
2022,彰化縣,秀水鄉,住宅竊盜,3
2022,彰化縣,秀水鄉,強制性交,1
2022,彰化縣,秀水鄉,機車竊盜,5
2022,彰化縣,秀水鄉,毒品,15
2022,彰化縣,秀水鄉,汽車竊盜,1
2022,彰化縣,竹塘鄉,住宅竊盜,1
2022,彰化縣,竹塘鄉,毒品,3
2022,彰化縣,線西鄉,毒品,9
2022,彰化縣,芬園鄉,住宅竊盜,3
2022,彰化縣,芬園鄉,毒品,12
2022,彰化縣,花壇鄉,住宅竊盜,4
2022,彰化縣,花壇鄉,強盜,1
2022,彰化縣,花壇鄉,機車竊盜,1
2022,彰化縣,花壇鄉,毒品,14
2022,彰化縣,花壇鄉,汽車竊盜,3
2022,彰化縣,芳苑鄉,住宅竊盜,2
2022,彰化縣,芳苑鄉,強盜,1
2022,彰化縣,芳苑鄉,機車竊盜,2
2022,彰化縣,芳苑鄉,毒品,7
2022,彰化縣,芳苑鄉,汽車竊盜,1
2022,彰化縣,鹿港鎮,住宅竊盜,2
2022,彰化縣,鹿港鎮,搶奪,2
2022,彰化縣,鹿港鎮,機車竊盜,3
2022,彰化縣,鹿港鎮,毒品,51
2022,彰化縣,鹿港鎮,汽車竊盜,1
2022,新北市,三峽區,住宅竊盜,12
2022,新北市,三峽區,強盜,1
2022,新北市,三峽區,搶奪,1
2022,新北市,三峽區,機車竊盜,20
2022,新北市,三峽區,毒品,70
2022,新北市,三峽區,汽車竊盜,5
2022,新北市,三芝區,住宅竊盜,1
2022,新北市,三芝區,強盜,2
2022,新北市,三芝區,機車竊盜,3
2022,新北市,三芝區,毒品,21
2022,新北市,三重區,住宅竊盜,51
2022,新北市,三重區,強制性交,1
2022,新北市,三重區,強盜,5
2022,新北市,三重區,搶奪,5
2022,新北市,三重區,機車竊盜,55
2022,新北市,三重區,毒品,914
2022,新北市,三重區,汽車竊盜,9
2022,新北市,中和區,住宅竊盜,41
2022,新北市,中和區,強盜,2
2022,新北市,中和區,搶奪,3
2022,新北市,中和區,機車竊盜,22
2022,新北市,中和區,毒品,199
2022,新北市,中和區,汽車竊盜,1
2022,新北市,五股區,住宅竊盜,4
2022,新北市,五股區,強盜,1
2022,新北市,五股區,機車竊盜,9
2022,新北市,五股區,毒品,48
2022,新北市,五股區,汽車竊盜,2
2022,新北市,八里區,機車竊盜,2
2022,新北市,八里區,毒品,14
2022,新北市,八里區,汽車竊盜,1
2022,新北市,土城區,住宅竊盜,13
2022,新北市,土城區,搶奪,2
2022,新北市,土城區,機車竊盜,14
2022,新北市,土城區,毒品,198
2022,新北市,土城區,汽車竊盜,15
2022,新北市,坪林區,機車竊盜,1
2022,新北市,平溪區,毒品,2
2022,新北市,新店區,住宅竊盜,12
2022,新北市,新店區,強盜,1
2022,新北市,新店區,搶奪,1
2022,新北市,新店區,機車竊盜,26
2022,新北市,新店區,毒品,194
2022,新北市,新店區,汽車竊盜,2
2022,新北市,新莊區,住宅竊盜,22
2022,新北市,新莊區,強盜,5
2022,新北市,新莊區,搶奪,5
2022,新北市,新莊區,機車竊盜,36
2022,新北市,新莊區,毒品,257
2022,新北市,新莊區,汽車竊盜,3
2022,新北市,板橋區,住宅竊盜,12
2022,新北市,板橋區,強盜,3
2022,新北市,板橋區,搶奪,3
2022,新北市,板橋區,機車竊盜,37
2022,新北市,板橋區,毒品,533
2022,新北市,板橋區,汽車竊盜,10
2022,新北市,林口區,住宅竊盜,5
2022,新北市,林口區,機車竊盜,7
2022,新北市,林口區,毒品,26
2022,新北市,林口區,汽車竊盜,2
2022,新北市,樹林區,住宅竊盜,17
2022,新北市,樹林區,搶奪,4
2022,新北市,樹林區,機車竊盜,18
2022,新北市,樹林區,毒品,241
2022,新北市,樹林區,汽車竊盜,6
2022,新北市,永和區,住宅竊盜,10
2022,新北市,永和區,機車竊盜,10
2022,新北市,永和區,毒品,94
2022,新北市,汐止區,住宅竊盜,3
2022,新北市,汐止區,強制性交,1
2022,新北市,汐止區,強盜,1
2022,新北市,汐止區,機車竊盜,10
2022,新北市,汐止區,毒品,78
2022,新北市,汐止區,汽車竊盜,5
2022,新北市,泰山區,住宅竊盜,4
2022,新北市,泰山區,強盜,1
2022,新北市,泰山區,機車竊盜,8
2022,新北市,泰山區,毒品,44
2022,新北市,泰山區,汽車竊盜,2
2022,新北市,淡水區,住宅竊盜,1
2022,新北市,淡水區,強制性交,2
2022,新北市,淡水區,機車竊盜,8
2022,新北市,淡水區,毒品,64
2022,新北市,深坑區,住宅竊盜,3
2022,新北市,深坑區,毒品,11
2022,新北市,烏來區,機車竊盜,2
2022,新北市,烏來區,毒品,10
2022,新北市,瑞芳區,機車竊盜,6
2022,新北市,瑞芳區,毒品,94
2022,新北市,瑞芳區,汽車竊盜,2
2022,新北市,石碇區,毒品,2
2022,新北市,石門區,住宅竊盜,1
2022,新北市,萬里區,住宅竊盜,2
2022,新北市,萬里區,毒品,23
2022,新北市,萬里區,汽車竊盜,1
2022,新北市,蘆洲區,住宅竊盜,8
2022,新北市,蘆洲區,強盜,1
2022,新北市,蘆洲區,搶奪,1
2022,新北市,蘆洲區,機車竊盜,16
2022,新北市,蘆洲區,毒品,183
2022,新北市,蘆洲區,汽車竊盜,1
2022,新北市,貢寮區,機車竊盜,1
2022,新北市,貢寮區,毒品,20
2022,新北市,金山區,住宅竊盜,2
2022,新北市,金山區,毒品,18
2022,新北市,金山區,汽車竊盜,1
2022,新北市,雙溪區,機車竊盜,1
2022,新北市,雙溪區,毒品,12
2022,新北市,鶯歌區,住宅竊盜,4
2022,新北市,鶯歌區,強制性交,1
2022,新北市,鶯歌區,機車竊盜,21
2022,新北市,鶯歌區,毒品,66
2022,新北市,鶯歌區,汽車竊盜,5
2022,新竹市,北區,強制性交,1
2022,新竹市,北區,機車竊盜,12
2022,新竹市,北區,毒品,116
2022,新竹市,北區,汽車竊盜,4
2022,新竹市,東區,住宅竊盜,24
2022,新竹市,東區,機車竊盜,9
2022,新竹市,東區,毒品,101
2022,新竹市,東區,汽車竊盜,3
2022,新竹市,香山區,住宅竊盜,2
2022,新竹市,香山區,強制性交,1
2022,新竹市,香山區,機車竊盜,7
2022,新竹市,香山區,毒品,41
2022,新竹市,香山區,汽車竊盜,4
2022,新竹縣,五峰鄉,住宅竊盜,1
2022,新竹縣,五峰鄉,毒品,8
2022,新竹縣,北埔鄉,住宅竊盜,1
2022,新竹縣,北埔鄉,毒品,1
2022,新竹縣,寶山鄉,住宅竊盜,2
2022,新竹縣,寶山鄉,毒品,13
2022,新竹縣,寶山鄉,汽車竊盜,2
2022,新竹縣,尖石鄉,機車竊盜,2
2022,新竹縣,尖石鄉,毒品,12
2022,新竹縣,峨眉鄉,毒品,3
2022,新竹縣,新埔鎮,住宅竊盜,3
2022,新竹縣,新埔鎮,機車竊盜,2
2022,新竹縣,新埔鎮,毒品,29
2022,新竹縣,新埔鎮,汽車竊盜,3
2022,新竹縣,新豐鄉,住宅竊盜,2
2022,新竹縣,新豐鄉,強制性交,3
2022,新竹縣,新豐鄉,強盜,1
2022,新竹縣,新豐鄉,搶奪,1
2022,新竹縣,新豐鄉,機車竊盜,10
2022,新竹縣,新豐鄉,毒品,32
2022,新竹縣,新豐鄉,汽車竊盜,4
2022,新竹縣,橫山鄉,住宅竊盜,1
2022,新竹縣,橫山鄉,毒品,19
2022,新竹縣,橫山鄉,汽車竊盜,1
2022,新竹縣,湖口鄉,住宅竊盜,7
2022,新竹縣,湖口鄉,機車竊盜,13
2022,新竹縣,湖口鄉,毒品,85
2022,新竹縣,湖口鄉,汽車竊盜,8
2022,新竹縣,竹北市,住宅竊盜,9
2022,新竹縣,竹北市,機車竊盜,20
2022,新竹縣,竹北市,毒品,112
2022,新竹縣,竹北市,汽車竊盜,12
2022,新竹縣,竹東鎮,住宅竊盜,9
2022,新竹縣,竹東鎮,強盜,2
2022,新竹縣,竹東鎮,搶奪,1
2022,新竹縣,竹東鎮,機車竊盜,12
2022,新竹縣,竹東鎮,毒品,76
2022,新竹縣,竹東鎮,汽車竊盜,6
2022,新竹縣,芎林鄉,毒品,17
2022,新竹縣,芎林鄉,汽車竊盜,1
2022,新竹縣,關西鎮,住宅竊盜,2
2022,新竹縣,關西鎮,機車竊盜,5
2022,新竹縣,關西鎮,毒品,22
2022,新竹縣,關西鎮,汽車竊盜,3
2022,桃園市,中壢區,住宅竊盜,17
2022,桃園市,中壢區,強制性交,2
2022,桃園市,中壢區,強盜,2
2022,桃園市,中壢區,搶奪,2
2022,桃園市,中壢區,機車竊盜,42
2022,桃園市,中壢區,毒品,697
2022,桃園市,中壢區,汽車竊盜,6
2022,桃園市,八德區,住宅竊盜,7
2022,桃園市,八德區,強制性交,2
2022,桃園市,八德區,強盜,1
2022,桃園市,八德區,搶奪,1
2022,桃園市,八德區,機車竊盜,12
2022,桃園市,八德區,毒品,375
2022,桃園市,八德區,汽車竊盜,4
2022,桃園市,大園區,住宅竊盜,26
2022,桃園市,大園區,強盜,1
2022,桃園市,大園區,搶奪,1
2022,桃園市,大園區,機車竊盜,3
2022,桃園市,大園區,毒品,88
2022,桃園市,大園區,汽車竊盜,3
2022,桃園市,大溪區,住宅竊盜,1
2022,桃園市,大溪區,強制性交,1
2022,桃園市,大溪區,強盜,1
2022,桃園市,大溪區,搶奪,1
2022,桃園市,大溪區,機車竊盜,2
2022,桃園市,大溪區,毒品,90
2022,桃園市,大溪區,汽車竊盜,6
2022,桃園市,平鎮區,強盜,1
2022,桃園市,平鎮區,搶奪,1
2022,桃園市,平鎮區,機車竊盜,11
2022,桃園市,平鎮區,毒品,272
2022,桃園市,平鎮區,汽車竊盜,5
2022,桃園市,復興區,毒品,6
2022,桃園市,新屋區,住宅竊盜,4
2022,桃園市,新屋區,機車竊盜,4
2022,桃園市,新屋區,毒品,65
2022,桃園市,新屋區,汽車竊盜,4
2022,桃園市,桃園區,住宅竊盜,27
2022,桃園市,桃園區,強盜,4
2022,桃園市,桃園區,搶奪,3
2022,桃園市,桃園區,機車竊盜,18
2022,桃園市,桃園區,毒品,679
2022,桃園市,桃園區,汽車竊盜,2
2022,桃園市,楊梅區,住宅竊盜,10
2022,桃園市,楊梅區,搶奪,1
2022,桃園市,楊梅區,機車竊盜,8
2022,桃園市,楊梅區,毒品,180
2022,桃園市,楊梅區,汽車竊盜,5
2022,桃園市,蘆竹區,住宅竊盜,3
2022,桃園市,蘆竹區,強盜,3
2022,桃園市,蘆竹區,搶奪,1
2022,桃園市,蘆竹區,機車竊盜,6
2022,桃園市,蘆竹區,毒品,124
2022,桃園市,蘆竹區,汽車竊盜,1
2022,桃園市,觀音區,住宅竊盜,8
2022,桃園市,觀音區,搶奪,1
2022,桃園市,觀音區,機車竊盜,1
2022,桃園市,觀音區,毒品,38
2022,桃園市,觀音區,汽車竊盜,3
2022,桃園市,龍潭區,強盜,1
2022,桃園市,龍潭區,搶奪,1
2022,桃園市,龍潭區,機車竊盜,5
2022,桃園市,龍潭區,毒品,76
2022,桃園市,龍潭區,汽車竊盜,8
2022,桃園市,龜山區,住宅竊盜,5
2022,桃園市,龜山區,強盜,2
2022,桃園市,龜山區,機車竊盜,7
2022,桃園市,龜山區,毒品,342
2022,桃園市,龜山區,汽車竊盜,4
2022,桃園市,龜山區,組織犯罪防制條例,1
2022,澎湖縣,湖西鄉,住宅竊盜,10
2022,澎湖縣,湖西鄉,強制性交,2
2022,澎湖縣,湖西鄉,強盜,1
2022,澎湖縣,湖西鄉,毒品,5
2022,澎湖縣,白沙鄉,住宅竊盜,2
2022,澎湖縣,白沙鄉,強制性交,1
2022,澎湖縣,白沙鄉,毒品,2
2022,澎湖縣,西嶼鄉,住宅竊盜,12
2022,澎湖縣,馬公市,住宅竊盜,19
2022,澎湖縣,馬公市,強制性交,6
2022,澎湖縣,馬公市,強盜,1
2022,澎湖縣,馬公市,機車竊盜,1
2022,澎湖縣,馬公市,毒品,21
2022,澎湖縣,馬公市,汽車竊盜,2
2022,澎湖縣,馬公市,組織犯罪防制條例,1
2022,臺中市,中區,住宅竊盜,2
2022,臺中市,中區,搶奪,1
2022,臺中市,中區,機車竊盜,13
2022,臺中市,中區,毒品,55
2022,臺中市,中區,汽車竊盜,2
2022,臺中市,北區,住宅竊盜,3
2022,臺中市,北區,搶奪,1
2022,臺中市,北區,機車竊盜,23
2022,臺中市,北區,毒品,241
2022,臺中市,北區,汽車竊盜,1
2022,臺中市,北屯區,住宅竊盜,4
2022,臺中市,北屯區,強盜,2
2022,臺中市,北屯區,機車竊盜,16
2022,臺中市,北屯區,毒品,175
2022,臺中市,北屯區,汽車竊盜,1
2022,臺中市,南區,機車竊盜,8
2022,臺中市,南區,毒品,44
2022,臺中市,南屯區,住宅竊盜,3
2022,臺中市,南屯區,機車竊盜,3
2022,臺中市,南屯區,毒品,76
2022,臺中市,南屯區,汽車竊盜,3
2022,臺中市,后里區,機車竊盜,4
2022,臺中市,后里區,毒品,32
2022,臺中市,后里區,汽車竊盜,1
2022,臺中市,和平區,機車竊盜,2
2022,臺中市,和平區,毒品,3
2022,臺中市,外埔區,毒品,19
2022,臺中市,外埔區,汽車竊盜,1
2022,臺中市,大安區,機車竊盜,1
2022,臺中市,大安區,毒品,7
2022,臺中市,大甲區,住宅竊盜,1
2022,臺中市,大甲區,機車竊盜,7
2022,臺中市,大甲區,毒品,41
2022,臺中市,大甲區,汽車竊盜,1
2022,臺中市,大肚區,住宅竊盜,1
2022,臺中市,大肚區,機車竊盜,2
2022,臺中市,大肚區,毒品,22
2022,臺中市,大里區,強盜,1
2022,臺中市,大里區,搶奪,1
2022,臺中市,大里區,機車竊盜,10
2022,臺中市,大里區,毒品,153
2022,臺中市,大里區,汽車竊盜,2
2022,臺中市,大雅區,住宅竊盜,1
2022,臺中市,大雅區,機車竊盜,9
2022,臺中市,大雅區,毒品,25
2022,臺中市,大雅區,汽車竊盜,1
2022,臺中市,太平區,住宅竊盜,6
2022,臺中市,太平區,機車竊盜,21
2022,臺中市,太平區,毒品,114
2022,臺中市,太平區,汽車竊盜,2
2022,臺中市,新社區,機車竊盜,4
2022,臺中市,新社區,毒品,4
2022,臺中市,新社區,汽車竊盜,1
2022,臺中市,東勢區,機車竊盜,3
2022,臺中市,東勢區,毒品,9
2022,臺中市,東區,住宅竊盜,1
2022,臺中市,東區,機車竊盜,13
2022,臺中市,東區,毒品,67
2022,臺中市,東區,汽車竊盜,1
2022,臺中市,梧棲區,住宅竊盜,2
2022,臺中市,梧棲區,機車竊盜,1
2022,臺中市,梧棲區,毒品,22
2022,臺中市,梧棲區,汽車竊盜,1
2022,臺中市,沙鹿區,住宅竊盜,4
2022,臺中市,沙鹿區,強盜,1
2022,臺中市,沙鹿區,搶奪,1
2022,臺中市,沙鹿區,機車竊盜,2
2022,臺中市,沙鹿區,毒品,49
2022,臺中市,沙鹿區,汽車竊盜,1
2022,臺中市,清水區,住宅竊盜,1
2022,臺中市,清水區,機車竊盜,2
2022,臺中市,清水區,毒品,54
2022,臺中市,潭子區,住宅竊盜,2
2022,臺中市,潭子區,機車竊盜,4
2022,臺中市,潭子區,毒品,43
2022,臺中市,潭子區,汽車竊盜,1
2022,臺中市,烏日區,住宅竊盜,3
2022,臺中市,烏日區,搶奪,1
2022,臺中市,烏日區,機車竊盜,3
2022,臺中市,烏日區,毒品,29
2022,臺中市,烏日區,汽車竊盜,3
2022,臺中市,石岡區,機車竊盜,1
2022,臺中市,石岡區,毒品,1
2022,臺中市,石岡區,汽車竊盜,1
2022,臺中市,神岡區,住宅竊盜,1
2022,臺中市,神岡區,強盜,1
2022,臺中市,神岡區,機車竊盜,1
2022,臺中市,神岡區,毒品,40
2022,臺中市,神岡區,汽車竊盜,1
2022,臺中市,西區,住宅竊盜,3
2022,臺中市,西區,機車竊盜,17
2022,臺中市,西區,毒品,69
2022,臺中市,西區,汽車竊盜,5
2022,臺中市,西屯區,住宅竊盜,7
2022,臺中市,西屯區,搶奪,1
2022,臺中市,西屯區,機車竊盜,23
2022,臺中市,西屯區,毒品,295
2022,臺中市,西屯區,汽車竊盜,5
2022,臺中市,豐原區,住宅竊盜,3
2022,臺中市,豐原區,強制性交,1
2022,臺中市,豐原區,強盜,1
2022,臺中市,豐原區,機車竊盜,14
2022,臺中市,豐原區,毒品,80
2022,臺中市,豐原區,汽車竊盜,2
2022,臺中市,霧峰區,住宅竊盜,1
2022,臺中市,霧峰區,機車竊盜,5
2022,臺中市,霧峰區,毒品,56
2022,臺中市,霧峰區,汽車竊盜,3
2022,臺中市,龍井區,住宅竊盜,1
2022,臺中市,龍井區,強盜,1
2022,臺中市,龍井區,機車竊盜,6
2022,臺中市,龍井區,毒品,28
2022,臺中市,龍井區,汽車竊盜,1
2022,臺北市,中山區,住宅竊盜,8
2022,臺北市,中山區,強制性交,3
2022,臺北市,中山區,強盜,1
2022,臺北市,中山區,搶奪,1
2022,臺北市,中山區,機車竊盜,8
2022,臺北市,中山區,毒品,404
2022,臺北市,中正區,住宅竊盜,10
2022,臺北市,中正區,強制性交,1
2022,臺北市,中正區,搶奪,1
2022,臺北市,中正區,機車竊盜,13
2022,臺北市,中正區,毒品,117
2022,臺北市,信義區,住宅竊盜,6
2022,臺北市,信義區,強制性交,1
2022,臺北市,信義區,強盜,3
2022,臺北市,信義區,機車竊盜,5
2022,臺北市,信義區,毒品,130
2022,臺北市,信義區,汽車竊盜,1
2022,臺北市,內湖區,住宅竊盜,3
2022,臺北市,內湖區,強制性交,3
2022,臺北市,內湖區,機車竊盜,6
2022,臺北市,內湖區,毒品,172
2022,臺北市,內湖區,汽車竊盜,1
2022,臺北市,北投區,住宅竊盜,11
2022,臺北市,北投區,強盜,1
2022,臺北市,北投區,機車竊盜,11
2022,臺北市,北投區,毒品,126
2022,臺北市,北投區,汽車竊盜,4
2022,臺北市,北投區,組織犯罪防制條例,1
2022,臺北市,南港區,住宅竊盜,8
2022,臺北市,南港區,強制性交,1
2022,臺北市,南港區,強盜,1
2022,臺北市,南港區,搶奪,2
2022,臺北市,南港區,機車竊盜,5
2022,臺北市,南港區,毒品,86
2022,臺北市,南港區,汽車竊盜,5
2022,臺北市,士林區,住宅竊盜,20
2022,臺北市,士林區,強制性交,3
2022,臺北市,士林區,搶奪,1
2022,臺北市,士林區,機車竊盜,10
2022,臺北市,士林區,毒品,181
2022,臺北市,大同區,住宅竊盜,15
2022,臺北市,大同區,強制性交,1
2022,臺北市,大同區,強盜,1
2022,臺北市,大同區,搶奪,2
2022,臺北市,大同區,機車竊盜,7
2022,臺北市,大同區,毒品,186
2022,臺北市,大同區,汽車竊盜,1
2022,臺北市,大安區,住宅竊盜,18
2022,臺北市,大安區,強制性交,1
2022,臺北市,大安區,強盜,1
2022,臺北市,大安區,搶奪,1
2022,臺北市,大安區,機車竊盜,7
2022,臺北市,大安區,毒品,329
2022,臺北市,文山區,住宅竊盜,5
2022,臺北市,文山區,機車竊盜,13
2022,臺北市,文山區,毒品,112
2022,臺北市,文山區,汽車竊盜,4
2022,臺北市,松山區,住宅竊盜,7
2022,臺北市,松山區,強制性交,4
2022,臺北市,松山區,機車竊盜,3
2022,臺北市,松山區,毒品,156
2022,臺北市,松山區,汽車竊盜,2
2022,臺北市,萬華區,住宅竊盜,16
2022,臺北市,萬華區,強盜,3
2022,臺北市,萬華區,機車竊盜,21
2022,臺北市,萬華區,毒品,659
2022,臺北市,萬華區,汽車竊盜,3
2022,臺南市,七股區,住宅竊盜,1
2022,臺南市,七股區,機車竊盜,1
2022,臺南市,七股區,毒品,8
2022,臺南市,下營區,毒品,6
2022,臺南市,中西區,住宅竊盜,5
2022,臺南市,中西區,搶奪,2
2022,臺南市,中西區,機車竊盜,11
2022,臺南市,中西區,毒品,193
2022,臺南市,仁德區,住宅竊盜,1
2022,臺南市,仁德區,強制性交,1
2022,臺南市,仁德區,強盜,2
2022,臺南市,仁德區,機車竊盜,1
2022,臺南市,仁德區,毒品,71
2022,臺南市,仁德區,汽車竊盜,1
2022,臺南市,佳里區,住宅竊盜,5
2022,臺南市,佳里區,搶奪,1
2022,臺南市,佳里區,機車竊盜,2
2022,臺南市,佳里區,毒品,18
2022,臺南市,六甲區,住宅竊盜,1
2022,臺南市,六甲區,機車竊盜,1
2022,臺南市,六甲區,毒品,10
2022,臺南市,北區,住宅竊盜,14
2022,臺南市,北區,強制性交,4
2022,臺南市,北區,強盜,1
2022,臺南市,北區,搶奪,1
2022,臺南市,北區,機車竊盜,5
2022,臺南市,北區,毒品,163
2022,臺南市,北門區,住宅竊盜,3
2022,臺南市,北門區,毒品,6
2022,臺南市,南化區,住宅竊盜,1
2022,臺南市,南化區,強制性交,1
2022,臺南市,南化區,毒品,6
2022,臺南市,南區,住宅竊盜,10
2022,臺南市,南區,強制性交,1
2022,臺南市,南區,搶奪,1
2022,臺南市,南區,機車竊盜,2
2022,臺南市,南區,毒品,64
2022,臺南市,善化區,住宅竊盜,2
2022,臺南市,善化區,機車竊盜,6
2022,臺南市,善化區,毒品,28
2022,臺南市,善化區,汽車竊盜,1
2022,臺南市,大內區,毒品,6
2022,臺南市,學甲區,住宅竊盜,3
2022,臺南市,學甲區,毒品,25
2022,臺南市,安南區,住宅竊盜,3
2022,臺南市,安南區,強制性交,2
2022,臺南市,安南區,強盜,1
2022,臺南市,安南區,機車竊盜,7
2022,臺南市,安南區,毒品,159
2022,臺南市,安南區,汽車竊盜,2
2022,臺南市,安南區,組織犯罪防制條例,1
2022,臺南市,安定區,強制性交,1
2022,臺南市,安定區,毒品,9
2022,臺南市,安平區,住宅竊盜,6
2022,臺南市,安平區,機車竊盜,2
2022,臺南市,安平區,毒品,48
2022,臺南市,官田區,住宅竊盜,1
2022,臺南市,官田區,機車竊盜,2
2022,臺南市,官田區,毒品,11
2022,臺南市,將軍區,住宅竊盜,2
2022,臺南市,將軍區,機車竊盜,1
2022,臺南市,將軍區,毒品,10
2022,臺南市,山上區,毒品,7
2022,臺南市,左鎮區,住宅竊盜,3
2022,臺南市,左鎮區,毒品,3
2022,臺南市,後壁區,機車竊盜,1
2022,臺南市,後壁區,毒品,9
2022,臺南市,新化區,強制性交,1
2022,臺南市,新化區,強盜,2
2022,臺南市,新化區,搶奪,1
2022,臺南市,新化區,機車竊盜,1
2022,臺南市,新化區,毒品,25
2022,臺南市,新市區,住宅竊盜,1
2022,臺南市,新市區,毒品,40
2022,臺南市,新營區,住宅竊盜,2
2022,臺南市,新營區,強制性交,1
2022,臺南市,新營區,強盜,1
2022,臺南市,新營區,機車竊盜,8
2022,臺南市,新營區,毒品,52
2022,臺南市,新營區,汽車竊盜,2
2022,臺南市,東區,住宅竊盜,1
2022,臺南市,東區,機車竊盜,5
2022,臺南市,東區,毒品,83
2022,臺南市,東區,汽車竊盜,1
2022,臺南市,東山區,住宅竊盜,3
2022,臺南市,東山區,毒品,13
2022,臺南市,東山區,汽車竊盜,1
2022,臺南市,柳營區,機車竊盜,2
2022,臺南市,柳營區,毒品,17
2022,臺南市,楠西區,住宅竊盜,1
2022,臺南市,楠西區,毒品,6
2022,臺南市,歸仁區,住宅竊盜,3
2022,臺南市,歸仁區,強制性交,1
2022,臺南市,歸仁區,強盜,1
2022,臺南市,歸仁區,機車竊盜,1
2022,臺南市,歸仁區,毒品,45
2022,臺南市,永康區,住宅竊盜,2
2022,臺南市,永康區,強制性交,1
2022,臺南市,永康區,強盜,2
2022,臺南市,永康區,搶奪,2
2022,臺南市,永康區,機車竊盜,4
2022,臺南市,永康區,毒品,444
2022,臺南市,永康區,汽車竊盜,4
2022,臺南市,玉井區,住宅竊盜,1
2022,臺南市,玉井區,強制性交,1
2022,臺南市,玉井區,毒品,6
2022,臺南市,玉井區,汽車竊盜,1
2022,臺南市,白河區,住宅竊盜,3
2022,臺南市,白河區,毒品,20
2022,臺南市,白河區,汽車竊盜,1
2022,臺南市,西港區,住宅竊盜,1
2022,臺南市,西港區,強制性交,1
2022,臺南市,西港區,強盜,1
2022,臺南市,西港區,機車竊盜,1
2022,臺南市,西港區,毒品,7
2022,臺南市,關廟區,強盜,2
2022,臺南市,關廟區,機車竊盜,1
2022,臺南市,關廟區,毒品,20
2022,臺南市,關廟區,汽車竊盜,1
2022,臺南市,鹽水區,強盜,1
2022,臺南市,鹽水區,機車竊盜,1
2022,臺南市,鹽水區,毒品,12
2022,臺南市,麻豆區,強制性交,1
2022,臺南市,麻豆區,搶奪,2
2022,臺南市,麻豆區,機車竊盜,1
2022,臺南市,麻豆區,毒品,16
2022,臺東縣,卑南鄉,強制性交,1
2022,臺東縣,卑南鄉,機車竊盜,1
2022,臺東縣,卑南鄉,毒品,11
2022,臺東縣,卑南鄉,汽車竊盜,1
2022,臺東縣,大武鄉,搶奪,1
2022,臺東縣,大武鄉,毒品,4
2022,臺東縣,太麻里鄉,強制性交,1
2022,臺東縣,太麻里鄉,毒品,5
2022,臺東縣,成功鎮,強制性交,2
2022,臺東縣,成功鎮,強盜,1
2022,臺東縣,成功鎮,機車竊盜,1
2022,臺東縣,成功鎮,毒品,5
2022,臺東縣,東河鄉,機車竊盜,1
2022,臺東縣,東河鄉,毒品,1
2022,臺東縣,池上鄉,住宅竊盜,1
2022,臺東縣,池上鄉,毒品,12
2022,臺東縣,海端鄉,強制性交,2
2022,臺東縣,海端鄉,機車竊盜,3
2022,臺東縣,海端鄉,毒品,2
2022,臺東縣,綠島鄉,機車竊盜,1
2022,臺東縣,臺東市,住宅竊盜,2
2022,臺東縣,臺東市,強制性交,2
2022,臺東縣,臺東市,強盜,1
2022,臺東縣,臺東市,機車竊盜,6
2022,臺東縣,臺東市,毒品,154
2022,臺東縣,臺東市,汽車竊盜,2
2022,臺東縣,長濱鄉,機車竊盜,1
2022,臺東縣,關山鎮,住宅竊盜,1
2022,臺東縣,關山鎮,機車竊盜,1
2022,臺東縣,關山鎮,毒品,2
2022,臺東縣,鹿野鄉,住宅竊盜,1
2022,臺東縣,鹿野鄉,強制性交,1
2022,臺東縣,鹿野鄉,毒品,2
2022,臺東縣,鹿野鄉,汽車竊盜,1
2022,花蓮縣,光復鄉,機車竊盜,3
2022,花蓮縣,光復鄉,毒品,7
2022,花蓮縣,卓溪鄉,毒品,1
2022,花蓮縣,吉安鄉,住宅竊盜,5
2022,花蓮縣,吉安鄉,搶奪,1
2022,花蓮縣,吉安鄉,機車竊盜,24
2022,花蓮縣,吉安鄉,毒品,70
2022,花蓮縣,吉安鄉,汽車竊盜,4
2022,花蓮縣,壽豐鄉,住宅竊盜,3
2022,花蓮縣,壽豐鄉,機車竊盜,9
2022,花蓮縣,壽豐鄉,毒品,12
2022,花蓮縣,富里鄉,毒品,8
2022,花蓮縣,新城鄉,強盜,1
2022,花蓮縣,新城鄉,搶奪,1
2022,花蓮縣,新城鄉,機車竊盜,2
2022,花蓮縣,新城鄉,毒品,18
2022,花蓮縣,玉里鎮,機車竊盜,4
2022,花蓮縣,玉里鎮,毒品,45
2022,花蓮縣,玉里鎮,汽車竊盜,1
2022,花蓮縣,瑞穗鄉,住宅竊盜,1
2022,花蓮縣,瑞穗鄉,毒品,27
2022,花蓮縣,瑞穗鄉,汽車竊盜,1
2022,花蓮縣,秀林鄉,機車竊盜,1
2022,花蓮縣,秀林鄉,毒品,8
2022,花蓮縣,秀林鄉,汽車竊盜,1
2022,花蓮縣,花蓮市,搶奪,3
2022,花蓮縣,花蓮市,機車竊盜,29
2022,花蓮縣,花蓮市,毒品,74
2022,花蓮縣,花蓮市,汽車竊盜,2
2022,花蓮縣,萬榮鄉,機車竊盜,4
2022,花蓮縣,萬榮鄉,毒品,5
2022,花蓮縣,豐濱鄉,毒品,1
2022,花蓮縣,鳳林鎮,住宅竊盜,2
2022,花蓮縣,鳳林鎮,機車竊盜,2
2022,花蓮縣,鳳林鎮,毒品,10
2022,苗栗縣,三灣鄉,住宅竊盜,1
2022,苗栗縣,三灣鄉,毒品,6
2022,苗栗縣,三義鄉,強盜,1
2022,苗栗縣,三義鄉,搶奪,1
2022,苗栗縣,三義鄉,毒品,10
2022,苗栗縣,公館鄉,住宅竊盜,5
2022,苗栗縣,公館鄉,毒品,18
2022,苗栗縣,卓蘭鎮,毒品,7
2022,苗栗縣,南庄鄉,住宅竊盜,2
2022,苗栗縣,南庄鄉,強制性交,1
2022,苗栗縣,南庄鄉,機車竊盜,1
2022,苗栗縣,南庄鄉,毒品,7
2022,苗栗縣,大湖鄉,機車竊盜,1
2022,苗栗縣,大湖鄉,毒品,17
2022,苗栗縣,後龍鎮,住宅竊盜,10
2022,苗栗縣,後龍鎮,強盜,2
2022,苗栗縣,後龍鎮,機車竊盜,1
2022,苗栗縣,後龍鎮,毒品,48
2022,苗栗縣,後龍鎮,汽車竊盜,4
2022,苗栗縣,泰安鄉,毒品,4
2022,苗栗縣,獅潭鄉,毒品,3
2022,苗栗縣,竹南鎮,住宅竊盜,7
2022,苗栗縣,竹南鎮,強制性交,2
2022,苗栗縣,竹南鎮,強盜,1
2022,苗栗縣,竹南鎮,機車竊盜,1
2022,苗栗縣,竹南鎮,毒品,115
2022,苗栗縣,竹南鎮,汽車竊盜,4
2022,苗栗縣,苑裡鎮,住宅竊盜,3
2022,苗栗縣,苑裡鎮,機車竊盜,1
2022,苗栗縣,苑裡鎮,毒品,42
2022,苗栗縣,苑裡鎮,汽車竊盜,1
2022,苗栗縣,苗栗市,住宅竊盜,13
2022,苗栗縣,苗栗市,強制性交,1
2022,苗栗縣,苗栗市,強盜,1
2022,苗栗縣,苗栗市,機車竊盜,7
2022,苗栗縣,苗栗市,毒品,97
2022,苗栗縣,苗栗市,汽車竊盜,5
2022,苗栗縣,西湖鄉,住宅竊盜,5
2022,苗栗縣,西湖鄉,毒品,7
2022,苗栗縣,通霄鎮,住宅竊盜,4
2022,苗栗縣,通霄鎮,毒品,38
2022,苗栗縣,造橋鄉,住宅竊盜,8
2022,苗栗縣,造橋鄉,強盜,1
2022,苗栗縣,造橋鄉,毒品,23
2022,苗栗縣,銅鑼鄉,住宅竊盜,2
2022,苗栗縣,銅鑼鄉,強制性交,1
2022,苗栗縣,銅鑼鄉,機車竊盜,3
2022,苗栗縣,銅鑼鄉,毒品,13
2022,苗栗縣,頭份市,住宅竊盜,21
2022,苗栗縣,頭份市,強制性交,1
2022,苗栗縣,頭份市,強盜,1
2022,苗栗縣,頭份市,機車竊盜,2
2022,苗栗縣,頭份市,毒品,123
2022,苗栗縣,頭份市,汽車竊盜,1
2022,苗栗縣,頭屋鄉,住宅竊盜,1
2022,苗栗縣,頭屋鄉,機車竊盜,1
2022,苗栗縣,頭屋鄉,毒品,7
2022,苗栗縣,頭屋鄉,汽車竊盜,1
2022,連江縣,南竿鄉,機車竊盜,1
2022,連江縣,南竿鄉,汽車竊盜,2
2022,金門縣,烈嶼鄉,毒品,1
2022,金門縣,金城鎮,住宅竊盜,10
2022,金門縣,金城鎮,毒品,10
2022,金門縣,金寧鄉,住宅竊盜,5
2022,金門縣,金寧鄉,強制性交,1
2022,金門縣,金寧鄉,機車竊盜,1
2022,金門縣,金寧鄉,毒品,9
2022,金門縣,金沙鎮,住宅竊盜,4
2022,金門縣,金沙鎮,機車竊盜,1
2022,金門縣,金沙鎮,毒品,1
2022,金門縣,金湖鎮,住宅竊盜,15
2022,金門縣,金湖鎮,機車竊盜,2
2022,金門縣,金湖鎮,毒品,3
2022,金門縣,金湖鎮,汽車竊盜,1
2022,雲林縣,二崙鄉,住宅竊盜,2
2022,雲林縣,二崙鄉,強盜,1
2022,雲林縣,二崙鄉,機車竊盜,1
2022,雲林縣,二崙鄉,毒品,6
2022,雲林縣,二崙鄉,汽車竊盜,1
2022,雲林縣,元長鄉,住宅竊盜,1
2022,雲林縣,元長鄉,強制性交,1
2022,雲林縣,元長鄉,搶奪,2
2022,雲林縣,元長鄉,機車竊盜,1
2022,雲林縣,元長鄉,毒品,17
2022,雲林縣,元長鄉,汽車竊盜,2
2022,雲林縣,北港鎮,住宅竊盜,9
2022,雲林縣,北港鎮,毒品,41
2022,雲林縣,口湖鄉,住宅竊盜,10
2022,雲林縣,口湖鄉,搶奪,1
2022,雲林縣,口湖鄉,毒品,17
2022,雲林縣,口湖鄉,汽車竊盜,1
2022,雲林縣,古坑鄉,毒品,31
2022,雲林縣,四湖鄉,住宅竊盜,7
2022,雲林縣,四湖鄉,機車竊盜,5
2022,雲林縣,四湖鄉,毒品,11
2022,雲林縣,土庫鎮,住宅竊盜,2
2022,雲林縣,土庫鎮,毒品,11
2022,雲林縣,大埤鄉,毒品,16
2022,雲林縣,崙背鄉,住宅竊盜,4
2022,雲林縣,崙背鄉,機車竊盜,1
2022,雲林縣,崙背鄉,毒品,15
2022,雲林縣,崙背鄉,汽車竊盜,1
2022,雲林縣,斗六市,住宅竊盜,7
2022,雲林縣,斗六市,強盜,1
2022,雲林縣,斗六市,搶奪,1
2022,雲林縣,斗六市,機車竊盜,5
2022,雲林縣,斗六市,毒品,74
2022,雲林縣,斗六市,汽車竊盜,2
2022,雲林縣,斗南鎮,住宅竊盜,2
2022,雲林縣,斗南鎮,機車竊盜,3
2022,雲林縣,斗南鎮,毒品,51
2022,雲林縣,斗南鎮,汽車竊盜,3
2022,雲林縣,東勢鄉,住宅竊盜,1
2022,雲林縣,東勢鄉,毒品,6
2022,雲林縣,林內鄉,強盜,1
2022,雲林縣,林內鄉,機車竊盜,1
2022,雲林縣,林內鄉,毒品,11
2022,雲林縣,水林鄉,住宅竊盜,3
2022,雲林縣,水林鄉,機車竊盜,1
2022,雲林縣,水林鄉,毒品,23
2022,雲林縣,臺西鄉,住宅竊盜,2
2022,雲林縣,臺西鄉,機車竊盜,2
2022,雲林縣,臺西鄉,毒品,35
2022,雲林縣,莿桐鄉,住宅竊盜,2
2022,雲林縣,莿桐鄉,機車竊盜,4
2022,雲林縣,莿桐鄉,毒品,22
2022,雲林縣,莿桐鄉,汽車竊盜,2
2022,雲林縣,虎尾鎮,住宅竊盜,3
2022,雲林縣,虎尾鎮,強盜,1
2022,雲林縣,虎尾鎮,機車竊盜,1
2022,雲林縣,虎尾鎮,毒品,44
2022,雲林縣,虎尾鎮,汽車竊盜,2
2022,雲林縣,褒忠鄉,機車竊盜,1
2022,雲林縣,褒忠鄉,毒品,4
2022,雲林縣,西螺鎮,住宅竊盜,8
2022,雲林縣,西螺鎮,強盜,1
2022,雲林縣,西螺鎮,機車竊盜,6
2022,雲林縣,西螺鎮,毒品,34
2022,雲林縣,西螺鎮,汽車竊盜,1
2022,雲林縣,麥寮鄉,住宅竊盜,22
2022,雲林縣,麥寮鄉,強盜,1
2022,雲林縣,麥寮鄉,機車竊盜,2
2022,雲林縣,麥寮鄉,毒品,56
2022,雲林縣,麥寮鄉,汽車竊盜,4
2022,高雄市,三民區,住宅竊盜,3
2022,高雄市,三民區,強制性交,2
2022,高雄市,三民區,搶奪,1
2022,高雄市,三民區,機車竊盜,23
2022,高雄市,三民區,毒品,182
2022,高雄市,三民區,組織犯罪防制條例,1
2022,高雄市,仁武區,住宅竊盜,1
2022,高雄市,仁武區,機車竊盜,3
2022,高雄市,仁武區,毒品,48
2022,高雄市,仁武區,汽車竊盜,2
2022,高雄市,內門區,強盜,1
2022,高雄市,內門區,毒品,5
2022,高雄市,六龜區,機車竊盜,1
2022,高雄市,六龜區,毒品,16
2022,高雄市,六龜區,汽車竊盜,1
2022,高雄市,前金區,機車竊盜,2
2022,高雄市,前金區,毒品,37
2022,高雄市,前鎮區,住宅竊盜,1
2022,高雄市,前鎮區,強制性交,1
2022,高雄市,前鎮區,強盜,2
2022,高雄市,前鎮區,搶奪,2
2022,高雄市,前鎮區,機車竊盜,12
2022,高雄市,前鎮區,毒品,67
2022,高雄市,前鎮區,汽車竊盜,1
2022,高雄市,前鎮區,組織犯罪防制條例,1
2022,高雄市,大寮區,強制性交,2
2022,高雄市,大寮區,搶奪,1
2022,高雄市,大寮區,機車竊盜,7
2022,高雄市,大寮區,毒品,59
2022,高雄市,大寮區,汽車竊盜,3
2022,高雄市,大樹區,強制性交,1
2022,高雄市,大樹區,毒品,18
2022,高雄市,大社區,機車竊盜,5
2022,高雄市,大社區,毒品,23
2022,高雄市,大社區,汽車竊盜,1
2022,高雄市,小港區,強制性交,3
2022,高雄市,小港區,搶奪,1
2022,高雄市,小港區,機車竊盜,16
2022,高雄市,小港區,毒品,55
2022,高雄市,岡山區,強制性交,1
2022,高雄市,岡山區,搶奪,1
2022,高雄市,岡山區,機車竊盜,2
2022,高雄市,岡山區,毒品,60
2022,高雄市,左營區,住宅竊盜,3
2022,高雄市,左營區,強盜,1
2022,高雄市,左營區,機車竊盜,4
2022,高雄市,左營區,毒品,58
2022,高雄市,左營區,汽車竊盜,3
2022,高雄市,彌陀區,機車竊盜,2
2022,高雄市,彌陀區,毒品,8
2022,高雄市,新興區,住宅竊盜,1
2022,高雄市,新興區,強盜,1
2022,高雄市,新興區,機車竊盜,3
2022,高雄市,新興區,毒品,49
2022,高雄市,新興區,汽車竊盜,2
2022,高雄市,旗山區,住宅竊盜,1
2022,高雄市,旗山區,機車竊盜,1
2022,高雄市,旗山區,毒品,19
2022,高雄市,旗津區,毒品,22
2022,高雄市,杉林區,毒品,13
2022,高雄市,林園區,強制性交,2
2022,高雄市,林園區,機車竊盜,8
2022,高雄市,林園區,毒品,41
2022,高雄市,梓官區,機車竊盜,1
2022,高雄市,梓官區,毒品,21
2022,高雄市,梓官區,汽車竊盜,2
2022,高雄市,楠梓區,住宅竊盜,1
2022,高雄市,楠梓區,強制性交,1
2022,高雄市,楠梓區,機車竊盜,5
2022,高雄市,楠梓區,毒品,63
2022,高雄市,楠梓區,汽車竊盜,1
2022,高雄市,橋頭區,強盜,1
2022,高雄市,橋頭區,機車竊盜,3
2022,高雄市,橋頭區,毒品,43
2022,高雄市,橋頭區,汽車竊盜,1
2022,高雄市,永安區,毒品,7
2022,高雄市,湖內區,毒品,17
2022,高雄市,燕巢區,機車竊盜,1
2022,高雄市,燕巢區,毒品,19
2022,高雄市,燕巢區,汽車竊盜,2
2022,高雄市,田寮區,毒品,5
2022,高雄市,甲仙區,毒品,2
2022,高雄市,美濃區,機車竊盜,1
2022,高雄市,美濃區,毒品,16
2022,高雄市,美濃區,汽車竊盜,2
2022,高雄市,苓雅區,強制性交,2
2022,高雄市,苓雅區,強盜,1
2022,高雄市,苓雅區,機車竊盜,11
2022,高雄市,苓雅區,毒品,112
2022,高雄市,茄萣區,毒品,42
2022,高雄市,路竹區,機車竊盜,1
2022,高雄市,路竹區,毒品,36
2022,高雄市,阿蓮區,搶奪,1
2022,高雄市,阿蓮區,機車竊盜,2
2022,高雄市,阿蓮區,毒品,11
2022,高雄市,鳥松區,機車竊盜,3
2022,高雄市,鳥松區,毒品,40
2022,高雄市,鳳山區,住宅竊盜,3
2022,高雄市,鳳山區,強制性交,1
2022,高雄市,鳳山區,搶奪,2
2022,高雄市,鳳山區,毒品,217
2022,高雄市,鳳山區,汽車竊盜,3
2022,高雄市,鹽埕區,住宅竊盜,1
2022,高雄市,鹽埕區,機車竊盜,3
2022,高雄市,鹽埕區,毒品,11
2022,高雄市,鼓山區,住宅竊盜,1
2022,高雄市,鼓山區,強制性交,1
2022,高雄市,鼓山區,機車竊盜,6
2022,高雄市,鼓山區,毒品,49
2022,高雄市,鼓山區,汽車竊盜,1
2023,南投縣,中寮鄉,住宅竊盜,2
2023,南投縣,中寮鄉,毒品,8
2023,南投縣,仁愛鄉,住宅竊盜,3
2023,南投縣,仁愛鄉,毒品,8
2023,南投縣,信義鄉,住宅竊盜,2
2023,南投縣,信義鄉,強制性交,2
2023,南投縣,信義鄉,毒品,3
2023,南投縣,南投市,住宅竊盜,18
2023,南投縣,南投市,強制性交,1
2023,南投縣,南投市,強盜,3
2023,南投縣,南投市,機車竊盜,16
2023,南投縣,南投市,毒品,91
2023,南投縣,南投市,汽車竊盜,4
2023,南投縣,名間鄉,住宅竊盜,6
2023,南投縣,名間鄉,機車竊盜,6
2023,南投縣,名間鄉,毒品,20
2023,南投縣,名間鄉,汽車竊盜,5
2023,南投縣,國姓鄉,住宅竊盜,4
2023,南投縣,國姓鄉,機車竊盜,1
2023,南投縣,國姓鄉,毒品,10
2023,南投縣,埔里鎮,住宅竊盜,31
2023,南投縣,埔里鎮,強盜,2
2023,南投縣,埔里鎮,搶奪,1
2023,南投縣,埔里鎮,機車竊盜,14
2023,南投縣,埔里鎮,毒品,91
2023,南投縣,埔里鎮,汽車竊盜,4
2023,南投縣,水里鄉,住宅竊盜,1
2023,南投縣,水里鄉,強制性交,1
2023,南投縣,水里鄉,機車竊盜,3
2023,南投縣,水里鄉,毒品,7
2023,南投縣,水里鄉,汽車竊盜,1
2023,南投縣,竹山鎮,住宅竊盜,9
2023,南投縣,竹山鎮,搶奪,1
2023,南投縣,竹山鎮,機車竊盜,4
2023,南投縣,竹山鎮,毒品,34
2023,南投縣,竹山鎮,汽車竊盜,6
2023,南投縣,草屯鎮,住宅竊盜,41
2023,南投縣,草屯鎮,強制性交,2
2023,南投縣,草屯鎮,強盜,2
2023,南投縣,草屯鎮,機車竊盜,9
2023,南投縣,草屯鎮,毒品,65
2023,南投縣,草屯鎮,汽車竊盜,4
2023,南投縣,集集鎮,毒品,4
2023,南投縣,魚池鄉,住宅竊盜,1
2023,南投縣,魚池鄉,機車竊盜,2
2023,南投縣,魚池鄉,毒品,5
2023,南投縣,鹿谷鄉,機車竊盜,1
2023,南投縣,鹿谷鄉,毒品,7
2023,嘉義市,東區,住宅竊盜,4
2023,嘉義市,東區,強制性交,3
2023,嘉義市,東區,搶奪,1
2023,嘉義市,東區,機車竊盜,4
2023,嘉義市,東區,毒品,153
2023,嘉義市,西區,住宅竊盜,4
2023,嘉義市,西區,強制性交,2
2023,嘉義市,西區,強盜,3
2023,嘉義市,西區,搶奪,2
2023,嘉義市,西區,機車竊盜,4
2023,嘉義市,西區,毒品,310
2023,嘉義市,西區,汽車竊盜,2
2023,嘉義縣,中埔鄉,機車竊盜,1
2023,嘉義縣,中埔鄉,毒品,35
2023,嘉義縣,六腳鄉,機車竊盜,1
2023,嘉義縣,六腳鄉,毒品,9
2023,嘉義縣,大林鎮,機車竊盜,1
2023,嘉義縣,大林鎮,毒品,31
2023,嘉義縣,大林鎮,汽車竊盜,1
2023,嘉義縣,太保市,強制性交,2
2023,嘉義縣,太保市,強盜,1
2023,嘉義縣,太保市,機車竊盜,4
2023,嘉義縣,太保市,毒品,24
2023,嘉義縣,太保市,汽車竊盜,1
2023,嘉義縣,布袋鎮,機車竊盜,1
2023,嘉義縣,布袋鎮,毒品,21
2023,嘉義縣,布袋鎮,汽車竊盜,2
2023,嘉義縣,新港鄉,機車竊盜,2
2023,嘉義縣,新港鄉,毒品,22
2023,嘉義縣,朴子市,機車竊盜,2
2023,嘉義縣,朴子市,毒品,40
2023,嘉義縣,東石鄉,住宅竊盜,1
2023,嘉義縣,東石鄉,機車竊盜,1
2023,嘉義縣,東石鄉,毒品,48
2023,嘉義縣,梅山鄉,機車竊盜,1
2023,嘉義縣,梅山鄉,毒品,2
2023,嘉義縣,民雄鄉,住宅竊盜,1
2023,嘉義縣,民雄鄉,強制性交,1
2023,嘉義縣,民雄鄉,搶奪,1
2023,嘉義縣,民雄鄉,機車竊盜,1
2023,嘉義縣,民雄鄉,毒品,51
2023,嘉義縣,民雄鄉,汽車竊盜,2
2023,嘉義縣,水上鄉,強制性交,1
2023,嘉義縣,水上鄉,搶奪,1
2023,嘉義縣,水上鄉,機車竊盜,2
2023,嘉義縣,水上鄉,毒品,29
2023,嘉義縣,水上鄉,汽車竊盜,1
2023,嘉義縣,溪口鄉,機車竊盜,2
2023,嘉義縣,溪口鄉,毒品,16
2023,嘉義縣,番路鄉,強盜,2
2023,嘉義縣,番路鄉,毒品,6
2023,嘉義縣,竹崎鄉,機車竊盜,3
2023,嘉義縣,竹崎鄉,毒品,21
2023,嘉義縣,竹崎鄉,汽車竊盜,1
2023,嘉義縣,義竹鄉,機車竊盜,1
2023,嘉義縣,義竹鄉,毒品,17
2023,嘉義縣,鹿草鄉,強制性交,1
2023,嘉義縣,鹿草鄉,毒品,5
2023,嘉義縣,鹿草鄉,汽車竊盜,2
2023,基隆市,七堵區,住宅竊盜,5
2023,基隆市,七堵區,強盜,2
2023,基隆市,七堵區,機車竊盜,5
2023,基隆市,七堵區,毒品,52
2023,基隆市,七堵區,汽車竊盜,2
2023,基隆市,中山區,住宅竊盜,7
2023,基隆市,中山區,機車竊盜,7
2023,基隆市,中山區,毒品,70
2023,基隆市,中山區,汽車竊盜,1
2023,基隆市,中正區,住宅竊盜,6
2023,基隆市,中正區,強盜,1
2023,基隆市,中正區,搶奪,1
2023,基隆市,中正區,機車竊盜,8
2023,基隆市,中正區,毒品,69
2023,基隆市,中正區,汽車竊盜,1
2023,基隆市,仁愛區,住宅竊盜,11
2023,基隆市,仁愛區,強盜,6
2023,基隆市,仁愛區,搶奪,1
2023,基隆市,仁愛區,機車竊盜,8
2023,基隆市,仁愛區,毒品,178
2023,基隆市,仁愛區,汽車竊盜,1
2023,基隆市,信義區,住宅竊盜,5
2023,基隆市,信義區,機車竊盜,5
2023,基隆市,信義區,毒品,41
2023,基隆市,信義區,汽車竊盜,2
2023,基隆市,信義區,組織犯罪防制條例,1
2023,基隆市,安樂區,住宅竊盜,7
2023,基隆市,安樂區,強制性交,1
2023,基隆市,安樂區,機車竊盜,9
2023,基隆市,安樂區,毒品,65
2023,基隆市,安樂區,汽車竊盜,3
2023,基隆市,暖暖區,住宅竊盜,4
2023,基隆市,暖暖區,強制性交,1
2023,基隆市,暖暖區,強盜,1
2023,基隆市,暖暖區,機車竊盜,7
2023,基隆市,暖暖區,毒品,32
2023,基隆市,暖暖區,汽車竊盜,1
2023,宜蘭縣,三星鄉,毒品,13
2023,宜蘭縣,五結鄉,強盜,2
2023,宜蘭縣,五結鄉,機車竊盜,3
2023,宜蘭縣,五結鄉,毒品,41
2023,宜蘭縣,五結鄉,汽車竊盜,3
2023,宜蘭縣,冬山鄉,毒品,48
2023,宜蘭縣,冬山鄉,組織犯罪防制條例,1
2023,宜蘭縣,南澳鄉,毒品,6
2023,宜蘭縣,員山鄉,住宅竊盜,2
2023,宜蘭縣,員山鄉,機車竊盜,3
2023,宜蘭縣,員山鄉,毒品,29
2023,宜蘭縣,壯圍鄉,住宅竊盜,2
2023,宜蘭縣,壯圍鄉,強制性交,1
2023,宜蘭縣,壯圍鄉,機車竊盜,2
2023,宜蘭縣,壯圍鄉,毒品,15
2023,宜蘭縣,大同鄉,機車竊盜,1
2023,宜蘭縣,大同鄉,毒品,8
2023,宜蘭縣,宜蘭市,住宅竊盜,12
2023,宜蘭縣,宜蘭市,強制性交,1
2023,宜蘭縣,宜蘭市,搶奪,1
2023,宜蘭縣,宜蘭市,機車竊盜,15
2023,宜蘭縣,宜蘭市,毒品,69
2023,宜蘭縣,宜蘭市,汽車竊盜,1
2023,宜蘭縣,礁溪鄉,住宅竊盜,13
2023,宜蘭縣,礁溪鄉,強制性交,2
2023,宜蘭縣,礁溪鄉,機車竊盜,3
2023,宜蘭縣,礁溪鄉,毒品,42
2023,宜蘭縣,礁溪鄉,汽車竊盜,1
2023,宜蘭縣,羅東鎮,強制性交,1
2023,宜蘭縣,羅東鎮,強盜,1
2023,宜蘭縣,羅東鎮,搶奪,3
2023,宜蘭縣,羅東鎮,機車竊盜,6
2023,宜蘭縣,羅東鎮,毒品,55
2023,宜蘭縣,羅東鎮,汽車竊盜,3
2023,宜蘭縣,蘇澳鎮,住宅竊盜,1
2023,宜蘭縣,蘇澳鎮,機車竊盜,6
2023,宜蘭縣,蘇澳鎮,毒品,46
2023,宜蘭縣,蘇澳鎮,汽車竊盜,2
2023,宜蘭縣,頭城鎮,住宅竊盜,17
2023,宜蘭縣,頭城鎮,機車竊盜,3
2023,宜蘭縣,頭城鎮,毒品,26
2023,屏東縣,三地門鄉,機車竊盜,1
2023,屏東縣,三地門鄉,毒品,6
2023,屏東縣,九如鄉,毒品,14
2023,屏東縣,佳冬鄉,住宅竊盜,1
2023,屏東縣,佳冬鄉,毒品,11
2023,屏東縣,佳冬鄉,汽車竊盜,2
2023,屏東縣,來義鄉,強盜,1
2023,屏東縣,內埔鄉,機車竊盜,2
2023,屏東縣,內埔鄉,毒品,70
2023,屏東縣,內埔鄉,汽車竊盜,2
2023,屏東縣,南州鄉,毒品,4
2023,屏東縣,南州鄉,汽車竊盜,1
2023,屏東縣,屏東市,強盜,4
2023,屏東縣,屏東市,機車竊盜,21
2023,屏東縣,屏東市,毒品,206
2023,屏東縣,屏東市,汽車竊盜,5
2023,屏東縣,崁頂鄉,機車竊盜,2
2023,屏東縣,崁頂鄉,毒品,10
2023,屏東縣,恆春鎮,強制性交,2
2023,屏東縣,恆春鎮,機車竊盜,8
2023,屏東縣,恆春鎮,毒品,18
2023,屏東縣,恆春鎮,汽車竊盜,1
2023,屏東縣,新園鄉,住宅竊盜,1
2023,屏東縣,新園鄉,搶奪,1
2023,屏東縣,新園鄉,機車竊盜,2
2023,屏東縣,新園鄉,毒品,17
2023,屏東縣,新園鄉,汽車竊盜,2
2023,屏東縣,新埤鄉,強盜,1
2023,屏東縣,新埤鄉,毒品,5
2023,屏東縣,春日鄉,機車竊盜,2
2023,屏東縣,春日鄉,毒品,3
2023,屏東縣,東港鎮,搶奪,1
2023,屏東縣,東港鎮,機車竊盜,2
2023,屏東縣,東港鎮,毒品,56
2023,屏東縣,東港鎮,汽車竊盜,4
2023,屏東縣,枋寮鄉,住宅竊盜,2
2023,屏東縣,枋寮鄉,機車竊盜,1
2023,屏東縣,枋寮鄉,毒品,43
2023,屏東縣,枋寮鄉,汽車竊盜,3
2023,屏東縣,枋山鄉,毒品,2
2023,屏東縣,枋山鄉,汽車竊盜,1
2023,屏東縣,林邊鄉,機車竊盜,1
2023,屏東縣,林邊鄉,毒品,12
2023,屏東縣,林邊鄉,汽車竊盜,1
2023,屏東縣,泰武鄉,毒品,2
2023,屏東縣,滿州鄉,機車竊盜,1
2023,屏東縣,滿州鄉,毒品,2
2023,屏東縣,潮州鎮,機車竊盜,2
2023,屏東縣,潮州鎮,毒品,76
2023,屏東縣,獅子鄉,毒品,1
2023,屏東縣,琉球鄉,機車竊盜,1
2023,屏東縣,琉球鄉,毒品,1
2023,屏東縣,瑪家鄉,毒品,3
2023,屏東縣,竹田鄉,毒品,16
2023,屏東縣,竹田鄉,汽車竊盜,2
2023,屏東縣,萬丹鄉,強制性交,1
2023,屏東縣,萬丹鄉,機車竊盜,5
2023,屏東縣,萬丹鄉,毒品,42
2023,屏東縣,萬丹鄉,汽車竊盜,9
2023,屏東縣,萬巒鄉,毒品,14
2023,屏東縣,車城鄉,毒品,4
2023,屏東縣,里港鄉,毒品,17
2023,屏東縣,長治鄉,機車竊盜,1
2023,屏東縣,長治鄉,毒品,24
2023,屏東縣,霧臺鄉,毒品,1
2023,屏東縣,高樹鄉,機車竊盜,1
2023,屏東縣,高樹鄉,毒品,36
2023,屏東縣,鹽埔鄉,機車竊盜,3
2023,屏東縣,鹽埔鄉,毒品,22
2023,屏東縣,麟洛鄉,機車竊盜,1
2023,屏東縣,麟洛鄉,毒品,12
2023,彰化縣,二林鎮,住宅竊盜,1
2023,彰化縣,二林鎮,強制性交,1
2023,彰化縣,二林鎮,強盜,1
2023,彰化縣,二林鎮,搶奪,1
2023,彰化縣,二林鎮,毒品,19
2023,彰化縣,二林鎮,汽車竊盜,2
2023,彰化縣,二水鄉,毒品,11
2023,彰化縣,伸港鄉,搶奪,1
2023,彰化縣,伸港鄉,機車竊盜,2
2023,彰化縣,伸港鄉,毒品,15
2023,彰化縣,伸港鄉,汽車竊盜,1
2023,彰化縣,北斗鎮,機車竊盜,3
2023,彰化縣,北斗鎮,毒品,27
2023,彰化縣,和美鎮,住宅竊盜,1
2023,彰化縣,和美鎮,機車竊盜,4
2023,彰化縣,和美鎮,毒品,26
2023,彰化縣,和美鎮,汽車竊盜,1
2023,彰化縣,員林市,住宅竊盜,1
2023,彰化縣,員林市,強制性交,2
2023,彰化縣,員林市,搶奪,1
2023,彰化縣,員林市,機車竊盜,15
2023,彰化縣,員林市,毒品,137
2023,彰化縣,員林市,汽車竊盜,4
2023,彰化縣,員林市,組織犯罪防制條例,1
2023,彰化縣,埔心鄉,機車竊盜,5
2023,彰化縣,埔心鄉,毒品,24
2023,彰化縣,埔心鄉,汽車竊盜,4
2023,彰化縣,埔鹽鄉,強盜,1
2023,彰化縣,埔鹽鄉,機車竊盜,2
2023,彰化縣,埔鹽鄉,毒品,20
2023,彰化縣,埔鹽鄉,汽車竊盜,2
2023,彰化縣,埤頭鄉,住宅竊盜,1
2023,彰化縣,埤頭鄉,機車竊盜,4
2023,彰化縣,埤頭鄉,毒品,20
2023,彰化縣,大城鄉,住宅竊盜,1
2023,彰化縣,大城鄉,機車竊盜,1
2023,彰化縣,大城鄉,毒品,2
2023,彰化縣,大村鄉,住宅竊盜,1
2023,彰化縣,大村鄉,機車竊盜,4
2023,彰化縣,大村鄉,毒品,38
2023,彰化縣,大村鄉,汽車竊盜,5
2023,彰化縣,彰化市,搶奪,4
2023,彰化縣,彰化市,機車竊盜,23
2023,彰化縣,彰化市,毒品,116
2023,彰化縣,彰化市,汽車竊盜,5
2023,彰化縣,永靖鄉,機車竊盜,1
2023,彰化縣,永靖鄉,毒品,32
2023,彰化縣,溪州鄉,住宅竊盜,2
2023,彰化縣,溪州鄉,機車竊盜,4
2023,彰化縣,溪州鄉,毒品,20
2023,彰化縣,溪州鄉,汽車竊盜,3
2023,彰化縣,溪湖鎮,強盜,1
2023,彰化縣,溪湖鎮,機車竊盜,3
2023,彰化縣,溪湖鎮,毒品,31
2023,彰化縣,溪湖鎮,汽車竊盜,6
2023,彰化縣,田中鎮,強制性交,1
2023,彰化縣,田中鎮,機車竊盜,6
2023,彰化縣,田中鎮,毒品,26
2023,彰化縣,田尾鄉,住宅竊盜,1
2023,彰化縣,田尾鄉,毒品,13
2023,彰化縣,田尾鄉,汽車竊盜,1
2023,彰化縣,社頭鄉,機車竊盜,3
2023,彰化縣,社頭鄉,毒品,32
2023,彰化縣,社頭鄉,汽車竊盜,1
2023,彰化縣,福興鄉,住宅竊盜,2
2023,彰化縣,福興鄉,機車竊盜,5
2023,彰化縣,福興鄉,毒品,17
2023,彰化縣,福興鄉,汽車竊盜,1
2023,彰化縣,秀水鄉,機車竊盜,5
2023,彰化縣,秀水鄉,毒品,19
2023,彰化縣,竹塘鄉,機車竊盜,1
2023,彰化縣,竹塘鄉,毒品,4
2023,彰化縣,竹塘鄉,汽車竊盜,1
2023,彰化縣,線西鄉,毒品,15
2023,彰化縣,芬園鄉,機車竊盜,1
2023,彰化縣,芬園鄉,毒品,17
2023,彰化縣,花壇鄉,住宅竊盜,2
2023,彰化縣,花壇鄉,機車竊盜,1
2023,彰化縣,花壇鄉,毒品,39
2023,彰化縣,芳苑鄉,住宅竊盜,2
2023,彰化縣,芳苑鄉,機車竊盜,3
2023,彰化縣,芳苑鄉,毒品,7
2023,彰化縣,鹿港鎮,住宅竊盜,2
2023,彰化縣,鹿港鎮,強盜,1
2023,彰化縣,鹿港鎮,搶奪,1
2023,彰化縣,鹿港鎮,機車竊盜,6
2023,彰化縣,鹿港鎮,毒品,46
2023,彰化縣,鹿港鎮,汽車竊盜,1
2023,新北市,三峽區,住宅竊盜,21
2023,新北市,三峽區,機車竊盜,14
2023,新北市,三峽區,毒品,64
2023,新北市,三峽區,汽車竊盜,1
2023,新北市,三芝區,機車竊盜,3
2023,新北市,三芝區,毒品,7
2023,新北市,三芝區,汽車竊盜,2
2023,新北市,三重區,住宅竊盜,55
2023,新北市,三重區,強制性交,3
2023,新北市,三重區,強盜,2
2023,新北市,三重區,搶奪,4
2023,新北市,三重區,機車竊盜,41
2023,新北市,三重區,毒品,820
2023,新北市,三重區,汽車竊盜,3
2023,新北市,中和區,住宅竊盜,62
2023,新北市,中和區,搶奪,1
2023,新北市,中和區,機車竊盜,36
2023,新北市,中和區,毒品,206
2023,新北市,中和區,汽車竊盜,4
2023,新北市,五股區,住宅竊盜,7
2023,新北市,五股區,強盜,2
2023,新北市,五股區,機車竊盜,18
2023,新北市,五股區,毒品,42
2023,新北市,五股區,汽車竊盜,9
2023,新北市,八里區,機車竊盜,4
2023,新北市,八里區,毒品,22
2023,新北市,八里區,汽車竊盜,2
2023,新北市,土城區,住宅竊盜,19
2023,新北市,土城區,強盜,1
2023,新北市,土城區,搶奪,1
2023,新北市,土城區,機車竊盜,36
2023,新北市,土城區,毒品,226
2023,新北市,土城區,汽車竊盜,5
2023,新北市,坪林區,住宅竊盜,1
2023,新北市,坪林區,機車竊盜,1
2023,新北市,坪林區,毒品,3
2023,新北市,平溪區,毒品,5
2023,新北市,新店區,住宅竊盜,17
2023,新北市,新店區,強盜,1
2023,新北市,新店區,機車竊盜,17
2023,新北市,新店區,毒品,219
2023,新北市,新店區,汽車竊盜,8
2023,新北市,新莊區,住宅竊盜,36
2023,新北市,新莊區,強制性交,1
2023,新北市,新莊區,強盜,2
2023,新北市,新莊區,搶奪,1
2023,新北市,新莊區,機車竊盜,36
2023,新北市,新莊區,毒品,255
2023,新北市,新莊區,汽車竊盜,7
2023,新北市,板橋區,住宅竊盜,24
2023,新北市,板橋區,強制性交,1
2023,新北市,板橋區,強盜,3
2023,新北市,板橋區,搶奪,4
2023,新北市,板橋區,機車竊盜,56
2023,新北市,板橋區,毒品,509
2023,新北市,板橋區,汽車竊盜,3
2023,新北市,林口區,住宅竊盜,6
2023,新北市,林口區,搶奪,1
2023,新北市,林口區,機車竊盜,9
2023,新北市,林口區,毒品,56
2023,新北市,林口區,汽車竊盜,7
2023,新北市,樹林區,住宅竊盜,19
2023,新北市,樹林區,強制性交,1
2023,新北市,樹林區,強盜,1
2023,新北市,樹林區,搶奪,2
2023,新北市,樹林區,機車竊盜,24
2023,新北市,樹林區,毒品,237
2023,新北市,樹林區,汽車竊盜,7
2023,新北市,永和區,住宅竊盜,16
2023,新北市,永和區,搶奪,1
2023,新北市,永和區,機車竊盜,14
2023,新北市,永和區,毒品,119
2023,新北市,永和區,汽車竊盜,3
2023,新北市,汐止區,住宅竊盜,6
2023,新北市,汐止區,強盜,2
2023,新北市,汐止區,搶奪,1
2023,新北市,汐止區,機車竊盜,12
2023,新北市,汐止區,毒品,69
2023,新北市,汐止區,汽車竊盜,7
2023,新北市,泰山區,住宅竊盜,17
2023,新北市,泰山區,強制性交,1
2023,新北市,泰山區,機車竊盜,11
2023,新北市,泰山區,毒品,65
2023,新北市,泰山區,汽車竊盜,3
2023,新北市,淡水區,住宅竊盜,7
2023,新北市,淡水區,強制性交,1
2023,新北市,淡水區,強盜,1
2023,新北市,淡水區,搶奪,2
2023,新北市,淡水區,機車竊盜,19
2023,新北市,淡水區,毒品,50
2023,新北市,淡水區,汽車竊盜,6
2023,新北市,深坑區,住宅竊盜,1
2023,新北市,深坑區,機車竊盜,2
2023,新北市,深坑區,毒品,11
2023,新北市,烏來區,機車竊盜,1
2023,新北市,烏來區,毒品,3
2023,新北市,瑞芳區,住宅竊盜,2
2023,新北市,瑞芳區,強盜,1
2023,新北市,瑞芳區,機車竊盜,5
2023,新北市,瑞芳區,毒品,91
2023,新北市,石碇區,毒品,4
2023,新北市,石門區,毒品,2
2023,新北市,石門區,汽車竊盜,1
2023,新北市,萬里區,住宅竊盜,3
2023,新北市,萬里區,機車竊盜,5
2023,新北市,萬里區,毒品,15
2023,新北市,蘆洲區,住宅竊盜,6
2023,新北市,蘆洲區,強盜,1
2023,新北市,蘆洲區,機車竊盜,13
2023,新北市,蘆洲區,毒品,171
2023,新北市,貢寮區,毒品,7
2023,新北市,金山區,住宅竊盜,2
2023,新北市,金山區,機車竊盜,8
2023,新北市,金山區,毒品,5
2023,新北市,金山區,汽車竊盜,1
2023,新北市,雙溪區,毒品,5
2023,新北市,鶯歌區,住宅竊盜,17
2023,新北市,鶯歌區,機車竊盜,21
2023,新北市,鶯歌區,毒品,55
2023,新北市,鶯歌區,汽車竊盜,2
2023,新竹市,北區,住宅竊盜,1
2023,新竹市,北區,強制性交,1
2023,新竹市,北區,機車竊盜,7
2023,新竹市,北區,毒品,117
2023,新竹市,北區,汽車竊盜,3
2023,新竹市,東區,住宅竊盜,13
2023,新竹市,東區,機車竊盜,21
2023,新竹市,東區,毒品,118
2023,新竹市,東區,汽車竊盜,7
2023,新竹市,香山區,住宅竊盜,10
2023,新竹市,香山區,強盜,1
2023,新竹市,香山區,機車竊盜,5
2023,新竹市,香山區,毒品,33
2023,新竹市,香山區,汽車竊盜,2
2023,新竹縣,五峰鄉,毒品,11
2023,新竹縣,北埔鄉,機車竊盜,1
2023,新竹縣,北埔鄉,毒品,8
2023,新竹縣,寶山鄉,住宅竊盜,1
2023,新竹縣,寶山鄉,機車竊盜,2
2023,新竹縣,寶山鄉,毒品,9
2023,新竹縣,寶山鄉,汽車竊盜,2
2023,新竹縣,尖石鄉,毒品,11
2023,新竹縣,峨眉鄉,毒品,5
2023,新竹縣,新埔鎮,機車竊盜,8
2023,新竹縣,新埔鎮,毒品,7
2023,新竹縣,新埔鎮,汽車竊盜,4
2023,新竹縣,新豐鄉,住宅竊盜,1
2023,新竹縣,新豐鄉,機車竊盜,3
2023,新竹縣,新豐鄉,毒品,42
2023,新竹縣,新豐鄉,汽車竊盜,8
2023,新竹縣,橫山鄉,機車竊盜,1
2023,新竹縣,橫山鄉,毒品,42
2023,新竹縣,湖口鄉,住宅竊盜,6
2023,新竹縣,湖口鄉,強制性交,1
2023,新竹縣,湖口鄉,機車竊盜,12
2023,新竹縣,湖口鄉,毒品,79
2023,新竹縣,湖口鄉,汽車竊盜,20
2023,新竹縣,竹北市,住宅竊盜,11
2023,新竹縣,竹北市,機車竊盜,15
2023,新竹縣,竹北市,毒品,153
2023,新竹縣,竹北市,汽車竊盜,19
2023,新竹縣,竹東鎮,住宅竊盜,4
2023,新竹縣,竹東鎮,強制性交,3
2023,新竹縣,竹東鎮,強盜,2
2023,新竹縣,竹東鎮,搶奪,1
2023,新竹縣,竹東鎮,機車竊盜,8
2023,新竹縣,竹東鎮,毒品,130
2023,新竹縣,竹東鎮,汽車竊盜,1
2023,新竹縣,芎林鄉,住宅竊盜,1
2023,新竹縣,芎林鄉,毒品,11
2023,新竹縣,關西鎮,強制性交,1
2023,新竹縣,關西鎮,機車竊盜,1
2023,新竹縣,關西鎮,毒品,19
2023,新竹縣,關西鎮,汽車竊盜,3
2023,桃園市,中壢區,住宅竊盜,11
2023,桃園市,中壢區,強盜,2
2023,桃園市,中壢區,搶奪,1
2023,桃園市,中壢區,機車竊盜,38
2023,桃園市,中壢區,毒品,647
2023,桃園市,中壢區,汽車竊盜,15
2023,桃園市,八德區,住宅竊盜,5
2023,桃園市,八德區,強盜,2
2023,桃園市,八德區,機車竊盜,9
2023,桃園市,八德區,毒品,352
2023,桃園市,八德區,汽車竊盜,4
2023,桃園市,大園區,住宅竊盜,13
2023,桃園市,大園區,強盜,2
2023,桃園市,大園區,搶奪,1
2023,桃園市,大園區,機車竊盜,5
2023,桃園市,大園區,毒品,110
2023,桃園市,大園區,汽車竊盜,2
2023,桃園市,大溪區,住宅竊盜,1
2023,桃園市,大溪區,機車竊盜,10
2023,桃園市,大溪區,毒品,75
2023,桃園市,大溪區,汽車竊盜,3
2023,桃園市,平鎮區,強制性交,1
2023,桃園市,平鎮區,機車竊盜,9
2023,桃園市,平鎮區,毒品,267
2023,桃園市,平鎮區,汽車竊盜,1
2023,桃園市,復興區,機車竊盜,1
2023,桃園市,復興區,毒品,3
2023,桃園市,復興區,汽車竊盜,1
2023,桃園市,新屋區,住宅竊盜,1
2023,桃園市,新屋區,毒品,39
2023,桃園市,桃園區,住宅竊盜,20
2023,桃園市,桃園區,強盜,2
2023,桃園市,桃園區,機車竊盜,23
2023,桃園市,桃園區,毒品,641
2023,桃園市,桃園區,汽車竊盜,5
2023,桃園市,楊梅區,住宅竊盜,2
2023,桃園市,楊梅區,強制性交,1
2023,桃園市,楊梅區,機車竊盜,13
2023,桃園市,楊梅區,毒品,92
2023,桃園市,楊梅區,汽車竊盜,7
2023,桃園市,蘆竹區,住宅竊盜,3
2023,桃園市,蘆竹區,強制性交,1
2023,桃園市,蘆竹區,強盜,1
2023,桃園市,蘆竹區,機車竊盜,10
2023,桃園市,蘆竹區,毒品,105
2023,桃園市,蘆竹區,汽車竊盜,2
2023,桃園市,觀音區,住宅竊盜,4
2023,桃園市,觀音區,強盜,1
2023,桃園市,觀音區,機車竊盜,4
2023,桃園市,觀音區,毒品,60
2023,桃園市,觀音區,汽車竊盜,1
2023,桃園市,龍潭區,住宅竊盜,2
2023,桃園市,龍潭區,強盜,1
2023,桃園市,龍潭區,機車竊盜,5
2023,桃園市,龍潭區,毒品,58
2023,桃園市,龍潭區,汽車竊盜,2
2023,桃園市,龜山區,住宅竊盜,8
2023,桃園市,龜山區,機車竊盜,13
2023,桃園市,龜山區,毒品,197
2023,桃園市,龜山區,汽車竊盜,6
2023,澎湖縣,七美鄉,汽車竊盜,2
2023,澎湖縣,湖西鄉,住宅竊盜,4
2023,澎湖縣,湖西鄉,機車竊盜,1
2023,澎湖縣,湖西鄉,毒品,5
2023,澎湖縣,白沙鄉,住宅竊盜,3
2023,澎湖縣,白沙鄉,強制性交,1
2023,澎湖縣,白沙鄉,機車竊盜,1
2023,澎湖縣,白沙鄉,毒品,1
2023,澎湖縣,西嶼鄉,住宅竊盜,8
2023,澎湖縣,西嶼鄉,機車竊盜,1
2023,澎湖縣,馬公市,住宅竊盜,24
2023,澎湖縣,馬公市,強制性交,3
2023,澎湖縣,馬公市,強盜,2
2023,澎湖縣,馬公市,機車竊盜,1
2023,澎湖縣,馬公市,毒品,22
2023,澎湖縣,馬公市,汽車竊盜,1
2023,臺中市,中區,住宅竊盜,1
2023,臺中市,中區,強制性交,1
2023,臺中市,中區,搶奪,1
2023,臺中市,中區,機車竊盜,7
2023,臺中市,中區,毒品,62
2023,臺中市,中區,汽車竊盜,1
2023,臺中市,北區,住宅竊盜,7
2023,臺中市,北區,機車竊盜,28
2023,臺中市,北區,毒品,248
2023,臺中市,北區,汽車竊盜,2
2023,臺中市,北屯區,住宅竊盜,3
2023,臺中市,北屯區,強制性交,2
2023,臺中市,北屯區,搶奪,1
2023,臺中市,北屯區,機車竊盜,34
2023,臺中市,北屯區,毒品,162
2023,臺中市,北屯區,汽車竊盜,4
2023,臺中市,北屯區,組織犯罪防制條例,1
2023,臺中市,南區,住宅竊盜,2
2023,臺中市,南區,強制性交,1
2023,臺中市,南區,機車竊盜,7
2023,臺中市,南區,毒品,49
2023,臺中市,南屯區,住宅竊盜,2
2023,臺中市,南屯區,強盜,1
2023,臺中市,南屯區,搶奪,1
2023,臺中市,南屯區,機車竊盜,5
2023,臺中市,南屯區,毒品,97
2023,臺中市,南屯區,汽車竊盜,4
2023,臺中市,后里區,機車竊盜,4
2023,臺中市,后里區,毒品,37
2023,臺中市,后里區,汽車竊盜,6
2023,臺中市,和平區,住宅竊盜,1
2023,臺中市,和平區,機車竊盜,1
2023,臺中市,和平區,毒品,1
2023,臺中市,和平區,汽車竊盜,1
2023,臺中市,外埔區,機車竊盜,2
2023,臺中市,外埔區,毒品,5
2023,臺中市,大安區,機車竊盜,1
2023,臺中市,大安區,毒品,12
2023,臺中市,大甲區,機車竊盜,4
2023,臺中市,大甲區,毒品,51
2023,臺中市,大甲區,汽車竊盜,3
2023,臺中市,大肚區,住宅竊盜,2
2023,臺中市,大肚區,機車竊盜,3
2023,臺中市,大肚區,毒品,23
2023,臺中市,大里區,住宅竊盜,1
2023,臺中市,大里區,機車竊盜,13
2023,臺中市,大里區,毒品,107
2023,臺中市,大里區,汽車竊盜,5
2023,臺中市,大雅區,機車竊盜,3
2023,臺中市,大雅區,毒品,33
2023,臺中市,大雅區,汽車竊盜,1
2023,臺中市,太平區,住宅竊盜,3
2023,臺中市,太平區,機車竊盜,18
2023,臺中市,太平區,毒品,118
2023,臺中市,太平區,汽車竊盜,5
2023,臺中市,新社區,機車竊盜,2
2023,臺中市,新社區,毒品,4
2023,臺中市,新社區,汽車竊盜,1
2023,臺中市,東勢區,機車竊盜,6
2023,臺中市,東勢區,毒品,29
2023,臺中市,東勢區,汽車竊盜,7
2023,臺中市,東區,住宅竊盜,3
2023,臺中市,東區,機車竊盜,13
2023,臺中市,東區,毒品,74
2023,臺中市,東區,汽車竊盜,1
2023,臺中市,梧棲區,住宅竊盜,2
2023,臺中市,梧棲區,機車竊盜,5
2023,臺中市,梧棲區,毒品,26
2023,臺中市,梧棲區,汽車竊盜,2
2023,臺中市,沙鹿區,住宅竊盜,1
2023,臺中市,沙鹿區,機車竊盜,10
2023,臺中市,沙鹿區,毒品,41
2023,臺中市,沙鹿區,汽車竊盜,4
2023,臺中市,清水區,住宅竊盜,1
2023,臺中市,清水區,機車竊盜,5
2023,臺中市,清水區,毒品,37
2023,臺中市,清水區,汽車竊盜,2
2023,臺中市,潭子區,住宅竊盜,1
2023,臺中市,潭子區,搶奪,1
2023,臺中市,潭子區,機車竊盜,5
2023,臺中市,潭子區,毒品,48
2023,臺中市,烏日區,住宅竊盜,3
2023,臺中市,烏日區,機車竊盜,7
2023,臺中市,烏日區,毒品,34
2023,臺中市,烏日區,汽車竊盜,1
2023,臺中市,石岡區,機車竊盜,7
2023,臺中市,石岡區,毒品,1
2023,臺中市,石岡區,汽車竊盜,1
2023,臺中市,神岡區,住宅竊盜,2
2023,臺中市,神岡區,機車竊盜,3
2023,臺中市,神岡區,毒品,45
2023,臺中市,神岡區,汽車竊盜,2
2023,臺中市,西區,住宅竊盜,2
2023,臺中市,西區,強盜,1
2023,臺中市,西區,搶奪,2
2023,臺中市,西區,機車竊盜,14
2023,臺中市,西區,毒品,78
2023,臺中市,西屯區,住宅竊盜,5
2023,臺中市,西屯區,強盜,1
2023,臺中市,西屯區,搶奪,1
2023,臺中市,西屯區,機車竊盜,21
2023,臺中市,西屯區,毒品,352
2023,臺中市,西屯區,汽車竊盜,3
2023,臺中市,豐原區,搶奪,1
2023,臺中市,豐原區,機車竊盜,7
2023,臺中市,豐原區,毒品,105
2023,臺中市,豐原區,汽車竊盜,3
2023,臺中市,霧峰區,搶奪,1
2023,臺中市,霧峰區,機車竊盜,3
2023,臺中市,霧峰區,毒品,40
2023,臺中市,霧峰區,汽車竊盜,1
2023,臺中市,龍井區,住宅竊盜,5
2023,臺中市,龍井區,強制性交,1
2023,臺中市,龍井區,機車竊盜,5
2023,臺中市,龍井區,毒品,33
2023,臺中市,龍井區,汽車竊盜,4
2023,臺北市,中山區,住宅竊盜,11
2023,臺北市,中山區,強制性交,1
2023,臺北市,中山區,強盜,1
2023,臺北市,中山區,搶奪,1
2023,臺北市,中山區,機車竊盜,7
2023,臺北市,中山區,毒品,358
2023,臺北市,中山區,汽車竊盜,1
2023,臺北市,中山區,組織犯罪防制條例,1
2023,臺北市,中正區,住宅竊盜,8
2023,臺北市,中正區,搶奪,2
2023,臺北市,中正區,機車竊盜,8
2023,臺北市,中正區,毒品,124
2023,臺北市,信義區,住宅竊盜,7
2023,臺北市,信義區,強制性交,1
2023,臺北市,信義區,強盜,2
2023,臺北市,信義區,機車竊盜,12
2023,臺北市,信義區,毒品,140
2023,臺北市,內湖區,住宅竊盜,10
2023,臺北市,內湖區,強制性交,3
2023,臺北市,內湖區,強盜,1
2023,臺北市,內湖區,機車竊盜,6
2023,臺北市,內湖區,毒品,109
2023,臺北市,內湖區,汽車竊盜,1
2023,臺北市,北投區,住宅竊盜,8
2023,臺北市,北投區,強制性交,6
2023,臺北市,北投區,強盜,2
2023,臺北市,北投區,機車竊盜,8
2023,臺北市,北投區,毒品,110
2023,臺北市,北投區,汽車竊盜,6
2023,臺北市,南港區,住宅竊盜,17
2023,臺北市,南港區,強盜,1
2023,臺北市,南港區,搶奪,2
2023,臺北市,南港區,機車竊盜,4
2023,臺北市,南港區,毒品,71
2023,臺北市,南港區,汽車竊盜,3
2023,臺北市,士林區,住宅竊盜,22
2023,臺北市,士林區,強盜,1
2023,臺北市,士林區,搶奪,1
2023,臺北市,士林區,機車竊盜,17
2023,臺北市,士林區,毒品,98
2023,臺北市,士林區,汽車竊盜,4
2023,臺北市,士林區,組織犯罪防制條例,1
2023,臺北市,大同區,住宅竊盜,10
2023,臺北市,大同區,機車竊盜,2
2023,臺北市,大同區,毒品,217
2023,臺北市,大安區,住宅竊盜,6
2023,臺北市,大安區,機車竊盜,3
2023,臺北市,大安區,毒品,340
2023,臺北市,大安區,汽車竊盜,1
2023,臺北市,文山區,住宅竊盜,6
2023,臺北市,文山區,強制性交,1
2023,臺北市,文山區,搶奪,1
2023,臺北市,文山區,機車竊盜,7
2023,臺北市,文山區,毒品,130
2023,臺北市,文山區,汽車竊盜,4
2023,臺北市,松山區,住宅竊盜,10
2023,臺北市,松山區,強制性交,1
2023,臺北市,松山區,強盜,1
2023,臺北市,松山區,機車竊盜,3
2023,臺北市,松山區,毒品,101
2023,臺北市,松山區,汽車竊盜,1
2023,臺北市,萬華區,住宅竊盜,20
2023,臺北市,萬華區,強盜,1
2023,臺北市,萬華區,搶奪,2
2023,臺北市,萬華區,機車竊盜,14
2023,臺北市,萬華區,毒品,803
2023,臺北市,萬華區,汽車竊盜,3
2023,臺南市,七股區,搶奪,1
2023,臺南市,七股區,機車竊盜,2
2023,臺南市,七股區,毒品,6
2023,臺南市,下營區,住宅竊盜,1
2023,臺南市,下營區,毒品,4
2023,臺南市,中西區,住宅竊盜,7
2023,臺南市,中西區,強盜,1
2023,臺南市,中西區,機車竊盜,1
2023,臺南市,中西區,毒品,182
2023,臺南市,仁德區,住宅竊盜,6
2023,臺南市,仁德區,強盜,3
2023,臺南市,仁德區,機車竊盜,4
2023,臺南市,仁德區,毒品,78
2023,臺南市,仁德區,汽車竊盜,1
2023,臺南市,佳里區,住宅竊盜,1
2023,臺南市,佳里區,強盜,1
2023,臺南市,佳里區,搶奪,1
2023,臺南市,佳里區,機車竊盜,3
2023,臺南市,佳里區,毒品,25
2023,臺南市,六甲區,毒品,12
2023,臺南市,北區,住宅竊盜,19
2023,臺南市,北區,強盜,2
2023,臺南市,北區,搶奪,1
2023,臺南市,北區,機車竊盜,10
2023,臺南市,北區,毒品,118
2023,臺南市,北門區,住宅竊盜,3
2023,臺南市,北門區,毒品,5
2023,臺南市,南化區,機車竊盜,1
2023,臺南市,南化區,毒品,2
2023,臺南市,南區,住宅竊盜,13
2023,臺南市,南區,強盜,2
2023,臺南市,南區,搶奪,1
2023,臺南市,南區,機車竊盜,2
2023,臺南市,南區,毒品,68
2023,臺南市,南區,汽車竊盜,4
2023,臺南市,善化區,機車竊盜,2
2023,臺南市,善化區,毒品,18
2023,臺南市,善化區,汽車竊盜,1
2023,臺南市,大內區,毒品,1
2023,臺南市,大內區,汽車竊盜,1
2023,臺南市,學甲區,住宅竊盜,5
2023,臺南市,學甲區,強盜,1
2023,臺南市,學甲區,機車竊盜,1
2023,臺南市,學甲區,毒品,9
2023,臺南市,安南區,住宅竊盜,2
2023,臺南市,安南區,強制性交,3
2023,臺南市,安南區,強盜,2
2023,臺南市,安南區,機車竊盜,4
2023,臺南市,安南區,毒品,141
2023,臺南市,安南區,汽車竊盜,4
2023,臺南市,安定區,毒品,11
2023,臺南市,安平區,住宅竊盜,4
2023,臺南市,安平區,強盜,1
2023,臺南市,安平區,毒品,45
2023,臺南市,官田區,住宅竊盜,6
2023,臺南市,官田區,毒品,16
2023,臺南市,將軍區,住宅竊盜,5
2023,臺南市,將軍區,強制性交,2
2023,臺南市,將軍區,毒品,5
2023,臺南市,山上區,住宅竊盜,1
2023,臺南市,山上區,毒品,1
2023,臺南市,左鎮區,住宅竊盜,1
2023,臺南市,左鎮區,機車竊盜,2
2023,臺南市,後壁區,住宅竊盜,9
2023,臺南市,後壁區,搶奪,1
2023,臺南市,後壁區,毒品,7
2023,臺南市,新化區,住宅竊盜,4
2023,臺南市,新化區,毒品,18
2023,臺南市,新市區,住宅竊盜,2
2023,臺南市,新市區,強制性交,1
2023,臺南市,新市區,毒品,24
2023,臺南市,新市區,汽車竊盜,2
2023,臺南市,新營區,住宅竊盜,13
2023,臺南市,新營區,強制性交,1
2023,臺南市,新營區,強盜,4
2023,臺南市,新營區,搶奪,1
2023,臺南市,新營區,機車竊盜,3
2023,臺南市,新營區,毒品,42
2023,臺南市,東區,強盜,1
2023,臺南市,東區,機車竊盜,6
2023,臺南市,東區,毒品,116
2023,臺南市,東山區,住宅竊盜,5
2023,臺南市,東山區,強制性交,1
2023,臺南市,東山區,機車竊盜,1
2023,臺南市,東山區,毒品,13
2023,臺南市,柳營區,住宅竊盜,2
2023,臺南市,柳營區,毒品,8
2023,臺南市,楠西區,住宅竊盜,2
2023,臺南市,楠西區,機車竊盜,1
2023,臺南市,楠西區,毒品,6
2023,臺南市,歸仁區,住宅竊盜,3
2023,臺南市,歸仁區,強制性交,1
2023,臺南市,歸仁區,機車竊盜,1
2023,臺南市,歸仁區,毒品,29
2023,臺南市,永康區,住宅竊盜,1
2023,臺南市,永康區,強制性交,1
2023,臺南市,永康區,強盜,3
2023,臺南市,永康區,機車竊盜,9
2023,臺南市,永康區,毒品,300
2023,臺南市,永康區,汽車竊盜,8
2023,臺南市,玉井區,住宅竊盜,3
2023,臺南市,玉井區,毒品,8
2023,臺南市,白河區,住宅竊盜,12
2023,臺南市,白河區,毒品,7
2023,臺南市,西港區,住宅竊盜,1
2023,臺南市,西港區,毒品,2
2023,臺南市,西港區,汽車竊盜,1
2023,臺南市,關廟區,機車竊盜,2
2023,臺南市,關廟區,毒品,7
2023,臺南市,鹽水區,住宅竊盜,1
2023,臺南市,鹽水區,毒品,18
2023,臺南市,麻豆區,住宅竊盜,4
2023,臺南市,麻豆區,機車竊盜,1
2023,臺南市,麻豆區,毒品,8
2023,臺南市,龍崎區,毒品,1
2023,臺東縣,卑南鄉,強制性交,1
2023,臺東縣,卑南鄉,毒品,17
2023,臺東縣,卑南鄉,汽車竊盜,1
2023,臺東縣,大武鄉,毒品,2
2023,臺東縣,太麻里鄉,機車竊盜,2
2023,臺東縣,太麻里鄉,毒品,9
2023,臺東縣,太麻里鄉,汽車竊盜,1
2023,臺東縣,成功鎮,住宅竊盜,4
2023,臺東縣,成功鎮,強制性交,1
2023,臺東縣,成功鎮,機車竊盜,1
2023,臺東縣,成功鎮,毒品,6
2023,臺東縣,東河鄉,住宅竊盜,1
2023,臺東縣,池上鄉,住宅竊盜,6
2023,臺東縣,池上鄉,毒品,10
2023,臺東縣,海端鄉,住宅竊盜,1
2023,臺東縣,海端鄉,機車竊盜,1
2023,臺東縣,臺東市,住宅竊盜,7
2023,臺東縣,臺東市,強制性交,4
2023,臺東縣,臺東市,機車竊盜,8
2023,臺東縣,臺東市,毒品,128
2023,臺東縣,臺東市,汽車竊盜,11
2023,臺東縣,達仁鄉,毒品,1
2023,臺東縣,長濱鄉,毒品,1
2023,臺東縣,關山鎮,毒品,4
2023,臺東縣,鹿野鄉,住宅竊盜,2
2023,臺東縣,鹿野鄉,機車竊盜,1
2023,臺東縣,鹿野鄉,毒品,2
2023,臺東縣,鹿野鄉,汽車竊盜,1
2023,花蓮縣,光復鄉,機車竊盜,1
2023,花蓮縣,光復鄉,毒品,7
2023,花蓮縣,光復鄉,組織犯罪防制條例,1
2023,花蓮縣,卓溪鄉,毒品,2
2023,花蓮縣,吉安鄉,住宅竊盜,4
2023,花蓮縣,吉安鄉,機車竊盜,15
2023,花蓮縣,吉安鄉,毒品,83
2023,花蓮縣,吉安鄉,汽車竊盜,1
2023,花蓮縣,壽豐鄉,機車竊盜,2
2023,花蓮縣,壽豐鄉,毒品,11
2023,花蓮縣,富里鄉,毒品,6
2023,花蓮縣,新城鄉,強制性交,1
2023,花蓮縣,新城鄉,強盜,1
2023,花蓮縣,新城鄉,機車竊盜,1
2023,花蓮縣,新城鄉,毒品,20
2023,花蓮縣,玉里鎮,住宅竊盜,1
2023,花蓮縣,玉里鎮,機車竊盜,1
2023,花蓮縣,玉里鎮,毒品,19
2023,花蓮縣,瑞穗鄉,強盜,1
2023,花蓮縣,瑞穗鄉,機車竊盜,1
2023,花蓮縣,瑞穗鄉,毒品,10
2023,花蓮縣,秀林鄉,機車竊盜,3
2023,花蓮縣,秀林鄉,毒品,16
2023,花蓮縣,花蓮市,住宅竊盜,3
2023,花蓮縣,花蓮市,強盜,2
2023,花蓮縣,花蓮市,機車竊盜,24
2023,花蓮縣,花蓮市,毒品,97
2023,花蓮縣,花蓮市,組織犯罪防制條例,1
2023,花蓮縣,萬榮鄉,毒品,5
2023,花蓮縣,豐濱鄉,毒品,2
2023,花蓮縣,鳳林鎮,毒品,6
2023,苗栗縣,三灣鄉,毒品,6
2023,苗栗縣,三義鄉,住宅竊盜,3
2023,苗栗縣,三義鄉,強制性交,1
2023,苗栗縣,三義鄉,強盜,1
2023,苗栗縣,三義鄉,機車竊盜,1
2023,苗栗縣,三義鄉,毒品,13
2023,苗栗縣,三義鄉,汽車竊盜,1
2023,苗栗縣,公館鄉,住宅竊盜,3
2023,苗栗縣,公館鄉,強制性交,3
2023,苗栗縣,公館鄉,搶奪,1
2023,苗栗縣,公館鄉,毒品,22
2023,苗栗縣,卓蘭鎮,住宅竊盜,2
2023,苗栗縣,卓蘭鎮,毒品,12
2023,苗栗縣,南庄鄉,住宅竊盜,3
2023,苗栗縣,南庄鄉,強制性交,1
2023,苗栗縣,南庄鄉,毒品,14
2023,苗栗縣,大湖鄉,住宅竊盜,1
2023,苗栗縣,大湖鄉,強制性交,1
2023,苗栗縣,大湖鄉,毒品,22
2023,苗栗縣,後龍鎮,住宅竊盜,1
2023,苗栗縣,後龍鎮,強制性交,1
2023,苗栗縣,後龍鎮,搶奪,1
2023,苗栗縣,後龍鎮,毒品,37
2023,苗栗縣,後龍鎮,汽車竊盜,2
2023,苗栗縣,泰安鄉,毒品,8
2023,苗栗縣,獅潭鄉,毒品,8
2023,苗栗縣,竹南鎮,住宅竊盜,10
2023,苗栗縣,竹南鎮,強制性交,1
2023,苗栗縣,竹南鎮,機車竊盜,3
2023,苗栗縣,竹南鎮,毒品,85
2023,苗栗縣,竹南鎮,汽車竊盜,4
2023,苗栗縣,苑裡鎮,住宅竊盜,10
2023,苗栗縣,苑裡鎮,強制性交,1
2023,苗栗縣,苑裡鎮,機車竊盜,1
2023,苗栗縣,苑裡鎮,毒品,39
2023,苗栗縣,苑裡鎮,汽車竊盜,1
2023,苗栗縣,苗栗市,住宅竊盜,8
2023,苗栗縣,苗栗市,強制性交,1
2023,苗栗縣,苗栗市,搶奪,1
2023,苗栗縣,苗栗市,機車竊盜,6
2023,苗栗縣,苗栗市,毒品,51
2023,苗栗縣,苗栗市,汽車竊盜,1
2023,苗栗縣,西湖鄉,住宅竊盜,1
2023,苗栗縣,通霄鎮,住宅竊盜,5
2023,苗栗縣,通霄鎮,強盜,1
2023,苗栗縣,通霄鎮,毒品,64
2023,苗栗縣,通霄鎮,汽車竊盜,1
2023,苗栗縣,造橋鄉,住宅竊盜,3
2023,苗栗縣,造橋鄉,毒品,14
2023,苗栗縣,銅鑼鄉,強制性交,2
2023,苗栗縣,銅鑼鄉,毒品,11
2023,苗栗縣,頭份市,住宅竊盜,9
2023,苗栗縣,頭份市,強制性交,3
2023,苗栗縣,頭份市,機車竊盜,3
2023,苗栗縣,頭份市,毒品,124
2023,苗栗縣,頭份市,汽車竊盜,1
2023,苗栗縣,頭屋鄉,毒品,5
2023,連江縣,南竿鄉,住宅竊盜,4
2023,連江縣,南竿鄉,強制性交,2
2023,連江縣,南竿鄉,毒品,2
2023,連江縣,莒光鄉,住宅竊盜,1
2023,金門縣,烈嶼鄉,住宅竊盜,2
2023,金門縣,烈嶼鄉,強制性交,2
2023,金門縣,金城鎮,住宅竊盜,15
2023,金門縣,金城鎮,強制性交,2
2023,金門縣,金城鎮,搶奪,1
2023,金門縣,金城鎮,機車竊盜,2
2023,金門縣,金城鎮,毒品,5
2023,金門縣,金寧鄉,住宅竊盜,6
2023,金門縣,金寧鄉,強制性交,1
2023,金門縣,金寧鄉,機車竊盜,3
2023,金門縣,金寧鄉,毒品,3
2023,金門縣,金寧鄉,汽車竊盜,2
2023,金門縣,金沙鎮,住宅竊盜,1
2023,金門縣,金沙鎮,強制性交,1
2023,金門縣,金沙鎮,毒品,1
2023,金門縣,金沙鎮,汽車竊盜,1
2023,金門縣,金湖鎮,住宅竊盜,8
2023,金門縣,金湖鎮,強制性交,1
2023,金門縣,金湖鎮,毒品,4
2023,雲林縣,二崙鄉,住宅竊盜,2
2023,雲林縣,二崙鄉,毒品,11
2023,雲林縣,元長鄉,毒品,8
2023,雲林縣,北港鎮,住宅竊盜,5
2023,雲林縣,北港鎮,機車竊盜,2
2023,雲林縣,北港鎮,毒品,31
2023,雲林縣,北港鎮,汽車竊盜,2
2023,雲林縣,口湖鄉,住宅竊盜,4
2023,雲林縣,口湖鄉,強盜,1
2023,雲林縣,口湖鄉,機車竊盜,1
2023,雲林縣,口湖鄉,毒品,18
2023,雲林縣,口湖鄉,汽車竊盜,1
2023,雲林縣,古坑鄉,機車竊盜,4
2023,雲林縣,古坑鄉,毒品,37
2023,雲林縣,古坑鄉,汽車竊盜,1
2023,雲林縣,四湖鄉,住宅竊盜,5
2023,雲林縣,四湖鄉,機車竊盜,1
2023,雲林縣,四湖鄉,毒品,5
2023,雲林縣,土庫鎮,住宅竊盜,1
2023,雲林縣,土庫鎮,毒品,7
2023,雲林縣,大埤鄉,機車竊盜,3
2023,雲林縣,大埤鄉,毒品,15
2023,雲林縣,崙背鄉,住宅竊盜,2
2023,雲林縣,崙背鄉,強盜,2
2023,雲林縣,崙背鄉,機車竊盜,1
2023,雲林縣,崙背鄉,毒品,12
2023,雲林縣,崙背鄉,汽車竊盜,1
2023,雲林縣,斗六市,住宅竊盜,3
2023,雲林縣,斗六市,強盜,1
2023,雲林縣,斗六市,機車竊盜,8
2023,雲林縣,斗六市,毒品,78
2023,雲林縣,斗六市,汽車竊盜,5
2023,雲林縣,斗南鎮,住宅竊盜,1
2023,雲林縣,斗南鎮,機車竊盜,4
2023,雲林縣,斗南鎮,毒品,71
2023,雲林縣,斗南鎮,汽車竊盜,4
2023,雲林縣,東勢鄉,住宅竊盜,2
2023,雲林縣,東勢鄉,毒品,6
2023,雲林縣,林內鄉,毒品,7
2023,雲林縣,水林鄉,住宅竊盜,6
2023,雲林縣,水林鄉,毒品,10
2023,雲林縣,水林鄉,汽車竊盜,1
2023,雲林縣,臺西鄉,住宅竊盜,5
2023,雲林縣,臺西鄉,機車竊盜,1
2023,雲林縣,臺西鄉,毒品,36
2023,雲林縣,莿桐鄉,毒品,10
2023,雲林縣,虎尾鎮,住宅竊盜,13
2023,雲林縣,虎尾鎮,強制性交,1
2023,雲林縣,虎尾鎮,機車竊盜,9
2023,雲林縣,虎尾鎮,毒品,55
2023,雲林縣,虎尾鎮,汽車竊盜,2
2023,雲林縣,褒忠鄉,住宅竊盜,1
2023,雲林縣,褒忠鄉,機車竊盜,1
2023,雲林縣,褒忠鄉,毒品,8
2023,雲林縣,西螺鎮,住宅竊盜,5
2023,雲林縣,西螺鎮,強制性交,2
2023,雲林縣,西螺鎮,機車竊盜,1
2023,雲林縣,西螺鎮,毒品,20
2023,雲林縣,麥寮鄉,住宅竊盜,10
2023,雲林縣,麥寮鄉,機車竊盜,2
2023,雲林縣,麥寮鄉,毒品,67
2023,雲林縣,麥寮鄉,汽車竊盜,3
2023,高雄市,三民區,住宅竊盜,2
2023,高雄市,三民區,強制性交,1
2023,高雄市,三民區,機車竊盜,21
2023,高雄市,三民區,毒品,189
2023,高雄市,三民區,汽車竊盜,1
2023,高雄市,仁武區,強盜,1
2023,高雄市,仁武區,機車竊盜,4
2023,高雄市,仁武區,毒品,72
2023,高雄市,內門區,毒品,3
2023,高雄市,六龜區,住宅竊盜,2
2023,高雄市,六龜區,毒品,14
2023,高雄市,前金區,住宅竊盜,1
2023,高雄市,前金區,機車竊盜,4
2023,高雄市,前金區,毒品,35
2023,高雄市,前金區,汽車竊盜,1
2023,高雄市,前鎮區,住宅竊盜,1
2023,高雄市,前鎮區,強制性交,1
2023,高雄市,前鎮區,搶奪,1
2023,高雄市,前鎮區,機車竊盜,9
2023,高雄市,前鎮區,毒品,58
2023,高雄市,前鎮區,汽車竊盜,1
2023,高雄市,大寮區,機車竊盜,10
2023,高雄市,大寮區,毒品,46
2023,高雄市,大寮區,汽車竊盜,1
2023,高雄市,大樹區,機車竊盜,2
2023,高雄市,大樹區,毒品,16
2023,高雄市,大樹區,汽車竊盜,2
2023,高雄市,大社區,強制性交,1
2023,高雄市,大社區,機車竊盜,1
2023,高雄市,大社區,毒品,20
2023,高雄市,大社區,汽車竊盜,1
2023,高雄市,小港區,住宅竊盜,2
2023,高雄市,小港區,強盜,1
2023,高雄市,小港區,機車竊盜,4
2023,高雄市,小港區,毒品,47
2023,高雄市,小港區,汽車竊盜,2
2023,高雄市,岡山區,強制性交,1
2023,高雄市,岡山區,機車竊盜,6
2023,高雄市,岡山區,毒品,38
2023,高雄市,左營區,強制性交,1
2023,高雄市,左營區,搶奪,2
2023,高雄市,左營區,機車竊盜,6
2023,高雄市,左營區,毒品,82
2023,高雄市,左營區,汽車竊盜,2
2023,高雄市,彌陀區,毒品,8
2023,高雄市,新興區,強盜,1
2023,高雄市,新興區,機車竊盜,9
2023,高雄市,新興區,毒品,56
2023,高雄市,旗山區,強制性交,1
2023,高雄市,旗山區,機車竊盜,4
2023,高雄市,旗山區,毒品,22
2023,高雄市,旗山區,汽車竊盜,1
2023,高雄市,旗津區,機車竊盜,1
2023,高雄市,旗津區,毒品,23
2023,高雄市,杉林區,毒品,14
2023,高雄市,林園區,住宅竊盜,1
2023,高雄市,林園區,強盜,1
2023,高雄市,林園區,機車竊盜,8
2023,高雄市,林園區,毒品,34
2023,高雄市,林園區,汽車竊盜,3
2023,高雄市,桃源區,住宅竊盜,3
2023,高雄市,桃源區,毒品,1
2023,高雄市,梓官區,機車竊盜,1
2023,高雄市,梓官區,毒品,32
2023,高雄市,楠梓區,強制性交,3
2023,高雄市,楠梓區,搶奪,2
2023,高雄市,楠梓區,機車竊盜,5
2023,高雄市,楠梓區,毒品,60
2023,高雄市,楠梓區,汽車竊盜,2
2023,高雄市,橋頭區,機車竊盜,1
2023,高雄市,橋頭區,毒品,19
2023,高雄市,橋頭區,汽車竊盜,1
2023,高雄市,永安區,毒品,4
2023,高雄市,湖內區,住宅竊盜,1
2023,高雄市,湖內區,強制性交,1
2023,高雄市,湖內區,毒品,22
2023,高雄市,燕巢區,強制性交,1
2023,高雄市,燕巢區,機車竊盜,2
2023,高雄市,燕巢區,毒品,15
2023,高雄市,燕巢區,汽車竊盜,2
2023,高雄市,田寮區,機車竊盜,1
2023,高雄市,田寮區,毒品,2
2023,高雄市,田寮區,汽車竊盜,1
2023,高雄市,甲仙區,機車竊盜,1
2023,高雄市,美濃區,住宅竊盜,1
2023,高雄市,美濃區,機車竊盜,3
2023,高雄市,美濃區,毒品,33
2023,高雄市,美濃區,汽車竊盜,2
2023,高雄市,苓雅區,強盜,1
2023,高雄市,苓雅區,機車竊盜,8
2023,高雄市,苓雅區,毒品,87
2023,高雄市,苓雅區,汽車竊盜,1
2023,高雄市,茄萣區,機車竊盜,2
2023,高雄市,茄萣區,毒品,26
2023,高雄市,路竹區,搶奪,1
2023,高雄市,路竹區,機車竊盜,4
2023,高雄市,路竹區,毒品,33
2023,高雄市,路竹區,汽車竊盜,2
2023,高雄市,阿蓮區,機車竊盜,3
2023,高雄市,阿蓮區,毒品,11
2023,高雄市,鳥松區,機車竊盜,2
2023,高雄市,鳥松區,毒品,38
2023,高雄市,鳳山區,住宅竊盜,2
2023,高雄市,鳳山區,強制性交,4
2023,高雄市,鳳山區,強盜,1
2023,高雄市,鳳山區,搶奪,1
2023,高雄市,鳳山區,毒品,137
2023,高雄市,鳳山區,汽車竊盜,3
2023,高雄市,鹽埕區,住宅竊盜,1
2023,高雄市,鹽埕區,機車竊盜,3
2023,高雄市,鹽埕區,毒品,5
2023,高雄市,鼓山區,住宅竊盜,1
2023,高雄市,鼓山區,強制性交,2
2023,高雄市,鼓山區,機車竊盜,5
2023,高雄市,鼓山區,毒品,53
2023,高雄市,鼓山區,汽車竊盜,1
2024,南投縣,中寮鄉,住宅竊盜,2
2024,南投縣,中寮鄉,毒品,10
2024,南投縣,仁愛鄉,住宅竊盜,1
2024,南投縣,仁愛鄉,強制性交,2
2024,南投縣,仁愛鄉,毒品,16
2024,南投縣,信義鄉,強制性交,2
2024,南投縣,信義鄉,機車竊盜,1
2024,南投縣,信義鄉,毒品,1
2024,南投縣,南投市,住宅竊盜,29
2024,南投縣,南投市,強制性交,1
2024,南投縣,南投市,強盜,2
2024,南投縣,南投市,搶奪,2
2024,南投縣,南投市,機車竊盜,12
2024,南投縣,南投市,毒品,72
2024,南投縣,南投市,汽車竊盜,3
2024,南投縣,名間鄉,住宅竊盜,5
2024,南投縣,名間鄉,機車竊盜,2
2024,南投縣,名間鄉,毒品,27
2024,南投縣,名間鄉,汽車竊盜,2
2024,南投縣,國姓鄉,住宅竊盜,4
2024,南投縣,國姓鄉,機車竊盜,2
2024,南投縣,國姓鄉,毒品,17
2024,南投縣,埔里鎮,住宅竊盜,47
2024,南投縣,埔里鎮,強盜,1
2024,南投縣,埔里鎮,機車竊盜,14
2024,南投縣,埔里鎮,毒品,114
2024,南投縣,埔里鎮,汽車竊盜,2
2024,南投縣,水里鄉,住宅竊盜,10
2024,南投縣,水里鄉,機車竊盜,2
2024,南投縣,水里鄉,毒品,16
2024,南投縣,竹山鎮,住宅竊盜,16
2024,南投縣,竹山鎮,強盜,2
2024,南投縣,竹山鎮,機車竊盜,8
2024,南投縣,竹山鎮,毒品,45
2024,南投縣,竹山鎮,汽車竊盜,8
2024,南投縣,草屯鎮,住宅竊盜,33
2024,南投縣,草屯鎮,強制性交,1
2024,南投縣,草屯鎮,強盜,2
2024,南投縣,草屯鎮,搶奪,2
2024,南投縣,草屯鎮,機車竊盜,7
2024,南投縣,草屯鎮,毒品,87
2024,南投縣,草屯鎮,汽車竊盜,2
2024,南投縣,集集鎮,住宅竊盜,7
2024,南投縣,集集鎮,毒品,11
2024,南投縣,集集鎮,汽車竊盜,1
2024,南投縣,魚池鄉,住宅竊盜,8
2024,南投縣,魚池鄉,機車竊盜,2
2024,南投縣,魚池鄉,毒品,9
2024,南投縣,鹿谷鄉,住宅竊盜,3
2024,南投縣,鹿谷鄉,強盜,1
2024,南投縣,鹿谷鄉,毒品,4
2024,嘉義市,東區,住宅竊盜,1
2024,嘉義市,東區,強制性交,1
2024,嘉義市,東區,機車竊盜,6
2024,嘉義市,東區,毒品,141
2024,嘉義市,東區,汽車竊盜,1
2024,嘉義市,西區,住宅竊盜,4
2024,嘉義市,西區,強制性交,3
2024,嘉義市,西區,強盜,2
2024,嘉義市,西區,搶奪,1
2024,嘉義市,西區,機車竊盜,12
2024,嘉義市,西區,毒品,337
2024,嘉義市,西區,汽車竊盜,5
2024,嘉義縣,中埔鄉,強制性交,1
2024,嘉義縣,中埔鄉,毒品,58
2024,嘉義縣,六腳鄉,機車竊盜,1
2024,嘉義縣,六腳鄉,毒品,25
2024,嘉義縣,大林鎮,機車竊盜,1
2024,嘉義縣,大林鎮,毒品,34
2024,嘉義縣,太保市,強制性交,1
2024,嘉義縣,太保市,機車竊盜,2
2024,嘉義縣,太保市,毒品,30
2024,嘉義縣,太保市,汽車竊盜,2
2024,嘉義縣,布袋鎮,住宅竊盜,2
2024,嘉義縣,布袋鎮,毒品,18
2024,嘉義縣,新港鄉,毒品,9
2024,嘉義縣,朴子市,住宅竊盜,2
2024,嘉義縣,朴子市,強制性交,1
2024,嘉義縣,朴子市,機車竊盜,2
2024,嘉義縣,朴子市,毒品,24
2024,嘉義縣,東石鄉,住宅竊盜,1
2024,嘉義縣,東石鄉,機車竊盜,1
2024,嘉義縣,東石鄉,毒品,34
2024,嘉義縣,東石鄉,汽車竊盜,1
2024,嘉義縣,梅山鄉,毒品,7
2024,嘉義縣,梅山鄉,汽車竊盜,1
2024,嘉義縣,民雄鄉,住宅竊盜,1
2024,嘉義縣,民雄鄉,機車竊盜,6
2024,嘉義縣,民雄鄉,毒品,71
2024,嘉義縣,民雄鄉,汽車竊盜,2
2024,嘉義縣,水上鄉,住宅竊盜,1
2024,嘉義縣,水上鄉,搶奪,1
2024,嘉義縣,水上鄉,毒品,29
2024,嘉義縣,水上鄉,汽車竊盜,1
2024,嘉義縣,溪口鄉,毒品,7
2024,嘉義縣,番路鄉,住宅竊盜,1
2024,嘉義縣,番路鄉,機車竊盜,1
2024,嘉義縣,番路鄉,毒品,3
2024,嘉義縣,竹崎鄉,機車竊盜,1
2024,嘉義縣,竹崎鄉,毒品,25
2024,嘉義縣,義竹鄉,住宅竊盜,1
2024,嘉義縣,義竹鄉,毒品,6
2024,嘉義縣,阿里山鄉,毒品,1
2024,嘉義縣,鹿草鄉,住宅竊盜,1
2024,嘉義縣,鹿草鄉,毒品,2
2024,基隆市,七堵區,住宅竊盜,7
2024,基隆市,七堵區,強制性交,1
2024,基隆市,七堵區,機車竊盜,4
2024,基隆市,七堵區,毒品,39
2024,基隆市,七堵區,汽車竊盜,1
2024,基隆市,中山區,住宅竊盜,17
2024,基隆市,中山區,機車竊盜,9
2024,基隆市,中山區,毒品,65
2024,基隆市,中山區,汽車竊盜,2
2024,基隆市,中正區,住宅竊盜,13
2024,基隆市,中正區,機車竊盜,6
2024,基隆市,中正區,毒品,89
2024,基隆市,中正區,汽車竊盜,3
2024,基隆市,仁愛區,住宅竊盜,6
2024,基隆市,仁愛區,搶奪,1
2024,基隆市,仁愛區,機車竊盜,5
2024,基隆市,仁愛區,毒品,224
2024,基隆市,信義區,住宅竊盜,2
2024,基隆市,信義區,機車竊盜,7
2024,基隆市,信義區,毒品,51
2024,基隆市,信義區,汽車竊盜,1
2024,基隆市,安樂區,住宅竊盜,19
2024,基隆市,安樂區,強制性交,1
2024,基隆市,安樂區,機車竊盜,7
2024,基隆市,安樂區,毒品,78
2024,基隆市,安樂區,汽車竊盜,2
2024,基隆市,暖暖區,住宅竊盜,6
2024,基隆市,暖暖區,機車竊盜,4
2024,基隆市,暖暖區,毒品,33
2024,宜蘭縣,三星鄉,住宅竊盜,14
2024,宜蘭縣,三星鄉,毒品,5
2024,宜蘭縣,五結鄉,機車竊盜,3
2024,宜蘭縣,五結鄉,毒品,29
2024,宜蘭縣,五結鄉,汽車竊盜,1
2024,宜蘭縣,冬山鄉,機車竊盜,1
2024,宜蘭縣,冬山鄉,毒品,27
2024,宜蘭縣,冬山鄉,汽車竊盜,1
2024,宜蘭縣,南澳鄉,住宅竊盜,1
2024,宜蘭縣,南澳鄉,毒品,5
2024,宜蘭縣,員山鄉,住宅竊盜,8
2024,宜蘭縣,員山鄉,機車竊盜,2
2024,宜蘭縣,員山鄉,毒品,20
2024,宜蘭縣,壯圍鄉,住宅竊盜,2
2024,宜蘭縣,壯圍鄉,機車竊盜,1
2024,宜蘭縣,壯圍鄉,毒品,19
2024,宜蘭縣,大同鄉,住宅竊盜,4
2024,宜蘭縣,大同鄉,毒品,4
2024,宜蘭縣,宜蘭市,住宅竊盜,30
2024,宜蘭縣,宜蘭市,機車竊盜,5
2024,宜蘭縣,宜蘭市,毒品,76
2024,宜蘭縣,宜蘭市,汽車竊盜,1
2024,宜蘭縣,礁溪鄉,住宅竊盜,7
2024,宜蘭縣,礁溪鄉,毒品,50
2024,宜蘭縣,礁溪鄉,汽車竊盜,3
2024,宜蘭縣,羅東鎮,機車竊盜,18
2024,宜蘭縣,羅東鎮,毒品,48
2024,宜蘭縣,羅東鎮,汽車竊盜,2
2024,宜蘭縣,蘇澳鎮,住宅竊盜,4
2024,宜蘭縣,蘇澳鎮,機車竊盜,2
2024,宜蘭縣,蘇澳鎮,毒品,49
2024,宜蘭縣,頭城鎮,住宅竊盜,3
2024,宜蘭縣,頭城鎮,機車竊盜,4
2024,宜蘭縣,頭城鎮,毒品,23
2024,屏東縣,三地門鄉,住宅竊盜,1
2024,屏東縣,三地門鄉,強盜,1
2024,屏東縣,三地門鄉,毒品,6
2024,屏東縣,九如鄉,毒品,28
2024,屏東縣,佳冬鄉,住宅竊盜,2
2024,屏東縣,佳冬鄉,機車竊盜,3
2024,屏東縣,佳冬鄉,毒品,4
2024,屏東縣,佳冬鄉,汽車竊盜,1
2024,屏東縣,來義鄉,機車竊盜,1
2024,屏東縣,內埔鄉,強盜,1
2024,屏東縣,內埔鄉,機車竊盜,1
2024,屏東縣,內埔鄉,毒品,49
2024,屏東縣,內埔鄉,汽車竊盜,2
2024,屏東縣,南州鄉,住宅竊盜,1
2024,屏東縣,南州鄉,機車竊盜,2
2024,屏東縣,南州鄉,毒品,9
2024,屏東縣,南州鄉,汽車竊盜,1
2024,屏東縣,屏東市,機車竊盜,22
2024,屏東縣,屏東市,毒品,156
2024,屏東縣,屏東市,汽車竊盜,5
2024,屏東縣,崁頂鄉,住宅竊盜,1
2024,屏東縣,崁頂鄉,機車竊盜,1
2024,屏東縣,崁頂鄉,毒品,9
2024,屏東縣,恆春鎮,住宅竊盜,15
2024,屏東縣,恆春鎮,機車竊盜,3
2024,屏東縣,恆春鎮,毒品,27
2024,屏東縣,恆春鎮,汽車竊盜,1
2024,屏東縣,新園鄉,住宅竊盜,11
2024,屏東縣,新園鄉,機車竊盜,5
2024,屏東縣,新園鄉,毒品,18
2024,屏東縣,新埤鄉,毒品,6
2024,屏東縣,春日鄉,毒品,8
2024,屏東縣,東港鎮,住宅竊盜,7
2024,屏東縣,東港鎮,機車竊盜,6
2024,屏東縣,東港鎮,毒品,55
2024,屏東縣,東港鎮,汽車竊盜,2
2024,屏東縣,枋寮鄉,住宅竊盜,1
2024,屏東縣,枋寮鄉,強盜,1
2024,屏東縣,枋寮鄉,毒品,38
2024,屏東縣,枋山鄉,住宅竊盜,1
2024,屏東縣,枋山鄉,毒品,3
2024,屏東縣,林邊鄉,住宅竊盜,3
2024,屏東縣,林邊鄉,機車竊盜,4
2024,屏東縣,林邊鄉,毒品,16
2024,屏東縣,泰武鄉,毒品,1
2024,屏東縣,滿州鄉,住宅竊盜,2
2024,屏東縣,潮州鎮,住宅竊盜,8
2024,屏東縣,潮州鎮,機車竊盜,4
2024,屏東縣,潮州鎮,毒品,79
2024,屏東縣,牡丹鄉,毒品,1
2024,屏東縣,獅子鄉,毒品,1
2024,屏東縣,琉球鄉,住宅竊盜,2
2024,屏東縣,琉球鄉,機車竊盜,3
2024,屏東縣,瑪家鄉,機車竊盜,1
2024,屏東縣,瑪家鄉,毒品,5
2024,屏東縣,竹田鄉,住宅竊盜,5
2024,屏東縣,竹田鄉,機車竊盜,4
2024,屏東縣,竹田鄉,毒品,26
2024,屏東縣,竹田鄉,汽車竊盜,1
2024,屏東縣,萬丹鄉,機車竊盜,8
2024,屏東縣,萬丹鄉,毒品,38
2024,屏東縣,萬丹鄉,汽車竊盜,1
2024,屏東縣,萬巒鄉,機車竊盜,1
2024,屏東縣,萬巒鄉,毒品,13
2024,屏東縣,車城鄉,住宅竊盜,3
2024,屏東縣,車城鄉,機車竊盜,2
2024,屏東縣,車城鄉,毒品,3
2024,屏東縣,里港鄉,機車竊盜,1
2024,屏東縣,里港鄉,毒品,16
2024,屏東縣,長治鄉,搶奪,1
2024,屏東縣,長治鄉,機車竊盜,1
2024,屏東縣,長治鄉,毒品,15
2024,屏東縣,長治鄉,汽車竊盜,1
2024,屏東縣,霧臺鄉,毒品,4
2024,屏東縣,高樹鄉,機車竊盜,2
2024,屏東縣,高樹鄉,毒品,25
2024,屏東縣,鹽埔鄉,機車竊盜,4
2024,屏東縣,鹽埔鄉,毒品,27
2024,屏東縣,麟洛鄉,機車竊盜,2
2024,屏東縣,麟洛鄉,毒品,13
2024,屏東縣,麟洛鄉,汽車竊盜,3
2024,彰化縣,二林鎮,機車竊盜,3
2024,彰化縣,二林鎮,毒品,25
2024,彰化縣,二林鎮,汽車竊盜,2
2024,彰化縣,二水鄉,毒品,7
2024,彰化縣,伸港鄉,機車竊盜,1
2024,彰化縣,伸港鄉,毒品,20
2024,彰化縣,伸港鄉,汽車竊盜,1
2024,彰化縣,北斗鎮,搶奪,1
2024,彰化縣,北斗鎮,機車竊盜,1
2024,彰化縣,北斗鎮,毒品,29
2024,彰化縣,和美鎮,機車竊盜,5
2024,彰化縣,和美鎮,毒品,42
2024,彰化縣,和美鎮,汽車竊盜,1
2024,彰化縣,員林市,機車竊盜,18
2024,彰化縣,員林市,毒品,89
2024,彰化縣,員林市,汽車竊盜,1
2024,彰化縣,埔心鄉,機車竊盜,2
2024,彰化縣,埔心鄉,毒品,19
2024,彰化縣,埔心鄉,汽車竊盜,1
2024,彰化縣,埔鹽鄉,毒品,10
2024,彰化縣,埔鹽鄉,汽車竊盜,1
2024,彰化縣,埤頭鄉,住宅竊盜,1
2024,彰化縣,埤頭鄉,機車竊盜,1
2024,彰化縣,埤頭鄉,毒品,19
2024,彰化縣,埤頭鄉,汽車竊盜,1
2024,彰化縣,大城鄉,住宅竊盜,1
2024,彰化縣,大城鄉,機車竊盜,2
2024,彰化縣,大城鄉,毒品,1
2024,彰化縣,大村鄉,機車竊盜,6
2024,彰化縣,大村鄉,毒品,20
2024,彰化縣,彰化市,住宅竊盜,8
2024,彰化縣,彰化市,強制性交,1
2024,彰化縣,彰化市,強盜,1
2024,彰化縣,彰化市,機車竊盜,23
2024,彰化縣,彰化市,毒品,145
2024,彰化縣,彰化市,汽車竊盜,5
2024,彰化縣,永靖鄉,機車竊盜,1
2024,彰化縣,永靖鄉,毒品,13
2024,彰化縣,溪州鄉,住宅竊盜,2
2024,彰化縣,溪州鄉,機車竊盜,4
2024,彰化縣,溪州鄉,毒品,20
2024,彰化縣,溪州鄉,汽車竊盜,4
2024,彰化縣,溪湖鎮,機車竊盜,6
2024,彰化縣,溪湖鎮,毒品,38
2024,彰化縣,溪湖鎮,汽車竊盜,3
2024,彰化縣,田中鎮,強制性交,1
2024,彰化縣,田中鎮,機車竊盜,6
2024,彰化縣,田中鎮,毒品,32
2024,彰化縣,田尾鄉,住宅竊盜,1
2024,彰化縣,田尾鄉,機車竊盜,3
2024,彰化縣,田尾鄉,毒品,26
2024,彰化縣,田尾鄉,汽車竊盜,1
2024,彰化縣,社頭鄉,機車竊盜,3
2024,彰化縣,社頭鄉,毒品,29
2024,彰化縣,福興鄉,住宅竊盜,1
2024,彰化縣,福興鄉,機車竊盜,1
2024,彰化縣,福興鄉,毒品,21
2024,彰化縣,福興鄉,汽車竊盜,3
2024,彰化縣,秀水鄉,住宅竊盜,2
2024,彰化縣,秀水鄉,機車竊盜,3
2024,彰化縣,秀水鄉,毒品,29
2024,彰化縣,竹塘鄉,毒品,7
2024,彰化縣,線西鄉,機車竊盜,4
2024,彰化縣,線西鄉,毒品,7
2024,彰化縣,芬園鄉,住宅竊盜,1
2024,彰化縣,芬園鄉,機車竊盜,2
2024,彰化縣,芬園鄉,毒品,15
2024,彰化縣,花壇鄉,住宅竊盜,3
2024,彰化縣,花壇鄉,機車竊盜,3
2024,彰化縣,花壇鄉,毒品,42
2024,彰化縣,芳苑鄉,住宅竊盜,5
2024,彰化縣,芳苑鄉,毒品,11
2024,彰化縣,芳苑鄉,汽車竊盜,2
2024,彰化縣,鹿港鎮,住宅竊盜,1
2024,彰化縣,鹿港鎮,機車竊盜,6
2024,彰化縣,鹿港鎮,毒品,78
2024,彰化縣,鹿港鎮,汽車竊盜,1
2024,新北市,三峽區,住宅竊盜,19
2024,新北市,三峽區,強盜,2
2024,新北市,三峽區,搶奪,2
2024,新北市,三峽區,機車竊盜,12
2024,新北市,三峽區,毒品,57
2024,新北市,三峽區,汽車竊盜,12
2024,新北市,三芝區,住宅竊盜,3
2024,新北市,三芝區,毒品,7
2024,新北市,三重區,住宅竊盜,42
2024,新北市,三重區,強制性交,1
2024,新北市,三重區,強盜,2
2024,新北市,三重區,搶奪,2
2024,新北市,三重區,機車竊盜,42
2024,新北市,三重區,毒品,629
2024,新北市,三重區,汽車竊盜,6
2024,新北市,三重區,組織犯罪防制條例,1
2024,新北市,中和區,住宅竊盜,27
2024,新北市,中和區,強盜,1
2024,新北市,中和區,機車竊盜,25
2024,新北市,中和區,毒品,238
2024,新北市,中和區,汽車竊盜,4
2024,新北市,五股區,住宅竊盜,21
2024,新北市,五股區,搶奪,1
2024,新北市,五股區,機車竊盜,11
2024,新北市,五股區,毒品,78
2024,新北市,五股區,汽車竊盜,2
2024,新北市,八里區,住宅竊盜,14
2024,新北市,八里區,機車竊盜,5
2024,新北市,八里區,毒品,44
2024,新北市,八里區,汽車竊盜,2
2024,新北市,八里區,組織犯罪防制條例,1
2024,新北市,土城區,住宅竊盜,47
2024,新北市,土城區,強制性交,2
2024,新北市,土城區,機車竊盜,17
2024,新北市,土城區,毒品,221
2024,新北市,土城區,汽車竊盜,7
2024,新北市,坪林區,住宅竊盜,2
2024,新北市,坪林區,毒品,1
2024,新北市,平溪區,毒品,3
2024,新北市,新店區,住宅竊盜,56
2024,新北市,新店區,強盜,1
2024,新北市,新店區,機車竊盜,8
2024,新北市,新店區,毒品,178
2024,新北市,新莊區,住宅竊盜,48
2024,新北市,新莊區,強制性交,2
2024,新北市,新莊區,強盜,2
2024,新北市,新莊區,機車竊盜,51
2024,新北市,新莊區,毒品,252
2024,新北市,新莊區,汽車竊盜,7
2024,新北市,新莊區,組織犯罪防制條例,1
2024,新北市,板橋區,住宅竊盜,61
2024,新北市,板橋區,強盜,1
2024,新北市,板橋區,搶奪,1
2024,新北市,板橋區,機車竊盜,40
2024,新北市,板橋區,毒品,484
2024,新北市,板橋區,汽車竊盜,8
2024,新北市,林口區,住宅竊盜,36
2024,新北市,林口區,機車竊盜,5
2024,新北市,林口區,毒品,58
2024,新北市,林口區,汽車竊盜,3
2024,新北市,樹林區,住宅竊盜,22
2024,新北市,樹林區,強制性交,7
2024,新北市,樹林區,強盜,1
2024,新北市,樹林區,搶奪,2
2024,新北市,樹林區,機車竊盜,21
2024,新北市,樹林區,毒品,195
2024,新北市,樹林區,汽車竊盜,3
2024,新北市,永和區,住宅竊盜,40
2024,新北市,永和區,機車竊盜,10
2024,新北市,永和區,毒品,76
2024,新北市,永和區,汽車竊盜,1
2024,新北市,汐止區,住宅竊盜,50
2024,新北市,汐止區,強盜,2
2024,新北市,汐止區,機車竊盜,9
2024,新北市,汐止區,毒品,120
2024,新北市,汐止區,汽車竊盜,1
2024,新北市,泰山區,住宅竊盜,46
2024,新北市,泰山區,強制性交,1
2024,新北市,泰山區,機車竊盜,5
2024,新北市,泰山區,毒品,54
2024,新北市,淡水區,住宅竊盜,46
2024,新北市,淡水區,機車竊盜,16
2024,新北市,淡水區,毒品,80
2024,新北市,淡水區,汽車竊盜,1
2024,新北市,深坑區,住宅竊盜,2
2024,新北市,深坑區,毒品,5
2024,新北市,烏來區,住宅竊盜,2
2024,新北市,烏來區,毒品,6
2024,新北市,瑞芳區,住宅竊盜,1
2024,新北市,瑞芳區,強制性交,1
2024,新北市,瑞芳區,機車竊盜,6
2024,新北市,瑞芳區,毒品,56
2024,新北市,石碇區,毒品,2
2024,新北市,石門區,住宅竊盜,2
2024,新北市,石門區,毒品,2
2024,新北市,萬里區,住宅竊盜,4
2024,新北市,萬里區,毒品,8
2024,新北市,蘆洲區,住宅竊盜,39
2024,新北市,蘆洲區,強制性交,2
2024,新北市,蘆洲區,強盜,1
2024,新北市,蘆洲區,機車竊盜,13
2024,新北市,蘆洲區,毒品,163
2024,新北市,蘆洲區,汽車竊盜,3
2024,新北市,貢寮區,毒品,8
2024,新北市,金山區,住宅竊盜,9
2024,新北市,金山區,機車竊盜,1
2024,新北市,金山區,毒品,22
2024,新北市,雙溪區,毒品,7
2024,新北市,雙溪區,汽車竊盜,1
2024,新北市,鶯歌區,住宅竊盜,14
2024,新北市,鶯歌區,強盜,1
2024,新北市,鶯歌區,機車竊盜,6
2024,新北市,鶯歌區,毒品,64
2024,新北市,鶯歌區,汽車竊盜,4
2024,新竹市,北區,強制性交,1
2024,新竹市,北區,機車竊盜,12
2024,新竹市,北區,毒品,94
2024,新竹市,北區,汽車竊盜,5
2024,新竹市,東區,住宅竊盜,23
2024,新竹市,東區,強制性交,1
2024,新竹市,東區,搶奪,1
2024,新竹市,東區,機車竊盜,38
2024,新竹市,東區,毒品,177
2024,新竹市,東區,汽車竊盜,11
2024,新竹市,香山區,住宅竊盜,12
2024,新竹市,香山區,強盜,1
2024,新竹市,香山區,機車竊盜,7
2024,新竹市,香山區,毒品,49
2024,新竹市,香山區,汽車竊盜,4
2024,新竹縣,五峰鄉,毒品,11
2024,新竹縣,北埔鄉,毒品,5
2024,新竹縣,寶山鄉,住宅竊盜,6
2024,新竹縣,寶山鄉,機車竊盜,2
2024,新竹縣,寶山鄉,毒品,11
2024,新竹縣,寶山鄉,汽車竊盜,1
2024,新竹縣,尖石鄉,住宅竊盜,2
2024,新竹縣,尖石鄉,機車竊盜,1
2024,新竹縣,尖石鄉,毒品,12
2024,新竹縣,峨眉鄉,住宅竊盜,1
2024,新竹縣,峨眉鄉,毒品,6
2024,新竹縣,新埔鎮,住宅竊盜,1
2024,新竹縣,新埔鎮,強制性交,1
2024,新竹縣,新埔鎮,機車竊盜,4
2024,新竹縣,新埔鎮,毒品,14
2024,新竹縣,新埔鎮,汽車竊盜,1
2024,新竹縣,新豐鄉,住宅竊盜,13
2024,新竹縣,新豐鄉,機車竊盜,11
2024,新竹縣,新豐鄉,毒品,22
2024,新竹縣,新豐鄉,汽車竊盜,5
2024,新竹縣,橫山鄉,住宅竊盜,2
2024,新竹縣,橫山鄉,毒品,38
2024,新竹縣,湖口鄉,住宅竊盜,18
2024,新竹縣,湖口鄉,搶奪,2
2024,新竹縣,湖口鄉,機車竊盜,19
2024,新竹縣,湖口鄉,毒品,68
2024,新竹縣,湖口鄉,汽車竊盜,10
2024,新竹縣,竹北市,住宅竊盜,28
2024,新竹縣,竹北市,強制性交,7
2024,新竹縣,竹北市,搶奪,1
2024,新竹縣,竹北市,機車竊盜,16
2024,新竹縣,竹北市,毒品,112
2024,新竹縣,竹北市,汽車竊盜,12
2024,新竹縣,竹東鎮,住宅竊盜,8
2024,新竹縣,竹東鎮,強制性交,3
2024,新竹縣,竹東鎮,機車竊盜,5
2024,新竹縣,竹東鎮,毒品,93
2024,新竹縣,竹東鎮,汽車竊盜,4
2024,新竹縣,芎林鄉,住宅竊盜,1
2024,新竹縣,芎林鄉,機車竊盜,1
2024,新竹縣,芎林鄉,毒品,21
2024,新竹縣,關西鎮,住宅竊盜,2
2024,新竹縣,關西鎮,機車竊盜,2
2024,新竹縣,關西鎮,毒品,12
2024,新竹縣,關西鎮,汽車竊盜,1
2024,桃園市,中壢區,住宅竊盜,133
2024,桃園市,中壢區,強盜,2
2024,桃園市,中壢區,搶奪,2
2024,桃園市,中壢區,機車竊盜,69
2024,桃園市,中壢區,毒品,771
2024,桃園市,中壢區,汽車竊盜,8
2024,桃園市,八德區,住宅竊盜,27
2024,桃園市,八德區,強盜,1
2024,桃園市,八德區,機車竊盜,11
2024,桃園市,八德區,毒品,274
2024,桃園市,八德區,汽車竊盜,5
2024,桃園市,大園區,住宅竊盜,27
2024,桃園市,大園區,機車竊盜,7
2024,桃園市,大園區,毒品,130
2024,桃園市,大園區,汽車竊盜,2
2024,桃園市,大溪區,住宅竊盜,6
2024,桃園市,大溪區,機車竊盜,10
2024,桃園市,大溪區,毒品,61
2024,桃園市,大溪區,汽車竊盜,7
2024,桃園市,平鎮區,住宅竊盜,26
2024,桃園市,平鎮區,機車竊盜,19
2024,桃園市,平鎮區,毒品,319
2024,桃園市,平鎮區,汽車竊盜,3
2024,桃園市,復興區,毒品,1
2024,桃園市,新屋區,住宅竊盜,11
2024,桃園市,新屋區,機車竊盜,8
2024,桃園市,新屋區,毒品,21
2024,桃園市,新屋區,汽車竊盜,3
2024,桃園市,桃園區,住宅竊盜,13
2024,桃園市,桃園區,強盜,2
2024,桃園市,桃園區,搶奪,1
2024,桃園市,桃園區,機車竊盜,58
2024,桃園市,桃園區,毒品,622
2024,桃園市,桃園區,汽車竊盜,9
2024,桃園市,楊梅區,住宅竊盜,34
2024,桃園市,楊梅區,搶奪,1
2024,桃園市,楊梅區,機車竊盜,15
2024,桃園市,楊梅區,毒品,123
2024,桃園市,楊梅區,汽車竊盜,8
2024,桃園市,蘆竹區,住宅竊盜,19
2024,桃園市,蘆竹區,強制性交,2
2024,桃園市,蘆竹區,強盜,2
2024,桃園市,蘆竹區,搶奪,1
2024,桃園市,蘆竹區,機車竊盜,10
2024,桃園市,蘆竹區,毒品,110
2024,桃園市,蘆竹區,汽車竊盜,4
2024,桃園市,觀音區,住宅竊盜,21
2024,桃園市,觀音區,機車竊盜,7
2024,桃園市,觀音區,毒品,61
2024,桃園市,觀音區,汽車竊盜,2
2024,桃園市,龍潭區,住宅竊盜,15
2024,桃園市,龍潭區,機車竊盜,3
2024,桃園市,龍潭區,毒品,66
2024,桃園市,龍潭區,汽車竊盜,5
2024,桃園市,龜山區,住宅竊盜,54
2024,桃園市,龜山區,搶奪,1
2024,桃園市,龜山區,機車竊盜,22
2024,桃園市,龜山區,毒品,170
2024,桃園市,龜山區,汽車竊盜,3
2024,澎湖縣,湖西鄉,住宅竊盜,6
2024,澎湖縣,湖西鄉,毒品,8
2024,澎湖縣,白沙鄉,住宅竊盜,5
2024,澎湖縣,白沙鄉,強制性交,1
2024,澎湖縣,西嶼鄉,住宅竊盜,1
2024,澎湖縣,西嶼鄉,機車竊盜,1
2024,澎湖縣,馬公市,住宅竊盜,32
2024,澎湖縣,馬公市,強制性交,3
2024,澎湖縣,馬公市,機車竊盜,2
2024,澎湖縣,馬公市,毒品,22
2024,澎湖縣,馬公市,汽車竊盜,2
2024,臺中市,中區,住宅竊盜,9
2024,臺中市,中區,機車竊盜,14
2024,臺中市,中區,毒品,78
2024,臺中市,中區,汽車竊盜,3
2024,臺中市,北區,住宅竊盜,14
2024,臺中市,北區,強盜,1
2024,臺中市,北區,機車竊盜,17
2024,臺中市,北區,毒品,261
2024,臺中市,北區,汽車竊盜,2
2024,臺中市,北屯區,住宅竊盜,13
2024,臺中市,北屯區,強制性交,1
2024,臺中市,北屯區,機車竊盜,20
2024,臺中市,北屯區,毒品,172
2024,臺中市,北屯區,汽車竊盜,8
2024,臺中市,南區,機車竊盜,10
2024,臺中市,南區,毒品,49
2024,臺中市,南區,汽車竊盜,2
2024,臺中市,南屯區,住宅竊盜,2
2024,臺中市,南屯區,強盜,2
2024,臺中市,南屯區,機車竊盜,7
2024,臺中市,南屯區,毒品,70
2024,臺中市,南屯區,汽車竊盜,6
2024,臺中市,后里區,機車竊盜,6
2024,臺中市,后里區,毒品,31
2024,臺中市,后里區,汽車竊盜,3
2024,臺中市,和平區,住宅竊盜,5
2024,臺中市,和平區,毒品,11
2024,臺中市,外埔區,機車竊盜,4
2024,臺中市,外埔區,毒品,12
2024,臺中市,外埔區,汽車竊盜,1
2024,臺中市,大安區,機車竊盜,1
2024,臺中市,大安區,毒品,11
2024,臺中市,大安區,汽車竊盜,1
2024,臺中市,大甲區,機車竊盜,8
2024,臺中市,大甲區,毒品,48
2024,臺中市,大甲區,汽車竊盜,5
2024,臺中市,大肚區,住宅竊盜,1
2024,臺中市,大肚區,機車竊盜,1
2024,臺中市,大肚區,毒品,31
2024,臺中市,大肚區,汽車竊盜,3
2024,臺中市,大里區,住宅竊盜,3
2024,臺中市,大里區,強盜,1
2024,臺中市,大里區,機車竊盜,9
2024,臺中市,大里區,毒品,80
2024,臺中市,大雅區,住宅竊盜,9
2024,臺中市,大雅區,機車竊盜,10
2024,臺中市,大雅區,毒品,29
2024,臺中市,大雅區,汽車竊盜,2
2024,臺中市,太平區,住宅竊盜,9
2024,臺中市,太平區,機車竊盜,10
2024,臺中市,太平區,毒品,154
2024,臺中市,太平區,汽車竊盜,2
2024,臺中市,新社區,住宅竊盜,2
2024,臺中市,新社區,機車竊盜,4
2024,臺中市,新社區,毒品,2
2024,臺中市,東勢區,住宅竊盜,5
2024,臺中市,東勢區,機車竊盜,6
2024,臺中市,東勢區,毒品,45
2024,臺中市,東勢區,汽車竊盜,5
2024,臺中市,東區,機車竊盜,13
2024,臺中市,東區,毒品,49
2024,臺中市,東區,汽車竊盜,3
2024,臺中市,梧棲區,住宅竊盜,3
2024,臺中市,梧棲區,搶奪,1
2024,臺中市,梧棲區,機車竊盜,5
2024,臺中市,梧棲區,毒品,33
2024,臺中市,梧棲區,汽車竊盜,2
2024,臺中市,沙鹿區,住宅竊盜,6
2024,臺中市,沙鹿區,強制性交,1
2024,臺中市,沙鹿區,機車竊盜,11
2024,臺中市,沙鹿區,毒品,61
2024,臺中市,沙鹿區,汽車竊盜,4
2024,臺中市,清水區,住宅竊盜,2
2024,臺中市,清水區,搶奪,1
2024,臺中市,清水區,機車竊盜,12
2024,臺中市,清水區,毒品,38
2024,臺中市,清水區,汽車竊盜,3
2024,臺中市,潭子區,住宅竊盜,10
2024,臺中市,潭子區,機車竊盜,4
2024,臺中市,潭子區,毒品,59
2024,臺中市,潭子區,汽車竊盜,1
2024,臺中市,烏日區,住宅竊盜,4
2024,臺中市,烏日區,機車竊盜,2
2024,臺中市,烏日區,毒品,44
2024,臺中市,烏日區,汽車竊盜,3
2024,臺中市,石岡區,住宅竊盜,1
2024,臺中市,石岡區,機車竊盜,3
2024,臺中市,石岡區,毒品,4
2024,臺中市,石岡區,汽車竊盜,5
2024,臺中市,神岡區,機車竊盜,3
2024,臺中市,神岡區,毒品,20
2024,臺中市,西區,住宅竊盜,8
2024,臺中市,西區,機車竊盜,7
2024,臺中市,西區,毒品,58
2024,臺中市,西區,汽車竊盜,2
2024,臺中市,西屯區,住宅竊盜,8
2024,臺中市,西屯區,強盜,1
2024,臺中市,西屯區,搶奪,1
2024,臺中市,西屯區,機車竊盜,26
2024,臺中市,西屯區,毒品,292
2024,臺中市,西屯區,汽車竊盜,1
2024,臺中市,西屯區,組織犯罪防制條例,1
2024,臺中市,豐原區,機車竊盜,9
2024,臺中市,豐原區,毒品,69
2024,臺中市,豐原區,汽車竊盜,5
2024,臺中市,霧峰區,住宅竊盜,3
2024,臺中市,霧峰區,機車竊盜,6
2024,臺中市,霧峰區,毒品,25
2024,臺中市,霧峰區,汽車竊盜,1
2024,臺中市,龍井區,住宅竊盜,12
2024,臺中市,龍井區,搶奪,1
2024,臺中市,龍井區,機車竊盜,4
2024,臺中市,龍井區,毒品,50
2024,臺中市,龍井區,汽車竊盜,1
2024,臺北市,中山區,住宅竊盜,23
2024,臺北市,中山區,強制性交,1
2024,臺北市,中山區,強盜,1
2024,臺北市,中山區,搶奪,3
2024,臺北市,中山區,機車竊盜,12
2024,臺北市,中山區,毒品,299
2024,臺北市,中山區,汽車竊盜,2
2024,臺北市,中正區,住宅竊盜,12
2024,臺北市,中正區,強盜,1
2024,臺北市,中正區,搶奪,3
2024,臺北市,中正區,機車竊盜,3
2024,臺北市,中正區,毒品,110
2024,臺北市,中正區,汽車竊盜,1
2024,臺北市,信義區,住宅竊盜,6
2024,臺北市,信義區,強制性交,1
2024,臺北市,信義區,機車竊盜,5
2024,臺北市,信義區,毒品,161
2024,臺北市,信義區,汽車竊盜,2
2024,臺北市,內湖區,住宅竊盜,7
2024,臺北市,內湖區,強制性交,1
2024,臺北市,內湖區,強盜,1
2024,臺北市,內湖區,機車竊盜,1
2024,臺北市,內湖區,毒品,166
2024,臺北市,北投區,住宅竊盜,11
2024,臺北市,北投區,強制性交,4
2024,臺北市,北投區,強盜,1
2024,臺北市,北投區,搶奪,1
2024,臺北市,北投區,機車竊盜,6
2024,臺北市,北投區,毒品,144
2024,臺北市,北投區,汽車竊盜,4
2024,臺北市,南港區,住宅竊盜,7
2024,臺北市,南港區,強制性交,3
2024,臺北市,南港區,機車竊盜,3
2024,臺北市,南港區,毒品,126
2024,臺北市,南港區,汽車竊盜,2
2024,臺北市,士林區,住宅竊盜,20
2024,臺北市,士林區,強制性交,1
2024,臺北市,士林區,強盜,1
2024,臺北市,士林區,搶奪,2
2024,臺北市,士林區,機車竊盜,12
2024,臺北市,士林區,毒品,105
2024,臺北市,士林區,汽車竊盜,2
2024,臺北市,大同區,住宅竊盜,5
2024,臺北市,大同區,強制性交,2
2024,臺北市,大同區,強盜,2
2024,臺北市,大同區,搶奪,2
2024,臺北市,大同區,機車竊盜,8
2024,臺北市,大同區,毒品,202
2024,臺北市,大同區,汽車竊盜,1
2024,臺北市,大安區,住宅竊盜,17
2024,臺北市,大安區,強制性交,1
2024,臺北市,大安區,機車竊盜,5
2024,臺北市,大安區,毒品,397
2024,臺北市,文山區,住宅竊盜,9
2024,臺北市,文山區,強盜,2
2024,臺北市,文山區,機車竊盜,10
2024,臺北市,文山區,毒品,157
2024,臺北市,文山區,汽車竊盜,1
2024,臺北市,松山區,住宅竊盜,9
2024,臺北市,松山區,搶奪,1
2024,臺北市,松山區,機車竊盜,2
2024,臺北市,松山區,毒品,60
2024,臺北市,松山區,汽車竊盜,1
2024,臺北市,萬華區,住宅竊盜,19
2024,臺北市,萬華區,搶奪,1
2024,臺北市,萬華區,機車竊盜,13
2024,臺北市,萬華區,毒品,697
2024,臺北市,萬華區,汽車竊盜,3
2024,臺南市,七股區,住宅竊盜,2
2024,臺南市,七股區,強盜,1
2024,臺南市,七股區,毒品,6
2024,臺南市,下營區,毒品,1
2024,臺南市,中西區,住宅竊盜,6
2024,臺南市,中西區,搶奪,1
2024,臺南市,中西區,機車竊盜,11
2024,臺南市,中西區,毒品,141
2024,臺南市,中西區,汽車竊盜,3
2024,臺南市,仁德區,住宅竊盜,3
2024,臺南市,仁德區,強制性交,2
2024,臺南市,仁德區,機車竊盜,5
2024,臺南市,仁德區,毒品,58
2024,臺南市,仁德區,汽車竊盜,2
2024,臺南市,佳里區,住宅竊盜,13
2024,臺南市,佳里區,機車竊盜,3
2024,臺南市,佳里區,毒品,23
2024,臺南市,佳里區,汽車竊盜,2
2024,臺南市,六甲區,住宅竊盜,1
2024,臺南市,六甲區,機車竊盜,1
2024,臺南市,六甲區,毒品,4
2024,臺南市,六甲區,汽車竊盜,1
2024,臺南市,北區,住宅竊盜,14
2024,臺南市,北區,強盜,1
2024,臺南市,北區,搶奪,3
2024,臺南市,北區,機車竊盜,12
2024,臺南市,北區,毒品,130
2024,臺南市,北區,汽車竊盜,3
2024,臺南市,北門區,住宅竊盜,5
2024,臺南市,北門區,毒品,7
2024,臺南市,南化區,住宅竊盜,2
2024,臺南市,南化區,毒品,4
2024,臺南市,南區,住宅竊盜,5
2024,臺南市,南區,強制性交,1
2024,臺南市,南區,搶奪,1
2024,臺南市,南區,機車竊盜,3
2024,臺南市,南區,毒品,71
2024,臺南市,南區,汽車竊盜,2
2024,臺南市,善化區,住宅竊盜,2
2024,臺南市,善化區,強制性交,1
2024,臺南市,善化區,強盜,2
2024,臺南市,善化區,機車竊盜,1
2024,臺南市,善化區,毒品,26
2024,臺南市,善化區,汽車竊盜,2
2024,臺南市,大內區,毒品,2
2024,臺南市,學甲區,住宅竊盜,19
2024,臺南市,學甲區,機車竊盜,1
2024,臺南市,學甲區,毒品,24
2024,臺南市,安南區,住宅竊盜,5
2024,臺南市,安南區,強制性交,1
2024,臺南市,安南區,機車竊盜,21
2024,臺南市,安南區,毒品,115
2024,臺南市,安南區,汽車竊盜,2
2024,臺南市,安定區,機車竊盜,3
2024,臺南市,安定區,毒品,23
2024,臺南市,安定區,汽車竊盜,1
2024,臺南市,安平區,住宅竊盜,2
2024,臺南市,安平區,機車竊盜,1
2024,臺南市,安平區,毒品,43
2024,臺南市,官田區,住宅竊盜,3
2024,臺南市,官田區,機車竊盜,1
2024,臺南市,官田區,毒品,4
2024,臺南市,官田區,汽車竊盜,1
2024,臺南市,將軍區,住宅竊盜,3
2024,臺南市,將軍區,機車竊盜,1
2024,臺南市,將軍區,毒品,4
2024,臺南市,將軍區,汽車竊盜,2
2024,臺南市,山上區,住宅竊盜,2
2024,臺南市,山上區,毒品,1
2024,臺南市,左鎮區,毒品,1
2024,臺南市,後壁區,住宅竊盜,4
2024,臺南市,後壁區,強盜,1
2024,臺南市,後壁區,機車竊盜,2
2024,臺南市,後壁區,毒品,4
2024,臺南市,後壁區,汽車竊盜,1
2024,臺南市,新化區,住宅竊盜,2
2024,臺南市,新化區,毒品,7
2024,臺南市,新市區,強制性交,1
2024,臺南市,新市區,機車竊盜,1
2024,臺南市,新市區,毒品,18
2024,臺南市,新市區,汽車竊盜,1
2024,臺南市,新營區,住宅竊盜,3
2024,臺南市,新營區,強制性交,1
2024,臺南市,新營區,搶奪,1
2024,臺南市,新營區,機車竊盜,8
2024,臺南市,新營區,毒品,39
2024,臺南市,新營區,汽車竊盜,3
2024,臺南市,東區,強盜,2
2024,臺南市,東區,搶奪,1
2024,臺南市,東區,機車竊盜,5
2024,臺南市,東區,毒品,80
2024,臺南市,東區,汽車竊盜,1
2024,臺南市,東山區,住宅竊盜,5
2024,臺南市,東山區,強盜,1
2024,臺南市,東山區,毒品,10
2024,臺南市,柳營區,住宅竊盜,3
2024,臺南市,柳營區,機車竊盜,1
2024,臺南市,柳營區,毒品,7
2024,臺南市,楠西區,住宅竊盜,1
2024,臺南市,楠西區,毒品,5
2024,臺南市,歸仁區,住宅竊盜,5
2024,臺南市,歸仁區,毒品,27
2024,臺南市,歸仁區,汽車竊盜,1
2024,臺南市,永康區,強制性交,4
2024,臺南市,永康區,強盜,1
2024,臺南市,永康區,搶奪,1
2024,臺南市,永康區,機車竊盜,18
2024,臺南市,永康區,毒品,267
2024,臺南市,永康區,汽車竊盜,8
2024,臺南市,玉井區,住宅竊盜,3
2024,臺南市,玉井區,強制性交,1
2024,臺南市,玉井區,機車竊盜,2
2024,臺南市,玉井區,毒品,8
2024,臺南市,白河區,住宅竊盜,2
2024,臺南市,白河區,毒品,13
2024,臺南市,西港區,住宅竊盜,1
2024,臺南市,西港區,強制性交,1
2024,臺南市,西港區,毒品,9
2024,臺南市,關廟區,住宅竊盜,2
2024,臺南市,關廟區,強盜,1
2024,臺南市,關廟區,毒品,9
2024,臺南市,關廟區,組織犯罪防制條例,1
2024,臺南市,鹽水區,住宅竊盜,1
2024,臺南市,鹽水區,機車竊盜,2
2024,臺南市,鹽水區,毒品,16
2024,臺南市,麻豆區,住宅竊盜,3
2024,臺南市,麻豆區,毒品,10
2024,臺南市,麻豆區,汽車竊盜,1
2024,臺東縣,卑南鄉,強制性交,1
2024,臺東縣,卑南鄉,機車竊盜,1
2024,臺東縣,卑南鄉,毒品,8
2024,臺東縣,卑南鄉,汽車竊盜,1
2024,臺東縣,大武鄉,毒品,1
2024,臺東縣,太麻里鄉,強制性交,2
2024,臺東縣,太麻里鄉,毒品,2
2024,臺東縣,延平鄉,毒品,1
2024,臺東縣,成功鎮,住宅竊盜,1
2024,臺東縣,成功鎮,毒品,1
2024,臺東縣,池上鄉,住宅竊盜,2
2024,臺東縣,池上鄉,毒品,4
2024,臺東縣,海端鄉,住宅竊盜,1
2024,臺東縣,海端鄉,汽車竊盜,1
2024,臺東縣,綠島鄉,機車竊盜,1
2024,臺東縣,臺東市,住宅竊盜,5
2024,臺東縣,臺東市,強制性交,1
2024,臺東縣,臺東市,機車竊盜,14
2024,臺東縣,臺東市,毒品,57
2024,臺東縣,臺東市,汽車竊盜,1
2024,臺東縣,長濱鄉,住宅竊盜,2
2024,臺東縣,長濱鄉,毒品,1
2024,臺東縣,關山鎮,住宅竊盜,2
2024,臺東縣,關山鎮,毒品,5
2024,臺東縣,關山鎮,汽車竊盜,2
2024,臺東縣,鹿野鄉,住宅竊盜,3
2024,臺東縣,鹿野鄉,機車竊盜,3
2024,臺東縣,鹿野鄉,毒品,11
2024,花蓮縣,光復鄉,機車竊盜,1
2024,花蓮縣,光復鄉,毒品,4
2024,花蓮縣,光復鄉,汽車竊盜,1
2024,花蓮縣,卓溪鄉,毒品,1
2024,花蓮縣,吉安鄉,住宅竊盜,1
2024,花蓮縣,吉安鄉,搶奪,2
2024,花蓮縣,吉安鄉,機車竊盜,10
2024,花蓮縣,吉安鄉,毒品,102
2024,花蓮縣,吉安鄉,汽車竊盜,2
2024,花蓮縣,壽豐鄉,機車竊盜,2
2024,花蓮縣,壽豐鄉,毒品,5
2024,花蓮縣,壽豐鄉,汽車竊盜,1
2024,花蓮縣,富里鄉,住宅竊盜,1
2024,花蓮縣,富里鄉,機車竊盜,1
2024,花蓮縣,富里鄉,毒品,6
2024,花蓮縣,新城鄉,機車竊盜,3
2024,花蓮縣,新城鄉,毒品,12
2024,花蓮縣,玉里鎮,住宅竊盜,3
2024,花蓮縣,玉里鎮,機車竊盜,2
2024,花蓮縣,玉里鎮,毒品,17
2024,花蓮縣,瑞穗鄉,機車竊盜,3
2024,花蓮縣,瑞穗鄉,毒品,2
2024,花蓮縣,秀林鄉,強盜,1
2024,花蓮縣,秀林鄉,機車竊盜,3
2024,花蓮縣,秀林鄉,毒品,7
2024,花蓮縣,花蓮市,住宅竊盜,2
2024,花蓮縣,花蓮市,強盜,1
2024,花蓮縣,花蓮市,搶奪,1
2024,花蓮縣,花蓮市,機車竊盜,28
2024,花蓮縣,花蓮市,毒品,96
2024,花蓮縣,花蓮市,汽車竊盜,1
2024,花蓮縣,花蓮市,組織犯罪防制條例,1
2024,花蓮縣,萬榮鄉,機車竊盜,1
2024,花蓮縣,萬榮鄉,毒品,3
2024,花蓮縣,豐濱鄉,機車竊盜,1
2024,花蓮縣,鳳林鎮,機車竊盜,1
2024,花蓮縣,鳳林鎮,毒品,7
2024,苗栗縣,三灣鄉,住宅竊盜,2
2024,苗栗縣,三灣鄉,機車竊盜,1
2024,苗栗縣,三灣鄉,毒品,7
2024,苗栗縣,三義鄉,住宅竊盜,2
2024,苗栗縣,三義鄉,毒品,11
2024,苗栗縣,三義鄉,汽車竊盜,3
2024,苗栗縣,公館鄉,住宅竊盜,3
2024,苗栗縣,公館鄉,搶奪,1
2024,苗栗縣,公館鄉,機車竊盜,3
2024,苗栗縣,公館鄉,毒品,17
2024,苗栗縣,公館鄉,汽車竊盜,5
2024,苗栗縣,卓蘭鎮,住宅竊盜,3
2024,苗栗縣,卓蘭鎮,機車竊盜,1
2024,苗栗縣,卓蘭鎮,毒品,5
2024,苗栗縣,卓蘭鎮,汽車竊盜,3
2024,苗栗縣,南庄鄉,住宅竊盜,1
2024,苗栗縣,南庄鄉,毒品,21
2024,苗栗縣,大湖鄉,住宅竊盜,6
2024,苗栗縣,大湖鄉,機車竊盜,3
2024,苗栗縣,大湖鄉,毒品,18
2024,苗栗縣,大湖鄉,汽車竊盜,1
2024,苗栗縣,後龍鎮,住宅竊盜,1
2024,苗栗縣,後龍鎮,機車竊盜,1
2024,苗栗縣,後龍鎮,毒品,33
2024,苗栗縣,後龍鎮,汽車竊盜,2
2024,苗栗縣,泰安鄉,住宅竊盜,1
2024,苗栗縣,泰安鄉,機車竊盜,3
2024,苗栗縣,泰安鄉,毒品,2
2024,苗栗縣,獅潭鄉,住宅竊盜,2
2024,苗栗縣,獅潭鄉,機車竊盜,1
2024,苗栗縣,獅潭鄉,毒品,5
2024,苗栗縣,竹南鎮,住宅竊盜,14
2024,苗栗縣,竹南鎮,強制性交,2
2024,苗栗縣,竹南鎮,強盜,1
2024,苗栗縣,竹南鎮,機車竊盜,6
2024,苗栗縣,竹南鎮,毒品,68
2024,苗栗縣,竹南鎮,汽車竊盜,10
2024,苗栗縣,苑裡鎮,住宅竊盜,9
2024,苗栗縣,苑裡鎮,機車竊盜,2
2024,苗栗縣,苑裡鎮,毒品,49
2024,苗栗縣,苑裡鎮,汽車竊盜,4
2024,苗栗縣,苗栗市,住宅竊盜,4
2024,苗栗縣,苗栗市,強制性交,3
2024,苗栗縣,苗栗市,搶奪,1
2024,苗栗縣,苗栗市,機車竊盜,12
2024,苗栗縣,苗栗市,毒品,60
2024,苗栗縣,苗栗市,汽車竊盜,2
2024,苗栗縣,西湖鄉,住宅竊盜,2
2024,苗栗縣,西湖鄉,毒品,4
2024,苗栗縣,通霄鎮,住宅竊盜,8
2024,苗栗縣,通霄鎮,強盜,1
2024,苗栗縣,通霄鎮,毒品,37
2024,苗栗縣,通霄鎮,汽車竊盜,1
2024,苗栗縣,造橋鄉,住宅竊盜,4
2024,苗栗縣,造橋鄉,機車竊盜,1
2024,苗栗縣,造橋鄉,毒品,10
2024,苗栗縣,造橋鄉,汽車竊盜,1
2024,苗栗縣,銅鑼鄉,住宅竊盜,4
2024,苗栗縣,銅鑼鄉,強制性交,1
2024,苗栗縣,銅鑼鄉,強盜,1
2024,苗栗縣,銅鑼鄉,機車竊盜,1
2024,苗栗縣,銅鑼鄉,毒品,10
2024,苗栗縣,銅鑼鄉,汽車竊盜,1
2024,苗栗縣,頭份市,住宅竊盜,11
2024,苗栗縣,頭份市,機車竊盜,9
2024,苗栗縣,頭份市,毒品,137
2024,苗栗縣,頭份市,汽車竊盜,3
2024,苗栗縣,頭屋鄉,住宅竊盜,1
2024,苗栗縣,頭屋鄉,毒品,4
2024,苗栗縣,頭屋鄉,汽車竊盜,2
2024,連江縣,北竿鄉,強制性交,1
2024,連江縣,北竿鄉,機車竊盜,1
2024,連江縣,南竿鄉,住宅竊盜,4
2024,連江縣,南竿鄉,強制性交,1
2024,連江縣,南竿鄉,毒品,1
2024,連江縣,莒光鄉,住宅竊盜,1
2024,金門縣,烈嶼鄉,毒品,1
2024,金門縣,金城鎮,住宅竊盜,12
2024,金門縣,金城鎮,機車竊盜,1
2024,金門縣,金城鎮,毒品,25
2024,金門縣,金城鎮,汽車竊盜,1
2024,金門縣,金寧鄉,住宅竊盜,6
2024,金門縣,金寧鄉,機車竊盜,1
2024,金門縣,金寧鄉,毒品,6
2024,金門縣,金寧鄉,汽車竊盜,1
2024,金門縣,金沙鎮,住宅竊盜,2
2024,金門縣,金沙鎮,毒品,2
2024,金門縣,金湖鎮,住宅竊盜,2
2024,金門縣,金湖鎮,強盜,1
2024,金門縣,金湖鎮,毒品,10
2024,金門縣,金湖鎮,汽車竊盜,1
2024,雲林縣,二崙鄉,住宅竊盜,5
2024,雲林縣,二崙鄉,強制性交,1
2024,雲林縣,二崙鄉,機車竊盜,1
2024,雲林縣,二崙鄉,毒品,9
2024,雲林縣,元長鄉,住宅竊盜,2
2024,雲林縣,元長鄉,強盜,1
2024,雲林縣,元長鄉,機車竊盜,1
2024,雲林縣,元長鄉,毒品,15
2024,雲林縣,元長鄉,汽車竊盜,1
2024,雲林縣,北港鎮,住宅竊盜,3
2024,雲林縣,北港鎮,毒品,33
2024,雲林縣,口湖鄉,機車竊盜,3
2024,雲林縣,口湖鄉,毒品,19
2024,雲林縣,古坑鄉,住宅竊盜,6
2024,雲林縣,古坑鄉,毒品,35
2024,雲林縣,四湖鄉,住宅竊盜,3
2024,雲林縣,四湖鄉,機車竊盜,2
2024,雲林縣,四湖鄉,毒品,14
2024,雲林縣,土庫鎮,住宅竊盜,1
2024,雲林縣,土庫鎮,機車竊盜,3
2024,雲林縣,土庫鎮,毒品,13
2024,雲林縣,大埤鄉,毒品,20
2024,雲林縣,大埤鄉,汽車竊盜,2
2024,雲林縣,崙背鄉,住宅竊盜,1
2024,雲林縣,崙背鄉,機車竊盜,2
2024,雲林縣,崙背鄉,毒品,20
2024,雲林縣,斗六市,住宅竊盜,88
2024,雲林縣,斗六市,強制性交,1
2024,雲林縣,斗六市,強盜,1
2024,雲林縣,斗六市,搶奪,1
2024,雲林縣,斗六市,機車竊盜,9
2024,雲林縣,斗六市,毒品,75
2024,雲林縣,斗六市,汽車竊盜,3
2024,雲林縣,斗南鎮,住宅竊盜,4
2024,雲林縣,斗南鎮,機車竊盜,5
2024,雲林縣,斗南鎮,毒品,43
2024,雲林縣,斗南鎮,汽車竊盜,3
2024,雲林縣,東勢鄉,住宅竊盜,2
2024,雲林縣,東勢鄉,機車竊盜,1
2024,雲林縣,東勢鄉,毒品,14
2024,雲林縣,林內鄉,住宅竊盜,12
2024,雲林縣,林內鄉,強盜,1
2024,雲林縣,林內鄉,機車竊盜,4
2024,雲林縣,林內鄉,毒品,4
2024,雲林縣,林內鄉,汽車竊盜,1
2024,雲林縣,水林鄉,住宅竊盜,2
2024,雲林縣,水林鄉,機車竊盜,1
2024,雲林縣,水林鄉,毒品,6
2024,雲林縣,水林鄉,汽車竊盜,1
2024,雲林縣,臺西鄉,住宅竊盜,2
2024,雲林縣,臺西鄉,毒品,18
2024,雲林縣,臺西鄉,汽車竊盜,1
2024,雲林縣,莿桐鄉,住宅竊盜,13
2024,雲林縣,莿桐鄉,強制性交,1
2024,雲林縣,莿桐鄉,機車竊盜,3
2024,雲林縣,莿桐鄉,毒品,32
2024,雲林縣,莿桐鄉,汽車竊盜,2
2024,雲林縣,虎尾鎮,住宅竊盜,5
2024,雲林縣,虎尾鎮,機車竊盜,33
2024,雲林縣,虎尾鎮,毒品,61
2024,雲林縣,虎尾鎮,汽車竊盜,3
2024,雲林縣,褒忠鄉,毒品,4
2024,雲林縣,西螺鎮,住宅竊盜,9
2024,雲林縣,西螺鎮,強盜,1
2024,雲林縣,西螺鎮,機車竊盜,11
2024,雲林縣,西螺鎮,毒品,26
2024,雲林縣,西螺鎮,汽車竊盜,1
2024,雲林縣,麥寮鄉,住宅竊盜,5
2024,雲林縣,麥寮鄉,機車竊盜,2
2024,雲林縣,麥寮鄉,毒品,30
2024,雲林縣,麥寮鄉,汽車竊盜,1
2024,高雄市,三民區,住宅竊盜,2
2024,高雄市,三民區,機車竊盜,18
2024,高雄市,三民區,毒品,232
2024,高雄市,三民區,汽車竊盜,3
2024,高雄市,仁武區,強制性交,2
2024,高雄市,仁武區,搶奪,1
2024,高雄市,仁武區,機車竊盜,7
2024,高雄市,仁武區,毒品,82
2024,高雄市,仁武區,汽車竊盜,2
2024,高雄市,內門區,毒品,1
2024,高雄市,內門區,汽車竊盜,1
2024,高雄市,六龜區,強制性交,1
2024,高雄市,六龜區,毒品,17
2024,高雄市,六龜區,汽車竊盜,1
2024,高雄市,前金區,住宅竊盜,1
2024,高雄市,前金區,強盜,2
2024,高雄市,前金區,機車竊盜,10
2024,高雄市,前金區,毒品,51
2024,高雄市,前金區,汽車竊盜,1
2024,高雄市,前鎮區,強制性交,2
2024,高雄市,前鎮區,搶奪,1
2024,高雄市,前鎮區,機車竊盜,13
2024,高雄市,前鎮區,毒品,66
2024,高雄市,前鎮區,汽車竊盜,1
2024,高雄市,大寮區,住宅竊盜,2
2024,高雄市,大寮區,機車竊盜,21
2024,高雄市,大寮區,毒品,149
2024,高雄市,大寮區,汽車竊盜,3
2024,高雄市,大樹區,住宅竊盜,1
2024,高雄市,大樹區,機車竊盜,3
2024,高雄市,大樹區,毒品,40
2024,高雄市,大社區,強制性交,1
2024,高雄市,大社區,機車竊盜,2
2024,高雄市,大社區,毒品,37
2024,高雄市,大社區,汽車竊盜,2
2024,高雄市,小港區,機車竊盜,2
2024,高雄市,小港區,毒品,62
2024,高雄市,岡山區,住宅竊盜,2
2024,高雄市,岡山區,強制性交,2
2024,高雄市,岡山區,機車竊盜,9
2024,高雄市,岡山區,毒品,57
2024,高雄市,岡山區,汽車竊盜,2
2024,高雄市,左營區,強制性交,2
2024,高雄市,左營區,搶奪,1
2024,高雄市,左營區,機車竊盜,12
2024,高雄市,左營區,毒品,103
2024,高雄市,左營區,汽車竊盜,4
2024,高雄市,彌陀區,毒品,8
2024,高雄市,新興區,強盜,1
2024,高雄市,新興區,機車竊盜,7
2024,高雄市,新興區,毒品,62
2024,高雄市,新興區,汽車竊盜,1
2024,高雄市,旗山區,住宅竊盜,1
2024,高雄市,旗山區,機車竊盜,5
2024,高雄市,旗山區,毒品,17
2024,高雄市,旗山區,汽車竊盜,2
2024,高雄市,旗津區,住宅竊盜,2
2024,高雄市,旗津區,機車竊盜,2
2024,高雄市,旗津區,毒品,23
2024,高雄市,杉林區,機車竊盜,3
2024,高雄市,杉林區,毒品,16
2024,高雄市,林園區,機車竊盜,7
2024,高雄市,林園區,毒品,53
2024,高雄市,林園區,汽車竊盜,1
2024,高雄市,桃源區,強制性交,1
2024,高雄市,梓官區,機車竊盜,1
2024,高雄市,梓官區,毒品,19
2024,高雄市,楠梓區,住宅竊盜,2
2024,高雄市,楠梓區,強制性交,2
2024,高雄市,楠梓區,強盜,2
2024,高雄市,楠梓區,搶奪,2
2024,高雄市,楠梓區,機車竊盜,15
2024,高雄市,楠梓區,毒品,86
2024,高雄市,楠梓區,汽車竊盜,1
2024,高雄市,橋頭區,住宅竊盜,1
2024,高雄市,橋頭區,機車竊盜,5
2024,高雄市,橋頭區,毒品,31
2024,高雄市,永安區,毒品,9
2024,高雄市,湖內區,機車竊盜,1
2024,高雄市,湖內區,毒品,8
2024,高雄市,燕巢區,機車竊盜,5
2024,高雄市,燕巢區,毒品,23
2024,高雄市,田寮區,毒品,1
2024,高雄市,甲仙區,機車竊盜,2
2024,高雄市,美濃區,機車竊盜,4
2024,高雄市,美濃區,毒品,10
2024,高雄市,美濃區,汽車竊盜,1
2024,高雄市,苓雅區,住宅竊盜,1
2024,高雄市,苓雅區,強制性交,1
2024,高雄市,苓雅區,搶奪,1
2024,高雄市,苓雅區,機車竊盜,15
2024,高雄市,苓雅區,毒品,158
2024,高雄市,茄萣區,機車竊盜,1
2024,高雄市,茄萣區,毒品,30
2024,高雄市,路竹區,住宅竊盜,3
2024,高雄市,路竹區,毒品,39
2024,高雄市,路竹區,汽車竊盜,1
2024,高雄市,阿蓮區,毒品,20
2024,高雄市,鳥松區,住宅竊盜,1
2024,高雄市,鳥松區,機車竊盜,2
2024,高雄市,鳥松區,毒品,50
2024,高雄市,鳥松區,汽車竊盜,2
2024,高雄市,鳳山區,住宅竊盜,7
2024,高雄市,鳳山區,強制性交,3
2024,高雄市,鳳山區,搶奪,1
2024,高雄市,鳳山區,機車竊盜,17
2024,高雄市,鳳山區,毒品,190
2024,高雄市,鹽埕區,住宅竊盜,1
2024,高雄市,鹽埕區,毒品,5
2024,高雄市,鼓山區,住宅竊盜,14
2024,高雄市,鼓山區,強制性交,1
2024,高雄市,鼓山區,強盜,2
2024,高雄市,鼓山區,搶奪,1
2024,高雄市,鼓山區,機車竊盜,6
2024,高雄市,鼓山區,毒品,42
2024,高雄市,鼓山區,汽車竊盜,4
2024,高雄市,鼓山區,組織犯罪防制條例,1
2025,南投縣,中寮鄉,住宅竊盜,3
2025,南投縣,中寮鄉,強盜,1
2025,南投縣,中寮鄉,毒品,7
2025,南投縣,仁愛鄉,住宅竊盜,4
2025,南投縣,仁愛鄉,強制性交,4
2025,南投縣,仁愛鄉,機車竊盜,4
2025,南投縣,仁愛鄉,毒品,3
2025,南投縣,信義鄉,住宅竊盜,4
2025,南投縣,信義鄉,強制性交,2
2025,南投縣,信義鄉,機車竊盜,3
2025,南投縣,信義鄉,汽車竊盜,1
2025,南投縣,南投市,住宅竊盜,33
2025,南投縣,南投市,強制性交,2
2025,南投縣,南投市,強盜,1
2025,南投縣,南投市,搶奪,1
2025,南投縣,南投市,機車竊盜,19
2025,南投縣,南投市,毒品,78
2025,南投縣,南投市,汽車竊盜,7
2025,南投縣,名間鄉,住宅竊盜,1
2025,南投縣,名間鄉,強制性交,1
2025,南投縣,名間鄉,強盜,1
2025,南投縣,名間鄉,機車竊盜,13
2025,南投縣,名間鄉,毒品,15
2025,南投縣,名間鄉,汽車竊盜,5
2025,南投縣,國姓鄉,住宅竊盜,3
2025,南投縣,國姓鄉,機車竊盜,1
2025,南投縣,國姓鄉,毒品,15
2025,南投縣,埔里鎮,住宅竊盜,19
2025,南投縣,埔里鎮,強制性交,1
2025,南投縣,埔里鎮,機車竊盜,32
2025,南投縣,埔里鎮,毒品,119
2025,南投縣,埔里鎮,汽車竊盜,4
2025,南投縣,水里鄉,住宅竊盜,13
2025,南投縣,水里鄉,強制性交,1
2025,南投縣,水里鄉,機車竊盜,7
2025,南投縣,水里鄉,毒品,23
2025,南投縣,水里鄉,汽車竊盜,2
2025,南投縣,竹山鎮,住宅竊盜,12
2025,南投縣,竹山鎮,強制性交,1
2025,南投縣,竹山鎮,強盜,1
2025,南投縣,竹山鎮,機車竊盜,23
2025,南投縣,竹山鎮,毒品,55
2025,南投縣,竹山鎮,汽車竊盜,6
2025,南投縣,草屯鎮,住宅竊盜,28
2025,南投縣,草屯鎮,強盜,2
2025,南投縣,草屯鎮,搶奪,1
2025,南投縣,草屯鎮,機車竊盜,25
2025,南投縣,草屯鎮,毒品,111
2025,南投縣,草屯鎮,汽車竊盜,3
2025,南投縣,集集鎮,住宅竊盜,8
2025,南投縣,集集鎮,機車竊盜,2
2025,南投縣,集集鎮,毒品,10
2025,南投縣,集集鎮,汽車竊盜,1
2025,南投縣,魚池鄉,住宅竊盜,4
2025,南投縣,魚池鄉,強盜,1
2025,南投縣,魚池鄉,搶奪,1
2025,南投縣,魚池鄉,機車竊盜,3
2025,南投縣,魚池鄉,毒品,8
2025,南投縣,魚池鄉,汽車竊盜,4
2025,南投縣,鹿谷鄉,住宅竊盜,7
2025,南投縣,鹿谷鄉,毒品,9
2025,南投縣,鹿谷鄉,汽車竊盜,3
2025,嘉義市,東區,住宅竊盜,1
2025,嘉義市,東區,強制性交,1
2025,嘉義市,東區,機車竊盜,6
2025,嘉義市,東區,毒品,128
2025,嘉義市,東區,汽車竊盜,4
2025,嘉義市,西區,住宅竊盜,4
2025,嘉義市,西區,強制性交,2
2025,嘉義市,西區,強盜,3
2025,嘉義市,西區,搶奪,1
2025,嘉義市,西區,機車竊盜,29
2025,嘉義市,西區,毒品,468
2025,嘉義市,西區,汽車竊盜,9
2025,嘉義縣,中埔鄉,住宅竊盜,7
2025,嘉義縣,中埔鄉,機車竊盜,8
2025,嘉義縣,中埔鄉,毒品,67
2025,嘉義縣,六腳鄉,搶奪,1
2025,嘉義縣,六腳鄉,毒品,22
2025,嘉義縣,大埔鄉,汽車竊盜,1
2025,嘉義縣,大林鎮,住宅竊盜,1
2025,嘉義縣,大林鎮,強盜,1
2025,嘉義縣,大林鎮,機車竊盜,5
2025,嘉義縣,大林鎮,毒品,45
2025,嘉義縣,大林鎮,汽車竊盜,3
2025,嘉義縣,大林鎮,組織犯罪防制條例,1
2025,嘉義縣,太保市,住宅竊盜,6
2025,嘉義縣,太保市,強盜,1
2025,嘉義縣,太保市,機車竊盜,12
2025,嘉義縣,太保市,毒品,43
2025,嘉義縣,太保市,汽車竊盜,5
2025,嘉義縣,布袋鎮,住宅竊盜,3
2025,嘉義縣,布袋鎮,機車竊盜,1
2025,嘉義縣,布袋鎮,毒品,24
2025,嘉義縣,布袋鎮,汽車竊盜,1
2025,嘉義縣,新港鄉,住宅竊盜,1
2025,嘉義縣,新港鄉,強盜,1
2025,嘉義縣,新港鄉,搶奪,1
2025,嘉義縣,新港鄉,毒品,17
2025,嘉義縣,新港鄉,汽車竊盜,1
2025,嘉義縣,朴子市,住宅竊盜,3
2025,嘉義縣,朴子市,機車竊盜,4
2025,嘉義縣,朴子市,毒品,36
2025,嘉義縣,朴子市,汽車竊盜,3
2025,嘉義縣,東石鄉,機車竊盜,1
2025,嘉義縣,東石鄉,毒品,19
2025,嘉義縣,梅山鄉,毒品,19
2025,嘉義縣,梅山鄉,汽車竊盜,1
2025,嘉義縣,民雄鄉,住宅竊盜,5
2025,嘉義縣,民雄鄉,機車竊盜,12
2025,嘉義縣,民雄鄉,毒品,89
2025,嘉義縣,民雄鄉,汽車竊盜,3
2025,嘉義縣,水上鄉,住宅竊盜,5
2025,嘉義縣,水上鄉,機車竊盜,2
2025,嘉義縣,水上鄉,毒品,52
2025,嘉義縣,水上鄉,汽車竊盜,2
2025,嘉義縣,溪口鄉,機車竊盜,1
2025,嘉義縣,溪口鄉,毒品,3
2025,嘉義縣,番路鄉,住宅竊盜,2
2025,嘉義縣,番路鄉,毒品,8
2025,嘉義縣,竹崎鄉,住宅竊盜,1
2025,嘉義縣,竹崎鄉,機車竊盜,2
2025,嘉義縣,竹崎鄉,毒品,51
2025,嘉義縣,竹崎鄉,汽車竊盜,1
2025,嘉義縣,義竹鄉,強盜,1
2025,嘉義縣,義竹鄉,機車竊盜,2
2025,嘉義縣,義竹鄉,毒品,7
2025,嘉義縣,阿里山鄉,汽車竊盜,1
2025,嘉義縣,鹿草鄉,機車竊盜,4
2025,嘉義縣,鹿草鄉,毒品,11
2025,嘉義縣,鹿草鄉,汽車竊盜,1
2025,基隆市,七堵區,住宅竊盜,13
2025,基隆市,七堵區,強制性交,1
2025,基隆市,七堵區,強盜,1
2025,基隆市,七堵區,機車竊盜,9
2025,基隆市,七堵區,毒品,97
2025,基隆市,七堵區,汽車竊盜,3
2025,基隆市,中山區,住宅竊盜,18
2025,基隆市,中山區,機車竊盜,5
2025,基隆市,中山區,毒品,140
2025,基隆市,中山區,汽車竊盜,1
2025,基隆市,中正區,住宅竊盜,9
2025,基隆市,中正區,強制性交,2
2025,基隆市,中正區,機車竊盜,10
2025,基隆市,中正區,毒品,164
2025,基隆市,中正區,汽車竊盜,1
2025,基隆市,仁愛區,住宅竊盜,10
2025,基隆市,仁愛區,強制性交,1
2025,基隆市,仁愛區,強盜,2
2025,基隆市,仁愛區,搶奪,1
2025,基隆市,仁愛區,機車竊盜,14
2025,基隆市,仁愛區,毒品,321
2025,基隆市,仁愛區,汽車竊盜,2
2025,基隆市,信義區,住宅竊盜,11
2025,基隆市,信義區,強制性交,1
2025,基隆市,信義區,搶奪,1
2025,基隆市,信義區,機車竊盜,5
2025,基隆市,信義區,毒品,94
2025,基隆市,安樂區,住宅竊盜,25
2025,基隆市,安樂區,強制性交,2
2025,基隆市,安樂區,機車竊盜,8
2025,基隆市,安樂區,毒品,102
2025,基隆市,安樂區,汽車竊盜,1
2025,基隆市,安樂區,組織犯罪防制條例,1
2025,基隆市,暖暖區,住宅竊盜,11
2025,基隆市,暖暖區,強盜,3
2025,基隆市,暖暖區,機車竊盜,8
2025,基隆市,暖暖區,毒品,60
2025,基隆市,暖暖區,汽車竊盜,2
2025,宜蘭縣,三星鄉,住宅竊盜,13
2025,宜蘭縣,三星鄉,毒品,16
2025,宜蘭縣,三星鄉,汽車竊盜,1
2025,宜蘭縣,五結鄉,住宅竊盜,6
2025,宜蘭縣,五結鄉,強制性交,1
2025,宜蘭縣,五結鄉,機車竊盜,3
2025,宜蘭縣,五結鄉,毒品,30
2025,宜蘭縣,五結鄉,汽車竊盜,5
2025,宜蘭縣,冬山鄉,住宅竊盜,4
2025,宜蘭縣,冬山鄉,機車竊盜,2
2025,宜蘭縣,冬山鄉,毒品,35
2025,宜蘭縣,冬山鄉,汽車竊盜,3
2025,宜蘭縣,南澳鄉,機車竊盜,3
2025,宜蘭縣,南澳鄉,毒品,8
2025,宜蘭縣,南澳鄉,汽車竊盜,2
2025,宜蘭縣,員山鄉,住宅竊盜,1
2025,宜蘭縣,員山鄉,機車竊盜,3
2025,宜蘭縣,員山鄉,毒品,31
2025,宜蘭縣,員山鄉,汽車竊盜,1
2025,宜蘭縣,壯圍鄉,住宅竊盜,8
2025,宜蘭縣,壯圍鄉,機車竊盜,1
2025,宜蘭縣,壯圍鄉,毒品,17
2025,宜蘭縣,壯圍鄉,汽車竊盜,4
2025,宜蘭縣,大同鄉,住宅竊盜,4
2025,宜蘭縣,大同鄉,毒品,8
2025,宜蘭縣,大同鄉,汽車竊盜,2
2025,宜蘭縣,宜蘭市,住宅竊盜,3
2025,宜蘭縣,宜蘭市,強制性交,2
2025,宜蘭縣,宜蘭市,強盜,1
2025,宜蘭縣,宜蘭市,搶奪,2
2025,宜蘭縣,宜蘭市,機車竊盜,14
2025,宜蘭縣,宜蘭市,毒品,108
2025,宜蘭縣,宜蘭市,汽車竊盜,2
2025,宜蘭縣,礁溪鄉,住宅竊盜,23
2025,宜蘭縣,礁溪鄉,機車竊盜,8
2025,宜蘭縣,礁溪鄉,毒品,77
2025,宜蘭縣,礁溪鄉,汽車竊盜,3
2025,宜蘭縣,羅東鎮,住宅竊盜,10
2025,宜蘭縣,羅東鎮,強制性交,1
2025,宜蘭縣,羅東鎮,搶奪,1
2025,宜蘭縣,羅東鎮,機車竊盜,11
2025,宜蘭縣,羅東鎮,毒品,69
2025,宜蘭縣,蘇澳鎮,住宅竊盜,12
2025,宜蘭縣,蘇澳鎮,強制性交,2
2025,宜蘭縣,蘇澳鎮,機車竊盜,5
2025,宜蘭縣,蘇澳鎮,毒品,38
2025,宜蘭縣,蘇澳鎮,汽車竊盜,6
2025,宜蘭縣,蘇澳鎮,組織犯罪防制條例,1
2025,宜蘭縣,頭城鎮,住宅竊盜,7
2025,宜蘭縣,頭城鎮,機車竊盜,4
2025,宜蘭縣,頭城鎮,毒品,27
2025,宜蘭縣,頭城鎮,汽車竊盜,2
2025,屏東縣,三地門鄉,機車竊盜,1
2025,屏東縣,三地門鄉,毒品,3
2025,屏東縣,九如鄉,住宅竊盜,3
2025,屏東縣,九如鄉,機車竊盜,6
2025,屏東縣,九如鄉,毒品,17
2025,屏東縣,佳冬鄉,住宅竊盜,8
2025,屏東縣,佳冬鄉,強制性交,1
2025,屏東縣,佳冬鄉,機車竊盜,1
2025,屏東縣,佳冬鄉,毒品,17
2025,屏東縣,來義鄉,住宅竊盜,2
2025,屏東縣,來義鄉,毒品,1
2025,屏東縣,內埔鄉,住宅竊盜,49
2025,屏東縣,內埔鄉,強盜,2
2025,屏東縣,內埔鄉,機車竊盜,15
2025,屏東縣,內埔鄉,毒品,37
2025,屏東縣,內埔鄉,汽車竊盜,6
2025,屏東縣,南州鄉,住宅竊盜,7
2025,屏東縣,南州鄉,毒品,6
2025,屏東縣,屏東市,住宅竊盜,243
2025,屏東縣,屏東市,強制性交,2
2025,屏東縣,屏東市,強盜,1
2025,屏東縣,屏東市,機車竊盜,46
2025,屏東縣,屏東市,毒品,198
2025,屏東縣,屏東市,汽車竊盜,9
2025,屏東縣,崁頂鄉,住宅竊盜,9
2025,屏東縣,崁頂鄉,毒品,32
2025,屏東縣,恆春鎮,住宅竊盜,50
2025,屏東縣,恆春鎮,機車竊盜,7
2025,屏東縣,恆春鎮,毒品,13
2025,屏東縣,恆春鎮,汽車竊盜,3
2025,屏東縣,新園鄉,住宅竊盜,30
2025,屏東縣,新園鄉,搶奪,1
2025,屏東縣,新園鄉,機車竊盜,7
2025,屏東縣,新園鄉,毒品,17
2025,屏東縣,新園鄉,汽車竊盜,2
2025,屏東縣,新埤鄉,住宅竊盜,5
2025,屏東縣,新埤鄉,機車竊盜,1
2025,屏東縣,新埤鄉,毒品,2
2025,屏東縣,新埤鄉,汽車竊盜,1
2025,屏東縣,春日鄉,住宅竊盜,4
2025,屏東縣,春日鄉,機車竊盜,1
2025,屏東縣,春日鄉,毒品,4
2025,屏東縣,東港鎮,住宅竊盜,50
2025,屏東縣,東港鎮,機車竊盜,12
2025,屏東縣,東港鎮,毒品,61
2025,屏東縣,東港鎮,汽車竊盜,1
2025,屏東縣,枋寮鄉,住宅竊盜,15
2025,屏東縣,枋寮鄉,機車竊盜,5
2025,屏東縣,枋寮鄉,毒品,37
2025,屏東縣,枋寮鄉,汽車竊盜,4
2025,屏東縣,枋山鄉,住宅竊盜,5
2025,屏東縣,枋山鄉,機車竊盜,1
2025,屏東縣,枋山鄉,毒品,4
2025,屏東縣,林邊鄉,住宅竊盜,11
2025,屏東縣,林邊鄉,機車竊盜,3
2025,屏東縣,林邊鄉,毒品,13
2025,屏東縣,林邊鄉,汽車竊盜,1
2025,屏東縣,泰武鄉,住宅竊盜,4
2025,屏東縣,泰武鄉,汽車竊盜,1
2025,屏東縣,滿州鄉,住宅竊盜,8
2025,屏東縣,滿州鄉,強制性交,1
2025,屏東縣,滿州鄉,機車竊盜,1
2025,屏東縣,滿州鄉,毒品,1
2025,屏東縣,潮州鎮,住宅竊盜,33
2025,屏東縣,潮州鎮,強制性交,1
2025,屏東縣,潮州鎮,搶奪,3
2025,屏東縣,潮州鎮,機車竊盜,17
2025,屏東縣,潮州鎮,毒品,72
2025,屏東縣,潮州鎮,汽車竊盜,2
2025,屏東縣,牡丹鄉,住宅竊盜,1
2025,屏東縣,獅子鄉,住宅竊盜,1
2025,屏東縣,獅子鄉,毒品,1
2025,屏東縣,獅子鄉,汽車竊盜,1
2025,屏東縣,琉球鄉,住宅竊盜,4
2025,屏東縣,琉球鄉,強制性交,1
2025,屏東縣,琉球鄉,機車竊盜,7
2025,屏東縣,琉球鄉,毒品,2
2025,屏東縣,瑪家鄉,住宅竊盜,3
2025,屏東縣,瑪家鄉,毒品,5
2025,屏東縣,竹田鄉,住宅竊盜,13
2025,屏東縣,竹田鄉,機車竊盜,5
2025,屏東縣,竹田鄉,毒品,6
2025,屏東縣,竹田鄉,汽車竊盜,1
2025,屏東縣,萬丹鄉,住宅竊盜,33
2025,屏東縣,萬丹鄉,強盜,1
2025,屏東縣,萬丹鄉,機車竊盜,9
2025,屏東縣,萬丹鄉,毒品,27
2025,屏東縣,萬巒鄉,住宅竊盜,16
2025,屏東縣,萬巒鄉,強盜,1
2025,屏東縣,萬巒鄉,機車竊盜,4
2025,屏東縣,萬巒鄉,毒品,11
2025,屏東縣,萬巒鄉,汽車竊盜,3
2025,屏東縣,車城鄉,住宅竊盜,8
2025,屏東縣,車城鄉,機車竊盜,1
2025,屏東縣,車城鄉,毒品,2
2025,屏東縣,車城鄉,汽車竊盜,2
2025,屏東縣,里港鄉,住宅竊盜,5
2025,屏東縣,里港鄉,機車竊盜,5
2025,屏東縣,里港鄉,毒品,6
2025,屏東縣,里港鄉,汽車竊盜,2
2025,屏東縣,長治鄉,住宅竊盜,15
2025,屏東縣,長治鄉,強盜,1
2025,屏東縣,長治鄉,機車竊盜,5
2025,屏東縣,長治鄉,毒品,25
2025,屏東縣,長治鄉,汽車竊盜,6
2025,屏東縣,霧臺鄉,毒品,1
2025,屏東縣,高樹鄉,住宅竊盜,3
2025,屏東縣,高樹鄉,搶奪,2
2025,屏東縣,高樹鄉,機車竊盜,9
2025,屏東縣,高樹鄉,毒品,12
2025,屏東縣,高樹鄉,汽車竊盜,1
2025,屏東縣,鹽埔鄉,住宅竊盜,5
2025,屏東縣,鹽埔鄉,機車竊盜,12
2025,屏東縣,鹽埔鄉,毒品,19
2025,屏東縣,鹽埔鄉,汽車竊盜,1
2025,屏東縣,麟洛鄉,住宅竊盜,14
2025,屏東縣,麟洛鄉,機車竊盜,2
2025,屏東縣,麟洛鄉,毒品,8
2025,屏東縣,麟洛鄉,汽車竊盜,1
2025,彰化縣,二林鎮,強制性交,1
2025,彰化縣,二林鎮,機車竊盜,3
2025,彰化縣,二林鎮,毒品,62
2025,彰化縣,二林鎮,汽車竊盜,2
2025,彰化縣,二水鄉,住宅竊盜,1
2025,彰化縣,二水鄉,機車竊盜,8
2025,彰化縣,二水鄉,毒品,10
2025,彰化縣,二水鄉,汽車竊盜,1
2025,彰化縣,伸港鄉,住宅竊盜,1
2025,彰化縣,伸港鄉,機車竊盜,9
2025,彰化縣,伸港鄉,毒品,25
2025,彰化縣,北斗鎮,機車竊盜,8
2025,彰化縣,北斗鎮,毒品,17
2025,彰化縣,和美鎮,機車竊盜,9
2025,彰化縣,和美鎮,毒品,51
2025,彰化縣,和美鎮,汽車竊盜,4
2025,彰化縣,員林市,住宅竊盜,2
2025,彰化縣,員林市,強制性交,1
2025,彰化縣,員林市,機車竊盜,20
2025,彰化縣,員林市,毒品,122
2025,彰化縣,員林市,汽車竊盜,4
2025,彰化縣,員林市,組織犯罪防制條例,1
2025,彰化縣,埔心鄉,住宅竊盜,2
2025,彰化縣,埔心鄉,機車竊盜,5
2025,彰化縣,埔心鄉,毒品,53
2025,彰化縣,埔鹽鄉,機車竊盜,1
2025,彰化縣,埔鹽鄉,毒品,10
2025,彰化縣,埔鹽鄉,汽車竊盜,1
2025,彰化縣,埤頭鄉,機車竊盜,3
2025,彰化縣,埤頭鄉,毒品,21
2025,彰化縣,埤頭鄉,汽車竊盜,2
2025,彰化縣,大城鄉,住宅竊盜,2
2025,彰化縣,大城鄉,機車竊盜,2
2025,彰化縣,大城鄉,毒品,1
2025,彰化縣,大城鄉,汽車竊盜,1
2025,彰化縣,大村鄉,搶奪,1
2025,彰化縣,大村鄉,機車竊盜,9
2025,彰化縣,大村鄉,毒品,34
2025,彰化縣,大村鄉,汽車竊盜,2
2025,彰化縣,彰化市,住宅竊盜,14
2025,彰化縣,彰化市,機車竊盜,35
2025,彰化縣,彰化市,毒品,183
2025,彰化縣,彰化市,汽車竊盜,7
2025,彰化縣,永靖鄉,機車竊盜,5
2025,彰化縣,永靖鄉,毒品,14
2025,彰化縣,溪州鄉,機車竊盜,4
2025,彰化縣,溪州鄉,毒品,32
2025,彰化縣,溪州鄉,汽車竊盜,1
2025,彰化縣,溪湖鎮,住宅竊盜,2
2025,彰化縣,溪湖鎮,搶奪,3
2025,彰化縣,溪湖鎮,機車竊盜,9
2025,彰化縣,溪湖鎮,毒品,32
2025,彰化縣,溪湖鎮,汽車竊盜,4
2025,彰化縣,田中鎮,搶奪,1
2025,彰化縣,田中鎮,機車竊盜,4
2025,彰化縣,田中鎮,毒品,31
2025,彰化縣,田中鎮,汽車竊盜,2
2025,彰化縣,田尾鄉,住宅竊盜,1
2025,彰化縣,田尾鄉,機車竊盜,2
2025,彰化縣,田尾鄉,毒品,16
2025,彰化縣,田尾鄉,汽車竊盜,1
2025,彰化縣,社頭鄉,機車竊盜,6
2025,彰化縣,社頭鄉,毒品,21
2025,彰化縣,社頭鄉,汽車竊盜,1
2025,彰化縣,福興鄉,住宅竊盜,2
2025,彰化縣,福興鄉,搶奪,1
2025,彰化縣,福興鄉,機車竊盜,4
2025,彰化縣,福興鄉,毒品,31
2025,彰化縣,福興鄉,汽車竊盜,5
2025,彰化縣,秀水鄉,住宅竊盜,1
2025,彰化縣,秀水鄉,機車竊盜,4
2025,彰化縣,秀水鄉,毒品,23
2025,彰化縣,竹塘鄉,機車竊盜,2
2025,彰化縣,竹塘鄉,毒品,10
2025,彰化縣,竹塘鄉,汽車竊盜,1
2025,彰化縣,線西鄉,機車竊盜,2
2025,彰化縣,線西鄉,毒品,10
2025,彰化縣,線西鄉,汽車竊盜,2
2025,彰化縣,芬園鄉,住宅竊盜,1
2025,彰化縣,芬園鄉,機車竊盜,4
2025,彰化縣,芬園鄉,毒品,18
2025,彰化縣,花壇鄉,住宅竊盜,2
2025,彰化縣,花壇鄉,強制性交,1
2025,彰化縣,花壇鄉,機車竊盜,6
2025,彰化縣,花壇鄉,毒品,29
2025,彰化縣,花壇鄉,汽車竊盜,4
2025,彰化縣,芳苑鄉,機車竊盜,6
2025,彰化縣,芳苑鄉,毒品,18
2025,彰化縣,芳苑鄉,汽車竊盜,1
2025,彰化縣,鹿港鎮,住宅竊盜,2
2025,彰化縣,鹿港鎮,強制性交,1
2025,彰化縣,鹿港鎮,強盜,1
2025,彰化縣,鹿港鎮,機車竊盜,15
2025,彰化縣,鹿港鎮,毒品,83
2025,彰化縣,鹿港鎮,汽車竊盜,5
2025,新北市,三峽區,住宅竊盜,49
2025,新北市,三峽區,強制性交,1
2025,新北市,三峽區,機車竊盜,31
2025,新北市,三峽區,毒品,99
2025,新北市,三峽區,汽車竊盜,9
2025,新北市,三芝區,住宅竊盜,8
2025,新北市,三芝區,機車竊盜,2
2025,新北市,三芝區,毒品,34
2025,新北市,三重區,住宅竊盜,70
2025,新北市,三重區,強制性交,6
2025,新北市,三重區,強盜,2
2025,新北市,三重區,搶奪,2
2025,新北市,三重區,機車竊盜,85
2025,新北市,三重區,毒品,871
2025,新北市,三重區,汽車竊盜,11
2025,新北市,三重區,組織犯罪防制條例,1
2025,新北市,中和區,住宅竊盜,93
2025,新北市,中和區,強制性交,2
2025,新北市,中和區,強盜,3
2025,新北市,中和區,機車竊盜,34
2025,新北市,中和區,毒品,484
2025,新北市,中和區,汽車竊盜,4
2025,新北市,五股區,住宅竊盜,31
2025,新北市,五股區,機車竊盜,26
2025,新北市,五股區,毒品,138
2025,新北市,五股區,汽車竊盜,4
2025,新北市,八里區,住宅竊盜,20
2025,新北市,八里區,機車竊盜,10
2025,新北市,八里區,毒品,62
2025,新北市,八里區,汽車竊盜,3
2025,新北市,土城區,住宅竊盜,108
2025,新北市,土城區,強制性交,3
2025,新北市,土城區,強盜,2
2025,新北市,土城區,搶奪,1
2025,新北市,土城區,機車竊盜,36
2025,新北市,土城區,毒品,342
2025,新北市,土城區,汽車竊盜,4
2025,新北市,坪林區,住宅竊盜,1
2025,新北市,坪林區,毒品,7
2025,新北市,平溪區,住宅竊盜,1
2025,新北市,平溪區,機車竊盜,1
2025,新北市,平溪區,毒品,1
2025,新北市,平溪區,汽車竊盜,1
2025,新北市,新店區,住宅竊盜,160
2025,新北市,新店區,強制性交,2
2025,新北市,新店區,強盜,2
2025,新北市,新店區,機車竊盜,13
2025,新北市,新店區,毒品,289
2025,新北市,新店區,汽車竊盜,6
2025,新北市,新莊區,住宅竊盜,67
2025,新北市,新莊區,強制性交,5
2025,新北市,新莊區,強盜,1
2025,新北市,新莊區,搶奪,2
2025,新北市,新莊區,機車竊盜,62
2025,新北市,新莊區,毒品,522
2025,新北市,新莊區,汽車竊盜,7
2025,新北市,板橋區,住宅竊盜,198
2025,新北市,板橋區,強制性交,10
2025,新北市,板橋區,強盜,4
2025,新北市,板橋區,搶奪,5
2025,新北市,板橋區,機車竊盜,53
2025,新北市,板橋區,毒品,827
2025,新北市,板橋區,汽車竊盜,6
2025,新北市,林口區,住宅竊盜,53
2025,新北市,林口區,強制性交,1
2025,新北市,林口區,機車竊盜,8
2025,新北市,林口區,毒品,160
2025,新北市,林口區,汽車竊盜,5
2025,新北市,樹林區,住宅竊盜,54
2025,新北市,樹林區,強制性交,3
2025,新北市,樹林區,強盜,1
2025,新北市,樹林區,搶奪,1
2025,新北市,樹林區,機車竊盜,25
2025,新北市,樹林區,毒品,323
2025,新北市,樹林區,汽車竊盜,6
2025,新北市,永和區,住宅竊盜,70
2025,新北市,永和區,強盜,3
2025,新北市,永和區,機車竊盜,17
2025,新北市,永和區,毒品,180
2025,新北市,永和區,汽車竊盜,1
2025,新北市,汐止區,住宅竊盜,148
2025,新北市,汐止區,強盜,1
2025,新北市,汐止區,搶奪,1
2025,新北市,汐止區,機車竊盜,13
2025,新北市,汐止區,毒品,251
2025,新北市,汐止區,汽車竊盜,7
2025,新北市,泰山區,住宅竊盜,47
2025,新北市,泰山區,強制性交,2
2025,新北市,泰山區,機車竊盜,27
2025,新北市,泰山區,毒品,103
2025,新北市,泰山區,汽車竊盜,2
2025,新北市,淡水區,住宅竊盜,104
2025,新北市,淡水區,強制性交,1
2025,新北市,淡水區,機車竊盜,25
2025,新北市,淡水區,毒品,144
2025,新北市,淡水區,汽車竊盜,8
2025,新北市,深坑區,住宅竊盜,8
2025,新北市,深坑區,毒品,12
2025,新北市,烏來區,住宅竊盜,2
2025,新北市,烏來區,機車竊盜,1
2025,新北市,烏來區,毒品,10
2025,新北市,瑞芳區,住宅竊盜,13
2025,新北市,瑞芳區,機車竊盜,3
2025,新北市,瑞芳區,毒品,70
2025,新北市,瑞芳區,汽車竊盜,3
2025,新北市,石碇區,住宅竊盜,5
2025,新北市,石碇區,毒品,3
2025,新北市,石門區,住宅竊盜,3
2025,新北市,石門區,機車竊盜,4
2025,新北市,石門區,毒品,4
2025,新北市,萬里區,住宅竊盜,3
2025,新北市,萬里區,強制性交,1
2025,新北市,萬里區,機車竊盜,5
2025,新北市,萬里區,毒品,17
2025,新北市,蘆洲區,住宅竊盜,91
2025,新北市,蘆洲區,強制性交,1
2025,新北市,蘆洲區,搶奪,2
2025,新北市,蘆洲區,機車竊盜,23
2025,新北市,蘆洲區,毒品,315
2025,新北市,蘆洲區,汽車竊盜,3
2025,新北市,貢寮區,住宅竊盜,3
2025,新北市,貢寮區,毒品,11
2025,新北市,金山區,住宅竊盜,11
2025,新北市,金山區,機車竊盜,7
2025,新北市,金山區,毒品,40
2025,新北市,雙溪區,住宅竊盜,6
2025,新北市,雙溪區,機車竊盜,1
2025,新北市,雙溪區,毒品,3
2025,新北市,鶯歌區,住宅竊盜,35
2025,新北市,鶯歌區,搶奪,1
2025,新北市,鶯歌區,機車竊盜,22
2025,新北市,鶯歌區,毒品,75
2025,新北市,鶯歌區,汽車竊盜,7
2025,新竹市,北區,住宅竊盜,7
2025,新竹市,北區,機車竊盜,34
2025,新竹市,北區,毒品,125
2025,新竹市,北區,汽車竊盜,7
2025,新竹市,北區,組織犯罪防制條例,1
2025,新竹市,東區,住宅竊盜,10
2025,新竹市,東區,強制性交,3
2025,新竹市,東區,搶奪,2
2025,新竹市,東區,機車竊盜,63
2025,新竹市,東區,毒品,171
2025,新竹市,東區,汽車竊盜,7
2025,新竹市,香山區,住宅竊盜,2
2025,新竹市,香山區,強盜,1
2025,新竹市,香山區,機車竊盜,15
2025,新竹市,香山區,毒品,39
2025,新竹市,香山區,汽車竊盜,7
2025,新竹縣,北埔鄉,住宅竊盜,4
2025,新竹縣,北埔鄉,毒品,7
2025,新竹縣,寶山鄉,住宅竊盜,8
2025,新竹縣,寶山鄉,毒品,7
2025,新竹縣,寶山鄉,汽車竊盜,2
2025,新竹縣,尖石鄉,住宅竊盜,3
2025,新竹縣,尖石鄉,機車竊盜,1
2025,新竹縣,尖石鄉,毒品,24
2025,新竹縣,尖石鄉,汽車竊盜,1
2025,新竹縣,峨眉鄉,住宅竊盜,8
2025,新竹縣,峨眉鄉,機車竊盜,1
2025,新竹縣,峨眉鄉,毒品,2
2025,新竹縣,新埔鎮,住宅竊盜,15
2025,新竹縣,新埔鎮,強制性交,1
2025,新竹縣,新埔鎮,機車竊盜,4
2025,新竹縣,新埔鎮,毒品,37
2025,新竹縣,新埔鎮,汽車竊盜,6
2025,新竹縣,新豐鄉,住宅竊盜,30
2025,新竹縣,新豐鄉,強制性交,1
2025,新竹縣,新豐鄉,機車竊盜,24
2025,新竹縣,新豐鄉,毒品,33
2025,新竹縣,新豐鄉,汽車竊盜,8
2025,新竹縣,橫山鄉,住宅竊盜,3
2025,新竹縣,橫山鄉,機車竊盜,1
2025,新竹縣,橫山鄉,毒品,33
2025,新竹縣,橫山鄉,汽車竊盜,3
2025,新竹縣,湖口鄉,住宅竊盜,64
2025,新竹縣,湖口鄉,強制性交,1
2025,新竹縣,湖口鄉,搶奪,2
2025,新竹縣,湖口鄉,機車竊盜,28
2025,新竹縣,湖口鄉,毒品,90
2025,新竹縣,湖口鄉,汽車竊盜,14
2025,新竹縣,竹北市,住宅竊盜,77
2025,新竹縣,竹北市,強制性交,6
2025,新竹縣,竹北市,搶奪,1
2025,新竹縣,竹北市,機車竊盜,14
2025,新竹縣,竹北市,毒品,106
2025,新竹縣,竹北市,汽車竊盜,6
2025,新竹縣,竹東鎮,住宅竊盜,30
2025,新竹縣,竹東鎮,機車竊盜,20
2025,新竹縣,竹東鎮,毒品,84
2025,新竹縣,竹東鎮,汽車竊盜,8
2025,新竹縣,芎林鄉,住宅竊盜,8
2025,新竹縣,芎林鄉,機車竊盜,4
2025,新竹縣,芎林鄉,毒品,27
2025,新竹縣,芎林鄉,汽車竊盜,6
2025,新竹縣,關西鎮,住宅竊盜,7
2025,新竹縣,關西鎮,機車竊盜,11
2025,新竹縣,關西鎮,毒品,40
2025,新竹縣,關西鎮,汽車竊盜,3
2025,桃園市,中壢區,住宅竊盜,72
2025,桃園市,中壢區,強制性交,1
2025,桃園市,中壢區,強盜,4
2025,桃園市,中壢區,搶奪,2
2025,桃園市,中壢區,機車竊盜,103
2025,桃園市,中壢區,毒品,814
2025,桃園市,中壢區,汽車竊盜,27
2025,桃園市,八德區,住宅竊盜,104
2025,桃園市,八德區,強盜,1
2025,桃園市,八德區,搶奪,2
2025,桃園市,八德區,機車竊盜,37
2025,桃園市,八德區,毒品,241
2025,桃園市,八德區,汽車竊盜,16
2025,桃園市,大園區,住宅竊盜,26
2025,桃園市,大園區,強盜,3
2025,桃園市,大園區,搶奪,1
2025,桃園市,大園區,機車竊盜,17
2025,桃園市,大園區,毒品,118
2025,桃園市,大園區,汽車竊盜,10
2025,桃園市,大溪區,住宅竊盜,40
2025,桃園市,大溪區,強盜,1
2025,桃園市,大溪區,機車竊盜,12
2025,桃園市,大溪區,毒品,108
2025,桃園市,大溪區,汽車竊盜,5
2025,桃園市,平鎮區,住宅竊盜,45
2025,桃園市,平鎮區,強制性交,2
2025,桃園市,平鎮區,強盜,1
2025,桃園市,平鎮區,機車竊盜,33
2025,桃園市,平鎮區,毒品,276
2025,桃園市,平鎮區,汽車竊盜,8
2025,桃園市,復興區,住宅竊盜,2
2025,桃園市,復興區,機車竊盜,3
2025,桃園市,復興區,毒品,7
2025,桃園市,新屋區,住宅竊盜,11
2025,桃園市,新屋區,搶奪,1
2025,桃園市,新屋區,機車竊盜,10
2025,桃園市,新屋區,毒品,64
2025,桃園市,新屋區,汽車竊盜,7
2025,桃園市,桃園區,住宅竊盜,30
2025,桃園市,桃園區,強制性交,3
2025,桃園市,桃園區,強盜,2
2025,桃園市,桃園區,搶奪,2
2025,桃園市,桃園區,機車竊盜,84
2025,桃園市,桃園區,毒品,652
2025,桃園市,桃園區,汽車竊盜,12
2025,桃園市,楊梅區,住宅竊盜,38
2025,桃園市,楊梅區,強制性交,5
2025,桃園市,楊梅區,強盜,2
2025,桃園市,楊梅區,機車竊盜,29
2025,桃園市,楊梅區,毒品,196
2025,桃園市,楊梅區,汽車竊盜,20
2025,桃園市,蘆竹區,住宅竊盜,45
2025,桃園市,蘆竹區,強制性交,4
2025,桃園市,蘆竹區,強盜,1
2025,桃園市,蘆竹區,搶奪,3
2025,桃園市,蘆竹區,機車竊盜,14
2025,桃園市,蘆竹區,毒品,149
2025,桃園市,蘆竹區,汽車竊盜,10
2025,桃園市,觀音區,住宅竊盜,27
2025,桃園市,觀音區,強制性交,3
2025,桃園市,觀音區,機車竊盜,21
2025,桃園市,觀音區,毒品,76
2025,桃園市,觀音區,汽車竊盜,12
2025,桃園市,龍潭區,住宅竊盜,62
2025,桃園市,龍潭區,強制性交,1
2025,桃園市,龍潭區,強盜,2
2025,桃園市,龍潭區,機車竊盜,25
2025,桃園市,龍潭區,毒品,156
2025,桃園市,龍潭區,汽車竊盜,6
2025,桃園市,龜山區,住宅竊盜,103
2025,桃園市,龜山區,強制性交,2
2025,桃園市,龜山區,強盜,2
2025,桃園市,龜山區,機車竊盜,37
2025,桃園市,龜山區,毒品,225
2025,桃園市,龜山區,汽車竊盜,12
2025,澎湖縣,七美鄉,住宅竊盜,1
2025,澎湖縣,望安鄉,住宅竊盜,1
2025,澎湖縣,湖西鄉,住宅竊盜,5
2025,澎湖縣,湖西鄉,毒品,12
2025,澎湖縣,湖西鄉,汽車竊盜,2
2025,澎湖縣,白沙鄉,住宅竊盜,4
2025,澎湖縣,白沙鄉,毒品,2
2025,澎湖縣,西嶼鄉,住宅竊盜,4
2025,澎湖縣,馬公市,住宅竊盜,50
2025,澎湖縣,馬公市,強制性交,6
2025,澎湖縣,馬公市,機車竊盜,9
2025,澎湖縣,馬公市,毒品,49
2025,臺中市,中區,住宅竊盜,12
2025,臺中市,中區,強制性交,1
2025,臺中市,中區,搶奪,2
2025,臺中市,中區,機車竊盜,25
2025,臺中市,中區,毒品,106
2025,臺中市,中區,汽車竊盜,1
2025,臺中市,北區,住宅竊盜,13
2025,臺中市,北區,強盜,1
2025,臺中市,北區,機車竊盜,41
2025,臺中市,北區,毒品,301
2025,臺中市,北區,汽車竊盜,1
2025,臺中市,北屯區,住宅竊盜,83
2025,臺中市,北屯區,強盜,1
2025,臺中市,北屯區,搶奪,1
2025,臺中市,北屯區,機車竊盜,30
2025,臺中市,北屯區,毒品,252
2025,臺中市,北屯區,汽車竊盜,1
2025,臺中市,南區,住宅竊盜,33
2025,臺中市,南區,機車竊盜,35
2025,臺中市,南區,毒品,57
2025,臺中市,南區,汽車竊盜,6
2025,臺中市,南屯區,住宅竊盜,11
2025,臺中市,南屯區,強制性交,1
2025,臺中市,南屯區,搶奪,1
2025,臺中市,南屯區,機車竊盜,9
2025,臺中市,南屯區,毒品,106
2025,臺中市,南屯區,汽車竊盜,4
2025,臺中市,后里區,住宅竊盜,31
2025,臺中市,后里區,強制性交,2
2025,臺中市,后里區,強盜,1
2025,臺中市,后里區,機車竊盜,16
2025,臺中市,后里區,毒品,34
2025,臺中市,后里區,汽車竊盜,6
2025,臺中市,后里區,組織犯罪防制條例,1
2025,臺中市,和平區,住宅竊盜,5
2025,臺中市,和平區,機車竊盜,3
2025,臺中市,和平區,毒品,10
2025,臺中市,外埔區,住宅竊盜,8
2025,臺中市,外埔區,機車竊盜,9
2025,臺中市,外埔區,毒品,17
2025,臺中市,外埔區,汽車竊盜,1
2025,臺中市,大安區,住宅竊盜,14
2025,臺中市,大安區,機車竊盜,1
2025,臺中市,大安區,毒品,7
2025,臺中市,大甲區,住宅竊盜,33
2025,臺中市,大甲區,機車竊盜,12
2025,臺中市,大甲區,毒品,51
2025,臺中市,大甲區,汽車竊盜,4
2025,臺中市,大肚區,住宅竊盜,15
2025,臺中市,大肚區,機車竊盜,3
2025,臺中市,大肚區,毒品,34
2025,臺中市,大肚區,汽車竊盜,3
2025,臺中市,大里區,住宅竊盜,57
2025,臺中市,大里區,強盜,3
2025,臺中市,大里區,搶奪,1
2025,臺中市,大里區,機車竊盜,21
2025,臺中市,大里區,毒品,121
2025,臺中市,大里區,汽車竊盜,7
2025,臺中市,大雅區,住宅竊盜,21
2025,臺中市,大雅區,機車竊盜,14
2025,臺中市,大雅區,毒品,68
2025,臺中市,大雅區,汽車竊盜,3
2025,臺中市,太平區,住宅竊盜,20
2025,臺中市,太平區,強制性交,1
2025,臺中市,太平區,機車竊盜,14
2025,臺中市,太平區,毒品,176
2025,臺中市,太平區,汽車竊盜,2
2025,臺中市,太平區,組織犯罪防制條例,1
2025,臺中市,新社區,住宅竊盜,2
2025,臺中市,新社區,機車竊盜,4
2025,臺中市,新社區,毒品,5
2025,臺中市,東勢區,住宅竊盜,9
2025,臺中市,東勢區,機車竊盜,10
2025,臺中市,東勢區,毒品,63
2025,臺中市,東勢區,汽車竊盜,5
2025,臺中市,東區,住宅竊盜,48
2025,臺中市,東區,機車竊盜,44
2025,臺中市,東區,毒品,92
2025,臺中市,東區,汽車竊盜,5
2025,臺中市,梧棲區,住宅竊盜,30
2025,臺中市,梧棲區,強盜,1
2025,臺中市,梧棲區,機車竊盜,11
2025,臺中市,梧棲區,毒品,36
2025,臺中市,梧棲區,汽車竊盜,3
2025,臺中市,沙鹿區,住宅竊盜,60
2025,臺中市,沙鹿區,強盜,1
2025,臺中市,沙鹿區,機車竊盜,19
2025,臺中市,沙鹿區,毒品,75
2025,臺中市,沙鹿區,汽車竊盜,2
2025,臺中市,清水區,住宅竊盜,37
2025,臺中市,清水區,強盜,1
2025,臺中市,清水區,機車竊盜,7
2025,臺中市,清水區,毒品,47
2025,臺中市,清水區,汽車竊盜,2
2025,臺中市,潭子區,住宅竊盜,17
2025,臺中市,潭子區,機車竊盜,8
2025,臺中市,潭子區,毒品,87
2025,臺中市,潭子區,汽車竊盜,2
2025,臺中市,烏日區,住宅竊盜,25
2025,臺中市,烏日區,搶奪,1
2025,臺中市,烏日區,機車竊盜,12
2025,臺中市,烏日區,毒品,55
2025,臺中市,烏日區,汽車竊盜,4
2025,臺中市,石岡區,住宅竊盜,1
2025,臺中市,石岡區,機車竊盜,1
2025,臺中市,石岡區,毒品,7
2025,臺中市,石岡區,汽車竊盜,2
2025,臺中市,神岡區,住宅竊盜,8
2025,臺中市,神岡區,強制性交,1
2025,臺中市,神岡區,機車竊盜,4
2025,臺中市,神岡區,毒品,36
2025,臺中市,神岡區,汽車竊盜,2
2025,臺中市,西區,住宅竊盜,22
2025,臺中市,西區,搶奪,2
2025,臺中市,西區,機車竊盜,15
2025,臺中市,西區,毒品,87
2025,臺中市,西區,汽車竊盜,2
2025,臺中市,西屯區,住宅竊盜,11
2025,臺中市,西屯區,強盜,1
2025,臺中市,西屯區,搶奪,1
2025,臺中市,西屯區,機車竊盜,38
2025,臺中市,西屯區,毒品,391
2025,臺中市,西屯區,汽車竊盜,6
2025,臺中市,豐原區,住宅竊盜,25
2025,臺中市,豐原區,搶奪,1
2025,臺中市,豐原區,機車竊盜,28
2025,臺中市,豐原區,毒品,59
2025,臺中市,豐原區,汽車竊盜,5
2025,臺中市,霧峰區,住宅竊盜,15
2025,臺中市,霧峰區,機車竊盜,16
2025,臺中市,霧峰區,毒品,32
2025,臺中市,龍井區,住宅竊盜,37
2025,臺中市,龍井區,機車竊盜,7
2025,臺中市,龍井區,毒品,84
2025,臺中市,龍井區,汽車竊盜,3
2025,臺北市,中山區,住宅竊盜,24
2025,臺北市,中山區,強制性交,1
2025,臺北市,中山區,強盜,2
2025,臺北市,中山區,搶奪,2
2025,臺北市,中山區,機車竊盜,18
2025,臺北市,中山區,毒品,425
2025,臺北市,中山區,汽車竊盜,1
2025,臺北市,中正區,住宅竊盜,16
2025,臺北市,中正區,強制性交,1
2025,臺北市,中正區,強盜,1
2025,臺北市,中正區,機車竊盜,21
2025,臺北市,中正區,毒品,126
2025,臺北市,中正區,汽車竊盜,1
2025,臺北市,信義區,住宅竊盜,17
2025,臺北市,信義區,強制性交,1
2025,臺北市,信義區,強盜,3
2025,臺北市,信義區,機車竊盜,13
2025,臺北市,信義區,毒品,160
2025,臺北市,信義區,汽車竊盜,2
2025,臺北市,內湖區,住宅竊盜,13
2025,臺北市,內湖區,機車竊盜,6
2025,臺北市,內湖區,毒品,211
2025,臺北市,內湖區,汽車竊盜,1
2025,臺北市,北投區,住宅竊盜,29
2025,臺北市,北投區,強制性交,1
2025,臺北市,北投區,強盜,1
2025,臺北市,北投區,搶奪,1
2025,臺北市,北投區,機車竊盜,11
2025,臺北市,北投區,毒品,177
2025,臺北市,北投區,汽車竊盜,1
2025,臺北市,南港區,住宅竊盜,17
2025,臺北市,南港區,搶奪,2
2025,臺北市,南港區,機車竊盜,9
2025,臺北市,南港區,毒品,106
2025,臺北市,南港區,汽車竊盜,1
2025,臺北市,士林區,住宅竊盜,49
2025,臺北市,士林區,強盜,1
2025,臺北市,士林區,機車竊盜,19
2025,臺北市,士林區,毒品,179
2025,臺北市,士林區,汽車竊盜,3
2025,臺北市,大同區,住宅竊盜,14
2025,臺北市,大同區,強盜,1
2025,臺北市,大同區,搶奪,2
2025,臺北市,大同區,機車竊盜,12
2025,臺北市,大同區,毒品,222
2025,臺北市,大同區,汽車竊盜,2
2025,臺北市,大安區,住宅竊盜,13
2025,臺北市,大安區,強制性交,2
2025,臺北市,大安區,機車竊盜,8
2025,臺北市,大安區,毒品,394
2025,臺北市,文山區,住宅竊盜,20
2025,臺北市,文山區,搶奪,3
2025,臺北市,文山區,機車竊盜,12
2025,臺北市,文山區,毒品,175
2025,臺北市,文山區,汽車竊盜,3
2025,臺北市,松山區,住宅竊盜,16
2025,臺北市,松山區,強制性交,1
2025,臺北市,松山區,機車竊盜,9
2025,臺北市,松山區,毒品,88
2025,臺北市,松山區,汽車竊盜,2
2025,臺北市,松山區,組織犯罪防制條例,1
2025,臺北市,萬華區,住宅竊盜,21
2025,臺北市,萬華區,強制性交,4
2025,臺北市,萬華區,強盜,3
2025,臺北市,萬華區,搶奪,9
2025,臺北市,萬華區,機車竊盜,27
2025,臺北市,萬華區,毒品,947
2025,臺北市,萬華區,汽車竊盜,3
2025,臺南市,七股區,住宅竊盜,1
2025,臺南市,七股區,強盜,1
2025,臺南市,七股區,機車竊盜,5
2025,臺南市,七股區,毒品,7
2025,臺南市,七股區,汽車竊盜,1
2025,臺南市,下營區,住宅竊盜,2
2025,臺南市,下營區,機車竊盜,1
2025,臺南市,下營區,毒品,9
2025,臺南市,下營區,汽車竊盜,2
2025,臺南市,中西區,住宅竊盜,10
2025,臺南市,中西區,強制性交,1
2025,臺南市,中西區,強盜,2
2025,臺南市,中西區,搶奪,2
2025,臺南市,中西區,機車竊盜,22
2025,臺南市,中西區,毒品,233
2025,臺南市,仁德區,住宅竊盜,13
2025,臺南市,仁德區,強制性交,2
2025,臺南市,仁德區,強盜,1
2025,臺南市,仁德區,機車竊盜,10
2025,臺南市,仁德區,毒品,106
2025,臺南市,仁德區,汽車竊盜,2
2025,臺南市,佳里區,住宅竊盜,5
2025,臺南市,佳里區,強制性交,2
2025,臺南市,佳里區,機車竊盜,2
2025,臺南市,佳里區,毒品,30
2025,臺南市,六甲區,住宅竊盜,1
2025,臺南市,六甲區,毒品,11
2025,臺南市,北區,住宅竊盜,6
2025,臺南市,北區,強制性交,1
2025,臺南市,北區,強盜,2
2025,臺南市,北區,搶奪,2
2025,臺南市,北區,機車竊盜,15
2025,臺南市,北區,毒品,216
2025,臺南市,北區,汽車竊盜,2
2025,臺南市,北區,組織犯罪防制條例,1
2025,臺南市,北門區,住宅竊盜,1
2025,臺南市,北門區,機車竊盜,1
2025,臺南市,北門區,毒品,6
2025,臺南市,南化區,住宅竊盜,3
2025,臺南市,南化區,毒品,7
2025,臺南市,南區,住宅竊盜,10
2025,臺南市,南區,機車竊盜,15
2025,臺南市,南區,毒品,82
2025,臺南市,南區,汽車竊盜,1
2025,臺南市,南區,組織犯罪防制條例,1
2025,臺南市,善化區,機車竊盜,6
2025,臺南市,善化區,毒品,78
2025,臺南市,善化區,汽車竊盜,1
2025,臺南市,大內區,毒品,8
2025,臺南市,學甲區,住宅竊盜,5
2025,臺南市,學甲區,毒品,18
2025,臺南市,安南區,住宅竊盜,8
2025,臺南市,安南區,強制性交,3
2025,臺南市,安南區,強盜,3
2025,臺南市,安南區,機車竊盜,8
2025,臺南市,安南區,毒品,160
2025,臺南市,安南區,汽車竊盜,6
2025,臺南市,安定區,機車竊盜,5
2025,臺南市,安定區,毒品,38
2025,臺南市,安定區,汽車竊盜,1
2025,臺南市,安平區,住宅竊盜,2
2025,臺南市,安平區,機車竊盜,2
2025,臺南市,安平區,毒品,45
2025,臺南市,官田區,住宅竊盜,5
2025,臺南市,官田區,機車竊盜,5
2025,臺南市,官田區,毒品,6
2025,臺南市,官田區,汽車竊盜,4
2025,臺南市,將軍區,住宅竊盜,1
2025,臺南市,將軍區,搶奪,1
2025,臺南市,將軍區,機車竊盜,3
2025,臺南市,將軍區,毒品,6
2025,臺南市,將軍區,汽車竊盜,1
2025,臺南市,山上區,住宅竊盜,1
2025,臺南市,山上區,毒品,10
2025,臺南市,左鎮區,住宅竊盜,3
2025,臺南市,左鎮區,機車竊盜,2
2025,臺南市,左鎮區,毒品,2
2025,臺南市,後壁區,住宅竊盜,2
2025,臺南市,後壁區,機車竊盜,4
2025,臺南市,後壁區,毒品,3
2025,臺南市,新化區,住宅竊盜,8
2025,臺南市,新化區,強盜,1
2025,臺南市,新化區,機車竊盜,4
2025,臺南市,新化區,毒品,20
2025,臺南市,新化區,汽車竊盜,1
2025,臺南市,新市區,住宅竊盜,1
2025,臺南市,新市區,機車竊盜,5
2025,臺南市,新市區,毒品,23
2025,臺南市,新營區,住宅竊盜,5
2025,臺南市,新營區,強盜,1
2025,臺南市,新營區,搶奪,2
2025,臺南市,新營區,機車竊盜,16
2025,臺南市,新營區,毒品,60
2025,臺南市,新營區,汽車竊盜,2
2025,臺南市,東區,住宅竊盜,4
2025,臺南市,東區,強制性交,2
2025,臺南市,東區,強盜,1
2025,臺南市,東區,搶奪,1
2025,臺南市,東區,機車竊盜,15
2025,臺南市,東區,毒品,107
2025,臺南市,東區,汽車竊盜,2
2025,臺南市,東山區,住宅竊盜,1
2025,臺南市,東山區,機車竊盜,3
2025,臺南市,東山區,毒品,12
2025,臺南市,柳營區,住宅竊盜,2
2025,臺南市,柳營區,搶奪,1
2025,臺南市,柳營區,機車竊盜,3
2025,臺南市,柳營區,毒品,13
2025,臺南市,楠西區,住宅竊盜,1
2025,臺南市,楠西區,毒品,9
2025,臺南市,歸仁區,住宅竊盜,3
2025,臺南市,歸仁區,機車竊盜,8
2025,臺南市,歸仁區,毒品,51
2025,臺南市,歸仁區,汽車竊盜,3
2025,臺南市,永康區,住宅竊盜,16
2025,臺南市,永康區,強制性交,5
2025,臺南市,永康區,強盜,4
2025,臺南市,永康區,搶奪,1
2025,臺南市,永康區,機車竊盜,34
2025,臺南市,永康區,毒品,335
2025,臺南市,永康區,汽車竊盜,2
2025,臺南市,永康區,組織犯罪防制條例,1
2025,臺南市,玉井區,住宅竊盜,2
2025,臺南市,玉井區,機車竊盜,5
2025,臺南市,玉井區,毒品,4
2025,臺南市,玉井區,汽車竊盜,1
2025,臺南市,白河區,住宅竊盜,2
2025,臺南市,白河區,機車竊盜,5
2025,臺南市,白河區,毒品,34
2025,臺南市,西港區,住宅竊盜,2
2025,臺南市,西港區,強制性交,1
2025,臺南市,西港區,機車竊盜,2
2025,臺南市,西港區,毒品,10
2025,臺南市,關廟區,住宅竊盜,2
2025,臺南市,關廟區,強制性交,2
2025,臺南市,關廟區,機車竊盜,1
2025,臺南市,關廟區,毒品,15
2025,臺南市,鹽水區,住宅竊盜,2
2025,臺南市,鹽水區,強盜,2
2025,臺南市,鹽水區,機車竊盜,4
2025,臺南市,鹽水區,毒品,40
2025,臺南市,麻豆區,住宅竊盜,3
2025,臺南市,麻豆區,機車竊盜,3
2025,臺南市,麻豆區,毒品,17
2025,臺南市,麻豆區,汽車竊盜,1
2025,臺東縣,卑南鄉,住宅竊盜,4
2025,臺東縣,卑南鄉,機車竊盜,2
2025,臺東縣,卑南鄉,毒品,7
2025,臺東縣,卑南鄉,汽車竊盜,1
2025,臺東縣,大武鄉,毒品,5
2025,臺東縣,太麻里鄉,機車竊盜,2
2025,臺東縣,太麻里鄉,毒品,2
2025,臺東縣,延平鄉,住宅竊盜,1
2025,臺東縣,成功鎮,住宅竊盜,3
2025,臺東縣,成功鎮,機車竊盜,2
2025,臺東縣,成功鎮,毒品,5
2025,臺東縣,東河鄉,住宅竊盜,5
2025,臺東縣,東河鄉,毒品,1
2025,臺東縣,池上鄉,住宅竊盜,5
2025,臺東縣,池上鄉,毒品,12
2025,臺東縣,海端鄉,住宅竊盜,2
2025,臺東縣,綠島鄉,住宅竊盜,3
2025,臺東縣,臺東市,住宅竊盜,58
2025,臺東縣,臺東市,強制性交,1
2025,臺東縣,臺東市,強盜,1
2025,臺東縣,臺東市,機車竊盜,21
2025,臺東縣,臺東市,毒品,89
2025,臺東縣,臺東市,汽車竊盜,6
2025,臺東縣,蘭嶼鄉,機車竊盜,1
2025,臺東縣,達仁鄉,機車竊盜,1
2025,臺東縣,金峰鄉,住宅竊盜,1
2025,臺東縣,長濱鄉,住宅竊盜,1
2025,臺東縣,關山鎮,住宅竊盜,4
2025,臺東縣,關山鎮,機車竊盜,4
2025,臺東縣,關山鎮,毒品,7
2025,臺東縣,鹿野鄉,住宅竊盜,4
2025,臺東縣,鹿野鄉,毒品,6
2025,花蓮縣,光復鄉,住宅竊盜,6
2025,花蓮縣,光復鄉,機車竊盜,2
2025,花蓮縣,光復鄉,毒品,3
2025,花蓮縣,光復鄉,汽車竊盜,2
2025,花蓮縣,卓溪鄉,住宅竊盜,2
2025,花蓮縣,卓溪鄉,機車竊盜,1
2025,花蓮縣,卓溪鄉,毒品,2
2025,花蓮縣,吉安鄉,住宅竊盜,7
2025,花蓮縣,吉安鄉,強盜,1
2025,花蓮縣,吉安鄉,搶奪,3
2025,花蓮縣,吉安鄉,機車竊盜,17
2025,花蓮縣,吉安鄉,毒品,89
2025,花蓮縣,吉安鄉,汽車竊盜,6
2025,花蓮縣,壽豐鄉,住宅竊盜,2
2025,花蓮縣,壽豐鄉,強制性交,1
2025,花蓮縣,壽豐鄉,搶奪,1
2025,花蓮縣,壽豐鄉,機車竊盜,6
2025,花蓮縣,壽豐鄉,毒品,8
2025,花蓮縣,壽豐鄉,汽車竊盜,1
2025,花蓮縣,富里鄉,住宅竊盜,2
2025,花蓮縣,富里鄉,毒品,6
2025,花蓮縣,新城鄉,住宅竊盜,6
2025,花蓮縣,新城鄉,機車竊盜,10
2025,花蓮縣,新城鄉,毒品,15
2025,花蓮縣,新城鄉,汽車竊盜,1
2025,花蓮縣,玉里鎮,住宅竊盜,3
2025,花蓮縣,玉里鎮,機車竊盜,8
2025,花蓮縣,玉里鎮,毒品,19
2025,花蓮縣,玉里鎮,汽車竊盜,2
2025,花蓮縣,瑞穗鄉,住宅竊盜,4
2025,花蓮縣,瑞穗鄉,機車竊盜,6
2025,花蓮縣,瑞穗鄉,毒品,4
2025,花蓮縣,瑞穗鄉,汽車竊盜,3
2025,花蓮縣,秀林鄉,住宅竊盜,5
2025,花蓮縣,秀林鄉,強盜,1
2025,花蓮縣,秀林鄉,搶奪,1
2025,花蓮縣,秀林鄉,機車竊盜,2
2025,花蓮縣,秀林鄉,毒品,6
2025,花蓮縣,秀林鄉,汽車竊盜,2
2025,花蓮縣,花蓮市,住宅竊盜,27
2025,花蓮縣,花蓮市,強盜,2
2025,花蓮縣,花蓮市,機車竊盜,51
2025,花蓮縣,花蓮市,毒品,141
2025,花蓮縣,花蓮市,汽車竊盜,5
2025,花蓮縣,萬榮鄉,住宅竊盜,4
2025,花蓮縣,萬榮鄉,毒品,2
2025,花蓮縣,萬榮鄉,汽車竊盜,1
2025,花蓮縣,鳳林鎮,住宅竊盜,1
2025,花蓮縣,鳳林鎮,強制性交,1
2025,花蓮縣,鳳林鎮,強盜,1
2025,花蓮縣,鳳林鎮,搶奪,2
2025,花蓮縣,鳳林鎮,機車竊盜,2
2025,花蓮縣,鳳林鎮,毒品,6
2025,苗栗縣,三灣鄉,住宅竊盜,3
2025,苗栗縣,三灣鄉,毒品,5
2025,苗栗縣,三義鄉,住宅竊盜,12
2025,苗栗縣,三義鄉,機車竊盜,6
2025,苗栗縣,三義鄉,毒品,6
2025,苗栗縣,三義鄉,汽車竊盜,3
2025,苗栗縣,公館鄉,住宅竊盜,10
2025,苗栗縣,公館鄉,強制性交,1
2025,苗栗縣,公館鄉,毒品,15
2025,苗栗縣,卓蘭鎮,住宅竊盜,12
2025,苗栗縣,卓蘭鎮,強制性交,1
2025,苗栗縣,卓蘭鎮,機車竊盜,3
2025,苗栗縣,卓蘭鎮,毒品,10
2025,苗栗縣,卓蘭鎮,汽車竊盜,4
2025,苗栗縣,南庄鄉,住宅竊盜,1
2025,苗栗縣,南庄鄉,毒品,9
2025,苗栗縣,大湖鄉,住宅竊盜,9
2025,苗栗縣,大湖鄉,機車竊盜,3
2025,苗栗縣,大湖鄉,毒品,13
2025,苗栗縣,後龍鎮,住宅竊盜,4
2025,苗栗縣,後龍鎮,強制性交,1
2025,苗栗縣,後龍鎮,毒品,22
2025,苗栗縣,後龍鎮,汽車竊盜,1
2025,苗栗縣,泰安鄉,住宅竊盜,2
2025,苗栗縣,泰安鄉,毒品,8
2025,苗栗縣,獅潭鄉,住宅竊盜,1
2025,苗栗縣,獅潭鄉,毒品,2
2025,苗栗縣,竹南鎮,住宅竊盜,45
2025,苗栗縣,竹南鎮,強制性交,4
2025,苗栗縣,竹南鎮,強盜,1
2025,苗栗縣,竹南鎮,搶奪,1
2025,苗栗縣,竹南鎮,機車竊盜,18
2025,苗栗縣,竹南鎮,毒品,82
2025,苗栗縣,竹南鎮,汽車竊盜,8
2025,苗栗縣,苑裡鎮,住宅竊盜,23
2025,苗栗縣,苑裡鎮,機車竊盜,3
2025,苗栗縣,苑裡鎮,毒品,32
2025,苗栗縣,苑裡鎮,汽車竊盜,1
2025,苗栗縣,苗栗市,住宅竊盜,64
2025,苗栗縣,苗栗市,強制性交,3
2025,苗栗縣,苗栗市,機車竊盜,20
2025,苗栗縣,苗栗市,毒品,40
2025,苗栗縣,苗栗市,汽車竊盜,6
2025,苗栗縣,西湖鄉,住宅竊盜,1
2025,苗栗縣,西湖鄉,機車竊盜,2
2025,苗栗縣,西湖鄉,毒品,3
2025,苗栗縣,通霄鎮,住宅竊盜,27
2025,苗栗縣,通霄鎮,強盜,2
2025,苗栗縣,通霄鎮,機車竊盜,2
2025,苗栗縣,通霄鎮,毒品,43
2025,苗栗縣,造橋鄉,住宅竊盜,13
2025,苗栗縣,造橋鄉,強制性交,3
2025,苗栗縣,造橋鄉,機車竊盜,2
2025,苗栗縣,造橋鄉,毒品,15
2025,苗栗縣,銅鑼鄉,住宅竊盜,8
2025,苗栗縣,銅鑼鄉,強制性交,1
2025,苗栗縣,銅鑼鄉,機車竊盜,1
2025,苗栗縣,銅鑼鄉,毒品,13
2025,苗栗縣,銅鑼鄉,汽車竊盜,2
2025,苗栗縣,頭份市,住宅竊盜,42
2025,苗栗縣,頭份市,強制性交,2
2025,苗栗縣,頭份市,強盜,1
2025,苗栗縣,頭份市,搶奪,3
2025,苗栗縣,頭份市,機車竊盜,20
2025,苗栗縣,頭份市,毒品,137
2025,苗栗縣,頭份市,汽車竊盜,2
2025,苗栗縣,頭屋鄉,住宅竊盜,5
2025,苗栗縣,頭屋鄉,強制性交,2
2025,苗栗縣,頭屋鄉,機車竊盜,2
2025,苗栗縣,頭屋鄉,毒品,5
2025,連江縣,北竿鄉,住宅竊盜,1
2025,連江縣,南竿鄉,住宅竊盜,1
2025,連江縣,南竿鄉,強制性交,1
2025,連江縣,南竿鄉,機車竊盜,1
2025,連江縣,南竿鄉,毒品,2
2025,連江縣,莒光鄉,住宅竊盜,1
2025,金門縣,烈嶼鄉,住宅竊盜,1
2025,金門縣,烈嶼鄉,毒品,3
2025,金門縣,金城鎮,住宅竊盜,7
2025,金門縣,金城鎮,強制性交,3
2025,金門縣,金城鎮,機車竊盜,4
2025,金門縣,金城鎮,毒品,14
2025,金門縣,金城鎮,汽車竊盜,2
2025,金門縣,金寧鄉,住宅竊盜,7
2025,金門縣,金寧鄉,強制性交,1
2025,金門縣,金寧鄉,機車竊盜,2
2025,金門縣,金寧鄉,毒品,7
2025,金門縣,金寧鄉,汽車竊盜,1
2025,金門縣,金沙鎮,住宅竊盜,1
2025,金門縣,金沙鎮,毒品,2
2025,金門縣,金湖鎮,住宅竊盜,2
2025,金門縣,金湖鎮,機車竊盜,3
2025,金門縣,金湖鎮,毒品,9
2025,金門縣,金湖鎮,汽車竊盜,1
2025,雲林縣,二崙鄉,住宅竊盜,3
2025,雲林縣,二崙鄉,搶奪,1
2025,雲林縣,二崙鄉,機車竊盜,2
2025,雲林縣,二崙鄉,毒品,7
2025,雲林縣,元長鄉,住宅竊盜,12
2025,雲林縣,元長鄉,機車竊盜,5
2025,雲林縣,元長鄉,毒品,8
2025,雲林縣,元長鄉,汽車竊盜,2
2025,雲林縣,北港鎮,住宅竊盜,10
2025,雲林縣,北港鎮,機車竊盜,6
2025,雲林縣,北港鎮,毒品,43
2025,雲林縣,北港鎮,汽車竊盜,7
2025,雲林縣,口湖鄉,住宅竊盜,8
2025,雲林縣,口湖鄉,機車竊盜,5
2025,雲林縣,口湖鄉,毒品,17
2025,雲林縣,古坑鄉,住宅竊盜,1
2025,雲林縣,古坑鄉,機車竊盜,1
2025,雲林縣,古坑鄉,毒品,84
2025,雲林縣,古坑鄉,汽車竊盜,3
2025,雲林縣,四湖鄉,住宅竊盜,5
2025,雲林縣,四湖鄉,機車竊盜,3
2025,雲林縣,四湖鄉,毒品,17
2025,雲林縣,土庫鎮,住宅竊盜,8
2025,雲林縣,土庫鎮,機車竊盜,2
2025,雲林縣,土庫鎮,毒品,15
2025,雲林縣,大埤鄉,住宅竊盜,4
2025,雲林縣,大埤鄉,強制性交,1
2025,雲林縣,大埤鄉,毒品,24
2025,雲林縣,崙背鄉,住宅竊盜,3
2025,雲林縣,崙背鄉,機車竊盜,3
2025,雲林縣,崙背鄉,毒品,19
2025,雲林縣,崙背鄉,汽車竊盜,1
2025,雲林縣,斗六市,住宅竊盜,98
2025,雲林縣,斗六市,強制性交,2
2025,雲林縣,斗六市,機車竊盜,19
2025,雲林縣,斗六市,毒品,129
2025,雲林縣,斗六市,汽車竊盜,8
2025,雲林縣,斗南鎮,住宅竊盜,9
2025,雲林縣,斗南鎮,機車竊盜,10
2025,雲林縣,斗南鎮,毒品,78
2025,雲林縣,斗南鎮,汽車竊盜,2
2025,雲林縣,東勢鄉,住宅竊盜,7
2025,雲林縣,東勢鄉,機車竊盜,4
2025,雲林縣,東勢鄉,毒品,5
2025,雲林縣,林內鄉,住宅竊盜,5
2025,雲林縣,林內鄉,機車竊盜,5
2025,雲林縣,林內鄉,毒品,13
2025,雲林縣,林內鄉,汽車竊盜,2
2025,雲林縣,水林鄉,住宅竊盜,9
2025,雲林縣,水林鄉,機車竊盜,4
2025,雲林縣,水林鄉,毒品,18
2025,雲林縣,水林鄉,汽車竊盜,2
2025,雲林縣,臺西鄉,住宅竊盜,13
2025,雲林縣,臺西鄉,機車竊盜,10
2025,雲林縣,臺西鄉,毒品,18
2025,雲林縣,臺西鄉,汽車竊盜,6
2025,雲林縣,莿桐鄉,住宅竊盜,11
2025,雲林縣,莿桐鄉,強制性交,1
2025,雲林縣,莿桐鄉,機車竊盜,5
2025,雲林縣,莿桐鄉,毒品,18
2025,雲林縣,莿桐鄉,汽車竊盜,3
2025,雲林縣,虎尾鎮,住宅竊盜,20
2025,雲林縣,虎尾鎮,強盜,1
2025,雲林縣,虎尾鎮,機車竊盜,40
2025,雲林縣,虎尾鎮,毒品,73
2025,雲林縣,虎尾鎮,汽車竊盜,3
2025,雲林縣,褒忠鄉,住宅竊盜,2
2025,雲林縣,褒忠鄉,機車竊盜,4
2025,雲林縣,褒忠鄉,毒品,11
2025,雲林縣,褒忠鄉,汽車竊盜,1
2025,雲林縣,西螺鎮,住宅竊盜,12
2025,雲林縣,西螺鎮,機車竊盜,17
2025,雲林縣,西螺鎮,毒品,22
2025,雲林縣,西螺鎮,汽車竊盜,5
2025,雲林縣,麥寮鄉,住宅竊盜,31
2025,雲林縣,麥寮鄉,強制性交,1
2025,雲林縣,麥寮鄉,機車竊盜,9
2025,雲林縣,麥寮鄉,毒品,75
2025,雲林縣,麥寮鄉,汽車竊盜,5
2025,高雄市,三民區,住宅竊盜,14
2025,高雄市,三民區,強制性交,2
2025,高雄市,三民區,強盜,1
2025,高雄市,三民區,機車竊盜,45
2025,高雄市,三民區,毒品,356
2025,高雄市,三民區,汽車竊盜,7
2025,高雄市,仁武區,住宅竊盜,7
2025,高雄市,仁武區,強制性交,2
2025,高雄市,仁武區,搶奪,1
2025,高雄市,仁武區,機車竊盜,19
2025,高雄市,仁武區,毒品,144
2025,高雄市,仁武區,汽車竊盜,2
2025,高雄市,內門區,機車竊盜,1
2025,高雄市,內門區,毒品,1
2025,高雄市,內門區,汽車竊盜,2
2025,高雄市,六龜區,住宅竊盜,1
2025,高雄市,六龜區,毒品,15
2025,高雄市,前金區,強制性交,1
2025,高雄市,前金區,強盜,1
2025,高雄市,前金區,機車竊盜,12
2025,高雄市,前金區,毒品,68
2025,高雄市,前金區,汽車竊盜,1
2025,高雄市,前鎮區,住宅竊盜,9
2025,高雄市,前鎮區,強制性交,2
2025,高雄市,前鎮區,搶奪,1
2025,高雄市,前鎮區,機車竊盜,33
2025,高雄市,前鎮區,毒品,85
2025,高雄市,前鎮區,汽車竊盜,2
2025,高雄市,大寮區,住宅竊盜,3
2025,高雄市,大寮區,強制性交,1
2025,高雄市,大寮區,強盜,2
2025,高雄市,大寮區,搶奪,1
2025,高雄市,大寮區,機車竊盜,42
2025,高雄市,大寮區,毒品,223
2025,高雄市,大寮區,汽車竊盜,8
2025,高雄市,大樹區,住宅竊盜,3
2025,高雄市,大樹區,強制性交,1
2025,高雄市,大樹區,機車竊盜,11
2025,高雄市,大樹區,毒品,29
2025,高雄市,大樹區,汽車竊盜,1
2025,高雄市,大社區,住宅竊盜,8
2025,高雄市,大社區,強制性交,3
2025,高雄市,大社區,機車竊盜,5
2025,高雄市,大社區,毒品,42
2025,高雄市,小港區,住宅竊盜,7
2025,高雄市,小港區,強制性交,2
2025,高雄市,小港區,機車竊盜,23
2025,高雄市,小港區,毒品,112
2025,高雄市,小港區,汽車竊盜,5
2025,高雄市,岡山區,住宅竊盜,2
2025,高雄市,岡山區,機車竊盜,16
2025,高雄市,岡山區,毒品,56
2025,高雄市,左營區,住宅竊盜,4
2025,高雄市,左營區,搶奪,2
2025,高雄市,左營區,機車竊盜,17
2025,高雄市,左營區,毒品,139
2025,高雄市,左營區,汽車竊盜,3
2025,高雄市,彌陀區,機車竊盜,2
2025,高雄市,彌陀區,毒品,8
2025,高雄市,新興區,住宅竊盜,1
2025,高雄市,新興區,機車竊盜,15
2025,高雄市,新興區,毒品,153
2025,高雄市,旗山區,住宅竊盜,1
2025,高雄市,旗山區,機車竊盜,7
2025,高雄市,旗山區,毒品,31
2025,高雄市,旗山區,汽車竊盜,2
2025,高雄市,旗津區,住宅竊盜,1
2025,高雄市,旗津區,機車竊盜,3
2025,高雄市,旗津區,毒品,76
2025,高雄市,旗津區,汽車竊盜,1
2025,高雄市,杉林區,機車竊盜,2
2025,高雄市,杉林區,毒品,12
2025,高雄市,林園區,強制性交,1
2025,高雄市,林園區,機車竊盜,20
2025,高雄市,林園區,毒品,119
2025,高雄市,林園區,汽車竊盜,1
2025,高雄市,桃源區,住宅竊盜,1
2025,高雄市,梓官區,機車竊盜,4
2025,高雄市,梓官區,毒品,43
2025,高雄市,楠梓區,住宅竊盜,14
2025,高雄市,楠梓區,強制性交,4
2025,高雄市,楠梓區,搶奪,1
2025,高雄市,楠梓區,機車竊盜,18
2025,高雄市,楠梓區,毒品,129
2025,高雄市,楠梓區,汽車竊盜,8
2025,高雄市,橋頭區,強制性交,1
2025,高雄市,橋頭區,機車竊盜,8
2025,高雄市,橋頭區,毒品,46
2025,高雄市,橋頭區,汽車竊盜,2
2025,高雄市,永安區,機車竊盜,2
2025,高雄市,永安區,毒品,13
2025,高雄市,湖內區,住宅竊盜,2
2025,高雄市,湖內區,強盜,1
2025,高雄市,湖內區,機車竊盜,3
2025,高雄市,湖內區,毒品,18
2025,高雄市,燕巢區,機車竊盜,10
2025,高雄市,燕巢區,毒品,44
2025,高雄市,田寮區,住宅竊盜,1
2025,高雄市,田寮區,機車竊盜,1
2025,高雄市,田寮區,毒品,3
2025,高雄市,甲仙區,住宅竊盜,1
2025,高雄市,甲仙區,機車竊盜,2
2025,高雄市,甲仙區,毒品,2
2025,高雄市,美濃區,住宅竊盜,5
2025,高雄市,美濃區,強制性交,1
2025,高雄市,美濃區,機車竊盜,4
2025,高雄市,美濃區,毒品,28
2025,高雄市,美濃區,汽車竊盜,3
2025,高雄市,苓雅區,住宅竊盜,5
2025,高雄市,苓雅區,強制性交,2
2025,高雄市,苓雅區,搶奪,3
2025,高雄市,苓雅區,機車竊盜,25
2025,高雄市,苓雅區,毒品,260
2025,高雄市,茂林區,毒品,2
2025,高雄市,茄萣區,住宅竊盜,3
2025,高雄市,茄萣區,強制性交,1
2025,高雄市,茄萣區,機車竊盜,4
2025,高雄市,茄萣區,毒品,57
2025,高雄市,路竹區,住宅竊盜,2
2025,高雄市,路竹區,搶奪,1
2025,高雄市,路竹區,機車竊盜,6
2025,高雄市,路竹區,毒品,38
2025,高雄市,那瑪夏區,住宅竊盜,1
2025,高雄市,阿蓮區,機車竊盜,9
2025,高雄市,阿蓮區,毒品,22
2025,高雄市,鳥松區,住宅竊盜,3
2025,高雄市,鳥松區,強制性交,1
2025,高雄市,鳥松區,機車竊盜,12
2025,高雄市,鳥松區,毒品,84
2025,高雄市,鳥松區,汽車竊盜,2
2025,高雄市,鳳山區,住宅竊盜,7
2025,高雄市,鳳山區,強制性交,2
2025,高雄市,鳳山區,機車竊盜,56
2025,高雄市,鳳山區,毒品,346
2025,高雄市,鳳山區,汽車竊盜,6
2025,高雄市,鳳山區,組織犯罪防制條例,1
2025,高雄市,鹽埕區,住宅竊盜,7
2025,高雄市,鹽埕區,機車竊盜,1
2025,高雄市,鹽埕區,毒品,15
2025,高雄市,鹽埕區,汽車竊盜,1
2025,高雄市,鼓山區,住宅竊盜,30
2025,高雄市,鼓山區,強制性交,1
2025,高雄市,鼓山區,強盜,1
2025,高雄市,鼓山區,機車竊盜,17
2025,高雄市,鼓山區,毒品,112
2025,高雄市,鼓山區,汽車竊盜,2
