year,county,crime_type,official_annual_count,statistics_status,source_document,source_file,source_note,statistics_layer,official_statistics_label
2016,南投縣,毒品,1200,official_final,105年中華民國刑案統計（全書）,cib_crime_statistics_2016_full.pdf,"當年發生件數 (current-year occurrences), PDF page 103; supplemental reports excluded.",official_annual_county,警政署／刑事警察局年度正式統計
2016,南投縣,強盜,7,official_final,105年中華民國刑案統計（全書）,cib_crime_statistics_2016_full.pdf,"當年發生件數 (current-year occurrences), PDF page 99; supplemental reports excluded.",official_annual_county,警政署／刑事警察局年度正式統計
2016,南投縣,搶奪,6,official_final,105年中華民國刑案統計（全書）,cib_crime_statistics_2016_full.pdf,"當年發生件數 (current-year occurrences), PDF page 100; supplemental reports excluded.",official_annual_county,警政署／刑事警察局年度正式統計
2016,南投縣,住宅竊盜,121,official_final,105年中華民國刑案統計（全書）,cib_crime_statistics_2016_full.pdf,"當年發生件數 (current-year occurrences), PDF page 143; supplemental reports excluded.",official_annual_county,警政署／刑事警察局年度正式統計
2016,南投縣,汽車竊盜,126,official_final,105年中華民國刑案統計（全書）,cib_crime_statistics_2016_full.pdf,"當年發生件數 (current-year occurrences), PDF page 96; supplemental reports excluded.",official_annual_county,警政署／刑事警察局年度正式統計
2016,南投縣,機車竊盜,292,official_final,105年中華民國刑案統計（全書）,cib_crime_statistics_2016_full.pdf,"當年發生件數 (current-year occurrences), PDF page 97; supplemental reports excluded.",official_annual_county,警政署／刑事警察局年度正式統計
2016,南投縣,強制性交,19,official_final,105年中華民國刑案統計（全書）,cib_crime_statistics_2016_full.pdf,"當年發生件數 (current-year occurrences), PDF page 110; supplemental reports excluded.",official_annual_county,警政署／刑事警察局年度正式統計
2016,嘉義市,毒品,743,official_final,105年中華民國刑案統計（全書）,cib_crime_statistics_2016_full.pdf,"當年發生件數 (current-year occurrences), PDF page 103; supplemental reports excluded.",official_annual_county,警政署／刑事警察局年度正式統計
2016,嘉義市,強盜,5,official_final,105年中華民國刑案統計（全書）,cib_crime_statistics_2016_full.pdf,"當年發生件數 (current-year occurrences), PDF page 99; supplemental reports excluded.",official_annual_county,警政署／刑事警察局年度正式統計
2016,嘉義市,搶奪,0,official_final,105年中華民國刑案統計（全書）,cib_crime_statistics_2016_full.pdf,"當年發生件數 (current-year occurrences), PDF page 100; supplemental reports excluded.",official_annual_county,警政署／刑事警察局年度正式統計
2016,嘉義市,住宅竊盜,28,official_final,105年中華民國刑案統計（全書）,cib_crime_statistics_2016_full.pdf,"當年發生件數 (current-year occurrences), PDF page 143; supplemental reports excluded.",official_annual_county,警政署／刑事警察局年度正式統計
2016,嘉義市,汽車竊盜,77,official_final,105年中華民國刑案統計（全書）,cib_crime_statistics_2016_full.pdf,"當年發生件數 (current-year occurrences), PDF page 96; supplemental reports excluded.",official_annual_county,警政署／刑事警察局年度正式統計
2016,嘉義市,機車竊盜,114,official_final,105年中華民國刑案統計（全書）,cib_crime_statistics_2016_full.pdf,"當年發生件數 (current-year occurrences), PDF page 97; supplemental reports excluded.",official_annual_county,警政署／刑事警察局年度正式統計
2016,嘉義市,強制性交,15,official_final,105年中華民國刑案統計（全書）,cib_crime_statistics_2016_full.pdf,"當年發生件數 (current-year occurrences), PDF page 110; supplemental reports excluded.",official_annual_county,警政署／刑事警察局年度正式統計
2016,嘉義縣,毒品,950,official_final,105年中華民國刑案統計（全書）,cib_crime_statistics_2016_full.pdf,"當年發生件數 (current-year occurrences), PDF page 103; supplemental reports excluded.",official_annual_county,警政署／刑事警察局年度正式統計
2016,嘉義縣,強盜,0,official_final,105年中華民國刑案統計（全書）,cib_crime_statistics_2016_full.pdf,"當年發生件數 (current-year occurrences), PDF page 99; supplemental reports excluded.",official_annual_county,警政署／刑事警察局年度正式統計
2016,嘉義縣,搶奪,3,official_final,105年中華民國刑案統計（全書）,cib_crime_statistics_2016_full.pdf,"當年發生件數 (current-year occurrences), PDF page 100; supplemental reports excluded.",official_annual_county,警政署／刑事警察局年度正式統計
2016,嘉義縣,住宅竊盜,38,official_final,105年中華民國刑案統計（全書）,cib_crime_statistics_2016_full.pdf,"當年發生件數 (current-year occurrences), PDF page 143; supplemental reports excluded.",official_annual_county,警政署／刑事警察局年度正式統計
2016,嘉義縣,汽車竊盜,74,official_final,105年中華民國刑案統計（全書）,cib_crime_statistics_2016_full.pdf,"當年發生件數 (current-year occurrences), PDF page 96; supplemental reports excluded.",official_annual_county,警政署／刑事警察局年度正式統計
2016,嘉義縣,機車竊盜,125,official_final,105年中華民國刑案統計（全書）,cib_crime_statistics_2016_full.pdf,"當年發生件數 (current-year occurrences), PDF page 97; supplemental reports excluded.",official_annual_county,警政署／刑事警察局年度正式統計
2016,嘉義縣,強制性交,18,official_final,105年中華民國刑案統計（全書）,cib_crime_statistics_2016_full.pdf,"當年發生件數 (current-year occurrences), PDF page 110; supplemental reports excluded.",official_annual_county,警政署／刑事警察局年度正式統計
2016,基隆市,毒品,1752,official_final,105年中華民國刑案統計（全書）,cib_crime_statistics_2016_full.pdf,"當年發生件數 (current-year occurrences), PDF page 103; supplemental reports excluded.",official_annual_county,警政署／刑事警察局年度正式統計
2016,基隆市,強盜,9,official_final,105年中華民國刑案統計（全書）,cib_crime_statistics_2016_full.pdf,"當年發生件數 (current-year occurrences), PDF page 99; supplemental reports excluded.",official_annual_county,警政署／刑事警察局年度正式統計
2016,基隆市,搶奪,3,official_final,105年中華民國刑案統計（全書）,cib_crime_statistics_2016_full.pdf,"當年發生件數 (current-year occurrences), PDF page 100; supplemental reports excluded.",official_annual_county,警政署／刑事警察局年度正式統計
2016,基隆市,住宅竊盜,101,official_final,105年中華民國刑案統計（全書）,cib_crime_statistics_2016_full.pdf,"當年發生件數 (current-year occurrences), PDF page 143; supplemental reports excluded.",official_annual_county,警政署／刑事警察局年度正式統計
2016,基隆市,汽車竊盜,22,official_final,105年中華民國刑案統計（全書）,cib_crime_statistics_2016_full.pdf,"當年發生件數 (current-year occurrences), PDF page 96; supplemental reports excluded.",official_annual_county,警政署／刑事警察局年度正式統計
2016,基隆市,機車竊盜,243,official_final,105年中華民國刑案統計（全書）,cib_crime_statistics_2016_full.pdf,"當年發生件數 (current-year occurrences), PDF page 97; supplemental reports excluded.",official_annual_county,警政署／刑事警察局年度正式統計
2016,基隆市,強制性交,19,official_final,105年中華民國刑案統計（全書）,cib_crime_statistics_2016_full.pdf,"當年發生件數 (current-year occurrences), PDF page 110; supplemental reports excluded.",official_annual_county,警政署／刑事警察局年度正式統計
2016,宜蘭縣,毒品,964,official_final,105年中華民國刑案統計（全書）,cib_crime_statistics_2016_full.pdf,"當年發生件數 (current-year occurrences), PDF page 103; supplemental reports excluded.",official_annual_county,警政署／刑事警察局年度正式統計
2016,宜蘭縣,強盜,7,official_final,105年中華民國刑案統計（全書）,cib_crime_statistics_2016_full.pdf,"當年發生件數 (current-year occurrences), PDF page 99; supplemental reports excluded.",official_annual_county,警政署／刑事警察局年度正式統計
2016,宜蘭縣,搶奪,5,official_final,105年中華民國刑案統計（全書）,cib_crime_statistics_2016_full.pdf,"當年發生件數 (current-year occurrences), PDF page 100; supplemental reports excluded.",official_annual_county,警政署／刑事警察局年度正式統計
2016,宜蘭縣,住宅竊盜,119,official_final,105年中華民國刑案統計（全書）,cib_crime_statistics_2016_full.pdf,"當年發生件數 (current-year occurrences), PDF page 143; supplemental reports excluded.",official_annual_county,警政署／刑事警察局年度正式統計
2016,宜蘭縣,汽車竊盜,114,official_final,105年中華民國刑案統計（全書）,cib_crime_statistics_2016_full.pdf,"當年發生件數 (current-year occurrences), PDF page 96; supplemental reports excluded.",official_annual_county,警政署／刑事警察局年度正式統計
2016,宜蘭縣,機車竊盜,222,official_final,105年中華民國刑案統計（全書）,cib_crime_statistics_2016_full.pdf,"當年發生件數 (current-year occurrences), PDF page 97; supplemental reports excluded.",official_annual_county,警政署／刑事警察局年度正式統計
2016,宜蘭縣,強制性交,14,official_final,105年中華民國刑案統計（全書）,cib_crime_statistics_2016_full.pdf,"當年發生件數 (current-year occurrences), PDF page 110; supplemental reports excluded.",official_annual_county,警政署／刑事警察局年度正式統計
2016,屏東縣,毒品,2505,official_final,105年中華民國刑案統計（全書）,cib_crime_statistics_2016_full.pdf,"當年發生件數 (current-year occurrences), PDF page 103; supplemental reports excluded.",official_annual_county,警政署／刑事警察局年度正式統計
2016,屏東縣,強盜,9,official_final,105年中華民國刑案統計（全書）,cib_crime_statistics_2016_full.pdf,"當年發生件數 (current-year occurrences), PDF page 99; supplemental reports excluded.",official_annual_county,警政署／刑事警察局年度正式統計
2016,屏東縣,搶奪,15,official_final,105年中華民國刑案統計（全書）,cib_crime_statistics_2016_full.pdf,"當年發生件數 (current-year occurrences), PDF page 100; supplemental reports excluded.",official_annual_county,警政署／刑事警察局年度正式統計
2016,屏東縣,住宅竊盜,75,official_final,105年中華民國刑案統計（全書）,cib_crime_statistics_2016_full.pdf,"當年發生件數 (current-year occurrences), PDF page 143; supplemental reports excluded.",official_annual_county,警政署／刑事警察局年度正式統計
2016,屏東縣,汽車竊盜,238,official_final,105年中華民國刑案統計（全書）,cib_crime_statistics_2016_full.pdf,"當年發生件數 (current-year occurrences), PDF page 96; supplemental reports excluded.",official_annual_county,警政署／刑事警察局年度正式統計
2016,屏東縣,機車竊盜,485,official_final,105年中華民國刑案統計（全書）,cib_crime_statistics_2016_full.pdf,"當年發生件數 (current-year occurrences), PDF page 97; supplemental reports excluded.",official_annual_county,警政署／刑事警察局年度正式統計
2016,屏東縣,強制性交,3,official_final,105年中華民國刑案統計（全書）,cib_crime_statistics_2016_full.pdf,"當年發生件數 (current-year occurrences), PDF page 110; supplemental reports excluded.",official_annual_county,警政署／刑事警察局年度正式統計
2016,彰化縣,毒品,2209,official_final,105年中華民國刑案統計（全書）,cib_crime_statistics_2016_full.pdf,"當年發生件數 (current-year occurrences), PDF page 103; supplemental reports excluded.",official_annual_county,警政署／刑事警察局年度正式統計
2016,彰化縣,強盜,12,official_final,105年中華民國刑案統計（全書）,cib_crime_statistics_2016_full.pdf,"當年發生件數 (current-year occurrences), PDF page 99; supplemental reports excluded.",official_annual_county,警政署／刑事警察局年度正式統計
2016,彰化縣,搶奪,19,official_final,105年中華民國刑案統計（全書）,cib_crime_statistics_2016_full.pdf,"當年發生件數 (current-year occurrences), PDF page 100; supplemental reports excluded.",official_annual_county,警政署／刑事警察局年度正式統計
2016,彰化縣,住宅竊盜,129,official_final,105年中華民國刑案統計（全書）,cib_crime_statistics_2016_full.pdf,"當年發生件數 (current-year occurrences), PDF page 143; supplemental reports excluded.",official_annual_county,警政署／刑事警察局年度正式統計
2016,彰化縣,汽車竊盜,136,official_final,105年中華民國刑案統計（全書）,cib_crime_statistics_2016_full.pdf,"當年發生件數 (current-year occurrences), PDF page 96; supplemental reports excluded.",official_annual_county,警政署／刑事警察局年度正式統計
2016,彰化縣,機車竊盜,340,official_final,105年中華民國刑案統計（全書）,cib_crime_statistics_2016_full.pdf,"當年發生件數 (current-year occurrences), PDF page 97; supplemental reports excluded.",official_annual_county,警政署／刑事警察局年度正式統計
2016,彰化縣,強制性交,26,official_final,105年中華民國刑案統計（全書）,cib_crime_statistics_2016_full.pdf,"當年發生件數 (current-year occurrences), PDF page 110; supplemental reports excluded.",official_annual_county,警政署／刑事警察局年度正式統計
2016,新北市,毒品,10034,official_final,105年中華民國刑案統計（全書）,cib_crime_statistics_2016_full.pdf,"當年發生件數 (current-year occurrences), PDF page 103; supplemental reports excluded.",official_annual_county,警政署／刑事警察局年度正式統計
2016,新北市,強盜,61,official_final,105年中華民國刑案統計（全書）,cib_crime_statistics_2016_full.pdf,"當年發生件數 (current-year occurrences), PDF page 99; supplemental reports excluded.",official_annual_county,警政署／刑事警察局年度正式統計
2016,新北市,搶奪,49,official_final,105年中華民國刑案統計（全書）,cib_crime_statistics_2016_full.pdf,"當年發生件數 (current-year occurrences), PDF page 100; supplemental reports excluded.",official_annual_county,警政署／刑事警察局年度正式統計
2016,新北市,住宅竊盜,955,official_final,105年中華民國刑案統計（全書）,cib_crime_statistics_2016_full.pdf,"當年發生件數 (current-year occurrences), PDF page 143; supplemental reports excluded.",official_annual_county,警政署／刑事警察局年度正式統計
2016,新北市,汽車竊盜,409,official_final,105年中華民國刑案統計（全書）,cib_crime_statistics_2016_full.pdf,"當年發生件數 (current-year occurrences), PDF page 96; supplemental reports excluded.",official_annual_county,警政署／刑事警察局年度正式統計
2016,新北市,機車竊盜,2464,official_final,105年中華民國刑案統計（全書）,cib_crime_statistics_2016_full.pdf,"當年發生件數 (current-year occurrences), PDF page 97; supplemental reports excluded.",official_annual_county,警政署／刑事警察局年度正式統計
2016,新北市,強制性交,42,official_final,105年中華民國刑案統計（全書）,cib_crime_statistics_2016_full.pdf,"當年發生件數 (current-year occurrences), PDF page 110; supplemental reports excluded.",official_annual_county,警政署／刑事警察局年度正式統計
2016,新竹市,毒品,567,official_final,105年中華民國刑案統計（全書）,cib_crime_statistics_2016_full.pdf,"當年發生件數 (current-year occurrences), PDF page 103; supplemental reports excluded.",official_annual_county,警政署／刑事警察局年度正式統計
2016,新竹市,強盜,3,official_final,105年中華民國刑案統計（全書）,cib_crime_statistics_2016_full.pdf,"當年發生件數 (current-year occurrences), PDF page 99; supplemental reports excluded.",official_annual_county,警政署／刑事警察局年度正式統計
2016,新竹市,搶奪,9,official_final,105年中華民國刑案統計（全書）,cib_crime_statistics_2016_full.pdf,"當年發生件數 (current-year occurrences), PDF page 100; supplemental reports excluded.",official_annual_county,警政署／刑事警察局年度正式統計
2016,新竹市,住宅竊盜,116,official_final,105年中華民國刑案統計（全書）,cib_crime_statistics_2016_full.pdf,"當年發生件數 (current-year occurrences), PDF page 143; supplemental reports excluded.",official_annual_county,警政署／刑事警察局年度正式統計
2016,新竹市,汽車竊盜,110,official_final,105年中華民國刑案統計（全書）,cib_crime_statistics_2016_full.pdf,"當年發生件數 (current-year occurrences), PDF page 96; supplemental reports excluded.",official_annual_county,警政署／刑事警察局年度正式統計
2016,新竹市,機車竊盜,397,official_final,105年中華民國刑案統計（全書）,cib_crime_statistics_2016_full.pdf,"當年發生件數 (current-year occurrences), PDF page 97; supplemental reports excluded.",official_annual_county,警政署／刑事警察局年度正式統計
2016,新竹市,強制性交,2,official_final,105年中華民國刑案統計（全書）,cib_crime_statistics_2016_full.pdf,"當年發生件數 (current-year occurrences), PDF page 110; supplemental reports excluded.",official_annual_county,警政署／刑事警察局年度正式統計
2016,新竹縣,毒品,1209,official_final,105年中華民國刑案統計（全書）,cib_crime_statistics_2016_full.pdf,"當年發生件數 (current-year occurrences), PDF page 103; supplemental reports excluded.",official_annual_county,警政署／刑事警察局年度正式統計
2016,新竹縣,強盜,12,official_final,105年中華民國刑案統計（全書）,cib_crime_statistics_2016_full.pdf,"當年發生件數 (current-year occurrences), PDF page 99; supplemental reports excluded.",official_annual_county,警政署／刑事警察局年度正式統計
2016,新竹縣,搶奪,11,official_final,105年中華民國刑案統計（全書）,cib_crime_statistics_2016_full.pdf,"當年發生件數 (current-year occurrences), PDF page 100; supplemental reports excluded.",official_annual_county,警政署／刑事警察局年度正式統計
2016,新竹縣,住宅竊盜,114,official_final,105年中華民國刑案統計（全書）,cib_crime_statistics_2016_full.pdf,"當年發生件數 (current-year occurrences), PDF page 143; supplemental reports excluded.",official_annual_county,警政署／刑事警察局年度正式統計
2016,新竹縣,汽車竊盜,350,official_final,105年中華民國刑案統計（全書）,cib_crime_statistics_2016_full.pdf,"當年發生件數 (current-year occurrences), PDF page 96; supplemental reports excluded.",official_annual_county,警政署／刑事警察局年度正式統計
2016,新竹縣,機車竊盜,466,official_final,105年中華民國刑案統計（全書）,cib_crime_statistics_2016_full.pdf,"當年發生件數 (current-year occurrences), PDF page 97; supplemental reports excluded.",official_annual_county,警政署／刑事警察局年度正式統計
2016,新竹縣,強制性交,7,official_final,105年中華民國刑案統計（全書）,cib_crime_statistics_2016_full.pdf,"當年發生件數 (current-year occurrences), PDF page 110; supplemental reports excluded.",official_annual_county,警政署／刑事警察局年度正式統計
2016,桃園市,毒品,5614,official_final,105年中華民國刑案統計（全書）,cib_crime_statistics_2016_full.pdf,"當年發生件數 (current-year occurrences), PDF page 103; supplemental reports excluded.",official_annual_county,警政署／刑事警察局年度正式統計
2016,桃園市,強盜,29,official_final,105年中華民國刑案統計（全書）,cib_crime_statistics_2016_full.pdf,"當年發生件數 (current-year occurrences), PDF page 99; supplemental reports excluded.",official_annual_county,警政署／刑事警察局年度正式統計
2016,桃園市,搶奪,22,official_final,105年中華民國刑案統計（全書）,cib_crime_statistics_2016_full.pdf,"當年發生件數 (current-year occurrences), PDF page 100; supplemental reports excluded.",official_annual_county,警政署／刑事警察局年度正式統計
2016,桃園市,住宅竊盜,253,official_final,105年中華民國刑案統計（全書）,cib_crime_statistics_2016_full.pdf,"當年發生件數 (current-year occurrences), PDF page 143; supplemental reports excluded.",official_annual_county,警政署／刑事警察局年度正式統計
2016,桃園市,汽車竊盜,1021,official_final,105年中華民國刑案統計（全書）,cib_crime_statistics_2016_full.pdf,"當年發生件數 (current-year occurrences), PDF page 96; supplemental reports excluded.",official_annual_county,警政署／刑事警察局年度正式統計
2016,桃園市,機車竊盜,2732,official_final,105年中華民國刑案統計（全書）,cib_crime_statistics_2016_full.pdf,"當年發生件數 (current-year occurrences), PDF page 97; supplemental reports excluded.",official_annual_county,警政署／刑事警察局年度正式統計
2016,桃園市,強制性交,16,official_final,105年中華民國刑案統計（全書）,cib_crime_statistics_2016_full.pdf,"當年發生件數 (current-year occurrences), PDF page 110; supplemental reports excluded.",official_annual_county,警政署／刑事警察局年度正式統計
2016,澎湖縣,毒品,64,official_final,105年中華民國刑案統計（全書）,cib_crime_statistics_2016_full.pdf,"當年發生件數 (current-year occurrences), PDF page 103; supplemental reports excluded.",official_annual_county,警政署／刑事警察局年度正式統計
2016,澎湖縣,強盜,0,official_final,105年中華民國刑案統計（全書）,cib_crime_statistics_2016_full.pdf,"當年發生件數 (current-year occurrences), PDF page 99; supplemental reports excluded.",official_annual_county,警政署／刑事警察局年度正式統計
2016,澎湖縣,搶奪,0,official_final,105年中華民國刑案統計（全書）,cib_crime_statistics_2016_full.pdf,"當年發生件數 (current-year occurrences), PDF page 100; supplemental reports excluded.",official_annual_county,警政署／刑事警察局年度正式統計
2016,澎湖縣,住宅竊盜,32,official_final,105年中華民國刑案統計（全書）,cib_crime_statistics_2016_full.pdf,"當年發生件數 (current-year occurrences), PDF page 143; supplemental reports excluded.",official_annual_county,警政署／刑事警察局年度正式統計
2016,澎湖縣,汽車竊盜,8,official_final,105年中華民國刑案統計（全書）,cib_crime_statistics_2016_full.pdf,"當年發生件數 (current-year occurrences), PDF page 96; supplemental reports excluded.",official_annual_county,警政署／刑事警察局年度正式統計
2016,澎湖縣,機車竊盜,24,official_final,105年中華民國刑案統計（全書）,cib_crime_statistics_2016_full.pdf,"當年發生件數 (current-year occurrences), PDF page 97; supplemental reports excluded.",official_annual_county,警政署／刑事警察局年度正式統計
2016,澎湖縣,強制性交,5,official_final,105年中華民國刑案統計（全書）,cib_crime_statistics_2016_full.pdf,"當年發生件數 (current-year occurrences), PDF page 110; supplemental reports excluded.",official_annual_county,警政署／刑事警察局年度正式統計
2016,臺中市,毒品,4277,official_final,105年中華民國刑案統計（全書）,cib_crime_statistics_2016_full.pdf,"當年發生件數 (current-year occurrences), PDF page 103; supplemental reports excluded.",official_annual_county,警政署／刑事警察局年度正式統計
2016,臺中市,強盜,25,official_final,105年中華民國刑案統計（全書）,cib_crime_statistics_2016_full.pdf,"當年發生件數 (current-year occurrences), PDF page 99; supplemental reports excluded.",official_annual_county,警政署／刑事警察局年度正式統計
2016,臺中市,搶奪,23,official_final,105年中華民國刑案統計（全書）,cib_crime_statistics_2016_full.pdf,"當年發生件數 (current-year occurrences), PDF page 100; supplemental reports excluded.",official_annual_county,警政署／刑事警察局年度正式統計
2016,臺中市,住宅竊盜,203,official_final,105年中華民國刑案統計（全書）,cib_crime_statistics_2016_full.pdf,"當年發生件數 (current-year occurrences), PDF page 143; supplemental reports excluded.",official_annual_county,警政署／刑事警察局年度正式統計
2016,臺中市,汽車竊盜,247,official_final,105年中華民國刑案統計（全書）,cib_crime_statistics_2016_full.pdf,"當年發生件數 (current-year occurrences), PDF page 96; supplemental reports excluded.",official_annual_county,警政署／刑事警察局年度正式統計
2016,臺中市,機車竊盜,1312,official_final,105年中華民國刑案統計（全書）,cib_crime_statistics_2016_full.pdf,"當年發生件數 (current-year occurrences), PDF page 97; supplemental reports excluded.",official_annual_county,警政署／刑事警察局年度正式統計
2016,臺中市,強制性交,37,official_final,105年中華民國刑案統計（全書）,cib_crime_statistics_2016_full.pdf,"當年發生件數 (current-year occurrences), PDF page 110; supplemental reports excluded.",official_annual_county,警政署／刑事警察局年度正式統計
2016,臺北市,毒品,4517,official_final,105年中華民國刑案統計（全書）,cib_crime_statistics_2016_full.pdf,"當年發生件數 (current-year occurrences), PDF page 103; supplemental reports excluded.",official_annual_county,警政署／刑事警察局年度正式統計
2016,臺北市,強盜,33,official_final,105年中華民國刑案統計（全書）,cib_crime_statistics_2016_full.pdf,"當年發生件數 (current-year occurrences), PDF page 99; supplemental reports excluded.",official_annual_county,警政署／刑事警察局年度正式統計
2016,臺北市,搶奪,25,official_final,105年中華民國刑案統計（全書）,cib_crime_statistics_2016_full.pdf,"當年發生件數 (current-year occurrences), PDF page 100; supplemental reports excluded.",official_annual_county,警政署／刑事警察局年度正式統計
2016,臺北市,住宅竊盜,576,official_final,105年中華民國刑案統計（全書）,cib_crime_statistics_2016_full.pdf,"當年發生件數 (current-year occurrences), PDF page 143; supplemental reports excluded.",official_annual_county,警政署／刑事警察局年度正式統計
2016,臺北市,汽車竊盜,93,official_final,105年中華民國刑案統計（全書）,cib_crime_statistics_2016_full.pdf,"當年發生件數 (current-year occurrences), PDF page 96; supplemental reports excluded.",official_annual_county,警政署／刑事警察局年度正式統計
2016,臺北市,機車竊盜,796,official_final,105年中華民國刑案統計（全書）,cib_crime_statistics_2016_full.pdf,"當年發生件數 (current-year occurrences), PDF page 97; supplemental reports excluded.",official_annual_county,警政署／刑事警察局年度正式統計
2016,臺北市,強制性交,62,official_final,105年中華民國刑案統計（全書）,cib_crime_statistics_2016_full.pdf,"當年發生件數 (current-year occurrences), PDF page 110; supplemental reports excluded.",official_annual_county,警政署／刑事警察局年度正式統計
2016,臺南市,毒品,2569,official_final,105年中華民國刑案統計（全書）,cib_crime_statistics_2016_full.pdf,"當年發生件數 (current-year occurrences), PDF page 103; supplemental reports excluded.",official_annual_county,警政署／刑事警察局年度正式統計
2016,臺南市,強盜,35,official_final,105年中華民國刑案統計（全書）,cib_crime_statistics_2016_full.pdf,"當年發生件數 (current-year occurrences), PDF page 99; supplemental reports excluded.",official_annual_county,警政署／刑事警察局年度正式統計
2016,臺南市,搶奪,23,official_final,105年中華民國刑案統計（全書）,cib_crime_statistics_2016_full.pdf,"當年發生件數 (current-year occurrences), PDF page 100; supplemental reports excluded.",official_annual_county,警政署／刑事警察局年度正式統計
2016,臺南市,住宅竊盜,418,official_final,105年中華民國刑案統計（全書）,cib_crime_statistics_2016_full.pdf,"當年發生件數 (current-year occurrences), PDF page 143; supplemental reports excluded.",official_annual_county,警政署／刑事警察局年度正式統計
2016,臺南市,汽車竊盜,291,official_final,105年中華民國刑案統計（全書）,cib_crime_statistics_2016_full.pdf,"當年發生件數 (current-year occurrences), PDF page 96; supplemental reports excluded.",official_annual_county,警政署／刑事警察局年度正式統計
2016,臺南市,機車竊盜,1022,official_final,105年中華民國刑案統計（全書）,cib_crime_statistics_2016_full.pdf,"當年發生件數 (current-year occurrences), PDF page 97; supplemental reports excluded.",official_annual_county,警政署／刑事警察局年度正式統計
2016,臺南市,強制性交,33,official_final,105年中華民國刑案統計（全書）,cib_crime_statistics_2016_full.pdf,"當年發生件數 (current-year occurrences), PDF page 110; supplemental reports excluded.",official_annual_county,警政署／刑事警察局年度正式統計
2016,臺東縣,毒品,415,official_final,105年中華民國刑案統計（全書）,cib_crime_statistics_2016_full.pdf,"當年發生件數 (current-year occurrences), PDF page 103; supplemental reports excluded.",official_annual_county,警政署／刑事警察局年度正式統計
2016,臺東縣,強盜,1,official_final,105年中華民國刑案統計（全書）,cib_crime_statistics_2016_full.pdf,"當年發生件數 (current-year occurrences), PDF page 99; supplemental reports excluded.",official_annual_county,警政署／刑事警察局年度正式統計
2016,臺東縣,搶奪,0,official_final,105年中華民國刑案統計（全書）,cib_crime_statistics_2016_full.pdf,"當年發生件數 (current-year occurrences), PDF page 100; supplemental reports excluded.",official_annual_county,警政署／刑事警察局年度正式統計
2016,臺東縣,住宅竊盜,18,official_final,105年中華民國刑案統計（全書）,cib_crime_statistics_2016_full.pdf,"當年發生件數 (current-year occurrences), PDF page 143; supplemental reports excluded.",official_annual_county,警政署／刑事警察局年度正式統計
2016,臺東縣,汽車竊盜,17,official_final,105年中華民國刑案統計（全書）,cib_crime_statistics_2016_full.pdf,"當年發生件數 (current-year occurrences), PDF page 96; supplemental reports excluded.",official_annual_county,警政署／刑事警察局年度正式統計
2016,臺東縣,機車竊盜,126,official_final,105年中華民國刑案統計（全書）,cib_crime_statistics_2016_full.pdf,"當年發生件數 (current-year occurrences), PDF page 97; supplemental reports excluded.",official_annual_county,警政署／刑事警察局年度正式統計
2016,臺東縣,強制性交,1,official_final,105年中華民國刑案統計（全書）,cib_crime_statistics_2016_full.pdf,"當年發生件數 (current-year occurrences), PDF page 110; supplemental reports excluded.",official_annual_county,警政署／刑事警察局年度正式統計
2016,花蓮縣,毒品,1238,official_final,105年中華民國刑案統計（全書）,cib_crime_statistics_2016_full.pdf,"當年發生件數 (current-year occurrences), PDF page 103; supplemental reports excluded.",official_annual_county,警政署／刑事警察局年度正式統計
2016,花蓮縣,強盜,5,official_final,105年中華民國刑案統計（全書）,cib_crime_statistics_2016_full.pdf,"當年發生件數 (current-year occurrences), PDF page 99; supplemental reports excluded.",official_annual_county,警政署／刑事警察局年度正式統計
2016,花蓮縣,搶奪,2,official_final,105年中華民國刑案統計（全書）,cib_crime_statistics_2016_full.pdf,"當年發生件數 (current-year occurrences), PDF page 100; supplemental reports excluded.",official_annual_county,警政署／刑事警察局年度正式統計
2016,花蓮縣,住宅竊盜,108,official_final,105年中華民國刑案統計（全書）,cib_crime_statistics_2016_full.pdf,"當年發生件數 (current-year occurrences), PDF page 143; supplemental reports excluded.",official_annual_county,警政署／刑事警察局年度正式統計
2016,花蓮縣,汽車竊盜,72,official_final,105年中華民國刑案統計（全書）,cib_crime_statistics_2016_full.pdf,"當年發生件數 (current-year occurrences), PDF page 96; supplemental reports excluded.",official_annual_county,警政署／刑事警察局年度正式統計
2016,花蓮縣,機車竊盜,142,official_final,105年中華民國刑案統計（全書）,cib_crime_statistics_2016_full.pdf,"當年發生件數 (current-year occurrences), PDF page 97; supplemental reports excluded.",official_annual_county,警政署／刑事警察局年度正式統計
2016,花蓮縣,強制性交,11,official_final,105年中華民國刑案統計（全書）,cib_crime_statistics_2016_full.pdf,"當年發生件數 (current-year occurrences), PDF page 110; supplemental reports excluded.",official_annual_county,警政署／刑事警察局年度正式統計
2016,苗栗縣,毒品,1126,official_final,105年中華民國刑案統計（全書）,cib_crime_statistics_2016_full.pdf,"當年發生件數 (current-year occurrences), PDF page 103; supplemental reports excluded.",official_annual_county,警政署／刑事警察局年度正式統計
2016,苗栗縣,強盜,8,official_final,105年中華民國刑案統計（全書）,cib_crime_statistics_2016_full.pdf,"當年發生件數 (current-year occurrences), PDF page 99; supplemental reports excluded.",official_annual_county,警政署／刑事警察局年度正式統計
2016,苗栗縣,搶奪,4,official_final,105年中華民國刑案統計（全書）,cib_crime_statistics_2016_full.pdf,"當年發生件數 (current-year occurrences), PDF page 100; supplemental reports excluded.",official_annual_county,警政署／刑事警察局年度正式統計
2016,苗栗縣,住宅竊盜,110,official_final,105年中華民國刑案統計（全書）,cib_crime_statistics_2016_full.pdf,"當年發生件數 (current-year occurrences), PDF page 143; supplemental reports excluded.",official_annual_county,警政署／刑事警察局年度正式統計
2016,苗栗縣,汽車竊盜,160,official_final,105年中華民國刑案統計（全書）,cib_crime_statistics_2016_full.pdf,"當年發生件數 (current-year occurrences), PDF page 96; supplemental reports excluded.",official_annual_county,警政署／刑事警察局年度正式統計
2016,苗栗縣,機車竊盜,272,official_final,105年中華民國刑案統計（全書）,cib_crime_statistics_2016_full.pdf,"當年發生件數 (current-year occurrences), PDF page 97; supplemental reports excluded.",official_annual_county,警政署／刑事警察局年度正式統計
2016,苗栗縣,強制性交,7,official_final,105年中華民國刑案統計（全書）,cib_crime_statistics_2016_full.pdf,"當年發生件數 (current-year occurrences), PDF page 110; supplemental reports excluded.",official_annual_county,警政署／刑事警察局年度正式統計
2016,連江縣,毒品,11,official_final,105年中華民國刑案統計（全書）,cib_crime_statistics_2016_full.pdf,"當年發生件數 (current-year occurrences), PDF page 103; supplemental reports excluded.",official_annual_county,警政署／刑事警察局年度正式統計
2016,連江縣,強盜,0,official_final,105年中華民國刑案統計（全書）,cib_crime_statistics_2016_full.pdf,"當年發生件數 (current-year occurrences), PDF page 99; supplemental reports excluded.",official_annual_county,警政署／刑事警察局年度正式統計
2016,連江縣,搶奪,0,official_final,105年中華民國刑案統計（全書）,cib_crime_statistics_2016_full.pdf,"當年發生件數 (current-year occurrences), PDF page 100; supplemental reports excluded.",official_annual_county,警政署／刑事警察局年度正式統計
2016,連江縣,住宅竊盜,2,official_final,105年中華民國刑案統計（全書）,cib_crime_statistics_2016_full.pdf,"當年發生件數 (current-year occurrences), PDF page 143; supplemental reports excluded.",official_annual_county,警政署／刑事警察局年度正式統計
2016,連江縣,汽車竊盜,0,official_final,105年中華民國刑案統計（全書）,cib_crime_statistics_2016_full.pdf,"當年發生件數 (current-year occurrences), PDF page 96; supplemental reports excluded.",official_annual_county,警政署／刑事警察局年度正式統計
2016,連江縣,機車竊盜,1,official_final,105年中華民國刑案統計（全書）,cib_crime_statistics_2016_full.pdf,"當年發生件數 (current-year occurrences), PDF page 97; supplemental reports excluded.",official_annual_county,警政署／刑事警察局年度正式統計
2016,連江縣,強制性交,0,official_final,105年中華民國刑案統計（全書）,cib_crime_statistics_2016_full.pdf,"當年發生件數 (current-year occurrences), PDF page 110; supplemental reports excluded.",official_annual_county,警政署／刑事警察局年度正式統計
2016,金門縣,毒品,137,official_final,105年中華民國刑案統計（全書）,cib_crime_statistics_2016_full.pdf,"當年發生件數 (current-year occurrences), PDF page 103; supplemental reports excluded.",official_annual_county,警政署／刑事警察局年度正式統計
2016,金門縣,強盜,0,official_final,105年中華民國刑案統計（全書）,cib_crime_statistics_2016_full.pdf,"當年發生件數 (current-year occurrences), PDF page 99; supplemental reports excluded.",official_annual_county,警政署／刑事警察局年度正式統計
2016,金門縣,搶奪,1,official_final,105年中華民國刑案統計（全書）,cib_crime_statistics_2016_full.pdf,"當年發生件數 (current-year occurrences), PDF page 100; supplemental reports excluded.",official_annual_county,警政署／刑事警察局年度正式統計
2016,金門縣,住宅竊盜,33,official_final,105年中華民國刑案統計（全書）,cib_crime_statistics_2016_full.pdf,"當年發生件數 (current-year occurrences), PDF page 143; supplemental reports excluded.",official_annual_county,警政署／刑事警察局年度正式統計
2016,金門縣,汽車竊盜,5,official_final,105年中華民國刑案統計（全書）,cib_crime_statistics_2016_full.pdf,"當年發生件數 (current-year occurrences), PDF page 96; supplemental reports excluded.",official_annual_county,警政署／刑事警察局年度正式統計
2016,金門縣,機車竊盜,24,official_final,105年中華民國刑案統計（全書）,cib_crime_statistics_2016_full.pdf,"當年發生件數 (current-year occurrences), PDF page 97; supplemental reports excluded.",official_annual_county,警政署／刑事警察局年度正式統計
2016,金門縣,強制性交,8,official_final,105年中華民國刑案統計（全書）,cib_crime_statistics_2016_full.pdf,"當年發生件數 (current-year occurrences), PDF page 110; supplemental reports excluded.",official_annual_county,警政署／刑事警察局年度正式統計
2016,雲林縣,毒品,1602,official_final,105年中華民國刑案統計（全書）,cib_crime_statistics_2016_full.pdf,"當年發生件數 (current-year occurrences), PDF page 103; supplemental reports excluded.",official_annual_county,警政署／刑事警察局年度正式統計
2016,雲林縣,強盜,15,official_final,105年中華民國刑案統計（全書）,cib_crime_statistics_2016_full.pdf,"當年發生件數 (current-year occurrences), PDF page 99; supplemental reports excluded.",official_annual_county,警政署／刑事警察局年度正式統計
2016,雲林縣,搶奪,9,official_final,105年中華民國刑案統計（全書）,cib_crime_statistics_2016_full.pdf,"當年發生件數 (current-year occurrences), PDF page 100; supplemental reports excluded.",official_annual_county,警政署／刑事警察局年度正式統計
2016,雲林縣,住宅竊盜,158,official_final,105年中華民國刑案統計（全書）,cib_crime_statistics_2016_full.pdf,"當年發生件數 (current-year occurrences), PDF page 143; supplemental reports excluded.",official_annual_county,警政署／刑事警察局年度正式統計
2016,雲林縣,汽車竊盜,93,official_final,105年中華民國刑案統計（全書）,cib_crime_statistics_2016_full.pdf,"當年發生件數 (current-year occurrences), PDF page 96; supplemental reports excluded.",official_annual_county,警政署／刑事警察局年度正式統計
2016,雲林縣,機車竊盜,255,official_final,105年中華民國刑案統計（全書）,cib_crime_statistics_2016_full.pdf,"當年發生件數 (current-year occurrences), PDF page 97; supplemental reports excluded.",official_annual_county,警政署／刑事警察局年度正式統計
2016,雲林縣,強制性交,1,official_final,105年中華民國刑案統計（全書）,cib_crime_statistics_2016_full.pdf,"當年發生件數 (current-year occurrences), PDF page 110; supplemental reports excluded.",official_annual_county,警政署／刑事警察局年度正式統計
2016,高雄市,毒品,5063,official_final,105年中華民國刑案統計（全書）,cib_crime_statistics_2016_full.pdf,"當年發生件數 (current-year occurrences), PDF page 103; supplemental reports excluded.",official_annual_county,警政署／刑事警察局年度正式統計
2016,高雄市,強盜,28,official_final,105年中華民國刑案統計（全書）,cib_crime_statistics_2016_full.pdf,"當年發生件數 (current-year occurrences), PDF page 99; supplemental reports excluded.",official_annual_county,警政署／刑事警察局年度正式統計
2016,高雄市,搶奪,84,official_final,105年中華民國刑案統計（全書）,cib_crime_statistics_2016_full.pdf,"當年發生件數 (current-year occurrences), PDF page 100; supplemental reports excluded.",official_annual_county,警政署／刑事警察局年度正式統計
2016,高雄市,住宅竊盜,167,official_final,105年中華民國刑案統計（全書）,cib_crime_statistics_2016_full.pdf,"當年發生件數 (current-year occurrences), PDF page 143; supplemental reports excluded.",official_annual_county,警政署／刑事警察局年度正式統計
2016,高雄市,汽車竊盜,637,official_final,105年中華民國刑案統計（全書）,cib_crime_statistics_2016_full.pdf,"當年發生件數 (current-year occurrences), PDF page 96; supplemental reports excluded.",official_annual_county,警政署／刑事警察局年度正式統計
2016,高雄市,機車竊盜,2176,official_final,105年中華民國刑案統計（全書）,cib_crime_statistics_2016_full.pdf,"當年發生件數 (current-year occurrences), PDF page 97; supplemental reports excluded.",official_annual_county,警政署／刑事警察局年度正式統計
2016,高雄市,強制性交,17,official_final,105年中華民國刑案統計（全書）,cib_crime_statistics_2016_full.pdf,"當年發生件數 (current-year occurrences), PDF page 110; supplemental reports excluded.",official_annual_county,警政署／刑事警察局年度正式統計
2017,南投縣,毒品,1108,official_final,106年中華民國刑案統計第二部分：各類刑案發生與破獲統計,cib_crime_statistics_2017_general.pdf,"當年發生件數 (current-year occurrences), PDF page 16; supplemental reports excluded.",official_annual_county,警政署／刑事警察局年度正式統計
2017,南投縣,強盜,10,official_final,106年中華民國刑案統計第二部分：各類刑案發生與破獲統計,cib_crime_statistics_2017_general.pdf,"當年發生件數 (current-year occurrences), PDF page 12; supplemental reports excluded.",official_annual_county,警政署／刑事警察局年度正式統計
2017,南投縣,搶奪,8,official_final,106年中華民國刑案統計第二部分：各類刑案發生與破獲統計,cib_crime_statistics_2017_general.pdf,"當年發生件數 (current-year occurrences), PDF page 13; supplemental reports excluded.",official_annual_county,警政署／刑事警察局年度正式統計
2017,南投縣,住宅竊盜,121,official_final,106年中華民國刑案統計第二部分：各類刑案分析統計,cib_crime_statistics_2017_analysis.pdf,"當年發生件數 (current-year occurrences), PDF page 26; supplemental reports excluded.",official_annual_county,警政署／刑事警察局年度正式統計
2017,南投縣,汽車竊盜,62,official_final,106年中華民國刑案統計第二部分：各類刑案發生與破獲統計,cib_crime_statistics_2017_general.pdf,"當年發生件數 (current-year occurrences), PDF page 9; supplemental reports excluded.",official_annual_county,警政署／刑事警察局年度正式統計
2017,南投縣,機車竊盜,213,official_final,106年中華民國刑案統計第二部分：各類刑案發生與破獲統計,cib_crime_statistics_2017_general.pdf,"當年發生件數 (current-year occurrences), PDF page 10; supplemental reports excluded.",official_annual_county,警政署／刑事警察局年度正式統計
2017,南投縣,強制性交,19,official_final,106年中華民國刑案統計第二部分：各類刑案發生與破獲統計,cib_crime_statistics_2017_general.pdf,"當年發生件數 (current-year occurrences), PDF page 23; supplemental reports excluded.",official_annual_county,警政署／刑事警察局年度正式統計
2017,嘉義市,毒品,788,official_final,106年中華民國刑案統計第二部分：各類刑案發生與破獲統計,cib_crime_statistics_2017_general.pdf,"當年發生件數 (current-year occurrences), PDF page 16; supplemental reports excluded.",official_annual_county,警政署／刑事警察局年度正式統計
2017,嘉義市,強盜,3,official_final,106年中華民國刑案統計第二部分：各類刑案發生與破獲統計,cib_crime_statistics_2017_general.pdf,"當年發生件數 (current-year occurrences), PDF page 12; supplemental reports excluded.",official_annual_county,警政署／刑事警察局年度正式統計
2017,嘉義市,搶奪,3,official_final,106年中華民國刑案統計第二部分：各類刑案發生與破獲統計,cib_crime_statistics_2017_general.pdf,"當年發生件數 (current-year occurrences), PDF page 13; supplemental reports excluded.",official_annual_county,警政署／刑事警察局年度正式統計
2017,嘉義市,住宅竊盜,26,official_final,106年中華民國刑案統計第二部分：各類刑案分析統計,cib_crime_statistics_2017_analysis.pdf,"當年發生件數 (current-year occurrences), PDF page 26; supplemental reports excluded.",official_annual_county,警政署／刑事警察局年度正式統計
2017,嘉義市,汽車竊盜,23,official_final,106年中華民國刑案統計第二部分：各類刑案發生與破獲統計,cib_crime_statistics_2017_general.pdf,"當年發生件數 (current-year occurrences), PDF page 9; supplemental reports excluded.",official_annual_county,警政署／刑事警察局年度正式統計
2017,嘉義市,機車竊盜,85,official_final,106年中華民國刑案統計第二部分：各類刑案發生與破獲統計,cib_crime_statistics_2017_general.pdf,"當年發生件數 (current-year occurrences), PDF page 10; supplemental reports excluded.",official_annual_county,警政署／刑事警察局年度正式統計
2017,嘉義市,強制性交,16,official_final,106年中華民國刑案統計第二部分：各類刑案發生與破獲統計,cib_crime_statistics_2017_general.pdf,"當年發生件數 (current-year occurrences), PDF page 23; supplemental reports excluded.",official_annual_county,警政署／刑事警察局年度正式統計
2017,嘉義縣,毒品,944,official_final,106年中華民國刑案統計第二部分：各類刑案發生與破獲統計,cib_crime_statistics_2017_general.pdf,"當年發生件數 (current-year occurrences), PDF page 16; supplemental reports excluded.",official_annual_county,警政署／刑事警察局年度正式統計
2017,嘉義縣,強盜,3,official_final,106年中華民國刑案統計第二部分：各類刑案發生與破獲統計,cib_crime_statistics_2017_general.pdf,"當年發生件數 (current-year occurrences), PDF page 12; supplemental reports excluded.",official_annual_county,警政署／刑事警察局年度正式統計
2017,嘉義縣,搶奪,6,official_final,106年中華民國刑案統計第二部分：各類刑案發生與破獲統計,cib_crime_statistics_2017_general.pdf,"當年發生件數 (current-year occurrences), PDF page 13; supplemental reports excluded.",official_annual_county,警政署／刑事警察局年度正式統計
2017,嘉義縣,住宅竊盜,17,official_final,106年中華民國刑案統計第二部分：各類刑案分析統計,cib_crime_statistics_2017_analysis.pdf,"當年發生件數 (current-year occurrences), PDF page 26; supplemental reports excluded.",official_annual_county,警政署／刑事警察局年度正式統計
2017,嘉義縣,汽車竊盜,66,official_final,106年中華民國刑案統計第二部分：各類刑案發生與破獲統計,cib_crime_statistics_2017_general.pdf,"當年發生件數 (current-year occurrences), PDF page 9; supplemental reports excluded.",official_annual_county,警政署／刑事警察局年度正式統計
2017,嘉義縣,機車竊盜,89,official_final,106年中華民國刑案統計第二部分：各類刑案發生與破獲統計,cib_crime_statistics_2017_general.pdf,"當年發生件數 (current-year occurrences), PDF page 10; supplemental reports excluded.",official_annual_county,警政署／刑事警察局年度正式統計
2017,嘉義縣,強制性交,16,official_final,106年中華民國刑案統計第二部分：各類刑案發生與破獲統計,cib_crime_statistics_2017_general.pdf,"當年發生件數 (current-year occurrences), PDF page 23; supplemental reports excluded.",official_annual_county,警政署／刑事警察局年度正式統計
2017,基隆市,毒品,1922,official_final,106年中華民國刑案統計第二部分：各類刑案發生與破獲統計,cib_crime_statistics_2017_general.pdf,"當年發生件數 (current-year occurrences), PDF page 16; supplemental reports excluded.",official_annual_county,警政署／刑事警察局年度正式統計
2017,基隆市,強盜,11,official_final,106年中華民國刑案統計第二部分：各類刑案發生與破獲統計,cib_crime_statistics_2017_general.pdf,"當年發生件數 (current-year occurrences), PDF page 12; supplemental reports excluded.",official_annual_county,警政署／刑事警察局年度正式統計
2017,基隆市,搶奪,7,official_final,106年中華民國刑案統計第二部分：各類刑案發生與破獲統計,cib_crime_statistics_2017_general.pdf,"當年發生件數 (current-year occurrences), PDF page 13; supplemental reports excluded.",official_annual_county,警政署／刑事警察局年度正式統計
2017,基隆市,住宅竊盜,84,official_final,106年中華民國刑案統計第二部分：各類刑案分析統計,cib_crime_statistics_2017_analysis.pdf,"當年發生件數 (current-year occurrences), PDF page 26; supplemental reports excluded.",official_annual_county,警政署／刑事警察局年度正式統計
2017,基隆市,汽車竊盜,26,official_final,106年中華民國刑案統計第二部分：各類刑案發生與破獲統計,cib_crime_statistics_2017_general.pdf,"當年發生件數 (current-year occurrences), PDF page 9; supplemental reports excluded.",official_annual_county,警政署／刑事警察局年度正式統計
2017,基隆市,機車竊盜,191,official_final,106年中華民國刑案統計第二部分：各類刑案發生與破獲統計,cib_crime_statistics_2017_general.pdf,"當年發生件數 (current-year occurrences), PDF page 10; supplemental reports excluded.",official_annual_county,警政署／刑事警察局年度正式統計
2017,基隆市,強制性交,15,official_final,106年中華民國刑案統計第二部分：各類刑案發生與破獲統計,cib_crime_statistics_2017_general.pdf,"當年發生件數 (current-year occurrences), PDF page 23; supplemental reports excluded.",official_annual_county,警政署／刑事警察局年度正式統計
2017,宜蘭縣,毒品,1178,official_final,106年中華民國刑案統計第二部分：各類刑案發生與破獲統計,cib_crime_statistics_2017_general.pdf,"當年發生件數 (current-year occurrences), PDF page 16; supplemental reports excluded.",official_annual_county,警政署／刑事警察局年度正式統計
2017,宜蘭縣,強盜,5,official_final,106年中華民國刑案統計第二部分：各類刑案發生與破獲統計,cib_crime_statistics_2017_general.pdf,"當年發生件數 (current-year occurrences), PDF page 12; supplemental reports excluded.",official_annual_county,警政署／刑事警察局年度正式統計
2017,宜蘭縣,搶奪,1,official_final,106年中華民國刑案統計第二部分：各類刑案發生與破獲統計,cib_crime_statistics_2017_general.pdf,"當年發生件數 (current-year occurrences), PDF page 13; supplemental reports excluded.",official_annual_county,警政署／刑事警察局年度正式統計
2017,宜蘭縣,住宅竊盜,85,official_final,106年中華民國刑案統計第二部分：各類刑案分析統計,cib_crime_statistics_2017_analysis.pdf,"當年發生件數 (current-year occurrences), PDF page 26; supplemental reports excluded.",official_annual_county,警政署／刑事警察局年度正式統計
2017,宜蘭縣,汽車竊盜,62,official_final,106年中華民國刑案統計第二部分：各類刑案發生與破獲統計,cib_crime_statistics_2017_general.pdf,"當年發生件數 (current-year occurrences), PDF page 9; supplemental reports excluded.",official_annual_county,警政署／刑事警察局年度正式統計
2017,宜蘭縣,機車竊盜,117,official_final,106年中華民國刑案統計第二部分：各類刑案發生與破獲統計,cib_crime_statistics_2017_general.pdf,"當年發生件數 (current-year occurrences), PDF page 10; supplemental reports excluded.",official_annual_county,警政署／刑事警察局年度正式統計
2017,宜蘭縣,強制性交,9,official_final,106年中華民國刑案統計第二部分：各類刑案發生與破獲統計,cib_crime_statistics_2017_general.pdf,"當年發生件數 (current-year occurrences), PDF page 23; supplemental reports excluded.",official_annual_county,警政署／刑事警察局年度正式統計
2017,屏東縣,毒品,2585,official_final,106年中華民國刑案統計第二部分：各類刑案發生與破獲統計,cib_crime_statistics_2017_general.pdf,"當年發生件數 (current-year occurrences), PDF page 16; supplemental reports excluded.",official_annual_county,警政署／刑事警察局年度正式統計
2017,屏東縣,強盜,8,official_final,106年中華民國刑案統計第二部分：各類刑案發生與破獲統計,cib_crime_statistics_2017_general.pdf,"當年發生件數 (current-year occurrences), PDF page 12; supplemental reports excluded.",official_annual_county,警政署／刑事警察局年度正式統計
2017,屏東縣,搶奪,5,official_final,106年中華民國刑案統計第二部分：各類刑案發生與破獲統計,cib_crime_statistics_2017_general.pdf,"當年發生件數 (current-year occurrences), PDF page 13; supplemental reports excluded.",official_annual_county,警政署／刑事警察局年度正式統計
2017,屏東縣,住宅竊盜,82,official_final,106年中華民國刑案統計第二部分：各類刑案分析統計,cib_crime_statistics_2017_analysis.pdf,"當年發生件數 (current-year occurrences), PDF page 26; supplemental reports excluded.",official_annual_county,警政署／刑事警察局年度正式統計
2017,屏東縣,汽車竊盜,145,official_final,106年中華民國刑案統計第二部分：各類刑案發生與破獲統計,cib_crime_statistics_2017_general.pdf,"當年發生件數 (current-year occurrences), PDF page 9; supplemental reports excluded.",official_annual_county,警政署／刑事警察局年度正式統計
2017,屏東縣,機車竊盜,372,official_final,106年中華民國刑案統計第二部分：各類刑案發生與破獲統計,cib_crime_statistics_2017_general.pdf,"當年發生件數 (current-year occurrences), PDF page 10; supplemental reports excluded.",official_annual_county,警政署／刑事警察局年度正式統計
2017,屏東縣,強制性交,4,official_final,106年中華民國刑案統計第二部分：各類刑案發生與破獲統計,cib_crime_statistics_2017_general.pdf,"當年發生件數 (current-year occurrences), PDF page 23; supplemental reports excluded.",official_annual_county,警政署／刑事警察局年度正式統計
2017,彰化縣,毒品,2214,official_final,106年中華民國刑案統計第二部分：各類刑案發生與破獲統計,cib_crime_statistics_2017_general.pdf,"當年發生件數 (current-year occurrences), PDF page 16; supplemental reports excluded.",official_annual_county,警政署／刑事警察局年度正式統計
2017,彰化縣,強盜,16,official_final,106年中華民國刑案統計第二部分：各類刑案發生與破獲統計,cib_crime_statistics_2017_general.pdf,"當年發生件數 (current-year occurrences), PDF page 12; supplemental reports excluded.",official_annual_county,警政署／刑事警察局年度正式統計
2017,彰化縣,搶奪,13,official_final,106年中華民國刑案統計第二部分：各類刑案發生與破獲統計,cib_crime_statistics_2017_general.pdf,"當年發生件數 (current-year occurrences), PDF page 13; supplemental reports excluded.",official_annual_county,警政署／刑事警察局年度正式統計
2017,彰化縣,住宅竊盜,103,official_final,106年中華民國刑案統計第二部分：各類刑案分析統計,cib_crime_statistics_2017_analysis.pdf,"當年發生件數 (current-year occurrences), PDF page 26; supplemental reports excluded.",official_annual_county,警政署／刑事警察局年度正式統計
2017,彰化縣,汽車竊盜,93,official_final,106年中華民國刑案統計第二部分：各類刑案發生與破獲統計,cib_crime_statistics_2017_general.pdf,"當年發生件數 (current-year occurrences), PDF page 9; supplemental reports excluded.",official_annual_county,警政署／刑事警察局年度正式統計
2017,彰化縣,機車竊盜,247,official_final,106年中華民國刑案統計第二部分：各類刑案發生與破獲統計,cib_crime_statistics_2017_general.pdf,"當年發生件數 (current-year occurrences), PDF page 10; supplemental reports excluded.",official_annual_county,警政署／刑事警察局年度正式統計
2017,彰化縣,強制性交,7,official_final,106年中華民國刑案統計第二部分：各類刑案發生與破獲統計,cib_crime_statistics_2017_general.pdf,"當年發生件數 (current-year occurrences), PDF page 23; supplemental reports excluded.",official_annual_county,警政署／刑事警察局年度正式統計
2017,新北市,毒品,10234,official_final,106年中華民國刑案統計第二部分：各類刑案發生與破獲統計,cib_crime_statistics_2017_general.pdf,"當年發生件數 (current-year occurrences), PDF page 16; supplemental reports excluded.",official_annual_county,警政署／刑事警察局年度正式統計
2017,新北市,強盜,48,official_final,106年中華民國刑案統計第二部分：各類刑案發生與破獲統計,cib_crime_statistics_2017_general.pdf,"當年發生件數 (current-year occurrences), PDF page 12; supplemental reports excluded.",official_annual_county,警政署／刑事警察局年度正式統計
2017,新北市,搶奪,33,official_final,106年中華民國刑案統計第二部分：各類刑案發生與破獲統計,cib_crime_statistics_2017_general.pdf,"當年發生件數 (current-year occurrences), PDF page 13; supplemental reports excluded.",official_annual_county,警政署／刑事警察局年度正式統計
2017,新北市,住宅竊盜,855,official_final,106年中華民國刑案統計第二部分：各類刑案分析統計,cib_crime_statistics_2017_analysis.pdf,"當年發生件數 (current-year occurrences), PDF page 26; supplemental reports excluded.",official_annual_county,警政署／刑事警察局年度正式統計
2017,新北市,汽車竊盜,307,official_final,106年中華民國刑案統計第二部分：各類刑案發生與破獲統計,cib_crime_statistics_2017_general.pdf,"當年發生件數 (current-year occurrences), PDF page 9; supplemental reports excluded.",official_annual_county,警政署／刑事警察局年度正式統計
2017,新北市,機車竊盜,2389,official_final,106年中華民國刑案統計第二部分：各類刑案發生與破獲統計,cib_crime_statistics_2017_general.pdf,"當年發生件數 (current-year occurrences), PDF page 10; supplemental reports excluded.",official_annual_county,警政署／刑事警察局年度正式統計
2017,新北市,強制性交,32,official_final,106年中華民國刑案統計第二部分：各類刑案發生與破獲統計,cib_crime_statistics_2017_general.pdf,"當年發生件數 (current-year occurrences), PDF page 23; supplemental reports excluded.",official_annual_county,警政署／刑事警察局年度正式統計
2017,新竹市,毒品,643,official_final,106年中華民國刑案統計第二部分：各類刑案發生與破獲統計,cib_crime_statistics_2017_general.pdf,"當年發生件數 (current-year occurrences), PDF page 16; supplemental reports excluded.",official_annual_county,警政署／刑事警察局年度正式統計
2017,新竹市,強盜,1,official_final,106年中華民國刑案統計第二部分：各類刑案發生與破獲統計,cib_crime_statistics_2017_general.pdf,"當年發生件數 (current-year occurrences), PDF page 12; supplemental reports excluded.",official_annual_county,警政署／刑事警察局年度正式統計
2017,新竹市,搶奪,3,official_final,106年中華民國刑案統計第二部分：各類刑案發生與破獲統計,cib_crime_statistics_2017_general.pdf,"當年發生件數 (current-year occurrences), PDF page 13; supplemental reports excluded.",official_annual_county,警政署／刑事警察局年度正式統計
2017,新竹市,住宅竊盜,67,official_final,106年中華民國刑案統計第二部分：各類刑案分析統計,cib_crime_statistics_2017_analysis.pdf,"當年發生件數 (current-year occurrences), PDF page 26; supplemental reports excluded.",official_annual_county,警政署／刑事警察局年度正式統計
2017,新竹市,汽車竊盜,78,official_final,106年中華民國刑案統計第二部分：各類刑案發生與破獲統計,cib_crime_statistics_2017_general.pdf,"當年發生件數 (current-year occurrences), PDF page 9; supplemental reports excluded.",official_annual_county,警政署／刑事警察局年度正式統計
2017,新竹市,機車竊盜,401,official_final,106年中華民國刑案統計第二部分：各類刑案發生與破獲統計,cib_crime_statistics_2017_general.pdf,"當年發生件數 (current-year occurrences), PDF page 10; supplemental reports excluded.",official_annual_county,警政署／刑事警察局年度正式統計
2017,新竹市,強制性交,0,official_final,106年中華民國刑案統計第二部分：各類刑案發生與破獲統計,cib_crime_statistics_2017_general.pdf,"當年發生件數 (current-year occurrences), PDF page 23; supplemental reports excluded.",official_annual_county,警政署／刑事警察局年度正式統計
2017,新竹縣,毒品,1328,official_final,106年中華民國刑案統計第二部分：各類刑案發生與破獲統計,cib_crime_statistics_2017_general.pdf,"當年發生件數 (current-year occurrences), PDF page 16; supplemental reports excluded.",official_annual_county,警政署／刑事警察局年度正式統計
2017,新竹縣,強盜,9,official_final,106年中華民國刑案統計第二部分：各類刑案發生與破獲統計,cib_crime_statistics_2017_general.pdf,"當年發生件數 (current-year occurrences), PDF page 12; supplemental reports excluded.",official_annual_county,警政署／刑事警察局年度正式統計
2017,新竹縣,搶奪,6,official_final,106年中華民國刑案統計第二部分：各類刑案發生與破獲統計,cib_crime_statistics_2017_general.pdf,"當年發生件數 (current-year occurrences), PDF page 13; supplemental reports excluded.",official_annual_county,警政署／刑事警察局年度正式統計
2017,新竹縣,住宅竊盜,109,official_final,106年中華民國刑案統計第二部分：各類刑案分析統計,cib_crime_statistics_2017_analysis.pdf,"當年發生件數 (current-year occurrences), PDF page 26; supplemental reports excluded.",official_annual_county,警政署／刑事警察局年度正式統計
2017,新竹縣,汽車竊盜,284,official_final,106年中華民國刑案統計第二部分：各類刑案發生與破獲統計,cib_crime_statistics_2017_general.pdf,"當年發生件數 (current-year occurrences), PDF page 9; supplemental reports excluded.",official_annual_county,警政署／刑事警察局年度正式統計
2017,新竹縣,機車竊盜,380,official_final,106年中華民國刑案統計第二部分：各類刑案發生與破獲統計,cib_crime_statistics_2017_general.pdf,"當年發生件數 (current-year occurrences), PDF page 10; supplemental reports excluded.",official_annual_county,警政署／刑事警察局年度正式統計
2017,新竹縣,強制性交,1,official_final,106年中華民國刑案統計第二部分：各類刑案發生與破獲統計,cib_crime_statistics_2017_general.pdf,"當年發生件數 (current-year occurrences), PDF page 23; supplemental reports excluded.",official_annual_county,警政署／刑事警察局年度正式統計
2017,桃園市,毒品,6292,official_final,106年中華民國刑案統計第二部分：各類刑案發生與破獲統計,cib_crime_statistics_2017_general.pdf,"當年發生件數 (current-year occurrences), PDF page 16; supplemental reports excluded.",official_annual_county,警政署／刑事警察局年度正式統計
2017,桃園市,強盜,25,official_final,106年中華民國刑案統計第二部分：各類刑案發生與破獲統計,cib_crime_statistics_2017_general.pdf,"當年發生件數 (current-year occurrences), PDF page 12; supplemental reports excluded.",official_annual_county,警政署／刑事警察局年度正式統計
2017,桃園市,搶奪,11,official_final,106年中華民國刑案統計第二部分：各類刑案發生與破獲統計,cib_crime_statistics_2017_general.pdf,"當年發生件數 (current-year occurrences), PDF page 13; supplemental reports excluded.",official_annual_county,警政署／刑事警察局年度正式統計
2017,桃園市,住宅竊盜,242,official_final,106年中華民國刑案統計第二部分：各類刑案分析統計,cib_crime_statistics_2017_analysis.pdf,"當年發生件數 (current-year occurrences), PDF page 26; supplemental reports excluded.",official_annual_county,警政署／刑事警察局年度正式統計
2017,桃園市,汽車竊盜,684,official_final,106年中華民國刑案統計第二部分：各類刑案發生與破獲統計,cib_crime_statistics_2017_general.pdf,"當年發生件數 (current-year occurrences), PDF page 9; supplemental reports excluded.",official_annual_county,警政署／刑事警察局年度正式統計
2017,桃園市,機車竊盜,2135,official_final,106年中華民國刑案統計第二部分：各類刑案發生與破獲統計,cib_crime_statistics_2017_general.pdf,"當年發生件數 (current-year occurrences), PDF page 10; supplemental reports excluded.",official_annual_county,警政署／刑事警察局年度正式統計
2017,桃園市,強制性交,5,official_final,106年中華民國刑案統計第二部分：各類刑案發生與破獲統計,cib_crime_statistics_2017_general.pdf,"當年發生件數 (current-year occurrences), PDF page 23; supplemental reports excluded.",official_annual_county,警政署／刑事警察局年度正式統計
2017,澎湖縣,毒品,69,official_final,106年中華民國刑案統計第二部分：各類刑案發生與破獲統計,cib_crime_statistics_2017_general.pdf,"當年發生件數 (current-year occurrences), PDF page 16; supplemental reports excluded.",official_annual_county,警政署／刑事警察局年度正式統計
2017,澎湖縣,強盜,0,official_final,106年中華民國刑案統計第二部分：各類刑案發生與破獲統計,cib_crime_statistics_2017_general.pdf,"當年發生件數 (current-year occurrences), PDF page 12; supplemental reports excluded.",official_annual_county,警政署／刑事警察局年度正式統計
2017,澎湖縣,搶奪,0,official_final,106年中華民國刑案統計第二部分：各類刑案發生與破獲統計,cib_crime_statistics_2017_general.pdf,"當年發生件數 (current-year occurrences), PDF page 13; supplemental reports excluded.",official_annual_county,警政署／刑事警察局年度正式統計
2017,澎湖縣,住宅竊盜,22,official_final,106年中華民國刑案統計第二部分：各類刑案分析統計,cib_crime_statistics_2017_analysis.pdf,"當年發生件數 (current-year occurrences), PDF page 26; supplemental reports excluded.",official_annual_county,警政署／刑事警察局年度正式統計
2017,澎湖縣,汽車竊盜,2,official_final,106年中華民國刑案統計第二部分：各類刑案發生與破獲統計,cib_crime_statistics_2017_general.pdf,"當年發生件數 (current-year occurrences), PDF page 9; supplemental reports excluded.",official_annual_county,警政署／刑事警察局年度正式統計
2017,澎湖縣,機車竊盜,16,official_final,106年中華民國刑案統計第二部分：各類刑案發生與破獲統計,cib_crime_statistics_2017_general.pdf,"當年發生件數 (current-year occurrences), PDF page 10; supplemental reports excluded.",official_annual_county,警政署／刑事警察局年度正式統計
2017,澎湖縣,強制性交,5,official_final,106年中華民國刑案統計第二部分：各類刑案發生與破獲統計,cib_crime_statistics_2017_general.pdf,"當年發生件數 (current-year occurrences), PDF page 23; supplemental reports excluded.",official_annual_county,警政署／刑事警察局年度正式統計
2017,臺中市,毒品,4733,official_final,106年中華民國刑案統計第二部分：各類刑案發生與破獲統計,cib_crime_statistics_2017_general.pdf,"當年發生件數 (current-year occurrences), PDF page 16; supplemental reports excluded.",official_annual_county,警政署／刑事警察局年度正式統計
2017,臺中市,強盜,15,official_final,106年中華民國刑案統計第二部分：各類刑案發生與破獲統計,cib_crime_statistics_2017_general.pdf,"當年發生件數 (current-year occurrences), PDF page 12; supplemental reports excluded.",official_annual_county,警政署／刑事警察局年度正式統計
2017,臺中市,搶奪,19,official_final,106年中華民國刑案統計第二部分：各類刑案發生與破獲統計,cib_crime_statistics_2017_general.pdf,"當年發生件數 (current-year occurrences), PDF page 13; supplemental reports excluded.",official_annual_county,警政署／刑事警察局年度正式統計
2017,臺中市,住宅竊盜,198,official_final,106年中華民國刑案統計第二部分：各類刑案分析統計,cib_crime_statistics_2017_analysis.pdf,"當年發生件數 (current-year occurrences), PDF page 26; supplemental reports excluded.",official_annual_county,警政署／刑事警察局年度正式統計
2017,臺中市,汽車竊盜,180,official_final,106年中華民國刑案統計第二部分：各類刑案發生與破獲統計,cib_crime_statistics_2017_general.pdf,"當年發生件數 (current-year occurrences), PDF page 9; supplemental reports excluded.",official_annual_county,警政署／刑事警察局年度正式統計
2017,臺中市,機車竊盜,1136,official_final,106年中華民國刑案統計第二部分：各類刑案發生與破獲統計,cib_crime_statistics_2017_general.pdf,"當年發生件數 (current-year occurrences), PDF page 10; supplemental reports excluded.",official_annual_county,警政署／刑事警察局年度正式統計
2017,臺中市,強制性交,14,official_final,106年中華民國刑案統計第二部分：各類刑案發生與破獲統計,cib_crime_statistics_2017_general.pdf,"當年發生件數 (current-year occurrences), PDF page 23; supplemental reports excluded.",official_annual_county,警政署／刑事警察局年度正式統計
2017,臺北市,毒品,4386,official_final,106年中華民國刑案統計第二部分：各類刑案發生與破獲統計,cib_crime_statistics_2017_general.pdf,"當年發生件數 (current-year occurrences), PDF page 16; supplemental reports excluded.",official_annual_county,警政署／刑事警察局年度正式統計
2017,臺北市,強盜,25,official_final,106年中華民國刑案統計第二部分：各類刑案發生與破獲統計,cib_crime_statistics_2017_general.pdf,"當年發生件數 (current-year occurrences), PDF page 12; supplemental reports excluded.",official_annual_county,警政署／刑事警察局年度正式統計
2017,臺北市,搶奪,25,official_final,106年中華民國刑案統計第二部分：各類刑案發生與破獲統計,cib_crime_statistics_2017_general.pdf,"當年發生件數 (current-year occurrences), PDF page 13; supplemental reports excluded.",official_annual_county,警政署／刑事警察局年度正式統計
2017,臺北市,住宅竊盜,491,official_final,106年中華民國刑案統計第二部分：各類刑案分析統計,cib_crime_statistics_2017_analysis.pdf,"當年發生件數 (current-year occurrences), PDF page 26; supplemental reports excluded.",official_annual_county,警政署／刑事警察局年度正式統計
2017,臺北市,汽車竊盜,87,official_final,106年中華民國刑案統計第二部分：各類刑案發生與破獲統計,cib_crime_statistics_2017_general.pdf,"當年發生件數 (current-year occurrences), PDF page 9; supplemental reports excluded.",official_annual_county,警政署／刑事警察局年度正式統計
2017,臺北市,機車竊盜,998,official_final,106年中華民國刑案統計第二部分：各類刑案發生與破獲統計,cib_crime_statistics_2017_general.pdf,"當年發生件數 (current-year occurrences), PDF page 10; supplemental reports excluded.",official_annual_county,警政署／刑事警察局年度正式統計
2017,臺北市,強制性交,35,official_final,106年中華民國刑案統計第二部分：各類刑案發生與破獲統計,cib_crime_statistics_2017_general.pdf,"當年發生件數 (current-year occurrences), PDF page 23; supplemental reports excluded.",official_annual_county,警政署／刑事警察局年度正式統計
2017,臺南市,毒品,3325,official_final,106年中華民國刑案統計第二部分：各類刑案發生與破獲統計,cib_crime_statistics_2017_general.pdf,"當年發生件數 (current-year occurrences), PDF page 16; supplemental reports excluded.",official_annual_county,警政署／刑事警察局年度正式統計
2017,臺南市,強盜,29,official_final,106年中華民國刑案統計第二部分：各類刑案發生與破獲統計,cib_crime_statistics_2017_general.pdf,"當年發生件數 (current-year occurrences), PDF page 12; supplemental reports excluded.",official_annual_county,警政署／刑事警察局年度正式統計
2017,臺南市,搶奪,18,official_final,106年中華民國刑案統計第二部分：各類刑案發生與破獲統計,cib_crime_statistics_2017_general.pdf,"當年發生件數 (current-year occurrences), PDF page 13; supplemental reports excluded.",official_annual_county,警政署／刑事警察局年度正式統計
2017,臺南市,住宅竊盜,409,official_final,106年中華民國刑案統計第二部分：各類刑案分析統計,cib_crime_statistics_2017_analysis.pdf,"當年發生件數 (current-year occurrences), PDF page 26; supplemental reports excluded.",official_annual_county,警政署／刑事警察局年度正式統計
2017,臺南市,汽車竊盜,144,official_final,106年中華民國刑案統計第二部分：各類刑案發生與破獲統計,cib_crime_statistics_2017_general.pdf,"當年發生件數 (current-year occurrences), PDF page 9; supplemental reports excluded.",official_annual_county,警政署／刑事警察局年度正式統計
2017,臺南市,機車竊盜,697,official_final,106年中華民國刑案統計第二部分：各類刑案發生與破獲統計,cib_crime_statistics_2017_general.pdf,"當年發生件數 (current-year occurrences), PDF page 10; supplemental reports excluded.",official_annual_county,警政署／刑事警察局年度正式統計
2017,臺南市,強制性交,5,official_final,106年中華民國刑案統計第二部分：各類刑案發生與破獲統計,cib_crime_statistics_2017_general.pdf,"當年發生件數 (current-year occurrences), PDF page 23; supplemental reports excluded.",official_annual_county,警政署／刑事警察局年度正式統計
2017,臺東縣,毒品,403,official_final,106年中華民國刑案統計第二部分：各類刑案發生與破獲統計,cib_crime_statistics_2017_general.pdf,"當年發生件數 (current-year occurrences), PDF page 16; supplemental reports excluded.",official_annual_county,警政署／刑事警察局年度正式統計
2017,臺東縣,強盜,3,official_final,106年中華民國刑案統計第二部分：各類刑案發生與破獲統計,cib_crime_statistics_2017_general.pdf,"當年發生件數 (current-year occurrences), PDF page 12; supplemental reports excluded.",official_annual_county,警政署／刑事警察局年度正式統計
2017,臺東縣,搶奪,1,official_final,106年中華民國刑案統計第二部分：各類刑案發生與破獲統計,cib_crime_statistics_2017_general.pdf,"當年發生件數 (current-year occurrences), PDF page 13; supplemental reports excluded.",official_annual_county,警政署／刑事警察局年度正式統計
2017,臺東縣,住宅竊盜,12,official_final,106年中華民國刑案統計第二部分：各類刑案分析統計,cib_crime_statistics_2017_analysis.pdf,"當年發生件數 (current-year occurrences), PDF page 26; supplemental reports excluded.",official_annual_county,警政署／刑事警察局年度正式統計
2017,臺東縣,汽車竊盜,6,official_final,106年中華民國刑案統計第二部分：各類刑案發生與破獲統計,cib_crime_statistics_2017_general.pdf,"當年發生件數 (current-year occurrences), PDF page 9; supplemental reports excluded.",official_annual_county,警政署／刑事警察局年度正式統計
2017,臺東縣,機車竊盜,96,official_final,106年中華民國刑案統計第二部分：各類刑案發生與破獲統計,cib_crime_statistics_2017_general.pdf,"當年發生件數 (current-year occurrences), PDF page 10; supplemental reports excluded.",official_annual_county,警政署／刑事警察局年度正式統計
2017,臺東縣,強制性交,0,official_final,106年中華民國刑案統計第二部分：各類刑案發生與破獲統計,cib_crime_statistics_2017_general.pdf,"當年發生件數 (current-year occurrences), PDF page 23; supplemental reports excluded.",official_annual_county,警政署／刑事警察局年度正式統計
2017,花蓮縣,毒品,1162,official_final,106年中華民國刑案統計第二部分：各類刑案發生與破獲統計,cib_crime_statistics_2017_general.pdf,"當年發生件數 (current-year occurrences), PDF page 16; supplemental reports excluded.",official_annual_county,警政署／刑事警察局年度正式統計
2017,花蓮縣,強盜,8,official_final,106年中華民國刑案統計第二部分：各類刑案發生與破獲統計,cib_crime_statistics_2017_general.pdf,"當年發生件數 (current-year occurrences), PDF page 12; supplemental reports excluded.",official_annual_county,警政署／刑事警察局年度正式統計
2017,花蓮縣,搶奪,2,official_final,106年中華民國刑案統計第二部分：各類刑案發生與破獲統計,cib_crime_statistics_2017_general.pdf,"當年發生件數 (current-year occurrences), PDF page 13; supplemental reports excluded.",official_annual_county,警政署／刑事警察局年度正式統計
2017,花蓮縣,住宅竊盜,76,official_final,106年中華民國刑案統計第二部分：各類刑案分析統計,cib_crime_statistics_2017_analysis.pdf,"當年發生件數 (current-year occurrences), PDF page 26; supplemental reports excluded.",official_annual_county,警政署／刑事警察局年度正式統計
2017,花蓮縣,汽車竊盜,36,official_final,106年中華民國刑案統計第二部分：各類刑案發生與破獲統計,cib_crime_statistics_2017_general.pdf,"當年發生件數 (current-year occurrences), PDF page 9; supplemental reports excluded.",official_annual_county,警政署／刑事警察局年度正式統計
2017,花蓮縣,機車竊盜,89,official_final,106年中華民國刑案統計第二部分：各類刑案發生與破獲統計,cib_crime_statistics_2017_general.pdf,"當年發生件數 (current-year occurrences), PDF page 10; supplemental reports excluded.",official_annual_county,警政署／刑事警察局年度正式統計
2017,花蓮縣,強制性交,13,official_final,106年中華民國刑案統計第二部分：各類刑案發生與破獲統計,cib_crime_statistics_2017_general.pdf,"當年發生件數 (current-year occurrences), PDF page 23; supplemental reports excluded.",official_annual_county,警政署／刑事警察局年度正式統計
2017,苗栗縣,毒品,1244,official_final,106年中華民國刑案統計第二部分：各類刑案發生與破獲統計,cib_crime_statistics_2017_general.pdf,"當年發生件數 (current-year occurrences), PDF page 16; supplemental reports excluded.",official_annual_county,警政署／刑事警察局年度正式統計
2017,苗栗縣,強盜,9,official_final,106年中華民國刑案統計第二部分：各類刑案發生與破獲統計,cib_crime_statistics_2017_general.pdf,"當年發生件數 (current-year occurrences), PDF page 12; supplemental reports excluded.",official_annual_county,警政署／刑事警察局年度正式統計
2017,苗栗縣,搶奪,1,official_final,106年中華民國刑案統計第二部分：各類刑案發生與破獲統計,cib_crime_statistics_2017_general.pdf,"當年發生件數 (current-year occurrences), PDF page 13; supplemental reports excluded.",official_annual_county,警政署／刑事警察局年度正式統計
2017,苗栗縣,住宅竊盜,143,official_final,106年中華民國刑案統計第二部分：各類刑案分析統計,cib_crime_statistics_2017_analysis.pdf,"當年發生件數 (current-year occurrences), PDF page 26; supplemental reports excluded.",official_annual_county,警政署／刑事警察局年度正式統計
2017,苗栗縣,汽車竊盜,105,official_final,106年中華民國刑案統計第二部分：各類刑案發生與破獲統計,cib_crime_statistics_2017_general.pdf,"當年發生件數 (current-year occurrences), PDF page 9; supplemental reports excluded.",official_annual_county,警政署／刑事警察局年度正式統計
2017,苗栗縣,機車竊盜,177,official_final,106年中華民國刑案統計第二部分：各類刑案發生與破獲統計,cib_crime_statistics_2017_general.pdf,"當年發生件數 (current-year occurrences), PDF page 10; supplemental reports excluded.",official_annual_county,警政署／刑事警察局年度正式統計
2017,苗栗縣,強制性交,3,official_final,106年中華民國刑案統計第二部分：各類刑案發生與破獲統計,cib_crime_statistics_2017_general.pdf,"當年發生件數 (current-year occurrences), PDF page 23; supplemental reports excluded.",official_annual_county,警政署／刑事警察局年度正式統計
2017,連江縣,毒品,2,official_final,106年中華民國刑案統計第二部分：各類刑案發生與破獲統計,cib_crime_statistics_2017_general.pdf,"當年發生件數 (current-year occurrences), PDF page 16; supplemental reports excluded.",official_annual_county,警政署／刑事警察局年度正式統計
2017,連江縣,強盜,0,official_final,106年中華民國刑案統計第二部分：各類刑案發生與破獲統計,cib_crime_statistics_2017_general.pdf,"當年發生件數 (current-year occurrences), PDF page 12; supplemental reports excluded.",official_annual_county,警政署／刑事警察局年度正式統計
2017,連江縣,搶奪,0,official_final,106年中華民國刑案統計第二部分：各類刑案發生與破獲統計,cib_crime_statistics_2017_general.pdf,"當年發生件數 (current-year occurrences), PDF page 13; supplemental reports excluded.",official_annual_county,警政署／刑事警察局年度正式統計
2017,連江縣,住宅竊盜,3,official_final,106年中華民國刑案統計第二部分：各類刑案分析統計,cib_crime_statistics_2017_analysis.pdf,"當年發生件數 (current-year occurrences), PDF page 26; supplemental reports excluded.",official_annual_county,警政署／刑事警察局年度正式統計
2017,連江縣,汽車竊盜,0,official_final,106年中華民國刑案統計第二部分：各類刑案發生與破獲統計,cib_crime_statistics_2017_general.pdf,"當年發生件數 (current-year occurrences), PDF page 9; supplemental reports excluded.",official_annual_county,警政署／刑事警察局年度正式統計
2017,連江縣,機車竊盜,2,official_final,106年中華民國刑案統計第二部分：各類刑案發生與破獲統計,cib_crime_statistics_2017_general.pdf,"當年發生件數 (current-year occurrences), PDF page 10; supplemental reports excluded.",official_annual_county,警政署／刑事警察局年度正式統計
2017,連江縣,強制性交,0,official_final,106年中華民國刑案統計第二部分：各類刑案發生與破獲統計,cib_crime_statistics_2017_general.pdf,"當年發生件數 (current-year occurrences), PDF page 23; supplemental reports excluded.",official_annual_county,警政署／刑事警察局年度正式統計
2017,金門縣,毒品,139,official_final,106年中華民國刑案統計第二部分：各類刑案發生與破獲統計,cib_crime_statistics_2017_general.pdf,"當年發生件數 (current-year occurrences), PDF page 16; supplemental reports excluded.",official_annual_county,警政署／刑事警察局年度正式統計
2017,金門縣,強盜,1,official_final,106年中華民國刑案統計第二部分：各類刑案發生與破獲統計,cib_crime_statistics_2017_general.pdf,"當年發生件數 (current-year occurrences), PDF page 12; supplemental reports excluded.",official_annual_county,警政署／刑事警察局年度正式統計
2017,金門縣,搶奪,1,official_final,106年中華民國刑案統計第二部分：各類刑案發生與破獲統計,cib_crime_statistics_2017_general.pdf,"當年發生件數 (current-year occurrences), PDF page 13; supplemental reports excluded.",official_annual_county,警政署／刑事警察局年度正式統計
2017,金門縣,住宅竊盜,20,official_final,106年中華民國刑案統計第二部分：各類刑案分析統計,cib_crime_statistics_2017_analysis.pdf,"當年發生件數 (current-year occurrences), PDF page 26; supplemental reports excluded.",official_annual_county,警政署／刑事警察局年度正式統計
2017,金門縣,汽車竊盜,2,official_final,106年中華民國刑案統計第二部分：各類刑案發生與破獲統計,cib_crime_statistics_2017_general.pdf,"當年發生件數 (current-year occurrences), PDF page 9; supplemental reports excluded.",official_annual_county,警政署／刑事警察局年度正式統計
2017,金門縣,機車竊盜,3,official_final,106年中華民國刑案統計第二部分：各類刑案發生與破獲統計,cib_crime_statistics_2017_general.pdf,"當年發生件數 (current-year occurrences), PDF page 10; supplemental reports excluded.",official_annual_county,警政署／刑事警察局年度正式統計
2017,金門縣,強制性交,4,official_final,106年中華民國刑案統計第二部分：各類刑案發生與破獲統計,cib_crime_statistics_2017_general.pdf,"當年發生件數 (current-year occurrences), PDF page 23; supplemental reports excluded.",official_annual_county,警政署／刑事警察局年度正式統計
2017,雲林縣,毒品,1570,official_final,106年中華民國刑案統計第二部分：各類刑案發生與破獲統計,cib_crime_statistics_2017_general.pdf,"當年發生件數 (current-year occurrences), PDF page 16; supplemental reports excluded.",official_annual_county,警政署／刑事警察局年度正式統計
2017,雲林縣,強盜,13,official_final,106年中華民國刑案統計第二部分：各類刑案發生與破獲統計,cib_crime_statistics_2017_general.pdf,"當年發生件數 (current-year occurrences), PDF page 12; supplemental reports excluded.",official_annual_county,警政署／刑事警察局年度正式統計
2017,雲林縣,搶奪,4,official_final,106年中華民國刑案統計第二部分：各類刑案發生與破獲統計,cib_crime_statistics_2017_general.pdf,"當年發生件數 (current-year occurrences), PDF page 13; supplemental reports excluded.",official_annual_county,警政署／刑事警察局年度正式統計
2017,雲林縣,住宅竊盜,211,official_final,106年中華民國刑案統計第二部分：各類刑案分析統計,cib_crime_statistics_2017_analysis.pdf,"當年發生件數 (current-year occurrences), PDF page 26; supplemental reports excluded.",official_annual_county,警政署／刑事警察局年度正式統計
2017,雲林縣,汽車竊盜,74,official_final,106年中華民國刑案統計第二部分：各類刑案發生與破獲統計,cib_crime_statistics_2017_general.pdf,"當年發生件數 (current-year occurrences), PDF page 9; supplemental reports excluded.",official_annual_county,警政署／刑事警察局年度正式統計
2017,雲林縣,機車竊盜,192,official_final,106年中華民國刑案統計第二部分：各類刑案發生與破獲統計,cib_crime_statistics_2017_general.pdf,"當年發生件數 (current-year occurrences), PDF page 10; supplemental reports excluded.",official_annual_county,警政署／刑事警察局年度正式統計
2017,雲林縣,強制性交,6,official_final,106年中華民國刑案統計第二部分：各類刑案發生與破獲統計,cib_crime_statistics_2017_general.pdf,"當年發生件數 (current-year occurrences), PDF page 23; supplemental reports excluded.",official_annual_county,警政署／刑事警察局年度正式統計
2017,高雄市,毒品,5115,official_final,106年中華民國刑案統計第二部分：各類刑案發生與破獲統計,cib_crime_statistics_2017_general.pdf,"當年發生件數 (current-year occurrences), PDF page 16; supplemental reports excluded.",official_annual_county,警政署／刑事警察局年度正式統計
2017,高雄市,強盜,33,official_final,106年中華民國刑案統計第二部分：各類刑案發生與破獲統計,cib_crime_statistics_2017_general.pdf,"當年發生件數 (current-year occurrences), PDF page 12; supplemental reports excluded.",official_annual_county,警政署／刑事警察局年度正式統計
2017,高雄市,搶奪,57,official_final,106年中華民國刑案統計第二部分：各類刑案發生與破獲統計,cib_crime_statistics_2017_general.pdf,"當年發生件數 (current-year occurrences), PDF page 13; supplemental reports excluded.",official_annual_county,警政署／刑事警察局年度正式統計
2017,高雄市,住宅竊盜,234,official_final,106年中華民國刑案統計第二部分：各類刑案分析統計,cib_crime_statistics_2017_analysis.pdf,"當年發生件數 (current-year occurrences), PDF page 26; supplemental reports excluded.",official_annual_county,警政署／刑事警察局年度正式統計
2017,高雄市,汽車竊盜,464,official_final,106年中華民國刑案統計第二部分：各類刑案發生與破獲統計,cib_crime_statistics_2017_general.pdf,"當年發生件數 (current-year occurrences), PDF page 9; supplemental reports excluded.",official_annual_county,警政署／刑事警察局年度正式統計
2017,高雄市,機車竊盜,1752,official_final,106年中華民國刑案統計第二部分：各類刑案發生與破獲統計,cib_crime_statistics_2017_general.pdf,"當年發生件數 (current-year occurrences), PDF page 10; supplemental reports excluded.",official_annual_county,警政署／刑事警察局年度正式統計
2017,高雄市,強制性交,15,official_final,106年中華民國刑案統計第二部分：各類刑案發生與破獲統計,cib_crime_statistics_2017_general.pdf,"當年發生件數 (current-year occurrences), PDF page 23; supplemental reports excluded.",official_annual_county,警政署／刑事警察局年度正式統計
2018,南投縣,毒品,965,official_final,107年中華民國刑案統計（全書）,cib_crime_statistics_2018_full.pdf,"當年發生件數 (current-year occurrences), PDF page 103; supplemental reports excluded.",official_annual_county,警政署／刑事警察局年度正式統計
2018,南投縣,強盜,5,official_final,107年中華民國刑案統計（全書）,cib_crime_statistics_2018_full.pdf,"當年發生件數 (current-year occurrences), PDF page 99; supplemental reports excluded.",official_annual_county,警政署／刑事警察局年度正式統計
2018,南投縣,搶奪,10,official_final,107年中華民國刑案統計（全書）,cib_crime_statistics_2018_full.pdf,"當年發生件數 (current-year occurrences), PDF page 100; supplemental reports excluded.",official_annual_county,警政署／刑事警察局年度正式統計
2018,南投縣,住宅竊盜,99,official_final,107年中華民國刑案統計（全書）,cib_crime_statistics_2018_full.pdf,"當年發生件數 (current-year occurrences), PDF page 143; supplemental reports excluded.",official_annual_county,警政署／刑事警察局年度正式統計
2018,南投縣,汽車竊盜,56,official_final,107年中華民國刑案統計（全書）,cib_crime_statistics_2018_full.pdf,"當年發生件數 (current-year occurrences), PDF page 96; supplemental reports excluded.",official_annual_county,警政署／刑事警察局年度正式統計
2018,南投縣,機車竊盜,177,official_final,107年中華民國刑案統計（全書）,cib_crime_statistics_2018_full.pdf,"當年發生件數 (current-year occurrences), PDF page 97; supplemental reports excluded.",official_annual_county,警政署／刑事警察局年度正式統計
2018,南投縣,強制性交,18,official_final,107年中華民國刑案統計（全書）,cib_crime_statistics_2018_full.pdf,"當年發生件數 (current-year occurrences), PDF page 110; supplemental reports excluded.",official_annual_county,警政署／刑事警察局年度正式統計
2018,嘉義市,毒品,755,official_final,107年中華民國刑案統計（全書）,cib_crime_statistics_2018_full.pdf,"當年發生件數 (current-year occurrences), PDF page 103; supplemental reports excluded.",official_annual_county,警政署／刑事警察局年度正式統計
2018,嘉義市,強盜,3,official_final,107年中華民國刑案統計（全書）,cib_crime_statistics_2018_full.pdf,"當年發生件數 (current-year occurrences), PDF page 99; supplemental reports excluded.",official_annual_county,警政署／刑事警察局年度正式統計
2018,嘉義市,搶奪,1,official_final,107年中華民國刑案統計（全書）,cib_crime_statistics_2018_full.pdf,"當年發生件數 (current-year occurrences), PDF page 100; supplemental reports excluded.",official_annual_county,警政署／刑事警察局年度正式統計
2018,嘉義市,住宅竊盜,21,official_final,107年中華民國刑案統計（全書）,cib_crime_statistics_2018_full.pdf,"當年發生件數 (current-year occurrences), PDF page 143; supplemental reports excluded.",official_annual_county,警政署／刑事警察局年度正式統計
2018,嘉義市,汽車竊盜,23,official_final,107年中華民國刑案統計（全書）,cib_crime_statistics_2018_full.pdf,"當年發生件數 (current-year occurrences), PDF page 96; supplemental reports excluded.",official_annual_county,警政署／刑事警察局年度正式統計
2018,嘉義市,機車竊盜,62,official_final,107年中華民國刑案統計（全書）,cib_crime_statistics_2018_full.pdf,"當年發生件數 (current-year occurrences), PDF page 97; supplemental reports excluded.",official_annual_county,警政署／刑事警察局年度正式統計
2018,嘉義市,強制性交,15,official_final,107年中華民國刑案統計（全書）,cib_crime_statistics_2018_full.pdf,"當年發生件數 (current-year occurrences), PDF page 110; supplemental reports excluded.",official_annual_county,警政署／刑事警察局年度正式統計
2018,嘉義縣,毒品,952,official_final,107年中華民國刑案統計（全書）,cib_crime_statistics_2018_full.pdf,"當年發生件數 (current-year occurrences), PDF page 103; supplemental reports excluded.",official_annual_county,警政署／刑事警察局年度正式統計
2018,嘉義縣,強盜,4,official_final,107年中華民國刑案統計（全書）,cib_crime_statistics_2018_full.pdf,"當年發生件數 (current-year occurrences), PDF page 99; supplemental reports excluded.",official_annual_county,警政署／刑事警察局年度正式統計
2018,嘉義縣,搶奪,5,official_final,107年中華民國刑案統計（全書）,cib_crime_statistics_2018_full.pdf,"當年發生件數 (current-year occurrences), PDF page 100; supplemental reports excluded.",official_annual_county,警政署／刑事警察局年度正式統計
2018,嘉義縣,住宅竊盜,35,official_final,107年中華民國刑案統計（全書）,cib_crime_statistics_2018_full.pdf,"當年發生件數 (current-year occurrences), PDF page 143; supplemental reports excluded.",official_annual_county,警政署／刑事警察局年度正式統計
2018,嘉義縣,汽車竊盜,57,official_final,107年中華民國刑案統計（全書）,cib_crime_statistics_2018_full.pdf,"當年發生件數 (current-year occurrences), PDF page 96; supplemental reports excluded.",official_annual_county,警政署／刑事警察局年度正式統計
2018,嘉義縣,機車竊盜,72,official_final,107年中華民國刑案統計（全書）,cib_crime_statistics_2018_full.pdf,"當年發生件數 (current-year occurrences), PDF page 97; supplemental reports excluded.",official_annual_county,警政署／刑事警察局年度正式統計
2018,嘉義縣,強制性交,6,official_final,107年中華民國刑案統計（全書）,cib_crime_statistics_2018_full.pdf,"當年發生件數 (current-year occurrences), PDF page 110; supplemental reports excluded.",official_annual_county,警政署／刑事警察局年度正式統計
2018,基隆市,毒品,1835,official_final,107年中華民國刑案統計（全書）,cib_crime_statistics_2018_full.pdf,"當年發生件數 (current-year occurrences), PDF page 103; supplemental reports excluded.",official_annual_county,警政署／刑事警察局年度正式統計
2018,基隆市,強盜,6,official_final,107年中華民國刑案統計（全書）,cib_crime_statistics_2018_full.pdf,"當年發生件數 (current-year occurrences), PDF page 99; supplemental reports excluded.",official_annual_county,警政署／刑事警察局年度正式統計
2018,基隆市,搶奪,5,official_final,107年中華民國刑案統計（全書）,cib_crime_statistics_2018_full.pdf,"當年發生件數 (current-year occurrences), PDF page 100; supplemental reports excluded.",official_annual_county,警政署／刑事警察局年度正式統計
2018,基隆市,住宅竊盜,96,official_final,107年中華民國刑案統計（全書）,cib_crime_statistics_2018_full.pdf,"當年發生件數 (current-year occurrences), PDF page 143; supplemental reports excluded.",official_annual_county,警政署／刑事警察局年度正式統計
2018,基隆市,汽車竊盜,15,official_final,107年中華民國刑案統計（全書）,cib_crime_statistics_2018_full.pdf,"當年發生件數 (current-year occurrences), PDF page 96; supplemental reports excluded.",official_annual_county,警政署／刑事警察局年度正式統計
2018,基隆市,機車竊盜,142,official_final,107年中華民國刑案統計（全書）,cib_crime_statistics_2018_full.pdf,"當年發生件數 (current-year occurrences), PDF page 97; supplemental reports excluded.",official_annual_county,警政署／刑事警察局年度正式統計
2018,基隆市,強制性交,12,official_final,107年中華民國刑案統計（全書）,cib_crime_statistics_2018_full.pdf,"當年發生件數 (current-year occurrences), PDF page 110; supplemental reports excluded.",official_annual_county,警政署／刑事警察局年度正式統計
2018,宜蘭縣,毒品,988,official_final,107年中華民國刑案統計（全書）,cib_crime_statistics_2018_full.pdf,"當年發生件數 (current-year occurrences), PDF page 103; supplemental reports excluded.",official_annual_county,警政署／刑事警察局年度正式統計
2018,宜蘭縣,強盜,8,official_final,107年中華民國刑案統計（全書）,cib_crime_statistics_2018_full.pdf,"當年發生件數 (current-year occurrences), PDF page 99; supplemental reports excluded.",official_annual_county,警政署／刑事警察局年度正式統計
2018,宜蘭縣,搶奪,3,official_final,107年中華民國刑案統計（全書）,cib_crime_statistics_2018_full.pdf,"當年發生件數 (current-year occurrences), PDF page 100; supplemental reports excluded.",official_annual_county,警政署／刑事警察局年度正式統計
2018,宜蘭縣,住宅竊盜,61,official_final,107年中華民國刑案統計（全書）,cib_crime_statistics_2018_full.pdf,"當年發生件數 (current-year occurrences), PDF page 143; supplemental reports excluded.",official_annual_county,警政署／刑事警察局年度正式統計
2018,宜蘭縣,汽車竊盜,58,official_final,107年中華民國刑案統計（全書）,cib_crime_statistics_2018_full.pdf,"當年發生件數 (current-year occurrences), PDF page 96; supplemental reports excluded.",official_annual_county,警政署／刑事警察局年度正式統計
2018,宜蘭縣,機車竊盜,116,official_final,107年中華民國刑案統計（全書）,cib_crime_statistics_2018_full.pdf,"當年發生件數 (current-year occurrences), PDF page 97; supplemental reports excluded.",official_annual_county,警政署／刑事警察局年度正式統計
2018,宜蘭縣,強制性交,8,official_final,107年中華民國刑案統計（全書）,cib_crime_statistics_2018_full.pdf,"當年發生件數 (current-year occurrences), PDF page 110; supplemental reports excluded.",official_annual_county,警政署／刑事警察局年度正式統計
2018,屏東縣,毒品,2425,official_final,107年中華民國刑案統計（全書）,cib_crime_statistics_2018_full.pdf,"當年發生件數 (current-year occurrences), PDF page 103; supplemental reports excluded.",official_annual_county,警政署／刑事警察局年度正式統計
2018,屏東縣,強盜,7,official_final,107年中華民國刑案統計（全書）,cib_crime_statistics_2018_full.pdf,"當年發生件數 (current-year occurrences), PDF page 99; supplemental reports excluded.",official_annual_county,警政署／刑事警察局年度正式統計
2018,屏東縣,搶奪,7,official_final,107年中華民國刑案統計（全書）,cib_crime_statistics_2018_full.pdf,"當年發生件數 (current-year occurrences), PDF page 100; supplemental reports excluded.",official_annual_county,警政署／刑事警察局年度正式統計
2018,屏東縣,住宅竊盜,47,official_final,107年中華民國刑案統計（全書）,cib_crime_statistics_2018_full.pdf,"當年發生件數 (current-year occurrences), PDF page 143; supplemental reports excluded.",official_annual_county,警政署／刑事警察局年度正式統計
2018,屏東縣,汽車竊盜,78,official_final,107年中華民國刑案統計（全書）,cib_crime_statistics_2018_full.pdf,"當年發生件數 (current-year occurrences), PDF page 96; supplemental reports excluded.",official_annual_county,警政署／刑事警察局年度正式統計
2018,屏東縣,機車竊盜,221,official_final,107年中華民國刑案統計（全書）,cib_crime_statistics_2018_full.pdf,"當年發生件數 (current-year occurrences), PDF page 97; supplemental reports excluded.",official_annual_county,警政署／刑事警察局年度正式統計
2018,屏東縣,強制性交,7,official_final,107年中華民國刑案統計（全書）,cib_crime_statistics_2018_full.pdf,"當年發生件數 (current-year occurrences), PDF page 110; supplemental reports excluded.",official_annual_county,警政署／刑事警察局年度正式統計
2018,彰化縣,毒品,1904,official_final,107年中華民國刑案統計（全書）,cib_crime_statistics_2018_full.pdf,"當年發生件數 (current-year occurrences), PDF page 103; supplemental reports excluded.",official_annual_county,警政署／刑事警察局年度正式統計
2018,彰化縣,強盜,12,official_final,107年中華民國刑案統計（全書）,cib_crime_statistics_2018_full.pdf,"當年發生件數 (current-year occurrences), PDF page 99; supplemental reports excluded.",official_annual_county,警政署／刑事警察局年度正式統計
2018,彰化縣,搶奪,6,official_final,107年中華民國刑案統計（全書）,cib_crime_statistics_2018_full.pdf,"當年發生件數 (current-year occurrences), PDF page 100; supplemental reports excluded.",official_annual_county,警政署／刑事警察局年度正式統計
2018,彰化縣,住宅竊盜,93,official_final,107年中華民國刑案統計（全書）,cib_crime_statistics_2018_full.pdf,"當年發生件數 (current-year occurrences), PDF page 143; supplemental reports excluded.",official_annual_county,警政署／刑事警察局年度正式統計
2018,彰化縣,汽車竊盜,89,official_final,107年中華民國刑案統計（全書）,cib_crime_statistics_2018_full.pdf,"當年發生件數 (current-year occurrences), PDF page 96; supplemental reports excluded.",official_annual_county,警政署／刑事警察局年度正式統計
2018,彰化縣,機車竊盜,208,official_final,107年中華民國刑案統計（全書）,cib_crime_statistics_2018_full.pdf,"當年發生件數 (current-year occurrences), PDF page 97; supplemental reports excluded.",official_annual_county,警政署／刑事警察局年度正式統計
2018,彰化縣,強制性交,3,official_final,107年中華民國刑案統計（全書）,cib_crime_statistics_2018_full.pdf,"當年發生件數 (current-year occurrences), PDF page 110; supplemental reports excluded.",official_annual_county,警政署／刑事警察局年度正式統計
2018,新北市,毒品,8988,official_final,107年中華民國刑案統計（全書）,cib_crime_statistics_2018_full.pdf,"當年發生件數 (current-year occurrences), PDF page 103; supplemental reports excluded.",official_annual_county,警政署／刑事警察局年度正式統計
2018,新北市,強盜,29,official_final,107年中華民國刑案統計（全書）,cib_crime_statistics_2018_full.pdf,"當年發生件數 (current-year occurrences), PDF page 99; supplemental reports excluded.",official_annual_county,警政署／刑事警察局年度正式統計
2018,新北市,搶奪,36,official_final,107年中華民國刑案統計（全書）,cib_crime_statistics_2018_full.pdf,"當年發生件數 (current-year occurrences), PDF page 100; supplemental reports excluded.",official_annual_county,警政署／刑事警察局年度正式統計
2018,新北市,住宅竊盜,688,official_final,107年中華民國刑案統計（全書）,cib_crime_statistics_2018_full.pdf,"當年發生件數 (current-year occurrences), PDF page 143; supplemental reports excluded.",official_annual_county,警政署／刑事警察局年度正式統計
2018,新北市,汽車竊盜,250,official_final,107年中華民國刑案統計（全書）,cib_crime_statistics_2018_full.pdf,"當年發生件數 (current-year occurrences), PDF page 96; supplemental reports excluded.",official_annual_county,警政署／刑事警察局年度正式統計
2018,新北市,機車竊盜,2155,official_final,107年中華民國刑案統計（全書）,cib_crime_statistics_2018_full.pdf,"當年發生件數 (current-year occurrences), PDF page 97; supplemental reports excluded.",official_annual_county,警政署／刑事警察局年度正式統計
2018,新北市,強制性交,27,official_final,107年中華民國刑案統計（全書）,cib_crime_statistics_2018_full.pdf,"當年發生件數 (current-year occurrences), PDF page 110; supplemental reports excluded.",official_annual_county,警政署／刑事警察局年度正式統計
2018,新竹市,毒品,497,official_final,107年中華民國刑案統計（全書）,cib_crime_statistics_2018_full.pdf,"當年發生件數 (current-year occurrences), PDF page 103; supplemental reports excluded.",official_annual_county,警政署／刑事警察局年度正式統計
2018,新竹市,強盜,1,official_final,107年中華民國刑案統計（全書）,cib_crime_statistics_2018_full.pdf,"當年發生件數 (current-year occurrences), PDF page 99; supplemental reports excluded.",official_annual_county,警政署／刑事警察局年度正式統計
2018,新竹市,搶奪,0,official_final,107年中華民國刑案統計（全書）,cib_crime_statistics_2018_full.pdf,"當年發生件數 (current-year occurrences), PDF page 100; supplemental reports excluded.",official_annual_county,警政署／刑事警察局年度正式統計
2018,新竹市,住宅竊盜,45,official_final,107年中華民國刑案統計（全書）,cib_crime_statistics_2018_full.pdf,"當年發生件數 (current-year occurrences), PDF page 143; supplemental reports excluded.",official_annual_county,警政署／刑事警察局年度正式統計
2018,新竹市,汽車竊盜,52,official_final,107年中華民國刑案統計（全書）,cib_crime_statistics_2018_full.pdf,"當年發生件數 (current-year occurrences), PDF page 96; supplemental reports excluded.",official_annual_county,警政署／刑事警察局年度正式統計
2018,新竹市,機車竊盜,331,official_final,107年中華民國刑案統計（全書）,cib_crime_statistics_2018_full.pdf,"當年發生件數 (current-year occurrences), PDF page 97; supplemental reports excluded.",official_annual_county,警政署／刑事警察局年度正式統計
2018,新竹市,強制性交,0,official_final,107年中華民國刑案統計（全書）,cib_crime_statistics_2018_full.pdf,"當年發生件數 (current-year occurrences), PDF page 110; supplemental reports excluded.",official_annual_county,警政署／刑事警察局年度正式統計
2018,新竹縣,毒品,957,official_final,107年中華民國刑案統計（全書）,cib_crime_statistics_2018_full.pdf,"當年發生件數 (current-year occurrences), PDF page 103; supplemental reports excluded.",official_annual_county,警政署／刑事警察局年度正式統計
2018,新竹縣,強盜,1,official_final,107年中華民國刑案統計（全書）,cib_crime_statistics_2018_full.pdf,"當年發生件數 (current-year occurrences), PDF page 99; supplemental reports excluded.",official_annual_county,警政署／刑事警察局年度正式統計
2018,新竹縣,搶奪,5,official_final,107年中華民國刑案統計（全書）,cib_crime_statistics_2018_full.pdf,"當年發生件數 (current-year occurrences), PDF page 100; supplemental reports excluded.",official_annual_county,警政署／刑事警察局年度正式統計
2018,新竹縣,住宅竊盜,107,official_final,107年中華民國刑案統計（全書）,cib_crime_statistics_2018_full.pdf,"當年發生件數 (current-year occurrences), PDF page 143; supplemental reports excluded.",official_annual_county,警政署／刑事警察局年度正式統計
2018,新竹縣,汽車竊盜,207,official_final,107年中華民國刑案統計（全書）,cib_crime_statistics_2018_full.pdf,"當年發生件數 (current-year occurrences), PDF page 96; supplemental reports excluded.",official_annual_county,警政署／刑事警察局年度正式統計
2018,新竹縣,機車竊盜,344,official_final,107年中華民國刑案統計（全書）,cib_crime_statistics_2018_full.pdf,"當年發生件數 (current-year occurrences), PDF page 97; supplemental reports excluded.",official_annual_county,警政署／刑事警察局年度正式統計
2018,新竹縣,強制性交,1,official_final,107年中華民國刑案統計（全書）,cib_crime_statistics_2018_full.pdf,"當年發生件數 (current-year occurrences), PDF page 110; supplemental reports excluded.",official_annual_county,警政署／刑事警察局年度正式統計
2018,桃園市,毒品,6351,official_final,107年中華民國刑案統計（全書）,cib_crime_statistics_2018_full.pdf,"當年發生件數 (current-year occurrences), PDF page 103; supplemental reports excluded.",official_annual_county,警政署／刑事警察局年度正式統計
2018,桃園市,強盜,17,official_final,107年中華民國刑案統計（全書）,cib_crime_statistics_2018_full.pdf,"當年發生件數 (current-year occurrences), PDF page 99; supplemental reports excluded.",official_annual_county,警政署／刑事警察局年度正式統計
2018,桃園市,搶奪,13,official_final,107年中華民國刑案統計（全書）,cib_crime_statistics_2018_full.pdf,"當年發生件數 (current-year occurrences), PDF page 100; supplemental reports excluded.",official_annual_county,警政署／刑事警察局年度正式統計
2018,桃園市,住宅竊盜,200,official_final,107年中華民國刑案統計（全書）,cib_crime_statistics_2018_full.pdf,"當年發生件數 (current-year occurrences), PDF page 143; supplemental reports excluded.",official_annual_county,警政署／刑事警察局年度正式統計
2018,桃園市,汽車竊盜,475,official_final,107年中華民國刑案統計（全書）,cib_crime_statistics_2018_full.pdf,"當年發生件數 (current-year occurrences), PDF page 96; supplemental reports excluded.",official_annual_county,警政署／刑事警察局年度正式統計
2018,桃園市,機車竊盜,1924,official_final,107年中華民國刑案統計（全書）,cib_crime_statistics_2018_full.pdf,"當年發生件數 (current-year occurrences), PDF page 97; supplemental reports excluded.",official_annual_county,警政署／刑事警察局年度正式統計
2018,桃園市,強制性交,6,official_final,107年中華民國刑案統計（全書）,cib_crime_statistics_2018_full.pdf,"當年發生件數 (current-year occurrences), PDF page 110; supplemental reports excluded.",official_annual_county,警政署／刑事警察局年度正式統計
2018,澎湖縣,毒品,50,official_final,107年中華民國刑案統計（全書）,cib_crime_statistics_2018_full.pdf,"當年發生件數 (current-year occurrences), PDF page 103; supplemental reports excluded.",official_annual_county,警政署／刑事警察局年度正式統計
2018,澎湖縣,強盜,0,official_final,107年中華民國刑案統計（全書）,cib_crime_statistics_2018_full.pdf,"當年發生件數 (current-year occurrences), PDF page 99; supplemental reports excluded.",official_annual_county,警政署／刑事警察局年度正式統計
2018,澎湖縣,搶奪,0,official_final,107年中華民國刑案統計（全書）,cib_crime_statistics_2018_full.pdf,"當年發生件數 (current-year occurrences), PDF page 100; supplemental reports excluded.",official_annual_county,警政署／刑事警察局年度正式統計
2018,澎湖縣,住宅竊盜,33,official_final,107年中華民國刑案統計（全書）,cib_crime_statistics_2018_full.pdf,"當年發生件數 (current-year occurrences), PDF page 143; supplemental reports excluded.",official_annual_county,警政署／刑事警察局年度正式統計
2018,澎湖縣,汽車竊盜,1,official_final,107年中華民國刑案統計（全書）,cib_crime_statistics_2018_full.pdf,"當年發生件數 (current-year occurrences), PDF page 96; supplemental reports excluded.",official_annual_county,警政署／刑事警察局年度正式統計
2018,澎湖縣,機車竊盜,22,official_final,107年中華民國刑案統計（全書）,cib_crime_statistics_2018_full.pdf,"當年發生件數 (current-year occurrences), PDF page 97; supplemental reports excluded.",official_annual_county,警政署／刑事警察局年度正式統計
2018,澎湖縣,強制性交,3,official_final,107年中華民國刑案統計（全書）,cib_crime_statistics_2018_full.pdf,"當年發生件數 (current-year occurrences), PDF page 110; supplemental reports excluded.",official_annual_county,警政署／刑事警察局年度正式統計
2018,臺中市,毒品,4266,official_final,107年中華民國刑案統計（全書）,cib_crime_statistics_2018_full.pdf,"當年發生件數 (current-year occurrences), PDF page 103; supplemental reports excluded.",official_annual_county,警政署／刑事警察局年度正式統計
2018,臺中市,強盜,24,official_final,107年中華民國刑案統計（全書）,cib_crime_statistics_2018_full.pdf,"當年發生件數 (current-year occurrences), PDF page 99; supplemental reports excluded.",official_annual_county,警政署／刑事警察局年度正式統計
2018,臺中市,搶奪,17,official_final,107年中華民國刑案統計（全書）,cib_crime_statistics_2018_full.pdf,"當年發生件數 (current-year occurrences), PDF page 100; supplemental reports excluded.",official_annual_county,警政署／刑事警察局年度正式統計
2018,臺中市,住宅竊盜,186,official_final,107年中華民國刑案統計（全書）,cib_crime_statistics_2018_full.pdf,"當年發生件數 (current-year occurrences), PDF page 143; supplemental reports excluded.",official_annual_county,警政署／刑事警察局年度正式統計
2018,臺中市,汽車竊盜,144,official_final,107年中華民國刑案統計（全書）,cib_crime_statistics_2018_full.pdf,"當年發生件數 (current-year occurrences), PDF page 96; supplemental reports excluded.",official_annual_county,警政署／刑事警察局年度正式統計
2018,臺中市,機車竊盜,814,official_final,107年中華民國刑案統計（全書）,cib_crime_statistics_2018_full.pdf,"當年發生件數 (current-year occurrences), PDF page 97; supplemental reports excluded.",official_annual_county,警政署／刑事警察局年度正式統計
2018,臺中市,強制性交,7,official_final,107年中華民國刑案統計（全書）,cib_crime_statistics_2018_full.pdf,"當年發生件數 (current-year occurrences), PDF page 110; supplemental reports excluded.",official_annual_county,警政署／刑事警察局年度正式統計
2018,臺北市,毒品,4428,official_final,107年中華民國刑案統計（全書）,cib_crime_statistics_2018_full.pdf,"當年發生件數 (current-year occurrences), PDF page 103; supplemental reports excluded.",official_annual_county,警政署／刑事警察局年度正式統計
2018,臺北市,強盜,18,official_final,107年中華民國刑案統計（全書）,cib_crime_statistics_2018_full.pdf,"當年發生件數 (current-year occurrences), PDF page 99; supplemental reports excluded.",official_annual_county,警政署／刑事警察局年度正式統計
2018,臺北市,搶奪,13,official_final,107年中華民國刑案統計（全書）,cib_crime_statistics_2018_full.pdf,"當年發生件數 (current-year occurrences), PDF page 100; supplemental reports excluded.",official_annual_county,警政署／刑事警察局年度正式統計
2018,臺北市,住宅竊盜,443,official_final,107年中華民國刑案統計（全書）,cib_crime_statistics_2018_full.pdf,"當年發生件數 (current-year occurrences), PDF page 143; supplemental reports excluded.",official_annual_county,警政署／刑事警察局年度正式統計
2018,臺北市,汽車竊盜,93,official_final,107年中華民國刑案統計（全書）,cib_crime_statistics_2018_full.pdf,"當年發生件數 (current-year occurrences), PDF page 96; supplemental reports excluded.",official_annual_county,警政署／刑事警察局年度正式統計
2018,臺北市,機車竊盜,764,official_final,107年中華民國刑案統計（全書）,cib_crime_statistics_2018_full.pdf,"當年發生件數 (current-year occurrences), PDF page 97; supplemental reports excluded.",official_annual_county,警政署／刑事警察局年度正式統計
2018,臺北市,強制性交,21,official_final,107年中華民國刑案統計（全書）,cib_crime_statistics_2018_full.pdf,"當年發生件數 (current-year occurrences), PDF page 110; supplemental reports excluded.",official_annual_county,警政署／刑事警察局年度正式統計
2018,臺南市,毒品,3515,official_final,107年中華民國刑案統計（全書）,cib_crime_statistics_2018_full.pdf,"當年發生件數 (current-year occurrences), PDF page 103; supplemental reports excluded.",official_annual_county,警政署／刑事警察局年度正式統計
2018,臺南市,強盜,29,official_final,107年中華民國刑案統計（全書）,cib_crime_statistics_2018_full.pdf,"當年發生件數 (current-year occurrences), PDF page 99; supplemental reports excluded.",official_annual_county,警政署／刑事警察局年度正式統計
2018,臺南市,搶奪,10,official_final,107年中華民國刑案統計（全書）,cib_crime_statistics_2018_full.pdf,"當年發生件數 (current-year occurrences), PDF page 100; supplemental reports excluded.",official_annual_county,警政署／刑事警察局年度正式統計
2018,臺南市,住宅竊盜,322,official_final,107年中華民國刑案統計（全書）,cib_crime_statistics_2018_full.pdf,"當年發生件數 (current-year occurrences), PDF page 143; supplemental reports excluded.",official_annual_county,警政署／刑事警察局年度正式統計
2018,臺南市,汽車竊盜,91,official_final,107年中華民國刑案統計（全書）,cib_crime_statistics_2018_full.pdf,"當年發生件數 (current-year occurrences), PDF page 96; supplemental reports excluded.",official_annual_county,警政署／刑事警察局年度正式統計
2018,臺南市,機車竊盜,420,official_final,107年中華民國刑案統計（全書）,cib_crime_statistics_2018_full.pdf,"當年發生件數 (current-year occurrences), PDF page 97; supplemental reports excluded.",official_annual_county,警政署／刑事警察局年度正式統計
2018,臺南市,強制性交,6,official_final,107年中華民國刑案統計（全書）,cib_crime_statistics_2018_full.pdf,"當年發生件數 (current-year occurrences), PDF page 110; supplemental reports excluded.",official_annual_county,警政署／刑事警察局年度正式統計
2018,臺東縣,毒品,441,official_final,107年中華民國刑案統計（全書）,cib_crime_statistics_2018_full.pdf,"當年發生件數 (current-year occurrences), PDF page 103; supplemental reports excluded.",official_annual_county,警政署／刑事警察局年度正式統計
2018,臺東縣,強盜,0,official_final,107年中華民國刑案統計（全書）,cib_crime_statistics_2018_full.pdf,"當年發生件數 (current-year occurrences), PDF page 99; supplemental reports excluded.",official_annual_county,警政署／刑事警察局年度正式統計
2018,臺東縣,搶奪,2,official_final,107年中華民國刑案統計（全書）,cib_crime_statistics_2018_full.pdf,"當年發生件數 (current-year occurrences), PDF page 100; supplemental reports excluded.",official_annual_county,警政署／刑事警察局年度正式統計
2018,臺東縣,住宅竊盜,3,official_final,107年中華民國刑案統計（全書）,cib_crime_statistics_2018_full.pdf,"當年發生件數 (current-year occurrences), PDF page 143; supplemental reports excluded.",official_annual_county,警政署／刑事警察局年度正式統計
2018,臺東縣,汽車竊盜,5,official_final,107年中華民國刑案統計（全書）,cib_crime_statistics_2018_full.pdf,"當年發生件數 (current-year occurrences), PDF page 96; supplemental reports excluded.",official_annual_county,警政署／刑事警察局年度正式統計
2018,臺東縣,機車竊盜,56,official_final,107年中華民國刑案統計（全書）,cib_crime_statistics_2018_full.pdf,"當年發生件數 (current-year occurrences), PDF page 97; supplemental reports excluded.",official_annual_county,警政署／刑事警察局年度正式統計
2018,臺東縣,強制性交,0,official_final,107年中華民國刑案統計（全書）,cib_crime_statistics_2018_full.pdf,"當年發生件數 (current-year occurrences), PDF page 110; supplemental reports excluded.",official_annual_county,警政署／刑事警察局年度正式統計
2018,花蓮縣,毒品,937,official_final,107年中華民國刑案統計（全書）,cib_crime_statistics_2018_full.pdf,"當年發生件數 (current-year occurrences), PDF page 103; supplemental reports excluded.",official_annual_county,警政署／刑事警察局年度正式統計
2018,花蓮縣,強盜,5,official_final,107年中華民國刑案統計（全書）,cib_crime_statistics_2018_full.pdf,"當年發生件數 (current-year occurrences), PDF page 99; supplemental reports excluded.",official_annual_county,警政署／刑事警察局年度正式統計
2018,花蓮縣,搶奪,4,official_final,107年中華民國刑案統計（全書）,cib_crime_statistics_2018_full.pdf,"當年發生件數 (current-year occurrences), PDF page 100; supplemental reports excluded.",official_annual_county,警政署／刑事警察局年度正式統計
2018,花蓮縣,住宅竊盜,66,official_final,107年中華民國刑案統計（全書）,cib_crime_statistics_2018_full.pdf,"當年發生件數 (current-year occurrences), PDF page 143; supplemental reports excluded.",official_annual_county,警政署／刑事警察局年度正式統計
2018,花蓮縣,汽車竊盜,50,official_final,107年中華民國刑案統計（全書）,cib_crime_statistics_2018_full.pdf,"當年發生件數 (current-year occurrences), PDF page 96; supplemental reports excluded.",official_annual_county,警政署／刑事警察局年度正式統計
2018,花蓮縣,機車竊盜,52,official_final,107年中華民國刑案統計（全書）,cib_crime_statistics_2018_full.pdf,"當年發生件數 (current-year occurrences), PDF page 97; supplemental reports excluded.",official_annual_county,警政署／刑事警察局年度正式統計
2018,花蓮縣,強制性交,9,official_final,107年中華民國刑案統計（全書）,cib_crime_statistics_2018_full.pdf,"當年發生件數 (current-year occurrences), PDF page 110; supplemental reports excluded.",official_annual_county,警政署／刑事警察局年度正式統計
2018,苗栗縣,毒品,1223,official_final,107年中華民國刑案統計（全書）,cib_crime_statistics_2018_full.pdf,"當年發生件數 (current-year occurrences), PDF page 103; supplemental reports excluded.",official_annual_county,警政署／刑事警察局年度正式統計
2018,苗栗縣,強盜,7,official_final,107年中華民國刑案統計（全書）,cib_crime_statistics_2018_full.pdf,"當年發生件數 (current-year occurrences), PDF page 99; supplemental reports excluded.",official_annual_county,警政署／刑事警察局年度正式統計
2018,苗栗縣,搶奪,3,official_final,107年中華民國刑案統計（全書）,cib_crime_statistics_2018_full.pdf,"當年發生件數 (current-year occurrences), PDF page 100; supplemental reports excluded.",official_annual_county,警政署／刑事警察局年度正式統計
2018,苗栗縣,住宅竊盜,136,official_final,107年中華民國刑案統計（全書）,cib_crime_statistics_2018_full.pdf,"當年發生件數 (current-year occurrences), PDF page 143; supplemental reports excluded.",official_annual_county,警政署／刑事警察局年度正式統計
2018,苗栗縣,汽車竊盜,57,official_final,107年中華民國刑案統計（全書）,cib_crime_statistics_2018_full.pdf,"當年發生件數 (current-year occurrences), PDF page 96; supplemental reports excluded.",official_annual_county,警政署／刑事警察局年度正式統計
2018,苗栗縣,機車竊盜,124,official_final,107年中華民國刑案統計（全書）,cib_crime_statistics_2018_full.pdf,"當年發生件數 (current-year occurrences), PDF page 97; supplemental reports excluded.",official_annual_county,警政署／刑事警察局年度正式統計
2018,苗栗縣,強制性交,1,official_final,107年中華民國刑案統計（全書）,cib_crime_statistics_2018_full.pdf,"當年發生件數 (current-year occurrences), PDF page 110; supplemental reports excluded.",official_annual_county,警政署／刑事警察局年度正式統計
2018,連江縣,毒品,11,official_final,107年中華民國刑案統計（全書）,cib_crime_statistics_2018_full.pdf,"當年發生件數 (current-year occurrences), PDF page 103; supplemental reports excluded.",official_annual_county,警政署／刑事警察局年度正式統計
2018,連江縣,強盜,0,official_final,107年中華民國刑案統計（全書）,cib_crime_statistics_2018_full.pdf,"當年發生件數 (current-year occurrences), PDF page 99; supplemental reports excluded.",official_annual_county,警政署／刑事警察局年度正式統計
2018,連江縣,搶奪,0,official_final,107年中華民國刑案統計（全書）,cib_crime_statistics_2018_full.pdf,"當年發生件數 (current-year occurrences), PDF page 100; supplemental reports excluded.",official_annual_county,警政署／刑事警察局年度正式統計
2018,連江縣,住宅竊盜,1,official_final,107年中華民國刑案統計（全書）,cib_crime_statistics_2018_full.pdf,"當年發生件數 (current-year occurrences), PDF page 143; supplemental reports excluded.",official_annual_county,警政署／刑事警察局年度正式統計
2018,連江縣,汽車竊盜,0,official_final,107年中華民國刑案統計（全書）,cib_crime_statistics_2018_full.pdf,"當年發生件數 (current-year occurrences), PDF page 96; supplemental reports excluded.",official_annual_county,警政署／刑事警察局年度正式統計
2018,連江縣,機車竊盜,0,official_final,107年中華民國刑案統計（全書）,cib_crime_statistics_2018_full.pdf,"當年發生件數 (current-year occurrences), PDF page 97; supplemental reports excluded.",official_annual_county,警政署／刑事警察局年度正式統計
2018,連江縣,強制性交,0,official_final,107年中華民國刑案統計（全書）,cib_crime_statistics_2018_full.pdf,"當年發生件數 (current-year occurrences), PDF page 110; supplemental reports excluded.",official_annual_county,警政署／刑事警察局年度正式統計
2018,金門縣,毒品,60,official_final,107年中華民國刑案統計（全書）,cib_crime_statistics_2018_full.pdf,"當年發生件數 (current-year occurrences), PDF page 103; supplemental reports excluded.",official_annual_county,警政署／刑事警察局年度正式統計
2018,金門縣,強盜,0,official_final,107年中華民國刑案統計（全書）,cib_crime_statistics_2018_full.pdf,"當年發生件數 (current-year occurrences), PDF page 99; supplemental reports excluded.",official_annual_county,警政署／刑事警察局年度正式統計
2018,金門縣,搶奪,0,official_final,107年中華民國刑案統計（全書）,cib_crime_statistics_2018_full.pdf,"當年發生件數 (current-year occurrences), PDF page 100; supplemental reports excluded.",official_annual_county,警政署／刑事警察局年度正式統計
2018,金門縣,住宅竊盜,26,official_final,107年中華民國刑案統計（全書）,cib_crime_statistics_2018_full.pdf,"當年發生件數 (current-year occurrences), PDF page 143; supplemental reports excluded.",official_annual_county,警政署／刑事警察局年度正式統計
2018,金門縣,汽車竊盜,0,official_final,107年中華民國刑案統計（全書）,cib_crime_statistics_2018_full.pdf,"當年發生件數 (current-year occurrences), PDF page 96; supplemental reports excluded.",official_annual_county,警政署／刑事警察局年度正式統計
2018,金門縣,機車竊盜,11,official_final,107年中華民國刑案統計（全書）,cib_crime_statistics_2018_full.pdf,"當年發生件數 (current-year occurrences), PDF page 97; supplemental reports excluded.",official_annual_county,警政署／刑事警察局年度正式統計
2018,金門縣,強制性交,6,official_final,107年中華民國刑案統計（全書）,cib_crime_statistics_2018_full.pdf,"當年發生件數 (current-year occurrences), PDF page 110; supplemental reports excluded.",official_annual_county,警政署／刑事警察局年度正式統計
2018,雲林縣,毒品,1437,official_final,107年中華民國刑案統計（全書）,cib_crime_statistics_2018_full.pdf,"當年發生件數 (current-year occurrences), PDF page 103; supplemental reports excluded.",official_annual_county,警政署／刑事警察局年度正式統計
2018,雲林縣,強盜,3,official_final,107年中華民國刑案統計（全書）,cib_crime_statistics_2018_full.pdf,"當年發生件數 (current-year occurrences), PDF page 99; supplemental reports excluded.",official_annual_county,警政署／刑事警察局年度正式統計
2018,雲林縣,搶奪,2,official_final,107年中華民國刑案統計（全書）,cib_crime_statistics_2018_full.pdf,"當年發生件數 (current-year occurrences), PDF page 100; supplemental reports excluded.",official_annual_county,警政署／刑事警察局年度正式統計
2018,雲林縣,住宅竊盜,168,official_final,107年中華民國刑案統計（全書）,cib_crime_statistics_2018_full.pdf,"當年發生件數 (current-year occurrences), PDF page 143; supplemental reports excluded.",official_annual_county,警政署／刑事警察局年度正式統計
2018,雲林縣,汽車竊盜,72,official_final,107年中華民國刑案統計（全書）,cib_crime_statistics_2018_full.pdf,"當年發生件數 (current-year occurrences), PDF page 96; supplemental reports excluded.",official_annual_county,警政署／刑事警察局年度正式統計
2018,雲林縣,機車竊盜,130,official_final,107年中華民國刑案統計（全書）,cib_crime_statistics_2018_full.pdf,"當年發生件數 (current-year occurrences), PDF page 97; supplemental reports excluded.",official_annual_county,警政署／刑事警察局年度正式統計
2018,雲林縣,強制性交,7,official_final,107年中華民國刑案統計（全書）,cib_crime_statistics_2018_full.pdf,"當年發生件數 (current-year occurrences), PDF page 110; supplemental reports excluded.",official_annual_county,警政署／刑事警察局年度正式統計
2018,高雄市,毒品,4497,official_final,107年中華民國刑案統計（全書）,cib_crime_statistics_2018_full.pdf,"當年發生件數 (current-year occurrences), PDF page 103; supplemental reports excluded.",official_annual_county,警政署／刑事警察局年度正式統計
2018,高雄市,強盜,18,official_final,107年中華民國刑案統計（全書）,cib_crime_statistics_2018_full.pdf,"當年發生件數 (current-year occurrences), PDF page 99; supplemental reports excluded.",official_annual_county,警政署／刑事警察局年度正式統計
2018,高雄市,搶奪,44,official_final,107年中華民國刑案統計（全書）,cib_crime_statistics_2018_full.pdf,"當年發生件數 (current-year occurrences), PDF page 100; supplemental reports excluded.",official_annual_county,警政署／刑事警察局年度正式統計
2018,高雄市,住宅竊盜,126,official_final,107年中華民國刑案統計（全書）,cib_crime_statistics_2018_full.pdf,"當年發生件數 (current-year occurrences), PDF page 143; supplemental reports excluded.",official_annual_county,警政署／刑事警察局年度正式統計
2018,高雄市,汽車竊盜,221,official_final,107年中華民國刑案統計（全書）,cib_crime_statistics_2018_full.pdf,"當年發生件數 (current-year occurrences), PDF page 96; supplemental reports excluded.",official_annual_county,警政署／刑事警察局年度正式統計
2018,高雄市,機車竊盜,1065,official_final,107年中華民國刑案統計（全書）,cib_crime_statistics_2018_full.pdf,"當年發生件數 (current-year occurrences), PDF page 97; supplemental reports excluded.",official_annual_county,警政署／刑事警察局年度正式統計
2018,高雄市,強制性交,11,official_final,107年中華民國刑案統計（全書）,cib_crime_statistics_2018_full.pdf,"當年發生件數 (current-year occurrences), PDF page 110; supplemental reports excluded.",official_annual_county,警政署／刑事警察局年度正式統計
2019,南投縣,毒品,836,official_final,108年中華民國刑案統計（全書）,cib_crime_statistics_2019_full.pdf,"當年發生件數 (current-year occurrences), PDF page 91; supplemental reports excluded.",official_annual_county,警政署／刑事警察局年度正式統計
2019,南投縣,強盜,5,official_final,108年中華民國刑案統計（全書）,cib_crime_statistics_2019_full.pdf,"當年發生件數 (current-year occurrences), PDF page 87; supplemental reports excluded.",official_annual_county,警政署／刑事警察局年度正式統計
2019,南投縣,搶奪,4,official_final,108年中華民國刑案統計（全書）,cib_crime_statistics_2019_full.pdf,"當年發生件數 (current-year occurrences), PDF page 88; supplemental reports excluded.",official_annual_county,警政署／刑事警察局年度正式統計
2019,南投縣,住宅竊盜,124,official_final,108年中華民國刑案統計（全書）,cib_crime_statistics_2019_full.pdf,"當年發生件數 (current-year occurrences), PDF page 125; supplemental reports excluded.",official_annual_county,警政署／刑事警察局年度正式統計
2019,南投縣,汽車竊盜,51,official_final,108年中華民國刑案統計（全書）,cib_crime_statistics_2019_full.pdf,"當年發生件數 (current-year occurrences), PDF page 84; supplemental reports excluded.",official_annual_county,警政署／刑事警察局年度正式統計
2019,南投縣,機車竊盜,124,official_final,108年中華民國刑案統計（全書）,cib_crime_statistics_2019_full.pdf,"當年發生件數 (current-year occurrences), PDF page 85; supplemental reports excluded.",official_annual_county,警政署／刑事警察局年度正式統計
2019,南投縣,強制性交,23,official_final,108年中華民國刑案統計（全書）,cib_crime_statistics_2019_full.pdf,"當年發生件數 (current-year occurrences), PDF page 93; supplemental reports excluded.",official_annual_county,警政署／刑事警察局年度正式統計
2019,嘉義市,毒品,631,official_final,108年中華民國刑案統計（全書）,cib_crime_statistics_2019_full.pdf,"當年發生件數 (current-year occurrences), PDF page 91; supplemental reports excluded.",official_annual_county,警政署／刑事警察局年度正式統計
2019,嘉義市,強盜,3,official_final,108年中華民國刑案統計（全書）,cib_crime_statistics_2019_full.pdf,"當年發生件數 (current-year occurrences), PDF page 87; supplemental reports excluded.",official_annual_county,警政署／刑事警察局年度正式統計
2019,嘉義市,搶奪,2,official_final,108年中華民國刑案統計（全書）,cib_crime_statistics_2019_full.pdf,"當年發生件數 (current-year occurrences), PDF page 88; supplemental reports excluded.",official_annual_county,警政署／刑事警察局年度正式統計
2019,嘉義市,住宅竊盜,16,official_final,108年中華民國刑案統計（全書）,cib_crime_statistics_2019_full.pdf,"當年發生件數 (current-year occurrences), PDF page 125; supplemental reports excluded.",official_annual_county,警政署／刑事警察局年度正式統計
2019,嘉義市,汽車竊盜,16,official_final,108年中華民國刑案統計（全書）,cib_crime_statistics_2019_full.pdf,"當年發生件數 (current-year occurrences), PDF page 84; supplemental reports excluded.",official_annual_county,警政署／刑事警察局年度正式統計
2019,嘉義市,機車竊盜,24,official_final,108年中華民國刑案統計（全書）,cib_crime_statistics_2019_full.pdf,"當年發生件數 (current-year occurrences), PDF page 85; supplemental reports excluded.",official_annual_county,警政署／刑事警察局年度正式統計
2019,嘉義市,強制性交,14,official_final,108年中華民國刑案統計（全書）,cib_crime_statistics_2019_full.pdf,"當年發生件數 (current-year occurrences), PDF page 93; supplemental reports excluded.",official_annual_county,警政署／刑事警察局年度正式統計
2019,嘉義縣,毒品,692,official_final,108年中華民國刑案統計（全書）,cib_crime_statistics_2019_full.pdf,"當年發生件數 (current-year occurrences), PDF page 91; supplemental reports excluded.",official_annual_county,警政署／刑事警察局年度正式統計
2019,嘉義縣,強盜,3,official_final,108年中華民國刑案統計（全書）,cib_crime_statistics_2019_full.pdf,"當年發生件數 (current-year occurrences), PDF page 87; supplemental reports excluded.",official_annual_county,警政署／刑事警察局年度正式統計
2019,嘉義縣,搶奪,0,official_final,108年中華民國刑案統計（全書）,cib_crime_statistics_2019_full.pdf,"當年發生件數 (current-year occurrences), PDF page 88; supplemental reports excluded.",official_annual_county,警政署／刑事警察局年度正式統計
2019,嘉義縣,住宅竊盜,17,official_final,108年中華民國刑案統計（全書）,cib_crime_statistics_2019_full.pdf,"當年發生件數 (current-year occurrences), PDF page 125; supplemental reports excluded.",official_annual_county,警政署／刑事警察局年度正式統計
2019,嘉義縣,汽車竊盜,21,official_final,108年中華民國刑案統計（全書）,cib_crime_statistics_2019_full.pdf,"當年發生件數 (current-year occurrences), PDF page 84; supplemental reports excluded.",official_annual_county,警政署／刑事警察局年度正式統計
2019,嘉義縣,機車竊盜,54,official_final,108年中華民國刑案統計（全書）,cib_crime_statistics_2019_full.pdf,"當年發生件數 (current-year occurrences), PDF page 85; supplemental reports excluded.",official_annual_county,警政署／刑事警察局年度正式統計
2019,嘉義縣,強制性交,8,official_final,108年中華民國刑案統計（全書）,cib_crime_statistics_2019_full.pdf,"當年發生件數 (current-year occurrences), PDF page 93; supplemental reports excluded.",official_annual_county,警政署／刑事警察局年度正式統計
2019,基隆市,毒品,1255,official_final,108年中華民國刑案統計（全書）,cib_crime_statistics_2019_full.pdf,"當年發生件數 (current-year occurrences), PDF page 91; supplemental reports excluded.",official_annual_county,警政署／刑事警察局年度正式統計
2019,基隆市,強盜,3,official_final,108年中華民國刑案統計（全書）,cib_crime_statistics_2019_full.pdf,"當年發生件數 (current-year occurrences), PDF page 87; supplemental reports excluded.",official_annual_county,警政署／刑事警察局年度正式統計
2019,基隆市,搶奪,3,official_final,108年中華民國刑案統計（全書）,cib_crime_statistics_2019_full.pdf,"當年發生件數 (current-year occurrences), PDF page 88; supplemental reports excluded.",official_annual_county,警政署／刑事警察局年度正式統計
2019,基隆市,住宅竊盜,92,official_final,108年中華民國刑案統計（全書）,cib_crime_statistics_2019_full.pdf,"當年發生件數 (current-year occurrences), PDF page 125; supplemental reports excluded.",official_annual_county,警政署／刑事警察局年度正式統計
2019,基隆市,汽車竊盜,10,official_final,108年中華民國刑案統計（全書）,cib_crime_statistics_2019_full.pdf,"當年發生件數 (current-year occurrences), PDF page 84; supplemental reports excluded.",official_annual_county,警政署／刑事警察局年度正式統計
2019,基隆市,機車竊盜,54,official_final,108年中華民國刑案統計（全書）,cib_crime_statistics_2019_full.pdf,"當年發生件數 (current-year occurrences), PDF page 85; supplemental reports excluded.",official_annual_county,警政署／刑事警察局年度正式統計
2019,基隆市,強制性交,17,official_final,108年中華民國刑案統計（全書）,cib_crime_statistics_2019_full.pdf,"當年發生件數 (current-year occurrences), PDF page 93; supplemental reports excluded.",official_annual_county,警政署／刑事警察局年度正式統計
2019,宜蘭縣,毒品,706,official_final,108年中華民國刑案統計（全書）,cib_crime_statistics_2019_full.pdf,"當年發生件數 (current-year occurrences), PDF page 91; supplemental reports excluded.",official_annual_county,警政署／刑事警察局年度正式統計
2019,宜蘭縣,強盜,3,official_final,108年中華民國刑案統計（全書）,cib_crime_statistics_2019_full.pdf,"當年發生件數 (current-year occurrences), PDF page 87; supplemental reports excluded.",official_annual_county,警政署／刑事警察局年度正式統計
2019,宜蘭縣,搶奪,3,official_final,108年中華民國刑案統計（全書）,cib_crime_statistics_2019_full.pdf,"當年發生件數 (current-year occurrences), PDF page 88; supplemental reports excluded.",official_annual_county,警政署／刑事警察局年度正式統計
2019,宜蘭縣,住宅竊盜,44,official_final,108年中華民國刑案統計（全書）,cib_crime_statistics_2019_full.pdf,"當年發生件數 (current-year occurrences), PDF page 125; supplemental reports excluded.",official_annual_county,警政署／刑事警察局年度正式統計
2019,宜蘭縣,汽車竊盜,59,official_final,108年中華民國刑案統計（全書）,cib_crime_statistics_2019_full.pdf,"當年發生件數 (current-year occurrences), PDF page 84; supplemental reports excluded.",official_annual_county,警政署／刑事警察局年度正式統計
2019,宜蘭縣,機車竊盜,111,official_final,108年中華民國刑案統計（全書）,cib_crime_statistics_2019_full.pdf,"當年發生件數 (current-year occurrences), PDF page 85; supplemental reports excluded.",official_annual_county,警政署／刑事警察局年度正式統計
2019,宜蘭縣,強制性交,10,official_final,108年中華民國刑案統計（全書）,cib_crime_statistics_2019_full.pdf,"當年發生件數 (current-year occurrences), PDF page 93; supplemental reports excluded.",official_annual_county,警政署／刑事警察局年度正式統計
2019,屏東縣,毒品,1942,official_final,108年中華民國刑案統計（全書）,cib_crime_statistics_2019_full.pdf,"當年發生件數 (current-year occurrences), PDF page 91; supplemental reports excluded.",official_annual_county,警政署／刑事警察局年度正式統計
2019,屏東縣,強盜,5,official_final,108年中華民國刑案統計（全書）,cib_crime_statistics_2019_full.pdf,"當年發生件數 (current-year occurrences), PDF page 87; supplemental reports excluded.",official_annual_county,警政署／刑事警察局年度正式統計
2019,屏東縣,搶奪,5,official_final,108年中華民國刑案統計（全書）,cib_crime_statistics_2019_full.pdf,"當年發生件數 (current-year occurrences), PDF page 88; supplemental reports excluded.",official_annual_county,警政署／刑事警察局年度正式統計
2019,屏東縣,住宅竊盜,43,official_final,108年中華民國刑案統計（全書）,cib_crime_statistics_2019_full.pdf,"當年發生件數 (current-year occurrences), PDF page 125; supplemental reports excluded.",official_annual_county,警政署／刑事警察局年度正式統計
2019,屏東縣,汽車竊盜,59,official_final,108年中華民國刑案統計（全書）,cib_crime_statistics_2019_full.pdf,"當年發生件數 (current-year occurrences), PDF page 84; supplemental reports excluded.",official_annual_county,警政署／刑事警察局年度正式統計
2019,屏東縣,機車竊盜,207,official_final,108年中華民國刑案統計（全書）,cib_crime_statistics_2019_full.pdf,"當年發生件數 (current-year occurrences), PDF page 85; supplemental reports excluded.",official_annual_county,警政署／刑事警察局年度正式統計
2019,屏東縣,強制性交,4,official_final,108年中華民國刑案統計（全書）,cib_crime_statistics_2019_full.pdf,"當年發生件數 (current-year occurrences), PDF page 93; supplemental reports excluded.",official_annual_county,警政署／刑事警察局年度正式統計
2019,彰化縣,毒品,1635,official_final,108年中華民國刑案統計（全書）,cib_crime_statistics_2019_full.pdf,"當年發生件數 (current-year occurrences), PDF page 91; supplemental reports excluded.",official_annual_county,警政署／刑事警察局年度正式統計
2019,彰化縣,強盜,12,official_final,108年中華民國刑案統計（全書）,cib_crime_statistics_2019_full.pdf,"當年發生件數 (current-year occurrences), PDF page 87; supplemental reports excluded.",official_annual_county,警政署／刑事警察局年度正式統計
2019,彰化縣,搶奪,7,official_final,108年中華民國刑案統計（全書）,cib_crime_statistics_2019_full.pdf,"當年發生件數 (current-year occurrences), PDF page 88; supplemental reports excluded.",official_annual_county,警政署／刑事警察局年度正式統計
2019,彰化縣,住宅竊盜,59,official_final,108年中華民國刑案統計（全書）,cib_crime_statistics_2019_full.pdf,"當年發生件數 (current-year occurrences), PDF page 125; supplemental reports excluded.",official_annual_county,警政署／刑事警察局年度正式統計
2019,彰化縣,汽車竊盜,45,official_final,108年中華民國刑案統計（全書）,cib_crime_statistics_2019_full.pdf,"當年發生件數 (current-year occurrences), PDF page 84; supplemental reports excluded.",official_annual_county,警政署／刑事警察局年度正式統計
2019,彰化縣,機車竊盜,154,official_final,108年中華民國刑案統計（全書）,cib_crime_statistics_2019_full.pdf,"當年發生件數 (current-year occurrences), PDF page 85; supplemental reports excluded.",official_annual_county,警政署／刑事警察局年度正式統計
2019,彰化縣,強制性交,5,official_final,108年中華民國刑案統計（全書）,cib_crime_statistics_2019_full.pdf,"當年發生件數 (current-year occurrences), PDF page 93; supplemental reports excluded.",official_annual_county,警政署／刑事警察局年度正式統計
2019,新北市,毒品,6634,official_final,108年中華民國刑案統計（全書）,cib_crime_statistics_2019_full.pdf,"當年發生件數 (current-year occurrences), PDF page 91; supplemental reports excluded.",official_annual_county,警政署／刑事警察局年度正式統計
2019,新北市,強盜,28,official_final,108年中華民國刑案統計（全書）,cib_crime_statistics_2019_full.pdf,"當年發生件數 (current-year occurrences), PDF page 87; supplemental reports excluded.",official_annual_county,警政署／刑事警察局年度正式統計
2019,新北市,搶奪,28,official_final,108年中華民國刑案統計（全書）,cib_crime_statistics_2019_full.pdf,"當年發生件數 (current-year occurrences), PDF page 88; supplemental reports excluded.",official_annual_county,警政署／刑事警察局年度正式統計
2019,新北市,住宅竊盜,657,official_final,108年中華民國刑案統計（全書）,cib_crime_statistics_2019_full.pdf,"當年發生件數 (current-year occurrences), PDF page 125; supplemental reports excluded.",official_annual_county,警政署／刑事警察局年度正式統計
2019,新北市,汽車竊盜,158,official_final,108年中華民國刑案統計（全書）,cib_crime_statistics_2019_full.pdf,"當年發生件數 (current-year occurrences), PDF page 84; supplemental reports excluded.",official_annual_county,警政署／刑事警察局年度正式統計
2019,新北市,機車竊盜,1260,official_final,108年中華民國刑案統計（全書）,cib_crime_statistics_2019_full.pdf,"當年發生件數 (current-year occurrences), PDF page 85; supplemental reports excluded.",official_annual_county,警政署／刑事警察局年度正式統計
2019,新北市,強制性交,11,official_final,108年中華民國刑案統計（全書）,cib_crime_statistics_2019_full.pdf,"當年發生件數 (current-year occurrences), PDF page 93; supplemental reports excluded.",official_annual_county,警政署／刑事警察局年度正式統計
2019,新竹市,毒品,504,official_final,108年中華民國刑案統計（全書）,cib_crime_statistics_2019_full.pdf,"當年發生件數 (current-year occurrences), PDF page 91; supplemental reports excluded.",official_annual_county,警政署／刑事警察局年度正式統計
2019,新竹市,強盜,1,official_final,108年中華民國刑案統計（全書）,cib_crime_statistics_2019_full.pdf,"當年發生件數 (current-year occurrences), PDF page 87; supplemental reports excluded.",official_annual_county,警政署／刑事警察局年度正式統計
2019,新竹市,搶奪,1,official_final,108年中華民國刑案統計（全書）,cib_crime_statistics_2019_full.pdf,"當年發生件數 (current-year occurrences), PDF page 88; supplemental reports excluded.",official_annual_county,警政署／刑事警察局年度正式統計
2019,新竹市,住宅竊盜,31,official_final,108年中華民國刑案統計（全書）,cib_crime_statistics_2019_full.pdf,"當年發生件數 (current-year occurrences), PDF page 125; supplemental reports excluded.",official_annual_county,警政署／刑事警察局年度正式統計
2019,新竹市,汽車竊盜,23,official_final,108年中華民國刑案統計（全書）,cib_crime_statistics_2019_full.pdf,"當年發生件數 (current-year occurrences), PDF page 84; supplemental reports excluded.",official_annual_county,警政署／刑事警察局年度正式統計
2019,新竹市,機車竊盜,231,official_final,108年中華民國刑案統計（全書）,cib_crime_statistics_2019_full.pdf,"當年發生件數 (current-year occurrences), PDF page 85; supplemental reports excluded.",official_annual_county,警政署／刑事警察局年度正式統計
2019,新竹市,強制性交,0,official_final,108年中華民國刑案統計（全書）,cib_crime_statistics_2019_full.pdf,"當年發生件數 (current-year occurrences), PDF page 93; supplemental reports excluded.",official_annual_county,警政署／刑事警察局年度正式統計
2019,新竹縣,毒品,766,official_final,108年中華民國刑案統計（全書）,cib_crime_statistics_2019_full.pdf,"當年發生件數 (current-year occurrences), PDF page 91; supplemental reports excluded.",official_annual_county,警政署／刑事警察局年度正式統計
2019,新竹縣,強盜,4,official_final,108年中華民國刑案統計（全書）,cib_crime_statistics_2019_full.pdf,"當年發生件數 (current-year occurrences), PDF page 87; supplemental reports excluded.",official_annual_county,警政署／刑事警察局年度正式統計
2019,新竹縣,搶奪,4,official_final,108年中華民國刑案統計（全書）,cib_crime_statistics_2019_full.pdf,"當年發生件數 (current-year occurrences), PDF page 88; supplemental reports excluded.",official_annual_county,警政署／刑事警察局年度正式統計
2019,新竹縣,住宅竊盜,125,official_final,108年中華民國刑案統計（全書）,cib_crime_statistics_2019_full.pdf,"當年發生件數 (current-year occurrences), PDF page 125; supplemental reports excluded.",official_annual_county,警政署／刑事警察局年度正式統計
2019,新竹縣,汽車竊盜,129,official_final,108年中華民國刑案統計（全書）,cib_crime_statistics_2019_full.pdf,"當年發生件數 (current-year occurrences), PDF page 84; supplemental reports excluded.",official_annual_county,警政署／刑事警察局年度正式統計
2019,新竹縣,機車竊盜,274,official_final,108年中華民國刑案統計（全書）,cib_crime_statistics_2019_full.pdf,"當年發生件數 (current-year occurrences), PDF page 85; supplemental reports excluded.",official_annual_county,警政署／刑事警察局年度正式統計
2019,新竹縣,強制性交,3,official_final,108年中華民國刑案統計（全書）,cib_crime_statistics_2019_full.pdf,"當年發生件數 (current-year occurrences), PDF page 93; supplemental reports excluded.",official_annual_county,警政署／刑事警察局年度正式統計
2019,桃園市,毒品,5900,official_final,108年中華民國刑案統計（全書）,cib_crime_statistics_2019_full.pdf,"當年發生件數 (current-year occurrences), PDF page 91; supplemental reports excluded.",official_annual_county,警政署／刑事警察局年度正式統計
2019,桃園市,強盜,19,official_final,108年中華民國刑案統計（全書）,cib_crime_statistics_2019_full.pdf,"當年發生件數 (current-year occurrences), PDF page 87; supplemental reports excluded.",official_annual_county,警政署／刑事警察局年度正式統計
2019,桃園市,搶奪,5,official_final,108年中華民國刑案統計（全書）,cib_crime_statistics_2019_full.pdf,"當年發生件數 (current-year occurrences), PDF page 88; supplemental reports excluded.",official_annual_county,警政署／刑事警察局年度正式統計
2019,桃園市,住宅竊盜,113,official_final,108年中華民國刑案統計（全書）,cib_crime_statistics_2019_full.pdf,"當年發生件數 (current-year occurrences), PDF page 125; supplemental reports excluded.",official_annual_county,警政署／刑事警察局年度正式統計
2019,桃園市,汽車竊盜,277,official_final,108年中華民國刑案統計（全書）,cib_crime_statistics_2019_full.pdf,"當年發生件數 (current-year occurrences), PDF page 84; supplemental reports excluded.",official_annual_county,警政署／刑事警察局年度正式統計
2019,桃園市,機車竊盜,1200,official_final,108年中華民國刑案統計（全書）,cib_crime_statistics_2019_full.pdf,"當年發生件數 (current-year occurrences), PDF page 85; supplemental reports excluded.",official_annual_county,警政署／刑事警察局年度正式統計
2019,桃園市,強制性交,6,official_final,108年中華民國刑案統計（全書）,cib_crime_statistics_2019_full.pdf,"當年發生件數 (current-year occurrences), PDF page 93; supplemental reports excluded.",official_annual_county,警政署／刑事警察局年度正式統計
2019,澎湖縣,毒品,68,official_final,108年中華民國刑案統計（全書）,cib_crime_statistics_2019_full.pdf,"當年發生件數 (current-year occurrences), PDF page 91; supplemental reports excluded.",official_annual_county,警政署／刑事警察局年度正式統計
2019,澎湖縣,強盜,3,official_final,108年中華民國刑案統計（全書）,cib_crime_statistics_2019_full.pdf,"當年發生件數 (current-year occurrences), PDF page 87; supplemental reports excluded.",official_annual_county,警政署／刑事警察局年度正式統計
2019,澎湖縣,搶奪,0,official_final,108年中華民國刑案統計（全書）,cib_crime_statistics_2019_full.pdf,"當年發生件數 (current-year occurrences), PDF page 88; supplemental reports excluded.",official_annual_county,警政署／刑事警察局年度正式統計
2019,澎湖縣,住宅竊盜,40,official_final,108年中華民國刑案統計（全書）,cib_crime_statistics_2019_full.pdf,"當年發生件數 (current-year occurrences), PDF page 125; supplemental reports excluded.",official_annual_county,警政署／刑事警察局年度正式統計
2019,澎湖縣,汽車竊盜,2,official_final,108年中華民國刑案統計（全書）,cib_crime_statistics_2019_full.pdf,"當年發生件數 (current-year occurrences), PDF page 84; supplemental reports excluded.",official_annual_county,警政署／刑事警察局年度正式統計
2019,澎湖縣,機車竊盜,7,official_final,108年中華民國刑案統計（全書）,cib_crime_statistics_2019_full.pdf,"當年發生件數 (current-year occurrences), PDF page 85; supplemental reports excluded.",official_annual_county,警政署／刑事警察局年度正式統計
2019,澎湖縣,強制性交,4,official_final,108年中華民國刑案統計（全書）,cib_crime_statistics_2019_full.pdf,"當年發生件數 (current-year occurrences), PDF page 93; supplemental reports excluded.",official_annual_county,警政署／刑事警察局年度正式統計
2019,臺中市,毒品,3700,official_final,108年中華民國刑案統計（全書）,cib_crime_statistics_2019_full.pdf,"當年發生件數 (current-year occurrences), PDF page 91; supplemental reports excluded.",official_annual_county,警政署／刑事警察局年度正式統計
2019,臺中市,強盜,19,official_final,108年中華民國刑案統計（全書）,cib_crime_statistics_2019_full.pdf,"當年發生件數 (current-year occurrences), PDF page 87; supplemental reports excluded.",official_annual_county,警政署／刑事警察局年度正式統計
2019,臺中市,搶奪,16,official_final,108年中華民國刑案統計（全書）,cib_crime_statistics_2019_full.pdf,"當年發生件數 (current-year occurrences), PDF page 88; supplemental reports excluded.",official_annual_county,警政署／刑事警察局年度正式統計
2019,臺中市,住宅竊盜,148,official_final,108年中華民國刑案統計（全書）,cib_crime_statistics_2019_full.pdf,"當年發生件數 (current-year occurrences), PDF page 125; supplemental reports excluded.",official_annual_county,警政署／刑事警察局年度正式統計
2019,臺中市,汽車竊盜,108,official_final,108年中華民國刑案統計（全書）,cib_crime_statistics_2019_full.pdf,"當年發生件數 (current-year occurrences), PDF page 84; supplemental reports excluded.",official_annual_county,警政署／刑事警察局年度正式統計
2019,臺中市,機車竊盜,517,official_final,108年中華民國刑案統計（全書）,cib_crime_statistics_2019_full.pdf,"當年發生件數 (current-year occurrences), PDF page 85; supplemental reports excluded.",official_annual_county,警政署／刑事警察局年度正式統計
2019,臺中市,強制性交,0,official_final,108年中華民國刑案統計（全書）,cib_crime_statistics_2019_full.pdf,"當年發生件數 (current-year occurrences), PDF page 93; supplemental reports excluded.",official_annual_county,警政署／刑事警察局年度正式統計
2019,臺北市,毒品,4054,official_final,108年中華民國刑案統計（全書）,cib_crime_statistics_2019_full.pdf,"當年發生件數 (current-year occurrences), PDF page 91; supplemental reports excluded.",official_annual_county,警政署／刑事警察局年度正式統計
2019,臺北市,強盜,15,official_final,108年中華民國刑案統計（全書）,cib_crime_statistics_2019_full.pdf,"當年發生件數 (current-year occurrences), PDF page 87; supplemental reports excluded.",official_annual_county,警政署／刑事警察局年度正式統計
2019,臺北市,搶奪,15,official_final,108年中華民國刑案統計（全書）,cib_crime_statistics_2019_full.pdf,"當年發生件數 (current-year occurrences), PDF page 88; supplemental reports excluded.",official_annual_county,警政署／刑事警察局年度正式統計
2019,臺北市,住宅竊盜,371,official_final,108年中華民國刑案統計（全書）,cib_crime_statistics_2019_full.pdf,"當年發生件數 (current-year occurrences), PDF page 125; supplemental reports excluded.",official_annual_county,警政署／刑事警察局年度正式統計
2019,臺北市,汽車竊盜,51,official_final,108年中華民國刑案統計（全書）,cib_crime_statistics_2019_full.pdf,"當年發生件數 (current-year occurrences), PDF page 84; supplemental reports excluded.",official_annual_county,警政署／刑事警察局年度正式統計
2019,臺北市,機車竊盜,369,official_final,108年中華民國刑案統計（全書）,cib_crime_statistics_2019_full.pdf,"當年發生件數 (current-year occurrences), PDF page 85; supplemental reports excluded.",official_annual_county,警政署／刑事警察局年度正式統計
2019,臺北市,強制性交,12,official_final,108年中華民國刑案統計（全書）,cib_crime_statistics_2019_full.pdf,"當年發生件數 (current-year occurrences), PDF page 93; supplemental reports excluded.",official_annual_county,警政署／刑事警察局年度正式統計
2019,臺南市,毒品,2919,official_final,108年中華民國刑案統計（全書）,cib_crime_statistics_2019_full.pdf,"當年發生件數 (current-year occurrences), PDF page 91; supplemental reports excluded.",official_annual_county,警政署／刑事警察局年度正式統計
2019,臺南市,強盜,21,official_final,108年中華民國刑案統計（全書）,cib_crime_statistics_2019_full.pdf,"當年發生件數 (current-year occurrences), PDF page 87; supplemental reports excluded.",official_annual_county,警政署／刑事警察局年度正式統計
2019,臺南市,搶奪,9,official_final,108年中華民國刑案統計（全書）,cib_crime_statistics_2019_full.pdf,"當年發生件數 (current-year occurrences), PDF page 88; supplemental reports excluded.",official_annual_county,警政署／刑事警察局年度正式統計
2019,臺南市,住宅竊盜,269,official_final,108年中華民國刑案統計（全書）,cib_crime_statistics_2019_full.pdf,"當年發生件數 (current-year occurrences), PDF page 125; supplemental reports excluded.",official_annual_county,警政署／刑事警察局年度正式統計
2019,臺南市,汽車竊盜,101,official_final,108年中華民國刑案統計（全書）,cib_crime_statistics_2019_full.pdf,"當年發生件數 (current-year occurrences), PDF page 84; supplemental reports excluded.",official_annual_county,警政署／刑事警察局年度正式統計
2019,臺南市,機車竊盜,318,official_final,108年中華民國刑案統計（全書）,cib_crime_statistics_2019_full.pdf,"當年發生件數 (current-year occurrences), PDF page 85; supplemental reports excluded.",official_annual_county,警政署／刑事警察局年度正式統計
2019,臺南市,強制性交,3,official_final,108年中華民國刑案統計（全書）,cib_crime_statistics_2019_full.pdf,"當年發生件數 (current-year occurrences), PDF page 93; supplemental reports excluded.",official_annual_county,警政署／刑事警察局年度正式統計
2019,臺東縣,毒品,419,official_final,108年中華民國刑案統計（全書）,cib_crime_statistics_2019_full.pdf,"當年發生件數 (current-year occurrences), PDF page 91; supplemental reports excluded.",official_annual_county,警政署／刑事警察局年度正式統計
2019,臺東縣,強盜,1,official_final,108年中華民國刑案統計（全書）,cib_crime_statistics_2019_full.pdf,"當年發生件數 (current-year occurrences), PDF page 87; supplemental reports excluded.",official_annual_county,警政署／刑事警察局年度正式統計
2019,臺東縣,搶奪,0,official_final,108年中華民國刑案統計（全書）,cib_crime_statistics_2019_full.pdf,"當年發生件數 (current-year occurrences), PDF page 88; supplemental reports excluded.",official_annual_county,警政署／刑事警察局年度正式統計
2019,臺東縣,住宅竊盜,4,official_final,108年中華民國刑案統計（全書）,cib_crime_statistics_2019_full.pdf,"當年發生件數 (current-year occurrences), PDF page 125; supplemental reports excluded.",official_annual_county,警政署／刑事警察局年度正式統計
2019,臺東縣,汽車竊盜,3,official_final,108年中華民國刑案統計（全書）,cib_crime_statistics_2019_full.pdf,"當年發生件數 (current-year occurrences), PDF page 84; supplemental reports excluded.",official_annual_county,警政署／刑事警察局年度正式統計
2019,臺東縣,機車竊盜,45,official_final,108年中華民國刑案統計（全書）,cib_crime_statistics_2019_full.pdf,"當年發生件數 (current-year occurrences), PDF page 85; supplemental reports excluded.",official_annual_county,警政署／刑事警察局年度正式統計
2019,臺東縣,強制性交,0,official_final,108年中華民國刑案統計（全書）,cib_crime_statistics_2019_full.pdf,"當年發生件數 (current-year occurrences), PDF page 93; supplemental reports excluded.",official_annual_county,警政署／刑事警察局年度正式統計
2019,花蓮縣,毒品,819,official_final,108年中華民國刑案統計（全書）,cib_crime_statistics_2019_full.pdf,"當年發生件數 (current-year occurrences), PDF page 91; supplemental reports excluded.",official_annual_county,警政署／刑事警察局年度正式統計
2019,花蓮縣,強盜,6,official_final,108年中華民國刑案統計（全書）,cib_crime_statistics_2019_full.pdf,"當年發生件數 (current-year occurrences), PDF page 87; supplemental reports excluded.",official_annual_county,警政署／刑事警察局年度正式統計
2019,花蓮縣,搶奪,4,official_final,108年中華民國刑案統計（全書）,cib_crime_statistics_2019_full.pdf,"當年發生件數 (current-year occurrences), PDF page 88; supplemental reports excluded.",official_annual_county,警政署／刑事警察局年度正式統計
2019,花蓮縣,住宅竊盜,69,official_final,108年中華民國刑案統計（全書）,cib_crime_statistics_2019_full.pdf,"當年發生件數 (current-year occurrences), PDF page 125; supplemental reports excluded.",official_annual_county,警政署／刑事警察局年度正式統計
2019,花蓮縣,汽車竊盜,14,official_final,108年中華民國刑案統計（全書）,cib_crime_statistics_2019_full.pdf,"當年發生件數 (current-year occurrences), PDF page 84; supplemental reports excluded.",official_annual_county,警政署／刑事警察局年度正式統計
2019,花蓮縣,機車竊盜,76,official_final,108年中華民國刑案統計（全書）,cib_crime_statistics_2019_full.pdf,"當年發生件數 (current-year occurrences), PDF page 85; supplemental reports excluded.",official_annual_county,警政署／刑事警察局年度正式統計
2019,花蓮縣,強制性交,9,official_final,108年中華民國刑案統計（全書）,cib_crime_statistics_2019_full.pdf,"當年發生件數 (current-year occurrences), PDF page 93; supplemental reports excluded.",official_annual_county,警政署／刑事警察局年度正式統計
2019,苗栗縣,毒品,1042,official_final,108年中華民國刑案統計（全書）,cib_crime_statistics_2019_full.pdf,"當年發生件數 (current-year occurrences), PDF page 91; supplemental reports excluded.",official_annual_county,警政署／刑事警察局年度正式統計
2019,苗栗縣,強盜,4,official_final,108年中華民國刑案統計（全書）,cib_crime_statistics_2019_full.pdf,"當年發生件數 (current-year occurrences), PDF page 87; supplemental reports excluded.",official_annual_county,警政署／刑事警察局年度正式統計
2019,苗栗縣,搶奪,1,official_final,108年中華民國刑案統計（全書）,cib_crime_statistics_2019_full.pdf,"當年發生件數 (current-year occurrences), PDF page 88; supplemental reports excluded.",official_annual_county,警政署／刑事警察局年度正式統計
2019,苗栗縣,住宅竊盜,102,official_final,108年中華民國刑案統計（全書）,cib_crime_statistics_2019_full.pdf,"當年發生件數 (current-year occurrences), PDF page 125; supplemental reports excluded.",official_annual_county,警政署／刑事警察局年度正式統計
2019,苗栗縣,汽車竊盜,35,official_final,108年中華民國刑案統計（全書）,cib_crime_statistics_2019_full.pdf,"當年發生件數 (current-year occurrences), PDF page 84; supplemental reports excluded.",official_annual_county,警政署／刑事警察局年度正式統計
2019,苗栗縣,機車竊盜,78,official_final,108年中華民國刑案統計（全書）,cib_crime_statistics_2019_full.pdf,"當年發生件數 (current-year occurrences), PDF page 85; supplemental reports excluded.",official_annual_county,警政署／刑事警察局年度正式統計
2019,苗栗縣,強制性交,2,official_final,108年中華民國刑案統計（全書）,cib_crime_statistics_2019_full.pdf,"當年發生件數 (current-year occurrences), PDF page 93; supplemental reports excluded.",official_annual_county,警政署／刑事警察局年度正式統計
2019,連江縣,毒品,8,official_final,108年中華民國刑案統計（全書）,cib_crime_statistics_2019_full.pdf,"當年發生件數 (current-year occurrences), PDF page 91; supplemental reports excluded.",official_annual_county,警政署／刑事警察局年度正式統計
2019,連江縣,強盜,0,official_final,108年中華民國刑案統計（全書）,cib_crime_statistics_2019_full.pdf,"當年發生件數 (current-year occurrences), PDF page 87; supplemental reports excluded.",official_annual_county,警政署／刑事警察局年度正式統計
2019,連江縣,搶奪,0,official_final,108年中華民國刑案統計（全書）,cib_crime_statistics_2019_full.pdf,"當年發生件數 (current-year occurrences), PDF page 88; supplemental reports excluded.",official_annual_county,警政署／刑事警察局年度正式統計
2019,連江縣,住宅竊盜,2,official_final,108年中華民國刑案統計（全書）,cib_crime_statistics_2019_full.pdf,"當年發生件數 (current-year occurrences), PDF page 125; supplemental reports excluded.",official_annual_county,警政署／刑事警察局年度正式統計
2019,連江縣,汽車竊盜,0,official_final,108年中華民國刑案統計（全書）,cib_crime_statistics_2019_full.pdf,"當年發生件數 (current-year occurrences), PDF page 84; supplemental reports excluded.",official_annual_county,警政署／刑事警察局年度正式統計
2019,連江縣,機車竊盜,1,official_final,108年中華民國刑案統計（全書）,cib_crime_statistics_2019_full.pdf,"當年發生件數 (current-year occurrences), PDF page 85; supplemental reports excluded.",official_annual_county,警政署／刑事警察局年度正式統計
2019,連江縣,強制性交,0,official_final,108年中華民國刑案統計（全書）,cib_crime_statistics_2019_full.pdf,"當年發生件數 (current-year occurrences), PDF page 93; supplemental reports excluded.",official_annual_county,警政署／刑事警察局年度正式統計
2019,金門縣,毒品,68,official_final,108年中華民國刑案統計（全書）,cib_crime_statistics_2019_full.pdf,"當年發生件數 (current-year occurrences), PDF page 91; supplemental reports excluded.",official_annual_county,警政署／刑事警察局年度正式統計
2019,金門縣,強盜,0,official_final,108年中華民國刑案統計（全書）,cib_crime_statistics_2019_full.pdf,"當年發生件數 (current-year occurrences), PDF page 87; supplemental reports excluded.",official_annual_county,警政署／刑事警察局年度正式統計
2019,金門縣,搶奪,0,official_final,108年中華民國刑案統計（全書）,cib_crime_statistics_2019_full.pdf,"當年發生件數 (current-year occurrences), PDF page 88; supplemental reports excluded.",official_annual_county,警政署／刑事警察局年度正式統計
2019,金門縣,住宅竊盜,28,official_final,108年中華民國刑案統計（全書）,cib_crime_statistics_2019_full.pdf,"當年發生件數 (current-year occurrences), PDF page 125; supplemental reports excluded.",official_annual_county,警政署／刑事警察局年度正式統計
2019,金門縣,汽車竊盜,3,official_final,108年中華民國刑案統計（全書）,cib_crime_statistics_2019_full.pdf,"當年發生件數 (current-year occurrences), PDF page 84; supplemental reports excluded.",official_annual_county,警政署／刑事警察局年度正式統計
2019,金門縣,機車竊盜,3,official_final,108年中華民國刑案統計（全書）,cib_crime_statistics_2019_full.pdf,"當年發生件數 (current-year occurrences), PDF page 85; supplemental reports excluded.",official_annual_county,警政署／刑事警察局年度正式統計
2019,金門縣,強制性交,8,official_final,108年中華民國刑案統計（全書）,cib_crime_statistics_2019_full.pdf,"當年發生件數 (current-year occurrences), PDF page 93; supplemental reports excluded.",official_annual_county,警政署／刑事警察局年度正式統計
2019,雲林縣,毒品,1256,official_final,108年中華民國刑案統計（全書）,cib_crime_statistics_2019_full.pdf,"當年發生件數 (current-year occurrences), PDF page 91; supplemental reports excluded.",official_annual_county,警政署／刑事警察局年度正式統計
2019,雲林縣,強盜,5,official_final,108年中華民國刑案統計（全書）,cib_crime_statistics_2019_full.pdf,"當年發生件數 (current-year occurrences), PDF page 87; supplemental reports excluded.",official_annual_county,警政署／刑事警察局年度正式統計
2019,雲林縣,搶奪,0,official_final,108年中華民國刑案統計（全書）,cib_crime_statistics_2019_full.pdf,"當年發生件數 (current-year occurrences), PDF page 88; supplemental reports excluded.",official_annual_county,警政署／刑事警察局年度正式統計
2019,雲林縣,住宅竊盜,213,official_final,108年中華民國刑案統計（全書）,cib_crime_statistics_2019_full.pdf,"當年發生件數 (current-year occurrences), PDF page 125; supplemental reports excluded.",official_annual_county,警政署／刑事警察局年度正式統計
2019,雲林縣,汽車竊盜,36,official_final,108年中華民國刑案統計（全書）,cib_crime_statistics_2019_full.pdf,"當年發生件數 (current-year occurrences), PDF page 84; supplemental reports excluded.",official_annual_county,警政署／刑事警察局年度正式統計
2019,雲林縣,機車竊盜,113,official_final,108年中華民國刑案統計（全書）,cib_crime_statistics_2019_full.pdf,"當年發生件數 (current-year occurrences), PDF page 85; supplemental reports excluded.",official_annual_county,警政署／刑事警察局年度正式統計
2019,雲林縣,強制性交,6,official_final,108年中華民國刑案統計（全書）,cib_crime_statistics_2019_full.pdf,"當年發生件數 (current-year occurrences), PDF page 93; supplemental reports excluded.",official_annual_county,警政署／刑事警察局年度正式統計
2019,高雄市,毒品,4303,official_final,108年中華民國刑案統計（全書）,cib_crime_statistics_2019_full.pdf,"當年發生件數 (current-year occurrences), PDF page 91; supplemental reports excluded.",official_annual_county,警政署／刑事警察局年度正式統計
2019,高雄市,強盜,25,official_final,108年中華民國刑案統計（全書）,cib_crime_statistics_2019_full.pdf,"當年發生件數 (current-year occurrences), PDF page 87; supplemental reports excluded.",official_annual_county,警政署／刑事警察局年度正式統計
2019,高雄市,搶奪,22,official_final,108年中華民國刑案統計（全書）,cib_crime_statistics_2019_full.pdf,"當年發生件數 (current-year occurrences), PDF page 88; supplemental reports excluded.",official_annual_county,警政署／刑事警察局年度正式統計
2019,高雄市,住宅竊盜,75,official_final,108年中華民國刑案統計（全書）,cib_crime_statistics_2019_full.pdf,"當年發生件數 (current-year occurrences), PDF page 125; supplemental reports excluded.",official_annual_county,警政署／刑事警察局年度正式統計
2019,高雄市,汽車竊盜,135,official_final,108年中華民國刑案統計（全書）,cib_crime_statistics_2019_full.pdf,"當年發生件數 (current-year occurrences), PDF page 84; supplemental reports excluded.",official_annual_county,警政署／刑事警察局年度正式統計
2019,高雄市,機車竊盜,606,official_final,108年中華民國刑案統計（全書）,cib_crime_statistics_2019_full.pdf,"當年發生件數 (current-year occurrences), PDF page 85; supplemental reports excluded.",official_annual_county,警政署／刑事警察局年度正式統計
2019,高雄市,強制性交,4,official_final,108年中華民國刑案統計（全書）,cib_crime_statistics_2019_full.pdf,"當年發生件數 (current-year occurrences), PDF page 93; supplemental reports excluded.",official_annual_county,警政署／刑事警察局年度正式統計
2020,南投縣,毒品,718,official_final,109年中華民國刑案統計（全書）,cib_crime_statistics_2020_full.pdf,"當年發生件數 (current-year occurrences), PDF page 93; supplemental reports excluded.",official_annual_county,警政署／刑事警察局年度正式統計
2020,南投縣,強盜,2,official_final,109年中華民國刑案統計（全書）,cib_crime_statistics_2020_full.pdf,"當年發生件數 (current-year occurrences), PDF page 89; supplemental reports excluded.",official_annual_county,警政署／刑事警察局年度正式統計
2020,南投縣,搶奪,1,official_final,109年中華民國刑案統計（全書）,cib_crime_statistics_2020_full.pdf,"當年發生件數 (current-year occurrences), PDF page 90; supplemental reports excluded.",official_annual_county,警政署／刑事警察局年度正式統計
2020,南投縣,住宅竊盜,111,official_final,109年中華民國刑案統計（全書）,cib_crime_statistics_2020_full.pdf,"當年發生件數 (current-year occurrences), PDF page 127; supplemental reports excluded.",official_annual_county,警政署／刑事警察局年度正式統計
2020,南投縣,汽車竊盜,26,official_final,109年中華民國刑案統計（全書）,cib_crime_statistics_2020_full.pdf,"當年發生件數 (current-year occurrences), PDF page 86; supplemental reports excluded.",official_annual_county,警政署／刑事警察局年度正式統計
2020,南投縣,機車竊盜,82,official_final,109年中華民國刑案統計（全書）,cib_crime_statistics_2020_full.pdf,"當年發生件數 (current-year occurrences), PDF page 87; supplemental reports excluded.",official_annual_county,警政署／刑事警察局年度正式統計
2020,南投縣,強制性交,15,official_final,109年中華民國刑案統計（全書）,cib_crime_statistics_2020_full.pdf,"當年發生件數 (current-year occurrences), PDF page 95; supplemental reports excluded.",official_annual_county,警政署／刑事警察局年度正式統計
2020,嘉義市,毒品,603,official_final,109年中華民國刑案統計（全書）,cib_crime_statistics_2020_full.pdf,"當年發生件數 (current-year occurrences), PDF page 93; supplemental reports excluded.",official_annual_county,警政署／刑事警察局年度正式統計
2020,嘉義市,強盜,2,official_final,109年中華民國刑案統計（全書）,cib_crime_statistics_2020_full.pdf,"當年發生件數 (current-year occurrences), PDF page 89; supplemental reports excluded.",official_annual_county,警政署／刑事警察局年度正式統計
2020,嘉義市,搶奪,2,official_final,109年中華民國刑案統計（全書）,cib_crime_statistics_2020_full.pdf,"當年發生件數 (current-year occurrences), PDF page 90; supplemental reports excluded.",official_annual_county,警政署／刑事警察局年度正式統計
2020,嘉義市,住宅竊盜,10,official_final,109年中華民國刑案統計（全書）,cib_crime_statistics_2020_full.pdf,"當年發生件數 (current-year occurrences), PDF page 127; supplemental reports excluded.",official_annual_county,警政署／刑事警察局年度正式統計
2020,嘉義市,汽車竊盜,13,official_final,109年中華民國刑案統計（全書）,cib_crime_statistics_2020_full.pdf,"當年發生件數 (current-year occurrences), PDF page 86; supplemental reports excluded.",official_annual_county,警政署／刑事警察局年度正式統計
2020,嘉義市,機車竊盜,37,official_final,109年中華民國刑案統計（全書）,cib_crime_statistics_2020_full.pdf,"當年發生件數 (current-year occurrences), PDF page 87; supplemental reports excluded.",official_annual_county,警政署／刑事警察局年度正式統計
2020,嘉義市,強制性交,7,official_final,109年中華民國刑案統計（全書）,cib_crime_statistics_2020_full.pdf,"當年發生件數 (current-year occurrences), PDF page 95; supplemental reports excluded.",official_annual_county,警政署／刑事警察局年度正式統計
2020,嘉義縣,毒品,849,official_final,109年中華民國刑案統計（全書）,cib_crime_statistics_2020_full.pdf,"當年發生件數 (current-year occurrences), PDF page 93; supplemental reports excluded.",official_annual_county,警政署／刑事警察局年度正式統計
2020,嘉義縣,強盜,3,official_final,109年中華民國刑案統計（全書）,cib_crime_statistics_2020_full.pdf,"當年發生件數 (current-year occurrences), PDF page 89; supplemental reports excluded.",official_annual_county,警政署／刑事警察局年度正式統計
2020,嘉義縣,搶奪,1,official_final,109年中華民國刑案統計（全書）,cib_crime_statistics_2020_full.pdf,"當年發生件數 (current-year occurrences), PDF page 90; supplemental reports excluded.",official_annual_county,警政署／刑事警察局年度正式統計
2020,嘉義縣,住宅竊盜,6,official_final,109年中華民國刑案統計（全書）,cib_crime_statistics_2020_full.pdf,"當年發生件數 (current-year occurrences), PDF page 127; supplemental reports excluded.",official_annual_county,警政署／刑事警察局年度正式統計
2020,嘉義縣,汽車竊盜,20,official_final,109年中華民國刑案統計（全書）,cib_crime_statistics_2020_full.pdf,"當年發生件數 (current-year occurrences), PDF page 86; supplemental reports excluded.",official_annual_county,警政署／刑事警察局年度正式統計
2020,嘉義縣,機車竊盜,57,official_final,109年中華民國刑案統計（全書）,cib_crime_statistics_2020_full.pdf,"當年發生件數 (current-year occurrences), PDF page 87; supplemental reports excluded.",official_annual_county,警政署／刑事警察局年度正式統計
2020,嘉義縣,強制性交,5,official_final,109年中華民國刑案統計（全書）,cib_crime_statistics_2020_full.pdf,"當年發生件數 (current-year occurrences), PDF page 95; supplemental reports excluded.",official_annual_county,警政署／刑事警察局年度正式統計
2020,基隆市,毒品,1046,official_final,109年中華民國刑案統計（全書）,cib_crime_statistics_2020_full.pdf,"當年發生件數 (current-year occurrences), PDF page 93; supplemental reports excluded.",official_annual_county,警政署／刑事警察局年度正式統計
2020,基隆市,強盜,4,official_final,109年中華民國刑案統計（全書）,cib_crime_statistics_2020_full.pdf,"當年發生件數 (current-year occurrences), PDF page 89; supplemental reports excluded.",official_annual_county,警政署／刑事警察局年度正式統計
2020,基隆市,搶奪,1,official_final,109年中華民國刑案統計（全書）,cib_crime_statistics_2020_full.pdf,"當年發生件數 (current-year occurrences), PDF page 90; supplemental reports excluded.",official_annual_county,警政署／刑事警察局年度正式統計
2020,基隆市,住宅竊盜,87,official_final,109年中華民國刑案統計（全書）,cib_crime_statistics_2020_full.pdf,"當年發生件數 (current-year occurrences), PDF page 127; supplemental reports excluded.",official_annual_county,警政署／刑事警察局年度正式統計
2020,基隆市,汽車竊盜,12,official_final,109年中華民國刑案統計（全書）,cib_crime_statistics_2020_full.pdf,"當年發生件數 (current-year occurrences), PDF page 86; supplemental reports excluded.",official_annual_county,警政署／刑事警察局年度正式統計
2020,基隆市,機車竊盜,48,official_final,109年中華民國刑案統計（全書）,cib_crime_statistics_2020_full.pdf,"當年發生件數 (current-year occurrences), PDF page 87; supplemental reports excluded.",official_annual_county,警政署／刑事警察局年度正式統計
2020,基隆市,強制性交,12,official_final,109年中華民國刑案統計（全書）,cib_crime_statistics_2020_full.pdf,"當年發生件數 (current-year occurrences), PDF page 95; supplemental reports excluded.",official_annual_county,警政署／刑事警察局年度正式統計
2020,宜蘭縣,毒品,710,official_final,109年中華民國刑案統計（全書）,cib_crime_statistics_2020_full.pdf,"當年發生件數 (current-year occurrences), PDF page 93; supplemental reports excluded.",official_annual_county,警政署／刑事警察局年度正式統計
2020,宜蘭縣,強盜,6,official_final,109年中華民國刑案統計（全書）,cib_crime_statistics_2020_full.pdf,"當年發生件數 (current-year occurrences), PDF page 89; supplemental reports excluded.",official_annual_county,警政署／刑事警察局年度正式統計
2020,宜蘭縣,搶奪,1,official_final,109年中華民國刑案統計（全書）,cib_crime_statistics_2020_full.pdf,"當年發生件數 (current-year occurrences), PDF page 90; supplemental reports excluded.",official_annual_county,警政署／刑事警察局年度正式統計
2020,宜蘭縣,住宅竊盜,24,official_final,109年中華民國刑案統計（全書）,cib_crime_statistics_2020_full.pdf,"當年發生件數 (current-year occurrences), PDF page 127; supplemental reports excluded.",official_annual_county,警政署／刑事警察局年度正式統計
2020,宜蘭縣,汽車竊盜,48,official_final,109年中華民國刑案統計（全書）,cib_crime_statistics_2020_full.pdf,"當年發生件數 (current-year occurrences), PDF page 86; supplemental reports excluded.",official_annual_county,警政署／刑事警察局年度正式統計
2020,宜蘭縣,機車竊盜,103,official_final,109年中華民國刑案統計（全書）,cib_crime_statistics_2020_full.pdf,"當年發生件數 (current-year occurrences), PDF page 87; supplemental reports excluded.",official_annual_county,警政署／刑事警察局年度正式統計
2020,宜蘭縣,強制性交,9,official_final,109年中華民國刑案統計（全書）,cib_crime_statistics_2020_full.pdf,"當年發生件數 (current-year occurrences), PDF page 95; supplemental reports excluded.",official_annual_county,警政署／刑事警察局年度正式統計
2020,屏東縣,毒品,1933,official_final,109年中華民國刑案統計（全書）,cib_crime_statistics_2020_full.pdf,"當年發生件數 (current-year occurrences), PDF page 93; supplemental reports excluded.",official_annual_county,警政署／刑事警察局年度正式統計
2020,屏東縣,強盜,2,official_final,109年中華民國刑案統計（全書）,cib_crime_statistics_2020_full.pdf,"當年發生件數 (current-year occurrences), PDF page 89; supplemental reports excluded.",official_annual_county,警政署／刑事警察局年度正式統計
2020,屏東縣,搶奪,3,official_final,109年中華民國刑案統計（全書）,cib_crime_statistics_2020_full.pdf,"當年發生件數 (current-year occurrences), PDF page 90; supplemental reports excluded.",official_annual_county,警政署／刑事警察局年度正式統計
2020,屏東縣,住宅竊盜,11,official_final,109年中華民國刑案統計（全書）,cib_crime_statistics_2020_full.pdf,"當年發生件數 (current-year occurrences), PDF page 127; supplemental reports excluded.",official_annual_county,警政署／刑事警察局年度正式統計
2020,屏東縣,汽車竊盜,25,official_final,109年中華民國刑案統計（全書）,cib_crime_statistics_2020_full.pdf,"當年發生件數 (current-year occurrences), PDF page 86; supplemental reports excluded.",official_annual_county,警政署／刑事警察局年度正式統計
2020,屏東縣,機車竊盜,103,official_final,109年中華民國刑案統計（全書）,cib_crime_statistics_2020_full.pdf,"當年發生件數 (current-year occurrences), PDF page 87; supplemental reports excluded.",official_annual_county,警政署／刑事警察局年度正式統計
2020,屏東縣,強制性交,3,official_final,109年中華民國刑案統計（全書）,cib_crime_statistics_2020_full.pdf,"當年發生件數 (current-year occurrences), PDF page 95; supplemental reports excluded.",official_annual_county,警政署／刑事警察局年度正式統計
2020,彰化縣,毒品,1556,official_final,109年中華民國刑案統計（全書）,cib_crime_statistics_2020_full.pdf,"當年發生件數 (current-year occurrences), PDF page 93; supplemental reports excluded.",official_annual_county,警政署／刑事警察局年度正式統計
2020,彰化縣,強盜,4,official_final,109年中華民國刑案統計（全書）,cib_crime_statistics_2020_full.pdf,"當年發生件數 (current-year occurrences), PDF page 89; supplemental reports excluded.",official_annual_county,警政署／刑事警察局年度正式統計
2020,彰化縣,搶奪,6,official_final,109年中華民國刑案統計（全書）,cib_crime_statistics_2020_full.pdf,"當年發生件數 (current-year occurrences), PDF page 90; supplemental reports excluded.",official_annual_county,警政署／刑事警察局年度正式統計
2020,彰化縣,住宅竊盜,78,official_final,109年中華民國刑案統計（全書）,cib_crime_statistics_2020_full.pdf,"當年發生件數 (current-year occurrences), PDF page 127; supplemental reports excluded.",official_annual_county,警政署／刑事警察局年度正式統計
2020,彰化縣,汽車竊盜,52,official_final,109年中華民國刑案統計（全書）,cib_crime_statistics_2020_full.pdf,"當年發生件數 (current-year occurrences), PDF page 86; supplemental reports excluded.",official_annual_county,警政署／刑事警察局年度正式統計
2020,彰化縣,機車竊盜,142,official_final,109年中華民國刑案統計（全書）,cib_crime_statistics_2020_full.pdf,"當年發生件數 (current-year occurrences), PDF page 87; supplemental reports excluded.",official_annual_county,警政署／刑事警察局年度正式統計
2020,彰化縣,強制性交,1,official_final,109年中華民國刑案統計（全書）,cib_crime_statistics_2020_full.pdf,"當年發生件數 (current-year occurrences), PDF page 95; supplemental reports excluded.",official_annual_county,警政署／刑事警察局年度正式統計
2020,新北市,毒品,7050,official_final,109年中華民國刑案統計（全書）,cib_crime_statistics_2020_full.pdf,"當年發生件數 (current-year occurrences), PDF page 93; supplemental reports excluded.",official_annual_county,警政署／刑事警察局年度正式統計
2020,新北市,強盜,25,official_final,109年中華民國刑案統計（全書）,cib_crime_statistics_2020_full.pdf,"當年發生件數 (current-year occurrences), PDF page 89; supplemental reports excluded.",official_annual_county,警政署／刑事警察局年度正式統計
2020,新北市,搶奪,21,official_final,109年中華民國刑案統計（全書）,cib_crime_statistics_2020_full.pdf,"當年發生件數 (current-year occurrences), PDF page 90; supplemental reports excluded.",official_annual_county,警政署／刑事警察局年度正式統計
2020,新北市,住宅竊盜,392,official_final,109年中華民國刑案統計（全書）,cib_crime_statistics_2020_full.pdf,"當年發生件數 (current-year occurrences), PDF page 127; supplemental reports excluded.",official_annual_county,警政署／刑事警察局年度正式統計
2020,新北市,汽車竊盜,74,official_final,109年中華民國刑案統計（全書）,cib_crime_statistics_2020_full.pdf,"當年發生件數 (current-year occurrences), PDF page 86; supplemental reports excluded.",official_annual_county,警政署／刑事警察局年度正式統計
2020,新北市,機車竊盜,917,official_final,109年中華民國刑案統計（全書）,cib_crime_statistics_2020_full.pdf,"當年發生件數 (current-year occurrences), PDF page 87; supplemental reports excluded.",official_annual_county,警政署／刑事警察局年度正式統計
2020,新北市,強制性交,13,official_final,109年中華民國刑案統計（全書）,cib_crime_statistics_2020_full.pdf,"當年發生件數 (current-year occurrences), PDF page 95; supplemental reports excluded.",official_annual_county,警政署／刑事警察局年度正式統計
2020,新竹市,毒品,392,official_final,109年中華民國刑案統計（全書）,cib_crime_statistics_2020_full.pdf,"當年發生件數 (current-year occurrences), PDF page 93; supplemental reports excluded.",official_annual_county,警政署／刑事警察局年度正式統計
2020,新竹市,強盜,3,official_final,109年中華民國刑案統計（全書）,cib_crime_statistics_2020_full.pdf,"當年發生件數 (current-year occurrences), PDF page 89; supplemental reports excluded.",official_annual_county,警政署／刑事警察局年度正式統計
2020,新竹市,搶奪,2,official_final,109年中華民國刑案統計（全書）,cib_crime_statistics_2020_full.pdf,"當年發生件數 (current-year occurrences), PDF page 90; supplemental reports excluded.",official_annual_county,警政署／刑事警察局年度正式統計
2020,新竹市,住宅竊盜,35,official_final,109年中華民國刑案統計（全書）,cib_crime_statistics_2020_full.pdf,"當年發生件數 (current-year occurrences), PDF page 127; supplemental reports excluded.",official_annual_county,警政署／刑事警察局年度正式統計
2020,新竹市,汽車竊盜,25,official_final,109年中華民國刑案統計（全書）,cib_crime_statistics_2020_full.pdf,"當年發生件數 (current-year occurrences), PDF page 86; supplemental reports excluded.",official_annual_county,警政署／刑事警察局年度正式統計
2020,新竹市,機車竊盜,157,official_final,109年中華民國刑案統計（全書）,cib_crime_statistics_2020_full.pdf,"當年發生件數 (current-year occurrences), PDF page 87; supplemental reports excluded.",official_annual_county,警政署／刑事警察局年度正式統計
2020,新竹市,強制性交,1,official_final,109年中華民國刑案統計（全書）,cib_crime_statistics_2020_full.pdf,"當年發生件數 (current-year occurrences), PDF page 95; supplemental reports excluded.",official_annual_county,警政署／刑事警察局年度正式統計
2020,新竹縣,毒品,932,official_final,109年中華民國刑案統計（全書）,cib_crime_statistics_2020_full.pdf,"當年發生件數 (current-year occurrences), PDF page 93; supplemental reports excluded.",official_annual_county,警政署／刑事警察局年度正式統計
2020,新竹縣,強盜,2,official_final,109年中華民國刑案統計（全書）,cib_crime_statistics_2020_full.pdf,"當年發生件數 (current-year occurrences), PDF page 89; supplemental reports excluded.",official_annual_county,警政署／刑事警察局年度正式統計
2020,新竹縣,搶奪,2,official_final,109年中華民國刑案統計（全書）,cib_crime_statistics_2020_full.pdf,"當年發生件數 (current-year occurrences), PDF page 90; supplemental reports excluded.",official_annual_county,警政署／刑事警察局年度正式統計
2020,新竹縣,住宅竊盜,64,official_final,109年中華民國刑案統計（全書）,cib_crime_statistics_2020_full.pdf,"當年發生件數 (current-year occurrences), PDF page 127; supplemental reports excluded.",official_annual_county,警政署／刑事警察局年度正式統計
2020,新竹縣,汽車竊盜,63,official_final,109年中華民國刑案統計（全書）,cib_crime_statistics_2020_full.pdf,"當年發生件數 (current-year occurrences), PDF page 86; supplemental reports excluded.",official_annual_county,警政署／刑事警察局年度正式統計
2020,新竹縣,機車竊盜,193,official_final,109年中華民國刑案統計（全書）,cib_crime_statistics_2020_full.pdf,"當年發生件數 (current-year occurrences), PDF page 87; supplemental reports excluded.",official_annual_county,警政署／刑事警察局年度正式統計
2020,新竹縣,強制性交,1,official_final,109年中華民國刑案統計（全書）,cib_crime_statistics_2020_full.pdf,"當年發生件數 (current-year occurrences), PDF page 95; supplemental reports excluded.",official_annual_county,警政署／刑事警察局年度正式統計
2020,桃園市,毒品,6375,official_final,109年中華民國刑案統計（全書）,cib_crime_statistics_2020_full.pdf,"當年發生件數 (current-year occurrences), PDF page 93; supplemental reports excluded.",official_annual_county,警政署／刑事警察局年度正式統計
2020,桃園市,強盜,15,official_final,109年中華民國刑案統計（全書）,cib_crime_statistics_2020_full.pdf,"當年發生件數 (current-year occurrences), PDF page 89; supplemental reports excluded.",official_annual_county,警政署／刑事警察局年度正式統計
2020,桃園市,搶奪,5,official_final,109年中華民國刑案統計（全書）,cib_crime_statistics_2020_full.pdf,"當年發生件數 (current-year occurrences), PDF page 90; supplemental reports excluded.",official_annual_county,警政署／刑事警察局年度正式統計
2020,桃園市,住宅竊盜,104,official_final,109年中華民國刑案統計（全書）,cib_crime_statistics_2020_full.pdf,"當年發生件數 (current-year occurrences), PDF page 127; supplemental reports excluded.",official_annual_county,警政署／刑事警察局年度正式統計
2020,桃園市,汽車竊盜,154,official_final,109年中華民國刑案統計（全書）,cib_crime_statistics_2020_full.pdf,"當年發生件數 (current-year occurrences), PDF page 86; supplemental reports excluded.",official_annual_county,警政署／刑事警察局年度正式統計
2020,桃園市,機車竊盜,838,official_final,109年中華民國刑案統計（全書）,cib_crime_statistics_2020_full.pdf,"當年發生件數 (current-year occurrences), PDF page 87; supplemental reports excluded.",official_annual_county,警政署／刑事警察局年度正式統計
2020,桃園市,強制性交,9,official_final,109年中華民國刑案統計（全書）,cib_crime_statistics_2020_full.pdf,"當年發生件數 (current-year occurrences), PDF page 95; supplemental reports excluded.",official_annual_county,警政署／刑事警察局年度正式統計
2020,澎湖縣,毒品,54,official_final,109年中華民國刑案統計（全書）,cib_crime_statistics_2020_full.pdf,"當年發生件數 (current-year occurrences), PDF page 93; supplemental reports excluded.",official_annual_county,警政署／刑事警察局年度正式統計
2020,澎湖縣,強盜,1,official_final,109年中華民國刑案統計（全書）,cib_crime_statistics_2020_full.pdf,"當年發生件數 (current-year occurrences), PDF page 89; supplemental reports excluded.",official_annual_county,警政署／刑事警察局年度正式統計
2020,澎湖縣,搶奪,0,official_final,109年中華民國刑案統計（全書）,cib_crime_statistics_2020_full.pdf,"當年發生件數 (current-year occurrences), PDF page 90; supplemental reports excluded.",official_annual_county,警政署／刑事警察局年度正式統計
2020,澎湖縣,住宅竊盜,44,official_final,109年中華民國刑案統計（全書）,cib_crime_statistics_2020_full.pdf,"當年發生件數 (current-year occurrences), PDF page 127; supplemental reports excluded.",official_annual_county,警政署／刑事警察局年度正式統計
2020,澎湖縣,汽車竊盜,2,official_final,109年中華民國刑案統計（全書）,cib_crime_statistics_2020_full.pdf,"當年發生件數 (current-year occurrences), PDF page 86; supplemental reports excluded.",official_annual_county,警政署／刑事警察局年度正式統計
2020,澎湖縣,機車竊盜,7,official_final,109年中華民國刑案統計（全書）,cib_crime_statistics_2020_full.pdf,"當年發生件數 (current-year occurrences), PDF page 87; supplemental reports excluded.",official_annual_county,警政署／刑事警察局年度正式統計
2020,澎湖縣,強制性交,3,official_final,109年中華民國刑案統計（全書）,cib_crime_statistics_2020_full.pdf,"當年發生件數 (current-year occurrences), PDF page 95; supplemental reports excluded.",official_annual_county,警政署／刑事警察局年度正式統計
2020,臺中市,毒品,3624,official_final,109年中華民國刑案統計（全書）,cib_crime_statistics_2020_full.pdf,"當年發生件數 (current-year occurrences), PDF page 93; supplemental reports excluded.",official_annual_county,警政署／刑事警察局年度正式統計
2020,臺中市,強盜,13,official_final,109年中華民國刑案統計（全書）,cib_crime_statistics_2020_full.pdf,"當年發生件數 (current-year occurrences), PDF page 89; supplemental reports excluded.",official_annual_county,警政署／刑事警察局年度正式統計
2020,臺中市,搶奪,7,official_final,109年中華民國刑案統計（全書）,cib_crime_statistics_2020_full.pdf,"當年發生件數 (current-year occurrences), PDF page 90; supplemental reports excluded.",official_annual_county,警政署／刑事警察局年度正式統計
2020,臺中市,住宅竊盜,128,official_final,109年中華民國刑案統計（全書）,cib_crime_statistics_2020_full.pdf,"當年發生件數 (current-year occurrences), PDF page 127; supplemental reports excluded.",official_annual_county,警政署／刑事警察局年度正式統計
2020,臺中市,汽車竊盜,94,official_final,109年中華民國刑案統計（全書）,cib_crime_statistics_2020_full.pdf,"當年發生件數 (current-year occurrences), PDF page 86; supplemental reports excluded.",official_annual_county,警政署／刑事警察局年度正式統計
2020,臺中市,機車竊盜,417,official_final,109年中華民國刑案統計（全書）,cib_crime_statistics_2020_full.pdf,"當年發生件數 (current-year occurrences), PDF page 87; supplemental reports excluded.",official_annual_county,警政署／刑事警察局年度正式統計
2020,臺中市,強制性交,1,official_final,109年中華民國刑案統計（全書）,cib_crime_statistics_2020_full.pdf,"當年發生件數 (current-year occurrences), PDF page 95; supplemental reports excluded.",official_annual_county,警政署／刑事警察局年度正式統計
2020,臺北市,毒品,3911,official_final,109年中華民國刑案統計（全書）,cib_crime_statistics_2020_full.pdf,"當年發生件數 (current-year occurrences), PDF page 93; supplemental reports excluded.",official_annual_county,警政署／刑事警察局年度正式統計
2020,臺北市,強盜,15,official_final,109年中華民國刑案統計（全書）,cib_crime_statistics_2020_full.pdf,"當年發生件數 (current-year occurrences), PDF page 89; supplemental reports excluded.",official_annual_county,警政署／刑事警察局年度正式統計
2020,臺北市,搶奪,13,official_final,109年中華民國刑案統計（全書）,cib_crime_statistics_2020_full.pdf,"當年發生件數 (current-year occurrences), PDF page 90; supplemental reports excluded.",official_annual_county,警政署／刑事警察局年度正式統計
2020,臺北市,住宅竊盜,316,official_final,109年中華民國刑案統計（全書）,cib_crime_statistics_2020_full.pdf,"當年發生件數 (current-year occurrences), PDF page 127; supplemental reports excluded.",official_annual_county,警政署／刑事警察局年度正式統計
2020,臺北市,汽車竊盜,37,official_final,109年中華民國刑案統計（全書）,cib_crime_statistics_2020_full.pdf,"當年發生件數 (current-year occurrences), PDF page 86; supplemental reports excluded.",official_annual_county,警政署／刑事警察局年度正式統計
2020,臺北市,機車竊盜,287,official_final,109年中華民國刑案統計（全書）,cib_crime_statistics_2020_full.pdf,"當年發生件數 (current-year occurrences), PDF page 87; supplemental reports excluded.",official_annual_county,警政署／刑事警察局年度正式統計
2020,臺北市,強制性交,8,official_final,109年中華民國刑案統計（全書）,cib_crime_statistics_2020_full.pdf,"當年發生件數 (current-year occurrences), PDF page 95; supplemental reports excluded.",official_annual_county,警政署／刑事警察局年度正式統計
2020,臺南市,毒品,2837,official_final,109年中華民國刑案統計（全書）,cib_crime_statistics_2020_full.pdf,"當年發生件數 (current-year occurrences), PDF page 93; supplemental reports excluded.",official_annual_county,警政署／刑事警察局年度正式統計
2020,臺南市,強盜,19,official_final,109年中華民國刑案統計（全書）,cib_crime_statistics_2020_full.pdf,"當年發生件數 (current-year occurrences), PDF page 89; supplemental reports excluded.",official_annual_county,警政署／刑事警察局年度正式統計
2020,臺南市,搶奪,19,official_final,109年中華民國刑案統計（全書）,cib_crime_statistics_2020_full.pdf,"當年發生件數 (current-year occurrences), PDF page 90; supplemental reports excluded.",official_annual_county,警政署／刑事警察局年度正式統計
2020,臺南市,住宅竊盜,223,official_final,109年中華民國刑案統計（全書）,cib_crime_statistics_2020_full.pdf,"當年發生件數 (current-year occurrences), PDF page 127; supplemental reports excluded.",official_annual_county,警政署／刑事警察局年度正式統計
2020,臺南市,汽車竊盜,56,official_final,109年中華民國刑案統計（全書）,cib_crime_statistics_2020_full.pdf,"當年發生件數 (current-year occurrences), PDF page 86; supplemental reports excluded.",official_annual_county,警政署／刑事警察局年度正式統計
2020,臺南市,機車竊盜,259,official_final,109年中華民國刑案統計（全書）,cib_crime_statistics_2020_full.pdf,"當年發生件數 (current-year occurrences), PDF page 87; supplemental reports excluded.",official_annual_county,警政署／刑事警察局年度正式統計
2020,臺南市,強制性交,3,official_final,109年中華民國刑案統計（全書）,cib_crime_statistics_2020_full.pdf,"當年發生件數 (current-year occurrences), PDF page 95; supplemental reports excluded.",official_annual_county,警政署／刑事警察局年度正式統計
2020,臺東縣,毒品,349,official_final,109年中華民國刑案統計（全書）,cib_crime_statistics_2020_full.pdf,"當年發生件數 (current-year occurrences), PDF page 93; supplemental reports excluded.",official_annual_county,警政署／刑事警察局年度正式統計
2020,臺東縣,強盜,0,official_final,109年中華民國刑案統計（全書）,cib_crime_statistics_2020_full.pdf,"當年發生件數 (current-year occurrences), PDF page 89; supplemental reports excluded.",official_annual_county,警政署／刑事警察局年度正式統計
2020,臺東縣,搶奪,0,official_final,109年中華民國刑案統計（全書）,cib_crime_statistics_2020_full.pdf,"當年發生件數 (current-year occurrences), PDF page 90; supplemental reports excluded.",official_annual_county,警政署／刑事警察局年度正式統計
2020,臺東縣,住宅竊盜,2,official_final,109年中華民國刑案統計（全書）,cib_crime_statistics_2020_full.pdf,"當年發生件數 (current-year occurrences), PDF page 127; supplemental reports excluded.",official_annual_county,警政署／刑事警察局年度正式統計
2020,臺東縣,汽車竊盜,5,official_final,109年中華民國刑案統計（全書）,cib_crime_statistics_2020_full.pdf,"當年發生件數 (current-year occurrences), PDF page 86; supplemental reports excluded.",official_annual_county,警政署／刑事警察局年度正式統計
2020,臺東縣,機車竊盜,39,official_final,109年中華民國刑案統計（全書）,cib_crime_statistics_2020_full.pdf,"當年發生件數 (current-year occurrences), PDF page 87; supplemental reports excluded.",official_annual_county,警政署／刑事警察局年度正式統計
2020,臺東縣,強制性交,1,official_final,109年中華民國刑案統計（全書）,cib_crime_statistics_2020_full.pdf,"當年發生件數 (current-year occurrences), PDF page 95; supplemental reports excluded.",official_annual_county,警政署／刑事警察局年度正式統計
2020,花蓮縣,毒品,595,official_final,109年中華民國刑案統計（全書）,cib_crime_statistics_2020_full.pdf,"當年發生件數 (current-year occurrences), PDF page 93; supplemental reports excluded.",official_annual_county,警政署／刑事警察局年度正式統計
2020,花蓮縣,強盜,4,official_final,109年中華民國刑案統計（全書）,cib_crime_statistics_2020_full.pdf,"當年發生件數 (current-year occurrences), PDF page 89; supplemental reports excluded.",official_annual_county,警政署／刑事警察局年度正式統計
2020,花蓮縣,搶奪,2,official_final,109年中華民國刑案統計（全書）,cib_crime_statistics_2020_full.pdf,"當年發生件數 (current-year occurrences), PDF page 90; supplemental reports excluded.",official_annual_county,警政署／刑事警察局年度正式統計
2020,花蓮縣,住宅竊盜,50,official_final,109年中華民國刑案統計（全書）,cib_crime_statistics_2020_full.pdf,"當年發生件數 (current-year occurrences), PDF page 127; supplemental reports excluded.",official_annual_county,警政署／刑事警察局年度正式統計
2020,花蓮縣,汽車竊盜,17,official_final,109年中華民國刑案統計（全書）,cib_crime_statistics_2020_full.pdf,"當年發生件數 (current-year occurrences), PDF page 86; supplemental reports excluded.",official_annual_county,警政署／刑事警察局年度正式統計
2020,花蓮縣,機車竊盜,48,official_final,109年中華民國刑案統計（全書）,cib_crime_statistics_2020_full.pdf,"當年發生件數 (current-year occurrences), PDF page 87; supplemental reports excluded.",official_annual_county,警政署／刑事警察局年度正式統計
2020,花蓮縣,強制性交,3,official_final,109年中華民國刑案統計（全書）,cib_crime_statistics_2020_full.pdf,"當年發生件數 (current-year occurrences), PDF page 95; supplemental reports excluded.",official_annual_county,警政署／刑事警察局年度正式統計
2020,苗栗縣,毒品,1036,official_final,109年中華民國刑案統計（全書）,cib_crime_statistics_2020_full.pdf,"當年發生件數 (current-year occurrences), PDF page 93; supplemental reports excluded.",official_annual_county,警政署／刑事警察局年度正式統計
2020,苗栗縣,強盜,4,official_final,109年中華民國刑案統計（全書）,cib_crime_statistics_2020_full.pdf,"當年發生件數 (current-year occurrences), PDF page 89; supplemental reports excluded.",official_annual_county,警政署／刑事警察局年度正式統計
2020,苗栗縣,搶奪,3,official_final,109年中華民國刑案統計（全書）,cib_crime_statistics_2020_full.pdf,"當年發生件數 (current-year occurrences), PDF page 90; supplemental reports excluded.",official_annual_county,警政署／刑事警察局年度正式統計
2020,苗栗縣,住宅竊盜,104,official_final,109年中華民國刑案統計（全書）,cib_crime_statistics_2020_full.pdf,"當年發生件數 (current-year occurrences), PDF page 127; supplemental reports excluded.",official_annual_county,警政署／刑事警察局年度正式統計
2020,苗栗縣,汽車竊盜,29,official_final,109年中華民國刑案統計（全書）,cib_crime_statistics_2020_full.pdf,"當年發生件數 (current-year occurrences), PDF page 86; supplemental reports excluded.",official_annual_county,警政署／刑事警察局年度正式統計
2020,苗栗縣,機車竊盜,90,official_final,109年中華民國刑案統計（全書）,cib_crime_statistics_2020_full.pdf,"當年發生件數 (current-year occurrences), PDF page 87; supplemental reports excluded.",official_annual_county,警政署／刑事警察局年度正式統計
2020,苗栗縣,強制性交,13,official_final,109年中華民國刑案統計（全書）,cib_crime_statistics_2020_full.pdf,"當年發生件數 (current-year occurrences), PDF page 95; supplemental reports excluded.",official_annual_county,警政署／刑事警察局年度正式統計
2020,連江縣,毒品,12,official_final,109年中華民國刑案統計（全書）,cib_crime_statistics_2020_full.pdf,"當年發生件數 (current-year occurrences), PDF page 93; supplemental reports excluded.",official_annual_county,警政署／刑事警察局年度正式統計
2020,連江縣,強盜,0,official_final,109年中華民國刑案統計（全書）,cib_crime_statistics_2020_full.pdf,"當年發生件數 (current-year occurrences), PDF page 89; supplemental reports excluded.",official_annual_county,警政署／刑事警察局年度正式統計
2020,連江縣,搶奪,0,official_final,109年中華民國刑案統計（全書）,cib_crime_statistics_2020_full.pdf,"當年發生件數 (current-year occurrences), PDF page 90; supplemental reports excluded.",official_annual_county,警政署／刑事警察局年度正式統計
2020,連江縣,住宅竊盜,1,official_final,109年中華民國刑案統計（全書）,cib_crime_statistics_2020_full.pdf,"當年發生件數 (current-year occurrences), PDF page 127; supplemental reports excluded.",official_annual_county,警政署／刑事警察局年度正式統計
2020,連江縣,汽車竊盜,0,official_final,109年中華民國刑案統計（全書）,cib_crime_statistics_2020_full.pdf,"當年發生件數 (current-year occurrences), PDF page 86; supplemental reports excluded.",official_annual_county,警政署／刑事警察局年度正式統計
2020,連江縣,機車竊盜,4,official_final,109年中華民國刑案統計（全書）,cib_crime_statistics_2020_full.pdf,"當年發生件數 (current-year occurrences), PDF page 87; supplemental reports excluded.",official_annual_county,警政署／刑事警察局年度正式統計
2020,連江縣,強制性交,0,official_final,109年中華民國刑案統計（全書）,cib_crime_statistics_2020_full.pdf,"當年發生件數 (current-year occurrences), PDF page 95; supplemental reports excluded.",official_annual_county,警政署／刑事警察局年度正式統計
2020,金門縣,毒品,109,official_final,109年中華民國刑案統計（全書）,cib_crime_statistics_2020_full.pdf,"當年發生件數 (current-year occurrences), PDF page 93; supplemental reports excluded.",official_annual_county,警政署／刑事警察局年度正式統計
2020,金門縣,強盜,0,official_final,109年中華民國刑案統計（全書）,cib_crime_statistics_2020_full.pdf,"當年發生件數 (current-year occurrences), PDF page 89; supplemental reports excluded.",official_annual_county,警政署／刑事警察局年度正式統計
2020,金門縣,搶奪,0,official_final,109年中華民國刑案統計（全書）,cib_crime_statistics_2020_full.pdf,"當年發生件數 (current-year occurrences), PDF page 90; supplemental reports excluded.",official_annual_county,警政署／刑事警察局年度正式統計
2020,金門縣,住宅竊盜,31,official_final,109年中華民國刑案統計（全書）,cib_crime_statistics_2020_full.pdf,"當年發生件數 (current-year occurrences), PDF page 127; supplemental reports excluded.",official_annual_county,警政署／刑事警察局年度正式統計
2020,金門縣,汽車竊盜,4,official_final,109年中華民國刑案統計（全書）,cib_crime_statistics_2020_full.pdf,"當年發生件數 (current-year occurrences), PDF page 86; supplemental reports excluded.",official_annual_county,警政署／刑事警察局年度正式統計
2020,金門縣,機車竊盜,4,official_final,109年中華民國刑案統計（全書）,cib_crime_statistics_2020_full.pdf,"當年發生件數 (current-year occurrences), PDF page 87; supplemental reports excluded.",official_annual_county,警政署／刑事警察局年度正式統計
2020,金門縣,強制性交,1,official_final,109年中華民國刑案統計（全書）,cib_crime_statistics_2020_full.pdf,"當年發生件數 (current-year occurrences), PDF page 95; supplemental reports excluded.",official_annual_county,警政署／刑事警察局年度正式統計
2020,雲林縣,毒品,964,official_final,109年中華民國刑案統計（全書）,cib_crime_statistics_2020_full.pdf,"當年發生件數 (current-year occurrences), PDF page 93; supplemental reports excluded.",official_annual_county,警政署／刑事警察局年度正式統計
2020,雲林縣,強盜,5,official_final,109年中華民國刑案統計（全書）,cib_crime_statistics_2020_full.pdf,"當年發生件數 (current-year occurrences), PDF page 89; supplemental reports excluded.",official_annual_county,警政署／刑事警察局年度正式統計
2020,雲林縣,搶奪,5,official_final,109年中華民國刑案統計（全書）,cib_crime_statistics_2020_full.pdf,"當年發生件數 (current-year occurrences), PDF page 90; supplemental reports excluded.",official_annual_county,警政署／刑事警察局年度正式統計
2020,雲林縣,住宅竊盜,121,official_final,109年中華民國刑案統計（全書）,cib_crime_statistics_2020_full.pdf,"當年發生件數 (current-year occurrences), PDF page 127; supplemental reports excluded.",official_annual_county,警政署／刑事警察局年度正式統計
2020,雲林縣,汽車竊盜,36,official_final,109年中華民國刑案統計（全書）,cib_crime_statistics_2020_full.pdf,"當年發生件數 (current-year occurrences), PDF page 86; supplemental reports excluded.",official_annual_county,警政署／刑事警察局年度正式統計
2020,雲林縣,機車竊盜,87,official_final,109年中華民國刑案統計（全書）,cib_crime_statistics_2020_full.pdf,"當年發生件數 (current-year occurrences), PDF page 87; supplemental reports excluded.",official_annual_county,警政署／刑事警察局年度正式統計
2020,雲林縣,強制性交,4,official_final,109年中華民國刑案統計（全書）,cib_crime_statistics_2020_full.pdf,"當年發生件數 (current-year occurrences), PDF page 95; supplemental reports excluded.",official_annual_county,警政署／刑事警察局年度正式統計
2020,高雄市,毒品,3797,official_final,109年中華民國刑案統計（全書）,cib_crime_statistics_2020_full.pdf,"當年發生件數 (current-year occurrences), PDF page 93; supplemental reports excluded.",official_annual_county,警政署／刑事警察局年度正式統計
2020,高雄市,強盜,17,official_final,109年中華民國刑案統計（全書）,cib_crime_statistics_2020_full.pdf,"當年發生件數 (current-year occurrences), PDF page 89; supplemental reports excluded.",official_annual_county,警政署／刑事警察局年度正式統計
2020,高雄市,搶奪,28,official_final,109年中華民國刑案統計（全書）,cib_crime_statistics_2020_full.pdf,"當年發生件數 (current-year occurrences), PDF page 90; supplemental reports excluded.",official_annual_county,警政署／刑事警察局年度正式統計
2020,高雄市,住宅竊盜,72,official_final,109年中華民國刑案統計（全書）,cib_crime_statistics_2020_full.pdf,"當年發生件數 (current-year occurrences), PDF page 127; supplemental reports excluded.",official_annual_county,警政署／刑事警察局年度正式統計
2020,高雄市,汽車竊盜,97,official_final,109年中華民國刑案統計（全書）,cib_crime_statistics_2020_full.pdf,"當年發生件數 (current-year occurrences), PDF page 86; supplemental reports excluded.",official_annual_county,警政署／刑事警察局年度正式統計
2020,高雄市,機車竊盜,448,official_final,109年中華民國刑案統計（全書）,cib_crime_statistics_2020_full.pdf,"當年發生件數 (current-year occurrences), PDF page 87; supplemental reports excluded.",official_annual_county,警政署／刑事警察局年度正式統計
2020,高雄市,強制性交,6,official_final,109年中華民國刑案統計（全書）,cib_crime_statistics_2020_full.pdf,"當年發生件數 (current-year occurrences), PDF page 95; supplemental reports excluded.",official_annual_county,警政署／刑事警察局年度正式統計
2021,南投縣,毒品,666,official_final,110年中華民國刑案統計（全書）,cib_crime_statistics_2021_full.pdf,"當年發生件數 (current-year occurrences), PDF page 90; supplemental reports excluded.",official_annual_county,警政署／刑事警察局年度正式統計
2021,南投縣,強盜,3,official_final,110年中華民國刑案統計（全書）,cib_crime_statistics_2021_full.pdf,"當年發生件數 (current-year occurrences), PDF page 86; supplemental reports excluded.",official_annual_county,警政署／刑事警察局年度正式統計
2021,南投縣,搶奪,2,official_final,110年中華民國刑案統計（全書）,cib_crime_statistics_2021_full.pdf,"當年發生件數 (current-year occurrences), PDF page 87; supplemental reports excluded.",official_annual_county,警政署／刑事警察局年度正式統計
2021,南投縣,住宅竊盜,154,official_final,110年中華民國刑案統計（全書）,cib_crime_statistics_2021_full.pdf,"當年發生件數 (current-year occurrences), PDF page 124; supplemental reports excluded.",official_annual_county,警政署／刑事警察局年度正式統計
2021,南投縣,汽車竊盜,26,official_final,110年中華民國刑案統計（全書）,cib_crime_statistics_2021_full.pdf,"當年發生件數 (current-year occurrences), PDF page 83; supplemental reports excluded.",official_annual_county,警政署／刑事警察局年度正式統計
2021,南投縣,機車竊盜,93,official_final,110年中華民國刑案統計（全書）,cib_crime_statistics_2021_full.pdf,"當年發生件數 (current-year occurrences), PDF page 84; supplemental reports excluded.",official_annual_county,警政署／刑事警察局年度正式統計
2021,南投縣,強制性交,2,official_final,110年中華民國刑案統計（全書）,cib_crime_statistics_2021_full.pdf,"當年發生件數 (current-year occurrences), PDF page 92; supplemental reports excluded.",official_annual_county,警政署／刑事警察局年度正式統計
2021,嘉義市,毒品,595,official_final,110年中華民國刑案統計（全書）,cib_crime_statistics_2021_full.pdf,"當年發生件數 (current-year occurrences), PDF page 90; supplemental reports excluded.",official_annual_county,警政署／刑事警察局年度正式統計
2021,嘉義市,強盜,3,official_final,110年中華民國刑案統計（全書）,cib_crime_statistics_2021_full.pdf,"當年發生件數 (current-year occurrences), PDF page 86; supplemental reports excluded.",official_annual_county,警政署／刑事警察局年度正式統計
2021,嘉義市,搶奪,0,official_final,110年中華民國刑案統計（全書）,cib_crime_statistics_2021_full.pdf,"當年發生件數 (current-year occurrences), PDF page 87; supplemental reports excluded.",official_annual_county,警政署／刑事警察局年度正式統計
2021,嘉義市,住宅竊盜,13,official_final,110年中華民國刑案統計（全書）,cib_crime_statistics_2021_full.pdf,"當年發生件數 (current-year occurrences), PDF page 124; supplemental reports excluded.",official_annual_county,警政署／刑事警察局年度正式統計
2021,嘉義市,汽車竊盜,4,official_final,110年中華民國刑案統計（全書）,cib_crime_statistics_2021_full.pdf,"當年發生件數 (current-year occurrences), PDF page 83; supplemental reports excluded.",official_annual_county,警政署／刑事警察局年度正式統計
2021,嘉義市,機車竊盜,20,official_final,110年中華民國刑案統計（全書）,cib_crime_statistics_2021_full.pdf,"當年發生件數 (current-year occurrences), PDF page 84; supplemental reports excluded.",official_annual_county,警政署／刑事警察局年度正式統計
2021,嘉義市,強制性交,2,official_final,110年中華民國刑案統計（全書）,cib_crime_statistics_2021_full.pdf,"當年發生件數 (current-year occurrences), PDF page 92; supplemental reports excluded.",official_annual_county,警政署／刑事警察局年度正式統計
2021,嘉義縣,毒品,709,official_final,110年中華民國刑案統計（全書）,cib_crime_statistics_2021_full.pdf,"當年發生件數 (current-year occurrences), PDF page 90; supplemental reports excluded.",official_annual_county,警政署／刑事警察局年度正式統計
2021,嘉義縣,強盜,3,official_final,110年中華民國刑案統計（全書）,cib_crime_statistics_2021_full.pdf,"當年發生件數 (current-year occurrences), PDF page 86; supplemental reports excluded.",official_annual_county,警政署／刑事警察局年度正式統計
2021,嘉義縣,搶奪,4,official_final,110年中華民國刑案統計（全書）,cib_crime_statistics_2021_full.pdf,"當年發生件數 (current-year occurrences), PDF page 87; supplemental reports excluded.",official_annual_county,警政署／刑事警察局年度正式統計
2021,嘉義縣,住宅竊盜,24,official_final,110年中華民國刑案統計（全書）,cib_crime_statistics_2021_full.pdf,"當年發生件數 (current-year occurrences), PDF page 124; supplemental reports excluded.",official_annual_county,警政署／刑事警察局年度正式統計
2021,嘉義縣,汽車竊盜,16,official_final,110年中華民國刑案統計（全書）,cib_crime_statistics_2021_full.pdf,"當年發生件數 (current-year occurrences), PDF page 83; supplemental reports excluded.",official_annual_county,警政署／刑事警察局年度正式統計
2021,嘉義縣,機車竊盜,53,official_final,110年中華民國刑案統計（全書）,cib_crime_statistics_2021_full.pdf,"當年發生件數 (current-year occurrences), PDF page 84; supplemental reports excluded.",official_annual_county,警政署／刑事警察局年度正式統計
2021,嘉義縣,強制性交,7,official_final,110年中華民國刑案統計（全書）,cib_crime_statistics_2021_full.pdf,"當年發生件數 (current-year occurrences), PDF page 92; supplemental reports excluded.",official_annual_county,警政署／刑事警察局年度正式統計
2021,基隆市,毒品,920,official_final,110年中華民國刑案統計（全書）,cib_crime_statistics_2021_full.pdf,"當年發生件數 (current-year occurrences), PDF page 90; supplemental reports excluded.",official_annual_county,警政署／刑事警察局年度正式統計
2021,基隆市,強盜,5,official_final,110年中華民國刑案統計（全書）,cib_crime_statistics_2021_full.pdf,"當年發生件數 (current-year occurrences), PDF page 86; supplemental reports excluded.",official_annual_county,警政署／刑事警察局年度正式統計
2021,基隆市,搶奪,0,official_final,110年中華民國刑案統計（全書）,cib_crime_statistics_2021_full.pdf,"當年發生件數 (current-year occurrences), PDF page 87; supplemental reports excluded.",official_annual_county,警政署／刑事警察局年度正式統計
2021,基隆市,住宅竊盜,67,official_final,110年中華民國刑案統計（全書）,cib_crime_statistics_2021_full.pdf,"當年發生件數 (current-year occurrences), PDF page 124; supplemental reports excluded.",official_annual_county,警政署／刑事警察局年度正式統計
2021,基隆市,汽車竊盜,11,official_final,110年中華民國刑案統計（全書）,cib_crime_statistics_2021_full.pdf,"當年發生件數 (current-year occurrences), PDF page 83; supplemental reports excluded.",official_annual_county,警政署／刑事警察局年度正式統計
2021,基隆市,機車竊盜,84,official_final,110年中華民國刑案統計（全書）,cib_crime_statistics_2021_full.pdf,"當年發生件數 (current-year occurrences), PDF page 84; supplemental reports excluded.",official_annual_county,警政署／刑事警察局年度正式統計
2021,基隆市,強制性交,7,official_final,110年中華民國刑案統計（全書）,cib_crime_statistics_2021_full.pdf,"當年發生件數 (current-year occurrences), PDF page 92; supplemental reports excluded.",official_annual_county,警政署／刑事警察局年度正式統計
2021,宜蘭縣,毒品,558,official_final,110年中華民國刑案統計（全書）,cib_crime_statistics_2021_full.pdf,"當年發生件數 (current-year occurrences), PDF page 90; supplemental reports excluded.",official_annual_county,警政署／刑事警察局年度正式統計
2021,宜蘭縣,強盜,1,official_final,110年中華民國刑案統計（全書）,cib_crime_statistics_2021_full.pdf,"當年發生件數 (current-year occurrences), PDF page 86; supplemental reports excluded.",official_annual_county,警政署／刑事警察局年度正式統計
2021,宜蘭縣,搶奪,2,official_final,110年中華民國刑案統計（全書）,cib_crime_statistics_2021_full.pdf,"當年發生件數 (current-year occurrences), PDF page 87; supplemental reports excluded.",official_annual_county,警政署／刑事警察局年度正式統計
2021,宜蘭縣,住宅竊盜,8,official_final,110年中華民國刑案統計（全書）,cib_crime_statistics_2021_full.pdf,"當年發生件數 (current-year occurrences), PDF page 124; supplemental reports excluded.",official_annual_county,警政署／刑事警察局年度正式統計
2021,宜蘭縣,汽車竊盜,63,official_final,110年中華民國刑案統計（全書）,cib_crime_statistics_2021_full.pdf,"當年發生件數 (current-year occurrences), PDF page 83; supplemental reports excluded.",official_annual_county,警政署／刑事警察局年度正式統計
2021,宜蘭縣,機車竊盜,105,official_final,110年中華民國刑案統計（全書）,cib_crime_statistics_2021_full.pdf,"當年發生件數 (current-year occurrences), PDF page 84; supplemental reports excluded.",official_annual_county,警政署／刑事警察局年度正式統計
2021,宜蘭縣,強制性交,5,official_final,110年中華民國刑案統計（全書）,cib_crime_statistics_2021_full.pdf,"當年發生件數 (current-year occurrences), PDF page 92; supplemental reports excluded.",official_annual_county,警政署／刑事警察局年度正式統計
2021,屏東縣,毒品,1577,official_final,110年中華民國刑案統計（全書）,cib_crime_statistics_2021_full.pdf,"當年發生件數 (current-year occurrences), PDF page 90; supplemental reports excluded.",official_annual_county,警政署／刑事警察局年度正式統計
2021,屏東縣,強盜,1,official_final,110年中華民國刑案統計（全書）,cib_crime_statistics_2021_full.pdf,"當年發生件數 (current-year occurrences), PDF page 86; supplemental reports excluded.",official_annual_county,警政署／刑事警察局年度正式統計
2021,屏東縣,搶奪,6,official_final,110年中華民國刑案統計（全書）,cib_crime_statistics_2021_full.pdf,"當年發生件數 (current-year occurrences), PDF page 87; supplemental reports excluded.",official_annual_county,警政署／刑事警察局年度正式統計
2021,屏東縣,住宅竊盜,19,official_final,110年中華民國刑案統計（全書）,cib_crime_statistics_2021_full.pdf,"當年發生件數 (current-year occurrences), PDF page 124; supplemental reports excluded.",official_annual_county,警政署／刑事警察局年度正式統計
2021,屏東縣,汽車竊盜,32,official_final,110年中華民國刑案統計（全書）,cib_crime_statistics_2021_full.pdf,"當年發生件數 (current-year occurrences), PDF page 83; supplemental reports excluded.",official_annual_county,警政署／刑事警察局年度正式統計
2021,屏東縣,機車竊盜,172,official_final,110年中華民國刑案統計（全書）,cib_crime_statistics_2021_full.pdf,"當年發生件數 (current-year occurrences), PDF page 84; supplemental reports excluded.",official_annual_county,警政署／刑事警察局年度正式統計
2021,屏東縣,強制性交,2,official_final,110年中華民國刑案統計（全書）,cib_crime_statistics_2021_full.pdf,"當年發生件數 (current-year occurrences), PDF page 92; supplemental reports excluded.",official_annual_county,警政署／刑事警察局年度正式統計
2021,彰化縣,毒品,1249,official_final,110年中華民國刑案統計（全書）,cib_crime_statistics_2021_full.pdf,"當年發生件數 (current-year occurrences), PDF page 90; supplemental reports excluded.",official_annual_county,警政署／刑事警察局年度正式統計
2021,彰化縣,強盜,4,official_final,110年中華民國刑案統計（全書）,cib_crime_statistics_2021_full.pdf,"當年發生件數 (current-year occurrences), PDF page 86; supplemental reports excluded.",official_annual_county,警政署／刑事警察局年度正式統計
2021,彰化縣,搶奪,3,official_final,110年中華民國刑案統計（全書）,cib_crime_statistics_2021_full.pdf,"當年發生件數 (current-year occurrences), PDF page 87; supplemental reports excluded.",official_annual_county,警政署／刑事警察局年度正式統計
2021,彰化縣,住宅竊盜,57,official_final,110年中華民國刑案統計（全書）,cib_crime_statistics_2021_full.pdf,"當年發生件數 (current-year occurrences), PDF page 124; supplemental reports excluded.",official_annual_county,警政署／刑事警察局年度正式統計
2021,彰化縣,汽車竊盜,43,official_final,110年中華民國刑案統計（全書）,cib_crime_statistics_2021_full.pdf,"當年發生件數 (current-year occurrences), PDF page 83; supplemental reports excluded.",official_annual_county,警政署／刑事警察局年度正式統計
2021,彰化縣,機車竊盜,128,official_final,110年中華民國刑案統計（全書）,cib_crime_statistics_2021_full.pdf,"當年發生件數 (current-year occurrences), PDF page 84; supplemental reports excluded.",official_annual_county,警政署／刑事警察局年度正式統計
2021,彰化縣,強制性交,0,official_final,110年中華民國刑案統計（全書）,cib_crime_statistics_2021_full.pdf,"當年發生件數 (current-year occurrences), PDF page 92; supplemental reports excluded.",official_annual_county,警政署／刑事警察局年度正式統計
2021,新北市,毒品,5195,official_final,110年中華民國刑案統計（全書）,cib_crime_statistics_2021_full.pdf,"當年發生件數 (current-year occurrences), PDF page 90; supplemental reports excluded.",official_annual_county,警政署／刑事警察局年度正式統計
2021,新北市,強盜,34,official_final,110年中華民國刑案統計（全書）,cib_crime_statistics_2021_full.pdf,"當年發生件數 (current-year occurrences), PDF page 86; supplemental reports excluded.",official_annual_county,警政署／刑事警察局年度正式統計
2021,新北市,搶奪,25,official_final,110年中華民國刑案統計（全書）,cib_crime_statistics_2021_full.pdf,"當年發生件數 (current-year occurrences), PDF page 87; supplemental reports excluded.",official_annual_county,警政署／刑事警察局年度正式統計
2021,新北市,住宅竊盜,467,official_final,110年中華民國刑案統計（全書）,cib_crime_statistics_2021_full.pdf,"當年發生件數 (current-year occurrences), PDF page 124; supplemental reports excluded.",official_annual_county,警政署／刑事警察局年度正式統計
2021,新北市,汽車竊盜,76,official_final,110年中華民國刑案統計（全書）,cib_crime_statistics_2021_full.pdf,"當年發生件數 (current-year occurrences), PDF page 83; supplemental reports excluded.",official_annual_county,警政署／刑事警察局年度正式統計
2021,新北市,機車竊盜,790,official_final,110年中華民國刑案統計（全書）,cib_crime_statistics_2021_full.pdf,"當年發生件數 (current-year occurrences), PDF page 84; supplemental reports excluded.",official_annual_county,警政署／刑事警察局年度正式統計
2021,新北市,強制性交,9,official_final,110年中華民國刑案統計（全書）,cib_crime_statistics_2021_full.pdf,"當年發生件數 (current-year occurrences), PDF page 92; supplemental reports excluded.",official_annual_county,警政署／刑事警察局年度正式統計
2021,新竹市,毒品,430,official_final,110年中華民國刑案統計（全書）,cib_crime_statistics_2021_full.pdf,"當年發生件數 (current-year occurrences), PDF page 90; supplemental reports excluded.",official_annual_county,警政署／刑事警察局年度正式統計
2021,新竹市,強盜,0,official_final,110年中華民國刑案統計（全書）,cib_crime_statistics_2021_full.pdf,"當年發生件數 (current-year occurrences), PDF page 86; supplemental reports excluded.",official_annual_county,警政署／刑事警察局年度正式統計
2021,新竹市,搶奪,1,official_final,110年中華民國刑案統計（全書）,cib_crime_statistics_2021_full.pdf,"當年發生件數 (current-year occurrences), PDF page 87; supplemental reports excluded.",official_annual_county,警政署／刑事警察局年度正式統計
2021,新竹市,住宅竊盜,35,official_final,110年中華民國刑案統計（全書）,cib_crime_statistics_2021_full.pdf,"當年發生件數 (current-year occurrences), PDF page 124; supplemental reports excluded.",official_annual_county,警政署／刑事警察局年度正式統計
2021,新竹市,汽車竊盜,20,official_final,110年中華民國刑案統計（全書）,cib_crime_statistics_2021_full.pdf,"當年發生件數 (current-year occurrences), PDF page 83; supplemental reports excluded.",official_annual_county,警政署／刑事警察局年度正式統計
2021,新竹市,機車竊盜,159,official_final,110年中華民國刑案統計（全書）,cib_crime_statistics_2021_full.pdf,"當年發生件數 (current-year occurrences), PDF page 84; supplemental reports excluded.",official_annual_county,警政署／刑事警察局年度正式統計
2021,新竹市,強制性交,0,official_final,110年中華民國刑案統計（全書）,cib_crime_statistics_2021_full.pdf,"當年發生件數 (current-year occurrences), PDF page 92; supplemental reports excluded.",official_annual_county,警政署／刑事警察局年度正式統計
2021,新竹縣,毒品,718,official_final,110年中華民國刑案統計（全書）,cib_crime_statistics_2021_full.pdf,"當年發生件數 (current-year occurrences), PDF page 90; supplemental reports excluded.",official_annual_county,警政署／刑事警察局年度正式統計
2021,新竹縣,強盜,8,official_final,110年中華民國刑案統計（全書）,cib_crime_statistics_2021_full.pdf,"當年發生件數 (current-year occurrences), PDF page 86; supplemental reports excluded.",official_annual_county,警政署／刑事警察局年度正式統計
2021,新竹縣,搶奪,0,official_final,110年中華民國刑案統計（全書）,cib_crime_statistics_2021_full.pdf,"當年發生件數 (current-year occurrences), PDF page 87; supplemental reports excluded.",official_annual_county,警政署／刑事警察局年度正式統計
2021,新竹縣,住宅竊盜,92,official_final,110年中華民國刑案統計（全書）,cib_crime_statistics_2021_full.pdf,"當年發生件數 (current-year occurrences), PDF page 124; supplemental reports excluded.",official_annual_county,警政署／刑事警察局年度正式統計
2021,新竹縣,汽車竊盜,93,official_final,110年中華民國刑案統計（全書）,cib_crime_statistics_2021_full.pdf,"當年發生件數 (current-year occurrences), PDF page 83; supplemental reports excluded.",official_annual_county,警政署／刑事警察局年度正式統計
2021,新竹縣,機車竊盜,173,official_final,110年中華民國刑案統計（全書）,cib_crime_statistics_2021_full.pdf,"當年發生件數 (current-year occurrences), PDF page 84; supplemental reports excluded.",official_annual_county,警政署／刑事警察局年度正式統計
2021,新竹縣,強制性交,0,official_final,110年中華民國刑案統計（全書）,cib_crime_statistics_2021_full.pdf,"當年發生件數 (current-year occurrences), PDF page 92; supplemental reports excluded.",official_annual_county,警政署／刑事警察局年度正式統計
2021,桃園市,毒品,5399,official_final,110年中華民國刑案統計（全書）,cib_crime_statistics_2021_full.pdf,"當年發生件數 (current-year occurrences), PDF page 90; supplemental reports excluded.",official_annual_county,警政署／刑事警察局年度正式統計
2021,桃園市,強盜,17,official_final,110年中華民國刑案統計（全書）,cib_crime_statistics_2021_full.pdf,"當年發生件數 (current-year occurrences), PDF page 86; supplemental reports excluded.",official_annual_county,警政署／刑事警察局年度正式統計
2021,桃園市,搶奪,11,official_final,110年中華民國刑案統計（全書）,cib_crime_statistics_2021_full.pdf,"當年發生件數 (current-year occurrences), PDF page 87; supplemental reports excluded.",official_annual_county,警政署／刑事警察局年度正式統計
2021,桃園市,住宅竊盜,95,official_final,110年中華民國刑案統計（全書）,cib_crime_statistics_2021_full.pdf,"當年發生件數 (current-year occurrences), PDF page 124; supplemental reports excluded.",official_annual_county,警政署／刑事警察局年度正式統計
2021,桃園市,汽車竊盜,121,official_final,110年中華民國刑案統計（全書）,cib_crime_statistics_2021_full.pdf,"當年發生件數 (current-year occurrences), PDF page 83; supplemental reports excluded.",official_annual_county,警政署／刑事警察局年度正式統計
2021,桃園市,機車竊盜,546,official_final,110年中華民國刑案統計（全書）,cib_crime_statistics_2021_full.pdf,"當年發生件數 (current-year occurrences), PDF page 84; supplemental reports excluded.",official_annual_county,警政署／刑事警察局年度正式統計
2021,桃園市,強制性交,4,official_final,110年中華民國刑案統計（全書）,cib_crime_statistics_2021_full.pdf,"當年發生件數 (current-year occurrences), PDF page 92; supplemental reports excluded.",official_annual_county,警政署／刑事警察局年度正式統計
2021,澎湖縣,毒品,78,official_final,110年中華民國刑案統計（全書）,cib_crime_statistics_2021_full.pdf,"當年發生件數 (current-year occurrences), PDF page 90; supplemental reports excluded.",official_annual_county,警政署／刑事警察局年度正式統計
2021,澎湖縣,強盜,1,official_final,110年中華民國刑案統計（全書）,cib_crime_statistics_2021_full.pdf,"當年發生件數 (current-year occurrences), PDF page 86; supplemental reports excluded.",official_annual_county,警政署／刑事警察局年度正式統計
2021,澎湖縣,搶奪,0,official_final,110年中華民國刑案統計（全書）,cib_crime_statistics_2021_full.pdf,"當年發生件數 (current-year occurrences), PDF page 87; supplemental reports excluded.",official_annual_county,警政署／刑事警察局年度正式統計
2021,澎湖縣,住宅竊盜,36,official_final,110年中華民國刑案統計（全書）,cib_crime_statistics_2021_full.pdf,"當年發生件數 (current-year occurrences), PDF page 124; supplemental reports excluded.",official_annual_county,警政署／刑事警察局年度正式統計
2021,澎湖縣,汽車竊盜,1,official_final,110年中華民國刑案統計（全書）,cib_crime_statistics_2021_full.pdf,"當年發生件數 (current-year occurrences), PDF page 83; supplemental reports excluded.",official_annual_county,警政署／刑事警察局年度正式統計
2021,澎湖縣,機車竊盜,7,official_final,110年中華民國刑案統計（全書）,cib_crime_statistics_2021_full.pdf,"當年發生件數 (current-year occurrences), PDF page 84; supplemental reports excluded.",official_annual_county,警政署／刑事警察局年度正式統計
2021,澎湖縣,強制性交,4,official_final,110年中華民國刑案統計（全書）,cib_crime_statistics_2021_full.pdf,"當年發生件數 (current-year occurrences), PDF page 92; supplemental reports excluded.",official_annual_county,警政署／刑事警察局年度正式統計
2021,臺中市,毒品,3083,official_final,110年中華民國刑案統計（全書）,cib_crime_statistics_2021_full.pdf,"當年發生件數 (current-year occurrences), PDF page 90; supplemental reports excluded.",official_annual_county,警政署／刑事警察局年度正式統計
2021,臺中市,強盜,16,official_final,110年中華民國刑案統計（全書）,cib_crime_statistics_2021_full.pdf,"當年發生件數 (current-year occurrences), PDF page 86; supplemental reports excluded.",official_annual_county,警政署／刑事警察局年度正式統計
2021,臺中市,搶奪,7,official_final,110年中華民國刑案統計（全書）,cib_crime_statistics_2021_full.pdf,"當年發生件數 (current-year occurrences), PDF page 87; supplemental reports excluded.",official_annual_county,警政署／刑事警察局年度正式統計
2021,臺中市,住宅竊盜,115,official_final,110年中華民國刑案統計（全書）,cib_crime_statistics_2021_full.pdf,"當年發生件數 (current-year occurrences), PDF page 124; supplemental reports excluded.",official_annual_county,警政署／刑事警察局年度正式統計
2021,臺中市,汽車竊盜,56,official_final,110年中華民國刑案統計（全書）,cib_crime_statistics_2021_full.pdf,"當年發生件數 (current-year occurrences), PDF page 83; supplemental reports excluded.",official_annual_county,警政署／刑事警察局年度正式統計
2021,臺中市,機車竊盜,443,official_final,110年中華民國刑案統計（全書）,cib_crime_statistics_2021_full.pdf,"當年發生件數 (current-year occurrences), PDF page 84; supplemental reports excluded.",official_annual_county,警政署／刑事警察局年度正式統計
2021,臺中市,強制性交,1,official_final,110年中華民國刑案統計（全書）,cib_crime_statistics_2021_full.pdf,"當年發生件數 (current-year occurrences), PDF page 92; supplemental reports excluded.",official_annual_county,警政署／刑事警察局年度正式統計
2021,臺北市,毒品,3101,official_final,110年中華民國刑案統計（全書）,cib_crime_statistics_2021_full.pdf,"當年發生件數 (current-year occurrences), PDF page 90; supplemental reports excluded.",official_annual_county,警政署／刑事警察局年度正式統計
2021,臺北市,強盜,14,official_final,110年中華民國刑案統計（全書）,cib_crime_statistics_2021_full.pdf,"當年發生件數 (current-year occurrences), PDF page 86; supplemental reports excluded.",official_annual_county,警政署／刑事警察局年度正式統計
2021,臺北市,搶奪,9,official_final,110年中華民國刑案統計（全書）,cib_crime_statistics_2021_full.pdf,"當年發生件數 (current-year occurrences), PDF page 87; supplemental reports excluded.",official_annual_county,警政署／刑事警察局年度正式統計
2021,臺北市,住宅竊盜,207,official_final,110年中華民國刑案統計（全書）,cib_crime_statistics_2021_full.pdf,"當年發生件數 (current-year occurrences), PDF page 124; supplemental reports excluded.",official_annual_county,警政署／刑事警察局年度正式統計
2021,臺北市,汽車竊盜,30,official_final,110年中華民國刑案統計（全書）,cib_crime_statistics_2021_full.pdf,"當年發生件數 (current-year occurrences), PDF page 83; supplemental reports excluded.",official_annual_county,警政署／刑事警察局年度正式統計
2021,臺北市,機車竊盜,288,official_final,110年中華民國刑案統計（全書）,cib_crime_statistics_2021_full.pdf,"當年發生件數 (current-year occurrences), PDF page 84; supplemental reports excluded.",official_annual_county,警政署／刑事警察局年度正式統計
2021,臺北市,強制性交,4,official_final,110年中華民國刑案統計（全書）,cib_crime_statistics_2021_full.pdf,"當年發生件數 (current-year occurrences), PDF page 92; supplemental reports excluded.",official_annual_county,警政署／刑事警察局年度正式統計
2021,臺南市,毒品,2622,official_final,110年中華民國刑案統計（全書）,cib_crime_statistics_2021_full.pdf,"當年發生件數 (current-year occurrences), PDF page 90; supplemental reports excluded.",official_annual_county,警政署／刑事警察局年度正式統計
2021,臺南市,強盜,16,official_final,110年中華民國刑案統計（全書）,cib_crime_statistics_2021_full.pdf,"當年發生件數 (current-year occurrences), PDF page 86; supplemental reports excluded.",official_annual_county,警政署／刑事警察局年度正式統計
2021,臺南市,搶奪,10,official_final,110年中華民國刑案統計（全書）,cib_crime_statistics_2021_full.pdf,"當年發生件數 (current-year occurrences), PDF page 87; supplemental reports excluded.",official_annual_county,警政署／刑事警察局年度正式統計
2021,臺南市,住宅竊盜,245,official_final,110年中華民國刑案統計（全書）,cib_crime_statistics_2021_full.pdf,"當年發生件數 (current-year occurrences), PDF page 124; supplemental reports excluded.",official_annual_county,警政署／刑事警察局年度正式統計
2021,臺南市,汽車竊盜,36,official_final,110年中華民國刑案統計（全書）,cib_crime_statistics_2021_full.pdf,"當年發生件數 (current-year occurrences), PDF page 83; supplemental reports excluded.",official_annual_county,警政署／刑事警察局年度正式統計
2021,臺南市,機車竊盜,235,official_final,110年中華民國刑案統計（全書）,cib_crime_statistics_2021_full.pdf,"當年發生件數 (current-year occurrences), PDF page 84; supplemental reports excluded.",official_annual_county,警政署／刑事警察局年度正式統計
2021,臺南市,強制性交,3,official_final,110年中華民國刑案統計（全書）,cib_crime_statistics_2021_full.pdf,"當年發生件數 (current-year occurrences), PDF page 92; supplemental reports excluded.",official_annual_county,警政署／刑事警察局年度正式統計
2021,臺東縣,毒品,269,official_final,110年中華民國刑案統計（全書）,cib_crime_statistics_2021_full.pdf,"當年發生件數 (current-year occurrences), PDF page 90; supplemental reports excluded.",official_annual_county,警政署／刑事警察局年度正式統計
2021,臺東縣,強盜,2,official_final,110年中華民國刑案統計（全書）,cib_crime_statistics_2021_full.pdf,"當年發生件數 (current-year occurrences), PDF page 86; supplemental reports excluded.",official_annual_county,警政署／刑事警察局年度正式統計
2021,臺東縣,搶奪,3,official_final,110年中華民國刑案統計（全書）,cib_crime_statistics_2021_full.pdf,"當年發生件數 (current-year occurrences), PDF page 87; supplemental reports excluded.",official_annual_county,警政署／刑事警察局年度正式統計
2021,臺東縣,住宅竊盜,4,official_final,110年中華民國刑案統計（全書）,cib_crime_statistics_2021_full.pdf,"當年發生件數 (current-year occurrences), PDF page 124; supplemental reports excluded.",official_annual_county,警政署／刑事警察局年度正式統計
2021,臺東縣,汽車竊盜,4,official_final,110年中華民國刑案統計（全書）,cib_crime_statistics_2021_full.pdf,"當年發生件數 (current-year occurrences), PDF page 83; supplemental reports excluded.",official_annual_county,警政署／刑事警察局年度正式統計
2021,臺東縣,機車竊盜,40,official_final,110年中華民國刑案統計（全書）,cib_crime_statistics_2021_full.pdf,"當年發生件數 (current-year occurrences), PDF page 84; supplemental reports excluded.",official_annual_county,警政署／刑事警察局年度正式統計
2021,臺東縣,強制性交,1,official_final,110年中華民國刑案統計（全書）,cib_crime_statistics_2021_full.pdf,"當年發生件數 (current-year occurrences), PDF page 92; supplemental reports excluded.",official_annual_county,警政署／刑事警察局年度正式統計
2021,花蓮縣,毒品,518,official_final,110年中華民國刑案統計（全書）,cib_crime_statistics_2021_full.pdf,"當年發生件數 (current-year occurrences), PDF page 90; supplemental reports excluded.",official_annual_county,警政署／刑事警察局年度正式統計
2021,花蓮縣,強盜,2,official_final,110年中華民國刑案統計（全書）,cib_crime_statistics_2021_full.pdf,"當年發生件數 (current-year occurrences), PDF page 86; supplemental reports excluded.",official_annual_county,警政署／刑事警察局年度正式統計
2021,花蓮縣,搶奪,2,official_final,110年中華民國刑案統計（全書）,cib_crime_statistics_2021_full.pdf,"當年發生件數 (current-year occurrences), PDF page 87; supplemental reports excluded.",official_annual_county,警政署／刑事警察局年度正式統計
2021,花蓮縣,住宅竊盜,47,official_final,110年中華民國刑案統計（全書）,cib_crime_statistics_2021_full.pdf,"當年發生件數 (current-year occurrences), PDF page 124; supplemental reports excluded.",official_annual_county,警政署／刑事警察局年度正式統計
2021,花蓮縣,汽車竊盜,19,official_final,110年中華民國刑案統計（全書）,cib_crime_statistics_2021_full.pdf,"當年發生件數 (current-year occurrences), PDF page 83; supplemental reports excluded.",official_annual_county,警政署／刑事警察局年度正式統計
2021,花蓮縣,機車竊盜,76,official_final,110年中華民國刑案統計（全書）,cib_crime_statistics_2021_full.pdf,"當年發生件數 (current-year occurrences), PDF page 84; supplemental reports excluded.",official_annual_county,警政署／刑事警察局年度正式統計
2021,花蓮縣,強制性交,0,official_final,110年中華民國刑案統計（全書）,cib_crime_statistics_2021_full.pdf,"當年發生件數 (current-year occurrences), PDF page 92; supplemental reports excluded.",official_annual_county,警政署／刑事警察局年度正式統計
2021,苗栗縣,毒品,918,official_final,110年中華民國刑案統計（全書）,cib_crime_statistics_2021_full.pdf,"當年發生件數 (current-year occurrences), PDF page 90; supplemental reports excluded.",official_annual_county,警政署／刑事警察局年度正式統計
2021,苗栗縣,強盜,4,official_final,110年中華民國刑案統計（全書）,cib_crime_statistics_2021_full.pdf,"當年發生件數 (current-year occurrences), PDF page 86; supplemental reports excluded.",official_annual_county,警政署／刑事警察局年度正式統計
2021,苗栗縣,搶奪,1,official_final,110年中華民國刑案統計（全書）,cib_crime_statistics_2021_full.pdf,"當年發生件數 (current-year occurrences), PDF page 87; supplemental reports excluded.",official_annual_county,警政署／刑事警察局年度正式統計
2021,苗栗縣,住宅竊盜,97,official_final,110年中華民國刑案統計（全書）,cib_crime_statistics_2021_full.pdf,"當年發生件數 (current-year occurrences), PDF page 124; supplemental reports excluded.",official_annual_county,警政署／刑事警察局年度正式統計
2021,苗栗縣,汽車竊盜,23,official_final,110年中華民國刑案統計（全書）,cib_crime_statistics_2021_full.pdf,"當年發生件數 (current-year occurrences), PDF page 83; supplemental reports excluded.",official_annual_county,警政署／刑事警察局年度正式統計
2021,苗栗縣,機車竊盜,96,official_final,110年中華民國刑案統計（全書）,cib_crime_statistics_2021_full.pdf,"當年發生件數 (current-year occurrences), PDF page 84; supplemental reports excluded.",official_annual_county,警政署／刑事警察局年度正式統計
2021,苗栗縣,強制性交,5,official_final,110年中華民國刑案統計（全書）,cib_crime_statistics_2021_full.pdf,"當年發生件數 (current-year occurrences), PDF page 92; supplemental reports excluded.",official_annual_county,警政署／刑事警察局年度正式統計
2021,連江縣,毒品,6,official_final,110年中華民國刑案統計（全書）,cib_crime_statistics_2021_full.pdf,"當年發生件數 (current-year occurrences), PDF page 90; supplemental reports excluded.",official_annual_county,警政署／刑事警察局年度正式統計
2021,連江縣,強盜,0,official_final,110年中華民國刑案統計（全書）,cib_crime_statistics_2021_full.pdf,"當年發生件數 (current-year occurrences), PDF page 86; supplemental reports excluded.",official_annual_county,警政署／刑事警察局年度正式統計
2021,連江縣,搶奪,0,official_final,110年中華民國刑案統計（全書）,cib_crime_statistics_2021_full.pdf,"當年發生件數 (current-year occurrences), PDF page 87; supplemental reports excluded.",official_annual_county,警政署／刑事警察局年度正式統計
2021,連江縣,住宅竊盜,2,official_final,110年中華民國刑案統計（全書）,cib_crime_statistics_2021_full.pdf,"當年發生件數 (current-year occurrences), PDF page 124; supplemental reports excluded.",official_annual_county,警政署／刑事警察局年度正式統計
2021,連江縣,汽車竊盜,0,official_final,110年中華民國刑案統計（全書）,cib_crime_statistics_2021_full.pdf,"當年發生件數 (current-year occurrences), PDF page 83; supplemental reports excluded.",official_annual_county,警政署／刑事警察局年度正式統計
2021,連江縣,機車竊盜,0,official_final,110年中華民國刑案統計（全書）,cib_crime_statistics_2021_full.pdf,"當年發生件數 (current-year occurrences), PDF page 84; supplemental reports excluded.",official_annual_county,警政署／刑事警察局年度正式統計
2021,連江縣,強制性交,1,official_final,110年中華民國刑案統計（全書）,cib_crime_statistics_2021_full.pdf,"當年發生件數 (current-year occurrences), PDF page 92; supplemental reports excluded.",official_annual_county,警政署／刑事警察局年度正式統計
2021,金門縣,毒品,104,official_final,110年中華民國刑案統計（全書）,cib_crime_statistics_2021_full.pdf,"當年發生件數 (current-year occurrences), PDF page 90; supplemental reports excluded.",official_annual_county,警政署／刑事警察局年度正式統計
2021,金門縣,強盜,1,official_final,110年中華民國刑案統計（全書）,cib_crime_statistics_2021_full.pdf,"當年發生件數 (current-year occurrences), PDF page 86; supplemental reports excluded.",official_annual_county,警政署／刑事警察局年度正式統計
2021,金門縣,搶奪,0,official_final,110年中華民國刑案統計（全書）,cib_crime_statistics_2021_full.pdf,"當年發生件數 (current-year occurrences), PDF page 87; supplemental reports excluded.",official_annual_county,警政署／刑事警察局年度正式統計
2021,金門縣,住宅竊盜,32,official_final,110年中華民國刑案統計（全書）,cib_crime_statistics_2021_full.pdf,"當年發生件數 (current-year occurrences), PDF page 124; supplemental reports excluded.",official_annual_county,警政署／刑事警察局年度正式統計
2021,金門縣,汽車竊盜,0,official_final,110年中華民國刑案統計（全書）,cib_crime_statistics_2021_full.pdf,"當年發生件數 (current-year occurrences), PDF page 83; supplemental reports excluded.",official_annual_county,警政署／刑事警察局年度正式統計
2021,金門縣,機車竊盜,16,official_final,110年中華民國刑案統計（全書）,cib_crime_statistics_2021_full.pdf,"當年發生件數 (current-year occurrences), PDF page 84; supplemental reports excluded.",official_annual_county,警政署／刑事警察局年度正式統計
2021,金門縣,強制性交,2,official_final,110年中華民國刑案統計（全書）,cib_crime_statistics_2021_full.pdf,"當年發生件數 (current-year occurrences), PDF page 92; supplemental reports excluded.",official_annual_county,警政署／刑事警察局年度正式統計
2021,雲林縣,毒品,889,official_final,110年中華民國刑案統計（全書）,cib_crime_statistics_2021_full.pdf,"當年發生件數 (current-year occurrences), PDF page 90; supplemental reports excluded.",official_annual_county,警政署／刑事警察局年度正式統計
2021,雲林縣,強盜,2,official_final,110年中華民國刑案統計（全書）,cib_crime_statistics_2021_full.pdf,"當年發生件數 (current-year occurrences), PDF page 86; supplemental reports excluded.",official_annual_county,警政署／刑事警察局年度正式統計
2021,雲林縣,搶奪,4,official_final,110年中華民國刑案統計（全書）,cib_crime_statistics_2021_full.pdf,"當年發生件數 (current-year occurrences), PDF page 87; supplemental reports excluded.",official_annual_county,警政署／刑事警察局年度正式統計
2021,雲林縣,住宅竊盜,106,official_final,110年中華民國刑案統計（全書）,cib_crime_statistics_2021_full.pdf,"當年發生件數 (current-year occurrences), PDF page 124; supplemental reports excluded.",official_annual_county,警政署／刑事警察局年度正式統計
2021,雲林縣,汽車竊盜,16,official_final,110年中華民國刑案統計（全書）,cib_crime_statistics_2021_full.pdf,"當年發生件數 (current-year occurrences), PDF page 83; supplemental reports excluded.",official_annual_county,警政署／刑事警察局年度正式統計
2021,雲林縣,機車竊盜,99,official_final,110年中華民國刑案統計（全書）,cib_crime_statistics_2021_full.pdf,"當年發生件數 (current-year occurrences), PDF page 84; supplemental reports excluded.",official_annual_county,警政署／刑事警察局年度正式統計
2021,雲林縣,強制性交,3,official_final,110年中華民國刑案統計（全書）,cib_crime_statistics_2021_full.pdf,"當年發生件數 (current-year occurrences), PDF page 92; supplemental reports excluded.",official_annual_county,警政署／刑事警察局年度正式統計
2021,高雄市,毒品,3311,official_final,110年中華民國刑案統計（全書）,cib_crime_statistics_2021_full.pdf,"當年發生件數 (current-year occurrences), PDF page 90; supplemental reports excluded.",official_annual_county,警政署／刑事警察局年度正式統計
2021,高雄市,強盜,13,official_final,110年中華民國刑案統計（全書）,cib_crime_statistics_2021_full.pdf,"當年發生件數 (current-year occurrences), PDF page 86; supplemental reports excluded.",official_annual_county,警政署／刑事警察局年度正式統計
2021,高雄市,搶奪,21,official_final,110年中華民國刑案統計（全書）,cib_crime_statistics_2021_full.pdf,"當年發生件數 (current-year occurrences), PDF page 87; supplemental reports excluded.",official_annual_county,警政署／刑事警察局年度正式統計
2021,高雄市,住宅竊盜,22,official_final,110年中華民國刑案統計（全書）,cib_crime_statistics_2021_full.pdf,"當年發生件數 (current-year occurrences), PDF page 124; supplemental reports excluded.",official_annual_county,警政署／刑事警察局年度正式統計
2021,高雄市,汽車竊盜,55,official_final,110年中華民國刑案統計（全書）,cib_crime_statistics_2021_full.pdf,"當年發生件數 (current-year occurrences), PDF page 83; supplemental reports excluded.",official_annual_county,警政署／刑事警察局年度正式統計
2021,高雄市,機車竊盜,423,official_final,110年中華民國刑案統計（全書）,cib_crime_statistics_2021_full.pdf,"當年發生件數 (current-year occurrences), PDF page 84; supplemental reports excluded.",official_annual_county,警政署／刑事警察局年度正式統計
2021,高雄市,強制性交,1,official_final,110年中華民國刑案統計（全書）,cib_crime_statistics_2021_full.pdf,"當年發生件數 (current-year occurrences), PDF page 92; supplemental reports excluded.",official_annual_county,警政署／刑事警察局年度正式統計
2022,南投縣,毒品,831,official_final,111年中華民國刑案統計（全書）,cib_crime_statistics_2022_full.pdf,"當年發生件數 (current-year occurrences), PDF page 91; supplemental reports excluded.",official_annual_county,警政署／刑事警察局年度正式統計
2022,南投縣,強盜,2,official_final,111年中華民國刑案統計（全書）,cib_crime_statistics_2022_full.pdf,"當年發生件數 (current-year occurrences), PDF page 87; supplemental reports excluded.",official_annual_county,警政署／刑事警察局年度正式統計
2022,南投縣,搶奪,3,official_final,111年中華民國刑案統計（全書）,cib_crime_statistics_2022_full.pdf,"當年發生件數 (current-year occurrences), PDF page 88; supplemental reports excluded.",official_annual_county,警政署／刑事警察局年度正式統計
2022,南投縣,住宅竊盜,170,official_final,111年中華民國刑案統計（全書）,cib_crime_statistics_2022_full.pdf,"當年發生件數 (current-year occurrences), PDF page 125; supplemental reports excluded.",official_annual_county,警政署／刑事警察局年度正式統計
2022,南投縣,汽車竊盜,23,official_final,111年中華民國刑案統計（全書）,cib_crime_statistics_2022_full.pdf,"當年發生件數 (current-year occurrences), PDF page 84; supplemental reports excluded.",official_annual_county,警政署／刑事警察局年度正式統計
2022,南投縣,機車竊盜,78,official_final,111年中華民國刑案統計（全書）,cib_crime_statistics_2022_full.pdf,"當年發生件數 (current-year occurrences), PDF page 85; supplemental reports excluded.",official_annual_county,警政署／刑事警察局年度正式統計
2022,南投縣,強制性交,2,official_final,111年中華民國刑案統計（全書）,cib_crime_statistics_2022_full.pdf,"當年發生件數 (current-year occurrences), PDF page 93; supplemental reports excluded.",official_annual_county,警政署／刑事警察局年度正式統計
2022,嘉義市,毒品,582,official_final,111年中華民國刑案統計（全書）,cib_crime_statistics_2022_full.pdf,"當年發生件數 (current-year occurrences), PDF page 91; supplemental reports excluded.",official_annual_county,警政署／刑事警察局年度正式統計
2022,嘉義市,強盜,4,official_final,111年中華民國刑案統計（全書）,cib_crime_statistics_2022_full.pdf,"當年發生件數 (current-year occurrences), PDF page 87; supplemental reports excluded.",official_annual_county,警政署／刑事警察局年度正式統計
2022,嘉義市,搶奪,1,official_final,111年中華民國刑案統計（全書）,cib_crime_statistics_2022_full.pdf,"當年發生件數 (current-year occurrences), PDF page 88; supplemental reports excluded.",official_annual_county,警政署／刑事警察局年度正式統計
2022,嘉義市,住宅竊盜,10,official_final,111年中華民國刑案統計（全書）,cib_crime_statistics_2022_full.pdf,"當年發生件數 (current-year occurrences), PDF page 125; supplemental reports excluded.",official_annual_county,警政署／刑事警察局年度正式統計
2022,嘉義市,汽車竊盜,3,official_final,111年中華民國刑案統計（全書）,cib_crime_statistics_2022_full.pdf,"當年發生件數 (current-year occurrences), PDF page 84; supplemental reports excluded.",official_annual_county,警政署／刑事警察局年度正式統計
2022,嘉義市,機車竊盜,18,official_final,111年中華民國刑案統計（全書）,cib_crime_statistics_2022_full.pdf,"當年發生件數 (current-year occurrences), PDF page 85; supplemental reports excluded.",official_annual_county,警政署／刑事警察局年度正式統計
2022,嘉義市,強制性交,5,official_final,111年中華民國刑案統計（全書）,cib_crime_statistics_2022_full.pdf,"當年發生件數 (current-year occurrences), PDF page 93; supplemental reports excluded.",official_annual_county,警政署／刑事警察局年度正式統計
2022,嘉義縣,毒品,531,official_final,111年中華民國刑案統計（全書）,cib_crime_statistics_2022_full.pdf,"當年發生件數 (current-year occurrences), PDF page 91; supplemental reports excluded.",official_annual_county,警政署／刑事警察局年度正式統計
2022,嘉義縣,強盜,1,official_final,111年中華民國刑案統計（全書）,cib_crime_statistics_2022_full.pdf,"當年發生件數 (current-year occurrences), PDF page 87; supplemental reports excluded.",official_annual_county,警政署／刑事警察局年度正式統計
2022,嘉義縣,搶奪,0,official_final,111年中華民國刑案統計（全書）,cib_crime_statistics_2022_full.pdf,"當年發生件數 (current-year occurrences), PDF page 88; supplemental reports excluded.",official_annual_county,警政署／刑事警察局年度正式統計
2022,嘉義縣,住宅竊盜,6,official_final,111年中華民國刑案統計（全書）,cib_crime_statistics_2022_full.pdf,"當年發生件數 (current-year occurrences), PDF page 125; supplemental reports excluded.",official_annual_county,警政署／刑事警察局年度正式統計
2022,嘉義縣,汽車竊盜,14,official_final,111年中華民國刑案統計（全書）,cib_crime_statistics_2022_full.pdf,"當年發生件數 (current-year occurrences), PDF page 84; supplemental reports excluded.",official_annual_county,警政署／刑事警察局年度正式統計
2022,嘉義縣,機車竊盜,45,official_final,111年中華民國刑案統計（全書）,cib_crime_statistics_2022_full.pdf,"當年發生件數 (current-year occurrences), PDF page 85; supplemental reports excluded.",official_annual_county,警政署／刑事警察局年度正式統計
2022,嘉義縣,強制性交,2,official_final,111年中華民國刑案統計（全書）,cib_crime_statistics_2022_full.pdf,"當年發生件數 (current-year occurrences), PDF page 93; supplemental reports excluded.",official_annual_county,警政署／刑事警察局年度正式統計
2022,基隆市,毒品,830,official_final,111年中華民國刑案統計（全書）,cib_crime_statistics_2022_full.pdf,"當年發生件數 (current-year occurrences), PDF page 91; supplemental reports excluded.",official_annual_county,警政署／刑事警察局年度正式統計
2022,基隆市,強盜,1,official_final,111年中華民國刑案統計（全書）,cib_crime_statistics_2022_full.pdf,"當年發生件數 (current-year occurrences), PDF page 87; supplemental reports excluded.",official_annual_county,警政署／刑事警察局年度正式統計
2022,基隆市,搶奪,4,official_final,111年中華民國刑案統計（全書）,cib_crime_statistics_2022_full.pdf,"當年發生件數 (current-year occurrences), PDF page 88; supplemental reports excluded.",official_annual_county,警政署／刑事警察局年度正式統計
2022,基隆市,住宅竊盜,78,official_final,111年中華民國刑案統計（全書）,cib_crime_statistics_2022_full.pdf,"當年發生件數 (current-year occurrences), PDF page 125; supplemental reports excluded.",official_annual_county,警政署／刑事警察局年度正式統計
2022,基隆市,汽車竊盜,21,official_final,111年中華民國刑案統計（全書）,cib_crime_statistics_2022_full.pdf,"當年發生件數 (current-year occurrences), PDF page 84; supplemental reports excluded.",official_annual_county,警政署／刑事警察局年度正式統計
2022,基隆市,機車竊盜,82,official_final,111年中華民國刑案統計（全書）,cib_crime_statistics_2022_full.pdf,"當年發生件數 (current-year occurrences), PDF page 85; supplemental reports excluded.",official_annual_county,警政署／刑事警察局年度正式統計
2022,基隆市,強制性交,1,official_final,111年中華民國刑案統計（全書）,cib_crime_statistics_2022_full.pdf,"當年發生件數 (current-year occurrences), PDF page 93; supplemental reports excluded.",official_annual_county,警政署／刑事警察局年度正式統計
2022,宜蘭縣,毒品,526,official_final,111年中華民國刑案統計（全書）,cib_crime_statistics_2022_full.pdf,"當年發生件數 (current-year occurrences), PDF page 91; supplemental reports excluded.",official_annual_county,警政署／刑事警察局年度正式統計
2022,宜蘭縣,強盜,2,official_final,111年中華民國刑案統計（全書）,cib_crime_statistics_2022_full.pdf,"當年發生件數 (current-year occurrences), PDF page 87; supplemental reports excluded.",official_annual_county,警政署／刑事警察局年度正式統計
2022,宜蘭縣,搶奪,1,official_final,111年中華民國刑案統計（全書）,cib_crime_statistics_2022_full.pdf,"當年發生件數 (current-year occurrences), PDF page 88; supplemental reports excluded.",official_annual_county,警政署／刑事警察局年度正式統計
2022,宜蘭縣,住宅竊盜,9,official_final,111年中華民國刑案統計（全書）,cib_crime_statistics_2022_full.pdf,"當年發生件數 (current-year occurrences), PDF page 125; supplemental reports excluded.",official_annual_county,警政署／刑事警察局年度正式統計
2022,宜蘭縣,汽車竊盜,38,official_final,111年中華民國刑案統計（全書）,cib_crime_statistics_2022_full.pdf,"當年發生件數 (current-year occurrences), PDF page 84; supplemental reports excluded.",official_annual_county,警政署／刑事警察局年度正式統計
2022,宜蘭縣,機車竊盜,107,official_final,111年中華民國刑案統計（全書）,cib_crime_statistics_2022_full.pdf,"當年發生件數 (current-year occurrences), PDF page 85; supplemental reports excluded.",official_annual_county,警政署／刑事警察局年度正式統計
2022,宜蘭縣,強制性交,1,official_final,111年中華民國刑案統計（全書）,cib_crime_statistics_2022_full.pdf,"當年發生件數 (current-year occurrences), PDF page 93; supplemental reports excluded.",official_annual_county,警政署／刑事警察局年度正式統計
2022,屏東縣,毒品,1600,official_final,111年中華民國刑案統計（全書）,cib_crime_statistics_2022_full.pdf,"當年發生件數 (current-year occurrences), PDF page 91; supplemental reports excluded.",official_annual_county,警政署／刑事警察局年度正式統計
2022,屏東縣,強盜,7,official_final,111年中華民國刑案統計（全書）,cib_crime_statistics_2022_full.pdf,"當年發生件數 (current-year occurrences), PDF page 87; supplemental reports excluded.",official_annual_county,警政署／刑事警察局年度正式統計
2022,屏東縣,搶奪,0,official_final,111年中華民國刑案統計（全書）,cib_crime_statistics_2022_full.pdf,"當年發生件數 (current-year occurrences), PDF page 88; supplemental reports excluded.",official_annual_county,警政署／刑事警察局年度正式統計
2022,屏東縣,住宅竊盜,2,official_final,111年中華民國刑案統計（全書）,cib_crime_statistics_2022_full.pdf,"當年發生件數 (current-year occurrences), PDF page 125; supplemental reports excluded.",official_annual_county,警政署／刑事警察局年度正式統計
2022,屏東縣,汽車竊盜,27,official_final,111年中華民國刑案統計（全書）,cib_crime_statistics_2022_full.pdf,"當年發生件數 (current-year occurrences), PDF page 84; supplemental reports excluded.",official_annual_county,警政署／刑事警察局年度正式統計
2022,屏東縣,機車竊盜,137,official_final,111年中華民國刑案統計（全書）,cib_crime_statistics_2022_full.pdf,"當年發生件數 (current-year occurrences), PDF page 85; supplemental reports excluded.",official_annual_county,警政署／刑事警察局年度正式統計
2022,屏東縣,強制性交,3,official_final,111年中華民國刑案統計（全書）,cib_crime_statistics_2022_full.pdf,"當年發生件數 (current-year occurrences), PDF page 93; supplemental reports excluded.",official_annual_county,警政署／刑事警察局年度正式統計
2022,彰化縣,毒品,1274,official_final,111年中華民國刑案統計（全書）,cib_crime_statistics_2022_full.pdf,"當年發生件數 (current-year occurrences), PDF page 91; supplemental reports excluded.",official_annual_county,警政署／刑事警察局年度正式統計
2022,彰化縣,強盜,7,official_final,111年中華民國刑案統計（全書）,cib_crime_statistics_2022_full.pdf,"當年發生件數 (current-year occurrences), PDF page 87; supplemental reports excluded.",official_annual_county,警政署／刑事警察局年度正式統計
2022,彰化縣,搶奪,6,official_final,111年中華民國刑案統計（全書）,cib_crime_statistics_2022_full.pdf,"當年發生件數 (current-year occurrences), PDF page 88; supplemental reports excluded.",official_annual_county,警政署／刑事警察局年度正式統計
2022,彰化縣,住宅竊盜,58,official_final,111年中華民國刑案統計（全書）,cib_crime_statistics_2022_full.pdf,"當年發生件數 (current-year occurrences), PDF page 125; supplemental reports excluded.",official_annual_county,警政署／刑事警察局年度正式統計
2022,彰化縣,汽車竊盜,34,official_final,111年中華民國刑案統計（全書）,cib_crime_statistics_2022_full.pdf,"當年發生件數 (current-year occurrences), PDF page 84; supplemental reports excluded.",official_annual_county,警政署／刑事警察局年度正式統計
2022,彰化縣,機車竊盜,157,official_final,111年中華民國刑案統計（全書）,cib_crime_statistics_2022_full.pdf,"當年發生件數 (current-year occurrences), PDF page 85; supplemental reports excluded.",official_annual_county,警政署／刑事警察局年度正式統計
2022,彰化縣,強制性交,0,official_final,111年中華民國刑案統計（全書）,cib_crime_statistics_2022_full.pdf,"當年發生件數 (current-year occurrences), PDF page 93; supplemental reports excluded.",official_annual_county,警政署／刑事警察局年度正式統計
2022,新北市,毒品,5192,official_final,111年中華民國刑案統計（全書）,cib_crime_statistics_2022_full.pdf,"當年發生件數 (current-year occurrences), PDF page 91; supplemental reports excluded.",official_annual_county,警政署／刑事警察局年度正式統計
2022,新北市,強盜,23,official_final,111年中華民國刑案統計（全書）,cib_crime_statistics_2022_full.pdf,"當年發生件數 (current-year occurrences), PDF page 87; supplemental reports excluded.",official_annual_county,警政署／刑事警察局年度正式統計
2022,新北市,搶奪,26,official_final,111年中華民國刑案統計（全書）,cib_crime_statistics_2022_full.pdf,"當年發生件數 (current-year occurrences), PDF page 88; supplemental reports excluded.",official_annual_county,警政署／刑事警察局年度正式統計
2022,新北市,住宅竊盜,543,official_final,111年中華民國刑案統計（全書）,cib_crime_statistics_2022_full.pdf,"當年發生件數 (current-year occurrences), PDF page 125; supplemental reports excluded.",official_annual_county,警政署／刑事警察局年度正式統計
2022,新北市,汽車竊盜,96,official_final,111年中華民國刑案統計（全書）,cib_crime_statistics_2022_full.pdf,"當年發生件數 (current-year occurrences), PDF page 84; supplemental reports excluded.",official_annual_county,警政署／刑事警察局年度正式統計
2022,新北市,機車竊盜,700,official_final,111年中華民國刑案統計（全書）,cib_crime_statistics_2022_full.pdf,"當年發生件數 (current-year occurrences), PDF page 85; supplemental reports excluded.",official_annual_county,警政署／刑事警察局年度正式統計
2022,新北市,強制性交,7,official_final,111年中華民國刑案統計（全書）,cib_crime_statistics_2022_full.pdf,"當年發生件數 (current-year occurrences), PDF page 93; supplemental reports excluded.",official_annual_county,警政署／刑事警察局年度正式統計
2022,新竹市,毒品,379,official_final,111年中華民國刑案統計（全書）,cib_crime_statistics_2022_full.pdf,"當年發生件數 (current-year occurrences), PDF page 91; supplemental reports excluded.",official_annual_county,警政署／刑事警察局年度正式統計
2022,新竹市,強盜,0,official_final,111年中華民國刑案統計（全書）,cib_crime_statistics_2022_full.pdf,"當年發生件數 (current-year occurrences), PDF page 87; supplemental reports excluded.",official_annual_county,警政署／刑事警察局年度正式統計
2022,新竹市,搶奪,0,official_final,111年中華民國刑案統計（全書）,cib_crime_statistics_2022_full.pdf,"當年發生件數 (current-year occurrences), PDF page 88; supplemental reports excluded.",official_annual_county,警政署／刑事警察局年度正式統計
2022,新竹市,住宅竊盜,55,official_final,111年中華民國刑案統計（全書）,cib_crime_statistics_2022_full.pdf,"當年發生件數 (current-year occurrences), PDF page 125; supplemental reports excluded.",official_annual_county,警政署／刑事警察局年度正式統計
2022,新竹市,汽車竊盜,12,official_final,111年中華民國刑案統計（全書）,cib_crime_statistics_2022_full.pdf,"當年發生件數 (current-year occurrences), PDF page 84; supplemental reports excluded.",official_annual_county,警政署／刑事警察局年度正式統計
2022,新竹市,機車竊盜,128,official_final,111年中華民國刑案統計（全書）,cib_crime_statistics_2022_full.pdf,"當年發生件數 (current-year occurrences), PDF page 85; supplemental reports excluded.",official_annual_county,警政署／刑事警察局年度正式統計
2022,新竹市,強制性交,1,official_final,111年中華民國刑案統計（全書）,cib_crime_statistics_2022_full.pdf,"當年發生件數 (current-year occurrences), PDF page 93; supplemental reports excluded.",official_annual_county,警政署／刑事警察局年度正式統計
2022,新竹縣,毒品,718,official_final,111年中華民國刑案統計（全書）,cib_crime_statistics_2022_full.pdf,"當年發生件數 (current-year occurrences), PDF page 91; supplemental reports excluded.",official_annual_county,警政署／刑事警察局年度正式統計
2022,新竹縣,強盜,3,official_final,111年中華民國刑案統計（全書）,cib_crime_statistics_2022_full.pdf,"當年發生件數 (current-year occurrences), PDF page 87; supplemental reports excluded.",official_annual_county,警政署／刑事警察局年度正式統計
2022,新竹縣,搶奪,2,official_final,111年中華民國刑案統計（全書）,cib_crime_statistics_2022_full.pdf,"當年發生件數 (current-year occurrences), PDF page 88; supplemental reports excluded.",official_annual_county,警政署／刑事警察局年度正式統計
2022,新竹縣,住宅竊盜,94,official_final,111年中華民國刑案統計（全書）,cib_crime_statistics_2022_full.pdf,"當年發生件數 (current-year occurrences), PDF page 125; supplemental reports excluded.",official_annual_county,警政署／刑事警察局年度正式統計
2022,新竹縣,汽車竊盜,48,official_final,111年中華民國刑案統計（全書）,cib_crime_statistics_2022_full.pdf,"當年發生件數 (current-year occurrences), PDF page 84; supplemental reports excluded.",official_annual_county,警政署／刑事警察局年度正式統計
2022,新竹縣,機車竊盜,152,official_final,111年中華民國刑案統計（全書）,cib_crime_statistics_2022_full.pdf,"當年發生件數 (current-year occurrences), PDF page 85; supplemental reports excluded.",official_annual_county,警政署／刑事警察局年度正式統計
2022,新竹縣,強制性交,1,official_final,111年中華民國刑案統計（全書）,cib_crime_statistics_2022_full.pdf,"當年發生件數 (current-year occurrences), PDF page 93; supplemental reports excluded.",official_annual_county,警政署／刑事警察局年度正式統計
2022,桃園市,毒品,4705,official_final,111年中華民國刑案統計（全書）,cib_crime_statistics_2022_full.pdf,"當年發生件數 (current-year occurrences), PDF page 91; supplemental reports excluded.",official_annual_county,警政署／刑事警察局年度正式統計
2022,桃園市,強盜,16,official_final,111年中華民國刑案統計（全書）,cib_crime_statistics_2022_full.pdf,"當年發生件數 (current-year occurrences), PDF page 87; supplemental reports excluded.",official_annual_county,警政署／刑事警察局年度正式統計
2022,桃園市,搶奪,12,official_final,111年中華民國刑案統計（全書）,cib_crime_statistics_2022_full.pdf,"當年發生件數 (current-year occurrences), PDF page 88; supplemental reports excluded.",official_annual_county,警政署／刑事警察局年度正式統計
2022,桃園市,住宅竊盜,363,official_final,111年中華民國刑案統計（全書）,cib_crime_statistics_2022_full.pdf,"當年發生件數 (current-year occurrences), PDF page 125; supplemental reports excluded.",official_annual_county,警政署／刑事警察局年度正式統計
2022,桃園市,汽車竊盜,74,official_final,111年中華民國刑案統計（全書）,cib_crime_statistics_2022_full.pdf,"當年發生件數 (current-year occurrences), PDF page 84; supplemental reports excluded.",official_annual_county,警政署／刑事警察局年度正式統計
2022,桃園市,機車竊盜,539,official_final,111年中華民國刑案統計（全書）,cib_crime_statistics_2022_full.pdf,"當年發生件數 (current-year occurrences), PDF page 85; supplemental reports excluded.",official_annual_county,警政署／刑事警察局年度正式統計
2022,桃園市,強制性交,4,official_final,111年中華民國刑案統計（全書）,cib_crime_statistics_2022_full.pdf,"當年發生件數 (current-year occurrences), PDF page 93; supplemental reports excluded.",official_annual_county,警政署／刑事警察局年度正式統計
2022,澎湖縣,毒品,69,official_final,111年中華民國刑案統計（全書）,cib_crime_statistics_2022_full.pdf,"當年發生件數 (current-year occurrences), PDF page 91; supplemental reports excluded.",official_annual_county,警政署／刑事警察局年度正式統計
2022,澎湖縣,強盜,2,official_final,111年中華民國刑案統計（全書）,cib_crime_statistics_2022_full.pdf,"當年發生件數 (current-year occurrences), PDF page 87; supplemental reports excluded.",official_annual_county,警政署／刑事警察局年度正式統計
2022,澎湖縣,搶奪,0,official_final,111年中華民國刑案統計（全書）,cib_crime_statistics_2022_full.pdf,"當年發生件數 (current-year occurrences), PDF page 88; supplemental reports excluded.",official_annual_county,警政署／刑事警察局年度正式統計
2022,澎湖縣,住宅竊盜,45,official_final,111年中華民國刑案統計（全書）,cib_crime_statistics_2022_full.pdf,"當年發生件數 (current-year occurrences), PDF page 125; supplemental reports excluded.",official_annual_county,警政署／刑事警察局年度正式統計
2022,澎湖縣,汽車竊盜,3,official_final,111年中華民國刑案統計（全書）,cib_crime_statistics_2022_full.pdf,"當年發生件數 (current-year occurrences), PDF page 84; supplemental reports excluded.",official_annual_county,警政署／刑事警察局年度正式統計
2022,澎湖縣,機車竊盜,9,official_final,111年中華民國刑案統計（全書）,cib_crime_statistics_2022_full.pdf,"當年發生件數 (current-year occurrences), PDF page 85; supplemental reports excluded.",official_annual_county,警政署／刑事警察局年度正式統計
2022,澎湖縣,強制性交,8,official_final,111年中華民國刑案統計（全書）,cib_crime_statistics_2022_full.pdf,"當年發生件數 (current-year occurrences), PDF page 93; supplemental reports excluded.",official_annual_county,警政署／刑事警察局年度正式統計
2022,臺中市,毒品,2817,official_final,111年中華民國刑案統計（全書）,cib_crime_statistics_2022_full.pdf,"當年發生件數 (current-year occurrences), PDF page 91; supplemental reports excluded.",official_annual_county,警政署／刑事警察局年度正式統計
2022,臺中市,強盜,5,official_final,111年中華民國刑案統計（全書）,cib_crime_statistics_2022_full.pdf,"當年發生件數 (current-year occurrences), PDF page 87; supplemental reports excluded.",official_annual_county,警政署／刑事警察局年度正式統計
2022,臺中市,搶奪,5,official_final,111年中華民國刑案統計（全書）,cib_crime_statistics_2022_full.pdf,"當年發生件數 (current-year occurrences), PDF page 88; supplemental reports excluded.",official_annual_county,警政署／刑事警察局年度正式統計
2022,臺中市,住宅竊盜,104,official_final,111年中華民國刑案統計（全書）,cib_crime_statistics_2022_full.pdf,"當年發生件數 (current-year occurrences), PDF page 125; supplemental reports excluded.",official_annual_county,警政署／刑事警察局年度正式統計
2022,臺中市,汽車竊盜,45,official_final,111年中華民國刑案統計（全書）,cib_crime_statistics_2022_full.pdf,"當年發生件數 (current-year occurrences), PDF page 84; supplemental reports excluded.",official_annual_county,警政署／刑事警察局年度正式統計
2022,臺中市,機車竊盜,451,official_final,111年中華民國刑案統計（全書）,cib_crime_statistics_2022_full.pdf,"當年發生件數 (current-year occurrences), PDF page 85; supplemental reports excluded.",official_annual_county,警政署／刑事警察局年度正式統計
2022,臺中市,強制性交,0,official_final,111年中華民國刑案統計（全書）,cib_crime_statistics_2022_full.pdf,"當年發生件數 (current-year occurrences), PDF page 93; supplemental reports excluded.",official_annual_county,警政署／刑事警察局年度正式統計
2022,臺北市,毒品,3186,official_final,111年中華民國刑案統計（全書）,cib_crime_statistics_2022_full.pdf,"當年發生件數 (current-year occurrences), PDF page 91; supplemental reports excluded.",official_annual_county,警政署／刑事警察局年度正式統計
2022,臺北市,強盜,13,official_final,111年中華民國刑案統計（全書）,cib_crime_statistics_2022_full.pdf,"當年發生件數 (current-year occurrences), PDF page 87; supplemental reports excluded.",official_annual_county,警政署／刑事警察局年度正式統計
2022,臺北市,搶奪,8,official_final,111年中華民國刑案統計（全書）,cib_crime_statistics_2022_full.pdf,"當年發生件數 (current-year occurrences), PDF page 88; supplemental reports excluded.",official_annual_county,警政署／刑事警察局年度正式統計
2022,臺北市,住宅竊盜,186,official_final,111年中華民國刑案統計（全書）,cib_crime_statistics_2022_full.pdf,"當年發生件數 (current-year occurrences), PDF page 125; supplemental reports excluded.",official_annual_county,警政署／刑事警察局年度正式統計
2022,臺北市,汽車竊盜,32,official_final,111年中華民國刑案統計（全書）,cib_crime_statistics_2022_full.pdf,"當年發生件數 (current-year occurrences), PDF page 84; supplemental reports excluded.",official_annual_county,警政署／刑事警察局年度正式統計
2022,臺北市,機車竊盜,254,official_final,111年中華民國刑案統計（全書）,cib_crime_statistics_2022_full.pdf,"當年發生件數 (current-year occurrences), PDF page 85; supplemental reports excluded.",official_annual_county,警政署／刑事警察局年度正式統計
2022,臺北市,強制性交,3,official_final,111年中華民國刑案統計（全書）,cib_crime_statistics_2022_full.pdf,"當年發生件數 (current-year occurrences), PDF page 93; supplemental reports excluded.",official_annual_county,警政署／刑事警察局年度正式統計
2022,臺南市,毒品,2665,official_final,111年中華民國刑案統計（全書）,cib_crime_statistics_2022_full.pdf,"當年發生件數 (current-year occurrences), PDF page 91; supplemental reports excluded.",official_annual_county,警政署／刑事警察局年度正式統計
2022,臺南市,強盜,14,official_final,111年中華民國刑案統計（全書）,cib_crime_statistics_2022_full.pdf,"當年發生件數 (current-year occurrences), PDF page 87; supplemental reports excluded.",official_annual_county,警政署／刑事警察局年度正式統計
2022,臺南市,搶奪,9,official_final,111年中華民國刑案統計（全書）,cib_crime_statistics_2022_full.pdf,"當年發生件數 (current-year occurrences), PDF page 88; supplemental reports excluded.",official_annual_county,警政署／刑事警察局年度正式統計
2022,臺南市,住宅竊盜,119,official_final,111年中華民國刑案統計（全書）,cib_crime_statistics_2022_full.pdf,"當年發生件數 (current-year occurrences), PDF page 125; supplemental reports excluded.",official_annual_county,警政署／刑事警察局年度正式統計
2022,臺南市,汽車竊盜,14,official_final,111年中華民國刑案統計（全書）,cib_crime_statistics_2022_full.pdf,"當年發生件數 (current-year occurrences), PDF page 84; supplemental reports excluded.",official_annual_county,警政署／刑事警察局年度正式統計
2022,臺南市,機車竊盜,195,official_final,111年中華民國刑案統計（全書）,cib_crime_statistics_2022_full.pdf,"當年發生件數 (current-year occurrences), PDF page 85; supplemental reports excluded.",official_annual_county,警政署／刑事警察局年度正式統計
2022,臺南市,強制性交,4,official_final,111年中華民國刑案統計（全書）,cib_crime_statistics_2022_full.pdf,"當年發生件數 (current-year occurrences), PDF page 93; supplemental reports excluded.",official_annual_county,警政署／刑事警察局年度正式統計
2022,臺東縣,毒品,309,official_final,111年中華民國刑案統計（全書）,cib_crime_statistics_2022_full.pdf,"當年發生件數 (current-year occurrences), PDF page 91; supplemental reports excluded.",official_annual_county,警政署／刑事警察局年度正式統計
2022,臺東縣,強盜,2,official_final,111年中華民國刑案統計（全書）,cib_crime_statistics_2022_full.pdf,"當年發生件數 (current-year occurrences), PDF page 87; supplemental reports excluded.",official_annual_county,警政署／刑事警察局年度正式統計
2022,臺東縣,搶奪,1,official_final,111年中華民國刑案統計（全書）,cib_crime_statistics_2022_full.pdf,"當年發生件數 (current-year occurrences), PDF page 88; supplemental reports excluded.",official_annual_county,警政署／刑事警察局年度正式統計
2022,臺東縣,住宅竊盜,13,official_final,111年中華民國刑案統計（全書）,cib_crime_statistics_2022_full.pdf,"當年發生件數 (current-year occurrences), PDF page 125; supplemental reports excluded.",official_annual_county,警政署／刑事警察局年度正式統計
2022,臺東縣,汽車竊盜,7,official_final,111年中華民國刑案統計（全書）,cib_crime_statistics_2022_full.pdf,"當年發生件數 (current-year occurrences), PDF page 84; supplemental reports excluded.",official_annual_county,警政署／刑事警察局年度正式統計
2022,臺東縣,機車竊盜,65,official_final,111年中華民國刑案統計（全書）,cib_crime_statistics_2022_full.pdf,"當年發生件數 (current-year occurrences), PDF page 85; supplemental reports excluded.",official_annual_county,警政署／刑事警察局年度正式統計
2022,臺東縣,強制性交,3,official_final,111年中華民國刑案統計（全書）,cib_crime_statistics_2022_full.pdf,"當年發生件數 (current-year occurrences), PDF page 93; supplemental reports excluded.",official_annual_county,警政署／刑事警察局年度正式統計
2022,花蓮縣,毒品,574,official_final,111年中華民國刑案統計（全書）,cib_crime_statistics_2022_full.pdf,"當年發生件數 (current-year occurrences), PDF page 91; supplemental reports excluded.",official_annual_county,警政署／刑事警察局年度正式統計
2022,花蓮縣,強盜,2,official_final,111年中華民國刑案統計（全書）,cib_crime_statistics_2022_full.pdf,"當年發生件數 (current-year occurrences), PDF page 87; supplemental reports excluded.",official_annual_county,警政署／刑事警察局年度正式統計
2022,花蓮縣,搶奪,5,official_final,111年中華民國刑案統計（全書）,cib_crime_statistics_2022_full.pdf,"當年發生件數 (current-year occurrences), PDF page 88; supplemental reports excluded.",official_annual_county,警政署／刑事警察局年度正式統計
2022,花蓮縣,住宅竊盜,23,official_final,111年中華民國刑案統計（全書）,cib_crime_statistics_2022_full.pdf,"當年發生件數 (current-year occurrences), PDF page 125; supplemental reports excluded.",official_annual_county,警政署／刑事警察局年度正式統計
2022,花蓮縣,汽車竊盜,18,official_final,111年中華民國刑案統計（全書）,cib_crime_statistics_2022_full.pdf,"當年發生件數 (current-year occurrences), PDF page 84; supplemental reports excluded.",official_annual_county,警政署／刑事警察局年度正式統計
2022,花蓮縣,機車竊盜,113,official_final,111年中華民國刑案統計（全書）,cib_crime_statistics_2022_full.pdf,"當年發生件數 (current-year occurrences), PDF page 85; supplemental reports excluded.",official_annual_county,警政署／刑事警察局年度正式統計
2022,花蓮縣,強制性交,0,official_final,111年中華民國刑案統計（全書）,cib_crime_statistics_2022_full.pdf,"當年發生件數 (current-year occurrences), PDF page 93; supplemental reports excluded.",official_annual_county,警政署／刑事警察局年度正式統計
2022,苗栗縣,毒品,1123,official_final,111年中華民國刑案統計（全書）,cib_crime_statistics_2022_full.pdf,"當年發生件數 (current-year occurrences), PDF page 91; supplemental reports excluded.",official_annual_county,警政署／刑事警察局年度正式統計
2022,苗栗縣,強盜,8,official_final,111年中華民國刑案統計（全書）,cib_crime_statistics_2022_full.pdf,"當年發生件數 (current-year occurrences), PDF page 87; supplemental reports excluded.",official_annual_county,警政署／刑事警察局年度正式統計
2022,苗栗縣,搶奪,0,official_final,111年中華民國刑案統計（全書）,cib_crime_statistics_2022_full.pdf,"當年發生件數 (current-year occurrences), PDF page 88; supplemental reports excluded.",official_annual_county,警政署／刑事警察局年度正式統計
2022,苗栗縣,住宅竊盜,126,official_final,111年中華民國刑案統計（全書）,cib_crime_statistics_2022_full.pdf,"當年發生件數 (current-year occurrences), PDF page 125; supplemental reports excluded.",official_annual_county,警政署／刑事警察局年度正式統計
2022,苗栗縣,汽車竊盜,24,official_final,111年中華民國刑案統計（全書）,cib_crime_statistics_2022_full.pdf,"當年發生件數 (current-year occurrences), PDF page 84; supplemental reports excluded.",official_annual_county,警政署／刑事警察局年度正式統計
2022,苗栗縣,機車竊盜,88,official_final,111年中華民國刑案統計（全書）,cib_crime_statistics_2022_full.pdf,"當年發生件數 (current-year occurrences), PDF page 85; supplemental reports excluded.",official_annual_county,警政署／刑事警察局年度正式統計
2022,苗栗縣,強制性交,1,official_final,111年中華民國刑案統計（全書）,cib_crime_statistics_2022_full.pdf,"當年發生件數 (current-year occurrences), PDF page 93; supplemental reports excluded.",official_annual_county,警政署／刑事警察局年度正式統計
2022,連江縣,毒品,0,official_final,111年中華民國刑案統計（全書）,cib_crime_statistics_2022_full.pdf,"當年發生件數 (current-year occurrences), PDF page 91; supplemental reports excluded.",official_annual_county,警政署／刑事警察局年度正式統計
2022,連江縣,強盜,0,official_final,111年中華民國刑案統計（全書）,cib_crime_statistics_2022_full.pdf,"當年發生件數 (current-year occurrences), PDF page 87; supplemental reports excluded.",official_annual_county,警政署／刑事警察局年度正式統計
2022,連江縣,搶奪,0,official_final,111年中華民國刑案統計（全書）,cib_crime_statistics_2022_full.pdf,"當年發生件數 (current-year occurrences), PDF page 88; supplemental reports excluded.",official_annual_county,警政署／刑事警察局年度正式統計
2022,連江縣,住宅竊盜,0,official_final,111年中華民國刑案統計（全書）,cib_crime_statistics_2022_full.pdf,"當年發生件數 (current-year occurrences), PDF page 125; supplemental reports excluded.",official_annual_county,警政署／刑事警察局年度正式統計
2022,連江縣,汽車竊盜,2,official_final,111年中華民國刑案統計（全書）,cib_crime_statistics_2022_full.pdf,"當年發生件數 (current-year occurrences), PDF page 84; supplemental reports excluded.",official_annual_county,警政署／刑事警察局年度正式統計
2022,連江縣,機車竊盜,2,official_final,111年中華民國刑案統計（全書）,cib_crime_statistics_2022_full.pdf,"當年發生件數 (current-year occurrences), PDF page 85; supplemental reports excluded.",official_annual_county,警政署／刑事警察局年度正式統計
2022,連江縣,強制性交,0,official_final,111年中華民國刑案統計（全書）,cib_crime_statistics_2022_full.pdf,"當年發生件數 (current-year occurrences), PDF page 93; supplemental reports excluded.",official_annual_county,警政署／刑事警察局年度正式統計
2022,金門縣,毒品,47,official_final,111年中華民國刑案統計（全書）,cib_crime_statistics_2022_full.pdf,"當年發生件數 (current-year occurrences), PDF page 91; supplemental reports excluded.",official_annual_county,警政署／刑事警察局年度正式統計
2022,金門縣,強盜,0,official_final,111年中華民國刑案統計（全書）,cib_crime_statistics_2022_full.pdf,"當年發生件數 (current-year occurrences), PDF page 87; supplemental reports excluded.",official_annual_county,警政署／刑事警察局年度正式統計
2022,金門縣,搶奪,0,official_final,111年中華民國刑案統計（全書）,cib_crime_statistics_2022_full.pdf,"當年發生件數 (current-year occurrences), PDF page 88; supplemental reports excluded.",official_annual_county,警政署／刑事警察局年度正式統計
2022,金門縣,住宅竊盜,39,official_final,111年中華民國刑案統計（全書）,cib_crime_statistics_2022_full.pdf,"當年發生件數 (current-year occurrences), PDF page 125; supplemental reports excluded.",official_annual_county,警政署／刑事警察局年度正式統計
2022,金門縣,汽車竊盜,1,official_final,111年中華民國刑案統計（全書）,cib_crime_statistics_2022_full.pdf,"當年發生件數 (current-year occurrences), PDF page 84; supplemental reports excluded.",official_annual_county,警政署／刑事警察局年度正式統計
2022,金門縣,機車竊盜,9,official_final,111年中華民國刑案統計（全書）,cib_crime_statistics_2022_full.pdf,"當年發生件數 (current-year occurrences), PDF page 85; supplemental reports excluded.",official_annual_county,警政署／刑事警察局年度正式統計
2022,金門縣,強制性交,1,official_final,111年中華民國刑案統計（全書）,cib_crime_statistics_2022_full.pdf,"當年發生件數 (current-year occurrences), PDF page 93; supplemental reports excluded.",official_annual_county,警政署／刑事警察局年度正式統計
2022,雲林縣,毒品,869,official_final,111年中華民國刑案統計（全書）,cib_crime_statistics_2022_full.pdf,"當年發生件數 (current-year occurrences), PDF page 91; supplemental reports excluded.",official_annual_county,警政署／刑事警察局年度正式統計
2022,雲林縣,強盜,5,official_final,111年中華民國刑案統計（全書）,cib_crime_statistics_2022_full.pdf,"當年發生件數 (current-year occurrences), PDF page 87; supplemental reports excluded.",official_annual_county,警政署／刑事警察局年度正式統計
2022,雲林縣,搶奪,4,official_final,111年中華民國刑案統計（全書）,cib_crime_statistics_2022_full.pdf,"當年發生件數 (current-year occurrences), PDF page 88; supplemental reports excluded.",official_annual_county,警政署／刑事警察局年度正式統計
2022,雲林縣,住宅竊盜,141,official_final,111年中華民國刑案統計（全書）,cib_crime_statistics_2022_full.pdf,"當年發生件數 (current-year occurrences), PDF page 125; supplemental reports excluded.",official_annual_county,警政署／刑事警察局年度正式統計
2022,雲林縣,汽車竊盜,23,official_final,111年中華民國刑案統計（全書）,cib_crime_statistics_2022_full.pdf,"當年發生件數 (current-year occurrences), PDF page 84; supplemental reports excluded.",official_annual_county,警政署／刑事警察局年度正式統計
2022,雲林縣,機車竊盜,100,official_final,111年中華民國刑案統計（全書）,cib_crime_statistics_2022_full.pdf,"當年發生件數 (current-year occurrences), PDF page 85; supplemental reports excluded.",official_annual_county,警政署／刑事警察局年度正式統計
2022,雲林縣,強制性交,0,official_final,111年中華民國刑案統計（全書）,cib_crime_statistics_2022_full.pdf,"當年發生件數 (current-year occurrences), PDF page 93; supplemental reports excluded.",official_annual_county,警政署／刑事警察局年度正式統計
2022,高雄市,毒品,2622,official_final,111年中華民國刑案統計（全書）,cib_crime_statistics_2022_full.pdf,"當年發生件數 (current-year occurrences), PDF page 91; supplemental reports excluded.",official_annual_county,警政署／刑事警察局年度正式統計
2022,高雄市,強盜,8,official_final,111年中華民國刑案統計（全書）,cib_crime_statistics_2022_full.pdf,"當年發生件數 (current-year occurrences), PDF page 87; supplemental reports excluded.",official_annual_county,警政署／刑事警察局年度正式統計
2022,高雄市,搶奪,9,official_final,111年中華民國刑案統計（全書）,cib_crime_statistics_2022_full.pdf,"當年發生件數 (current-year occurrences), PDF page 88; supplemental reports excluded.",official_annual_county,警政署／刑事警察局年度正式統計
2022,高雄市,住宅竊盜,41,official_final,111年中華民國刑案統計（全書）,cib_crime_statistics_2022_full.pdf,"當年發生件數 (current-year occurrences), PDF page 125; supplemental reports excluded.",official_annual_county,警政署／刑事警察局年度正式統計
2022,高雄市,汽車竊盜,34,official_final,111年中華民國刑案統計（全書）,cib_crime_statistics_2022_full.pdf,"當年發生件數 (current-year occurrences), PDF page 84; supplemental reports excluded.",official_annual_county,警政署／刑事警察局年度正式統計
2022,高雄市,機車竊盜,393,official_final,111年中華民國刑案統計（全書）,cib_crime_statistics_2022_full.pdf,"當年發生件數 (current-year occurrences), PDF page 85; supplemental reports excluded.",official_annual_county,警政署／刑事警察局年度正式統計
2022,高雄市,強制性交,4,official_final,111年中華民國刑案統計（全書）,cib_crime_statistics_2022_full.pdf,"當年發生件數 (current-year occurrences), PDF page 93; supplemental reports excluded.",official_annual_county,警政署／刑事警察局年度正式統計
2023,南投縣,毒品,643,official_final,112年中華民國刑案統計（全書）,cib_crime_statistics_2023_full.pdf,"當年發生件數 (current-year occurrences), PDF page 90; supplemental reports excluded.",official_annual_county,警政署／刑事警察局年度正式統計
2023,南投縣,強盜,7,official_final,112年中華民國刑案統計（全書）,cib_crime_statistics_2023_full.pdf,"當年發生件數 (current-year occurrences), PDF page 86; supplemental reports excluded.",official_annual_county,警政署／刑事警察局年度正式統計
2023,南投縣,搶奪,2,official_final,112年中華民國刑案統計（全書）,cib_crime_statistics_2023_full.pdf,"當年發生件數 (current-year occurrences), PDF page 87; supplemental reports excluded.",official_annual_county,警政署／刑事警察局年度正式統計
2023,南投縣,住宅竊盜,154,official_final,112年中華民國刑案統計（全書）,cib_crime_statistics_2023_full.pdf,"當年發生件數 (current-year occurrences), PDF page 124; supplemental reports excluded.",official_annual_county,警政署／刑事警察局年度正式統計
2023,南投縣,汽車竊盜,27,official_final,112年中華民國刑案統計（全書）,cib_crime_statistics_2023_full.pdf,"當年發生件數 (current-year occurrences), PDF page 83; supplemental reports excluded.",official_annual_county,警政署／刑事警察局年度正式統計
2023,南投縣,機車竊盜,112,official_final,112年中華民國刑案統計（全書）,cib_crime_statistics_2023_full.pdf,"當年發生件數 (current-year occurrences), PDF page 84; supplemental reports excluded.",official_annual_county,警政署／刑事警察局年度正式統計
2023,南投縣,強制性交,4,official_final,112年中華民國刑案統計（全書）,cib_crime_statistics_2023_full.pdf,"當年發生件數 (current-year occurrences), PDF page 92; supplemental reports excluded.",official_annual_county,警政署／刑事警察局年度正式統計
2023,嘉義市,毒品,607,official_final,112年中華民國刑案統計（全書）,cib_crime_statistics_2023_full.pdf,"當年發生件數 (current-year occurrences), PDF page 90; supplemental reports excluded.",official_annual_county,警政署／刑事警察局年度正式統計
2023,嘉義市,強盜,3,official_final,112年中華民國刑案統計（全書）,cib_crime_statistics_2023_full.pdf,"當年發生件數 (current-year occurrences), PDF page 86; supplemental reports excluded.",official_annual_county,警政署／刑事警察局年度正式統計
2023,嘉義市,搶奪,3,official_final,112年中華民國刑案統計（全書）,cib_crime_statistics_2023_full.pdf,"當年發生件數 (current-year occurrences), PDF page 87; supplemental reports excluded.",official_annual_county,警政署／刑事警察局年度正式統計
2023,嘉義市,住宅竊盜,11,official_final,112年中華民國刑案統計（全書）,cib_crime_statistics_2023_full.pdf,"當年發生件數 (current-year occurrences), PDF page 124; supplemental reports excluded.",official_annual_county,警政署／刑事警察局年度正式統計
2023,嘉義市,汽車竊盜,3,official_final,112年中華民國刑案統計（全書）,cib_crime_statistics_2023_full.pdf,"當年發生件數 (current-year occurrences), PDF page 83; supplemental reports excluded.",official_annual_county,警政署／刑事警察局年度正式統計
2023,嘉義市,機車竊盜,14,official_final,112年中華民國刑案統計（全書）,cib_crime_statistics_2023_full.pdf,"當年發生件數 (current-year occurrences), PDF page 84; supplemental reports excluded.",official_annual_county,警政署／刑事警察局年度正式統計
2023,嘉義市,強制性交,5,official_final,112年中華民國刑案統計（全書）,cib_crime_statistics_2023_full.pdf,"當年發生件數 (current-year occurrences), PDF page 92; supplemental reports excluded.",official_annual_county,警政署／刑事警察局年度正式統計
2023,嘉義縣,毒品,718,official_final,112年中華民國刑案統計（全書）,cib_crime_statistics_2023_full.pdf,"當年發生件數 (current-year occurrences), PDF page 90; supplemental reports excluded.",official_annual_county,警政署／刑事警察局年度正式統計
2023,嘉義縣,強盜,3,official_final,112年中華民國刑案統計（全書）,cib_crime_statistics_2023_full.pdf,"當年發生件數 (current-year occurrences), PDF page 86; supplemental reports excluded.",official_annual_county,警政署／刑事警察局年度正式統計
2023,嘉義縣,搶奪,2,official_final,112年中華民國刑案統計（全書）,cib_crime_statistics_2023_full.pdf,"當年發生件數 (current-year occurrences), PDF page 87; supplemental reports excluded.",official_annual_county,警政署／刑事警察局年度正式統計
2023,嘉義縣,住宅竊盜,2,official_final,112年中華民國刑案統計（全書）,cib_crime_statistics_2023_full.pdf,"當年發生件數 (current-year occurrences), PDF page 124; supplemental reports excluded.",official_annual_county,警政署／刑事警察局年度正式統計
2023,嘉義縣,汽車竊盜,12,official_final,112年中華民國刑案統計（全書）,cib_crime_statistics_2023_full.pdf,"當年發生件數 (current-year occurrences), PDF page 83; supplemental reports excluded.",official_annual_county,警政署／刑事警察局年度正式統計
2023,嘉義縣,機車竊盜,57,official_final,112年中華民國刑案統計（全書）,cib_crime_statistics_2023_full.pdf,"當年發生件數 (current-year occurrences), PDF page 84; supplemental reports excluded.",official_annual_county,警政署／刑事警察局年度正式統計
2023,嘉義縣,強制性交,3,official_final,112年中華民國刑案統計（全書）,cib_crime_statistics_2023_full.pdf,"當年發生件數 (current-year occurrences), PDF page 92; supplemental reports excluded.",official_annual_county,警政署／刑事警察局年度正式統計
2023,基隆市,毒品,805,official_final,112年中華民國刑案統計（全書）,cib_crime_statistics_2023_full.pdf,"當年發生件數 (current-year occurrences), PDF page 90; supplemental reports excluded.",official_annual_county,警政署／刑事警察局年度正式統計
2023,基隆市,強盜,10,official_final,112年中華民國刑案統計（全書）,cib_crime_statistics_2023_full.pdf,"當年發生件數 (current-year occurrences), PDF page 86; supplemental reports excluded.",official_annual_county,警政署／刑事警察局年度正式統計
2023,基隆市,搶奪,2,official_final,112年中華民國刑案統計（全書）,cib_crime_statistics_2023_full.pdf,"當年發生件數 (current-year occurrences), PDF page 87; supplemental reports excluded.",official_annual_county,警政署／刑事警察局年度正式統計
2023,基隆市,住宅竊盜,75,official_final,112年中華民國刑案統計（全書）,cib_crime_statistics_2023_full.pdf,"當年發生件數 (current-year occurrences), PDF page 124; supplemental reports excluded.",official_annual_county,警政署／刑事警察局年度正式統計
2023,基隆市,汽車竊盜,13,official_final,112年中華民國刑案統計（全書）,cib_crime_statistics_2023_full.pdf,"當年發生件數 (current-year occurrences), PDF page 83; supplemental reports excluded.",official_annual_county,警政署／刑事警察局年度正式統計
2023,基隆市,機車竊盜,80,official_final,112年中華民國刑案統計（全書）,cib_crime_statistics_2023_full.pdf,"當年發生件數 (current-year occurrences), PDF page 84; supplemental reports excluded.",official_annual_county,警政署／刑事警察局年度正式統計
2023,基隆市,強制性交,2,official_final,112年中華民國刑案統計（全書）,cib_crime_statistics_2023_full.pdf,"當年發生件數 (current-year occurrences), PDF page 92; supplemental reports excluded.",official_annual_county,警政署／刑事警察局年度正式統計
2023,宜蘭縣,毒品,604,official_final,112年中華民國刑案統計（全書）,cib_crime_statistics_2023_full.pdf,"當年發生件數 (current-year occurrences), PDF page 90; supplemental reports excluded.",official_annual_county,警政署／刑事警察局年度正式統計
2023,宜蘭縣,強盜,3,official_final,112年中華民國刑案統計（全書）,cib_crime_statistics_2023_full.pdf,"當年發生件數 (current-year occurrences), PDF page 86; supplemental reports excluded.",official_annual_county,警政署／刑事警察局年度正式統計
2023,宜蘭縣,搶奪,4,official_final,112年中華民國刑案統計（全書）,cib_crime_statistics_2023_full.pdf,"當年發生件數 (current-year occurrences), PDF page 87; supplemental reports excluded.",official_annual_county,警政署／刑事警察局年度正式統計
2023,宜蘭縣,住宅竊盜,69,official_final,112年中華民國刑案統計（全書）,cib_crime_statistics_2023_full.pdf,"當年發生件數 (current-year occurrences), PDF page 124; supplemental reports excluded.",official_annual_county,警政署／刑事警察局年度正式統計
2023,宜蘭縣,汽車竊盜,12,official_final,112年中華民國刑案統計（全書）,cib_crime_statistics_2023_full.pdf,"當年發生件數 (current-year occurrences), PDF page 83; supplemental reports excluded.",official_annual_county,警政署／刑事警察局年度正式統計
2023,宜蘭縣,機車竊盜,63,official_final,112年中華民國刑案統計（全書）,cib_crime_statistics_2023_full.pdf,"當年發生件數 (current-year occurrences), PDF page 84; supplemental reports excluded.",official_annual_county,警政署／刑事警察局年度正式統計
2023,宜蘭縣,強制性交,3,official_final,112年中華民國刑案統計（全書）,cib_crime_statistics_2023_full.pdf,"當年發生件數 (current-year occurrences), PDF page 92; supplemental reports excluded.",official_annual_county,警政署／刑事警察局年度正式統計
2023,屏東縣,毒品,1417,official_final,112年中華民國刑案統計（全書）,cib_crime_statistics_2023_full.pdf,"當年發生件數 (current-year occurrences), PDF page 90; supplemental reports excluded.",official_annual_county,警政署／刑事警察局年度正式統計
2023,屏東縣,強盜,6,official_final,112年中華民國刑案統計（全書）,cib_crime_statistics_2023_full.pdf,"當年發生件數 (current-year occurrences), PDF page 86; supplemental reports excluded.",official_annual_county,警政署／刑事警察局年度正式統計
2023,屏東縣,搶奪,2,official_final,112年中華民國刑案統計（全書）,cib_crime_statistics_2023_full.pdf,"當年發生件數 (current-year occurrences), PDF page 87; supplemental reports excluded.",official_annual_county,警政署／刑事警察局年度正式統計
2023,屏東縣,住宅竊盜,8,official_final,112年中華民國刑案統計（全書）,cib_crime_statistics_2023_full.pdf,"當年發生件數 (current-year occurrences), PDF page 124; supplemental reports excluded.",official_annual_county,警政署／刑事警察局年度正式統計
2023,屏東縣,汽車竊盜,46,official_final,112年中華民國刑案統計（全書）,cib_crime_statistics_2023_full.pdf,"當年發生件數 (current-year occurrences), PDF page 83; supplemental reports excluded.",official_annual_county,警政署／刑事警察局年度正式統計
2023,屏東縣,機車竊盜,150,official_final,112年中華民國刑案統計（全書）,cib_crime_statistics_2023_full.pdf,"當年發生件數 (current-year occurrences), PDF page 84; supplemental reports excluded.",official_annual_county,警政署／刑事警察局年度正式統計
2023,屏東縣,強制性交,2,official_final,112年中華民國刑案統計（全書）,cib_crime_statistics_2023_full.pdf,"當年發生件數 (current-year occurrences), PDF page 92; supplemental reports excluded.",official_annual_county,警政署／刑事警察局年度正式統計
2023,彰化縣,毒品,1293,official_final,112年中華民國刑案統計（全書）,cib_crime_statistics_2023_full.pdf,"當年發生件數 (current-year occurrences), PDF page 90; supplemental reports excluded.",official_annual_county,警政署／刑事警察局年度正式統計
2023,彰化縣,強盜,3,official_final,112年中華民國刑案統計（全書）,cib_crime_statistics_2023_full.pdf,"當年發生件數 (current-year occurrences), PDF page 86; supplemental reports excluded.",official_annual_county,警政署／刑事警察局年度正式統計
2023,彰化縣,搶奪,8,official_final,112年中華民國刑案統計（全書）,cib_crime_statistics_2023_full.pdf,"當年發生件數 (current-year occurrences), PDF page 87; supplemental reports excluded.",official_annual_county,警政署／刑事警察局年度正式統計
2023,彰化縣,住宅竊盜,28,official_final,112年中華民國刑案統計（全書）,cib_crime_statistics_2023_full.pdf,"當年發生件數 (current-year occurrences), PDF page 124; supplemental reports excluded.",official_annual_county,警政署／刑事警察局年度正式統計
2023,彰化縣,汽車竊盜,44,official_final,112年中華民國刑案統計（全書）,cib_crime_statistics_2023_full.pdf,"當年發生件數 (current-year occurrences), PDF page 83; supplemental reports excluded.",official_annual_county,警政署／刑事警察局年度正式統計
2023,彰化縣,機車竊盜,162,official_final,112年中華民國刑案統計（全書）,cib_crime_statistics_2023_full.pdf,"當年發生件數 (current-year occurrences), PDF page 84; supplemental reports excluded.",official_annual_county,警政署／刑事警察局年度正式統計
2023,彰化縣,強制性交,0,official_final,112年中華民國刑案統計（全書）,cib_crime_statistics_2023_full.pdf,"當年發生件數 (current-year occurrences), PDF page 92; supplemental reports excluded.",official_annual_county,警政署／刑事警察局年度正式統計
2023,新北市,毒品,5321,official_final,112年中華民國刑案統計（全書）,cib_crime_statistics_2023_full.pdf,"當年發生件數 (current-year occurrences), PDF page 90; supplemental reports excluded.",official_annual_county,警政署／刑事警察局年度正式統計
2023,新北市,強盜,17,official_final,112年中華民國刑案統計（全書）,cib_crime_statistics_2023_full.pdf,"當年發生件數 (current-year occurrences), PDF page 86; supplemental reports excluded.",official_annual_county,警政署／刑事警察局年度正式統計
2023,新北市,搶奪,18,official_final,112年中華民國刑案統計（全書）,cib_crime_statistics_2023_full.pdf,"當年發生件數 (current-year occurrences), PDF page 87; supplemental reports excluded.",official_annual_county,警政署／刑事警察局年度正式統計
2023,新北市,住宅竊盜,635,official_final,112年中華民國刑案統計（全書）,cib_crime_statistics_2023_full.pdf,"當年發生件數 (current-year occurrences), PDF page 124; supplemental reports excluded.",official_annual_county,警政署／刑事警察局年度正式統計
2023,新北市,汽車竊盜,121,official_final,112年中華民國刑案統計（全書）,cib_crime_statistics_2023_full.pdf,"當年發生件數 (current-year occurrences), PDF page 83; supplemental reports excluded.",official_annual_county,警政署／刑事警察局年度正式統計
2023,新北市,機車竊盜,825,official_final,112年中華民國刑案統計（全書）,cib_crime_statistics_2023_full.pdf,"當年發生件數 (current-year occurrences), PDF page 84; supplemental reports excluded.",official_annual_county,警政署／刑事警察局年度正式統計
2023,新北市,強制性交,12,official_final,112年中華民國刑案統計（全書）,cib_crime_statistics_2023_full.pdf,"當年發生件數 (current-year occurrences), PDF page 92; supplemental reports excluded.",official_annual_county,警政署／刑事警察局年度正式統計
2023,新竹市,毒品,393,official_final,112年中華民國刑案統計（全書）,cib_crime_statistics_2023_full.pdf,"當年發生件數 (current-year occurrences), PDF page 90; supplemental reports excluded.",official_annual_county,警政署／刑事警察局年度正式統計
2023,新竹市,強盜,1,official_final,112年中華民國刑案統計（全書）,cib_crime_statistics_2023_full.pdf,"當年發生件數 (current-year occurrences), PDF page 86; supplemental reports excluded.",official_annual_county,警政署／刑事警察局年度正式統計
2023,新竹市,搶奪,0,official_final,112年中華民國刑案統計（全書）,cib_crime_statistics_2023_full.pdf,"當年發生件數 (current-year occurrences), PDF page 87; supplemental reports excluded.",official_annual_county,警政署／刑事警察局年度正式統計
2023,新竹市,住宅竊盜,43,official_final,112年中華民國刑案統計（全書）,cib_crime_statistics_2023_full.pdf,"當年發生件數 (current-year occurrences), PDF page 124; supplemental reports excluded.",official_annual_county,警政署／刑事警察局年度正式統計
2023,新竹市,汽車竊盜,15,official_final,112年中華民國刑案統計（全書）,cib_crime_statistics_2023_full.pdf,"當年發生件數 (current-year occurrences), PDF page 83; supplemental reports excluded.",official_annual_county,警政署／刑事警察局年度正式統計
2023,新竹市,機車竊盜,128,official_final,112年中華民國刑案統計（全書）,cib_crime_statistics_2023_full.pdf,"當年發生件數 (current-year occurrences), PDF page 84; supplemental reports excluded.",official_annual_county,警政署／刑事警察局年度正式統計
2023,新竹市,強制性交,0,official_final,112年中華民國刑案統計（全書）,cib_crime_statistics_2023_full.pdf,"當年發生件數 (current-year occurrences), PDF page 92; supplemental reports excluded.",official_annual_county,警政署／刑事警察局年度正式統計
2023,新竹縣,毒品,944,official_final,112年中華民國刑案統計（全書）,cib_crime_statistics_2023_full.pdf,"當年發生件數 (current-year occurrences), PDF page 90; supplemental reports excluded.",official_annual_county,警政署／刑事警察局年度正式統計
2023,新竹縣,強盜,2,official_final,112年中華民國刑案統計（全書）,cib_crime_statistics_2023_full.pdf,"當年發生件數 (current-year occurrences), PDF page 86; supplemental reports excluded.",official_annual_county,警政署／刑事警察局年度正式統計
2023,新竹縣,搶奪,1,official_final,112年中華民國刑案統計（全書）,cib_crime_statistics_2023_full.pdf,"當年發生件數 (current-year occurrences), PDF page 87; supplemental reports excluded.",official_annual_county,警政署／刑事警察局年度正式統計
2023,新竹縣,住宅竊盜,40,official_final,112年中華民國刑案統計（全書）,cib_crime_statistics_2023_full.pdf,"當年發生件數 (current-year occurrences), PDF page 124; supplemental reports excluded.",official_annual_county,警政署／刑事警察局年度正式統計
2023,新竹縣,汽車竊盜,64,official_final,112年中華民國刑案統計（全書）,cib_crime_statistics_2023_full.pdf,"當年發生件數 (current-year occurrences), PDF page 83; supplemental reports excluded.",official_annual_county,警政署／刑事警察局年度正式統計
2023,新竹縣,機車竊盜,135,official_final,112年中華民國刑案統計（全書）,cib_crime_statistics_2023_full.pdf,"當年發生件數 (current-year occurrences), PDF page 84; supplemental reports excluded.",official_annual_county,警政署／刑事警察局年度正式統計
2023,新竹縣,強制性交,3,official_final,112年中華民國刑案統計（全書）,cib_crime_statistics_2023_full.pdf,"當年發生件數 (current-year occurrences), PDF page 92; supplemental reports excluded.",official_annual_county,警政署／刑事警察局年度正式統計
2023,桃園市,毒品,4623,official_final,112年中華民國刑案統計（全書）,cib_crime_statistics_2023_full.pdf,"當年發生件數 (current-year occurrences), PDF page 90; supplemental reports excluded.",official_annual_county,警政署／刑事警察局年度正式統計
2023,桃園市,強盜,10,official_final,112年中華民國刑案統計（全書）,cib_crime_statistics_2023_full.pdf,"當年發生件數 (current-year occurrences), PDF page 86; supplemental reports excluded.",official_annual_county,警政署／刑事警察局年度正式統計
2023,桃園市,搶奪,1,official_final,112年中華民國刑案統計（全書）,cib_crime_statistics_2023_full.pdf,"當年發生件數 (current-year occurrences), PDF page 87; supplemental reports excluded.",official_annual_county,警政署／刑事警察局年度正式統計
2023,桃園市,住宅竊盜,161,official_final,112年中華民國刑案統計（全書）,cib_crime_statistics_2023_full.pdf,"當年發生件數 (current-year occurrences), PDF page 124; supplemental reports excluded.",official_annual_county,警政署／刑事警察局年度正式統計
2023,桃園市,汽車竊盜,85,official_final,112年中華民國刑案統計（全書）,cib_crime_statistics_2023_full.pdf,"當年發生件數 (current-year occurrences), PDF page 83; supplemental reports excluded.",official_annual_county,警政署／刑事警察局年度正式統計
2023,桃園市,機車竊盜,531,official_final,112年中華民國刑案統計（全書）,cib_crime_statistics_2023_full.pdf,"當年發生件數 (current-year occurrences), PDF page 84; supplemental reports excluded.",official_annual_county,警政署／刑事警察局年度正式統計
2023,桃園市,強制性交,3,official_final,112年中華民國刑案統計（全書）,cib_crime_statistics_2023_full.pdf,"當年發生件數 (current-year occurrences), PDF page 92; supplemental reports excluded.",official_annual_county,警政署／刑事警察局年度正式統計
2023,澎湖縣,毒品,78,official_final,112年中華民國刑案統計（全書）,cib_crime_statistics_2023_full.pdf,"當年發生件數 (current-year occurrences), PDF page 90; supplemental reports excluded.",official_annual_county,警政署／刑事警察局年度正式統計
2023,澎湖縣,強盜,2,official_final,112年中華民國刑案統計（全書）,cib_crime_statistics_2023_full.pdf,"當年發生件數 (current-year occurrences), PDF page 86; supplemental reports excluded.",official_annual_county,警政署／刑事警察局年度正式統計
2023,澎湖縣,搶奪,0,official_final,112年中華民國刑案統計（全書）,cib_crime_statistics_2023_full.pdf,"當年發生件數 (current-year occurrences), PDF page 87; supplemental reports excluded.",official_annual_county,警政署／刑事警察局年度正式統計
2023,澎湖縣,住宅竊盜,42,official_final,112年中華民國刑案統計（全書）,cib_crime_statistics_2023_full.pdf,"當年發生件數 (current-year occurrences), PDF page 124; supplemental reports excluded.",official_annual_county,警政署／刑事警察局年度正式統計
2023,澎湖縣,汽車竊盜,3,official_final,112年中華民國刑案統計（全書）,cib_crime_statistics_2023_full.pdf,"當年發生件數 (current-year occurrences), PDF page 83; supplemental reports excluded.",official_annual_county,警政署／刑事警察局年度正式統計
2023,澎湖縣,機車竊盜,10,official_final,112年中華民國刑案統計（全書）,cib_crime_statistics_2023_full.pdf,"當年發生件數 (current-year occurrences), PDF page 84; supplemental reports excluded.",official_annual_county,警政署／刑事警察局年度正式統計
2023,澎湖縣,強制性交,6,official_final,112年中華民國刑案統計（全書）,cib_crime_statistics_2023_full.pdf,"當年發生件數 (current-year occurrences), PDF page 92; supplemental reports excluded.",official_annual_county,警政署／刑事警察局年度正式統計
2023,臺中市,毒品,2915,official_final,112年中華民國刑案統計（全書）,cib_crime_statistics_2023_full.pdf,"當年發生件數 (current-year occurrences), PDF page 90; supplemental reports excluded.",official_annual_county,警政署／刑事警察局年度正式統計
2023,臺中市,強盜,3,official_final,112年中華民國刑案統計（全書）,cib_crime_statistics_2023_full.pdf,"當年發生件數 (current-year occurrences), PDF page 86; supplemental reports excluded.",official_annual_county,警政署／刑事警察局年度正式統計
2023,臺中市,搶奪,8,official_final,112年中華民國刑案統計（全書）,cib_crime_statistics_2023_full.pdf,"當年發生件數 (current-year occurrences), PDF page 87; supplemental reports excluded.",official_annual_county,警政署／刑事警察局年度正式統計
2023,臺中市,住宅竊盜,91,official_final,112年中華民國刑案統計（全書）,cib_crime_statistics_2023_full.pdf,"當年發生件數 (current-year occurrences), PDF page 124; supplemental reports excluded.",official_annual_county,警政署／刑事警察局年度正式統計
2023,臺中市,汽車竊盜,80,official_final,112年中華民國刑案統計（全書）,cib_crime_statistics_2023_full.pdf,"當年發生件數 (current-year occurrences), PDF page 83; supplemental reports excluded.",official_annual_county,警政署／刑事警察局年度正式統計
2023,臺中市,機車竊盜,479,official_final,112年中華民國刑案統計（全書）,cib_crime_statistics_2023_full.pdf,"當年發生件數 (current-year occurrences), PDF page 84; supplemental reports excluded.",official_annual_county,警政署／刑事警察局年度正式統計
2023,臺中市,強制性交,0,official_final,112年中華民國刑案統計（全書）,cib_crime_statistics_2023_full.pdf,"當年發生件數 (current-year occurrences), PDF page 92; supplemental reports excluded.",official_annual_county,警政署／刑事警察局年度正式統計
2023,臺北市,毒品,3068,official_final,112年中華民國刑案統計（全書）,cib_crime_statistics_2023_full.pdf,"當年發生件數 (current-year occurrences), PDF page 90; supplemental reports excluded.",official_annual_county,警政署／刑事警察局年度正式統計
2023,臺北市,強盜,11,official_final,112年中華民國刑案統計（全書）,cib_crime_statistics_2023_full.pdf,"當年發生件數 (current-year occurrences), PDF page 86; supplemental reports excluded.",official_annual_county,警政署／刑事警察局年度正式統計
2023,臺北市,搶奪,9,official_final,112年中華民國刑案統計（全書）,cib_crime_statistics_2023_full.pdf,"當年發生件數 (current-year occurrences), PDF page 87; supplemental reports excluded.",official_annual_county,警政署／刑事警察局年度正式統計
2023,臺北市,住宅竊盜,212,official_final,112年中華民國刑案統計（全書）,cib_crime_statistics_2023_full.pdf,"當年發生件數 (current-year occurrences), PDF page 124; supplemental reports excluded.",official_annual_county,警政署／刑事警察局年度正式統計
2023,臺北市,汽車竊盜,26,official_final,112年中華民國刑案統計（全書）,cib_crime_statistics_2023_full.pdf,"當年發生件數 (current-year occurrences), PDF page 83; supplemental reports excluded.",official_annual_county,警政署／刑事警察局年度正式統計
2023,臺北市,機車竊盜,202,official_final,112年中華民國刑案統計（全書）,cib_crime_statistics_2023_full.pdf,"當年發生件數 (current-year occurrences), PDF page 84; supplemental reports excluded.",official_annual_county,警政署／刑事警察局年度正式統計
2023,臺北市,強制性交,2,official_final,112年中華民國刑案統計（全書）,cib_crime_statistics_2023_full.pdf,"當年發生件數 (current-year occurrences), PDF page 92; supplemental reports excluded.",official_annual_county,警政署／刑事警察局年度正式統計
2023,臺南市,毒品,2222,official_final,112年中華民國刑案統計（全書）,cib_crime_statistics_2023_full.pdf,"當年發生件數 (current-year occurrences), PDF page 90; supplemental reports excluded.",official_annual_county,警政署／刑事警察局年度正式統計
2023,臺南市,強盜,20,official_final,112年中華民國刑案統計（全書）,cib_crime_statistics_2023_full.pdf,"當年發生件數 (current-year occurrences), PDF page 86; supplemental reports excluded.",official_annual_county,警政署／刑事警察局年度正式統計
2023,臺南市,搶奪,6,official_final,112年中華民國刑案統計（全書）,cib_crime_statistics_2023_full.pdf,"當年發生件數 (current-year occurrences), PDF page 87; supplemental reports excluded.",official_annual_county,警政署／刑事警察局年度正式統計
2023,臺南市,住宅竊盜,205,official_final,112年中華民國刑案統計（全書）,cib_crime_statistics_2023_full.pdf,"當年發生件數 (current-year occurrences), PDF page 124; supplemental reports excluded.",official_annual_county,警政署／刑事警察局年度正式統計
2023,臺南市,汽車竊盜,31,official_final,112年中華民國刑案統計（全書）,cib_crime_statistics_2023_full.pdf,"當年發生件數 (current-year occurrences), PDF page 83; supplemental reports excluded.",official_annual_county,警政署／刑事警察局年度正式統計
2023,臺南市,機車竊盜,181,official_final,112年中華民國刑案統計（全書）,cib_crime_statistics_2023_full.pdf,"當年發生件數 (current-year occurrences), PDF page 84; supplemental reports excluded.",official_annual_county,警政署／刑事警察局年度正式統計
2023,臺南市,強制性交,1,official_final,112年中華民國刑案統計（全書）,cib_crime_statistics_2023_full.pdf,"當年發生件數 (current-year occurrences), PDF page 92; supplemental reports excluded.",official_annual_county,警政署／刑事警察局年度正式統計
2023,臺東縣,毒品,309,official_final,112年中華民國刑案統計（全書）,cib_crime_statistics_2023_full.pdf,"當年發生件數 (current-year occurrences), PDF page 90; supplemental reports excluded.",official_annual_county,警政署／刑事警察局年度正式統計
2023,臺東縣,強盜,0,official_final,112年中華民國刑案統計（全書）,cib_crime_statistics_2023_full.pdf,"當年發生件數 (current-year occurrences), PDF page 86; supplemental reports excluded.",official_annual_county,警政署／刑事警察局年度正式統計
2023,臺東縣,搶奪,0,official_final,112年中華民國刑案統計（全書）,cib_crime_statistics_2023_full.pdf,"當年發生件數 (current-year occurrences), PDF page 87; supplemental reports excluded.",official_annual_county,警政署／刑事警察局年度正式統計
2023,臺東縣,住宅竊盜,46,official_final,112年中華民國刑案統計（全書）,cib_crime_statistics_2023_full.pdf,"當年發生件數 (current-year occurrences), PDF page 124; supplemental reports excluded.",official_annual_county,警政署／刑事警察局年度正式統計
2023,臺東縣,汽車竊盜,21,official_final,112年中華民國刑案統計（全書）,cib_crime_statistics_2023_full.pdf,"當年發生件數 (current-year occurrences), PDF page 83; supplemental reports excluded.",official_annual_county,警政署／刑事警察局年度正式統計
2023,臺東縣,機車竊盜,65,official_final,112年中華民國刑案統計（全書）,cib_crime_statistics_2023_full.pdf,"當年發生件數 (current-year occurrences), PDF page 84; supplemental reports excluded.",official_annual_county,警政署／刑事警察局年度正式統計
2023,臺東縣,強制性交,0,official_final,112年中華民國刑案統計（全書）,cib_crime_statistics_2023_full.pdf,"當年發生件數 (current-year occurrences), PDF page 92; supplemental reports excluded.",official_annual_county,警政署／刑事警察局年度正式統計
2023,花蓮縣,毒品,510,official_final,112年中華民國刑案統計（全書）,cib_crime_statistics_2023_full.pdf,"當年發生件數 (current-year occurrences), PDF page 90; supplemental reports excluded.",official_annual_county,警政署／刑事警察局年度正式統計
2023,花蓮縣,強盜,4,official_final,112年中華民國刑案統計（全書）,cib_crime_statistics_2023_full.pdf,"當年發生件數 (current-year occurrences), PDF page 86; supplemental reports excluded.",official_annual_county,警政署／刑事警察局年度正式統計
2023,花蓮縣,搶奪,0,official_final,112年中華民國刑案統計（全書）,cib_crime_statistics_2023_full.pdf,"當年發生件數 (current-year occurrences), PDF page 87; supplemental reports excluded.",official_annual_county,警政署／刑事警察局年度正式統計
2023,花蓮縣,住宅竊盜,13,official_final,112年中華民國刑案統計（全書）,cib_crime_statistics_2023_full.pdf,"當年發生件數 (current-year occurrences), PDF page 124; supplemental reports excluded.",official_annual_county,警政署／刑事警察局年度正式統計
2023,花蓮縣,汽車竊盜,8,official_final,112年中華民國刑案統計（全書）,cib_crime_statistics_2023_full.pdf,"當年發生件數 (current-year occurrences), PDF page 83; supplemental reports excluded.",official_annual_county,警政署／刑事警察局年度正式統計
2023,花蓮縣,機車竊盜,70,official_final,112年中華民國刑案統計（全書）,cib_crime_statistics_2023_full.pdf,"當年發生件數 (current-year occurrences), PDF page 84; supplemental reports excluded.",official_annual_county,警政署／刑事警察局年度正式統計
2023,花蓮縣,強制性交,1,official_final,112年中華民國刑案統計（全書）,cib_crime_statistics_2023_full.pdf,"當年發生件數 (current-year occurrences), PDF page 92; supplemental reports excluded.",official_annual_county,警政署／刑事警察局年度正式統計
2023,苗栗縣,毒品,1006,official_final,112年中華民國刑案統計（全書）,cib_crime_statistics_2023_full.pdf,"當年發生件數 (current-year occurrences), PDF page 90; supplemental reports excluded.",official_annual_county,警政署／刑事警察局年度正式統計
2023,苗栗縣,強盜,2,official_final,112年中華民國刑案統計（全書）,cib_crime_statistics_2023_full.pdf,"當年發生件數 (current-year occurrences), PDF page 86; supplemental reports excluded.",official_annual_county,警政署／刑事警察局年度正式統計
2023,苗栗縣,搶奪,3,official_final,112年中華民國刑案統計（全書）,cib_crime_statistics_2023_full.pdf,"當年發生件數 (current-year occurrences), PDF page 87; supplemental reports excluded.",official_annual_county,警政署／刑事警察局年度正式統計
2023,苗栗縣,住宅竊盜,98,official_final,112年中華民國刑案統計（全書）,cib_crime_statistics_2023_full.pdf,"當年發生件數 (current-year occurrences), PDF page 124; supplemental reports excluded.",official_annual_county,警政署／刑事警察局年度正式統計
2023,苗栗縣,汽車竊盜,25,official_final,112年中華民國刑案統計（全書）,cib_crime_statistics_2023_full.pdf,"當年發生件數 (current-year occurrences), PDF page 83; supplemental reports excluded.",official_annual_county,警政署／刑事警察局年度正式統計
2023,苗栗縣,機車竊盜,83,official_final,112年中華民國刑案統計（全書）,cib_crime_statistics_2023_full.pdf,"當年發生件數 (current-year occurrences), PDF page 84; supplemental reports excluded.",official_annual_county,警政署／刑事警察局年度正式統計
2023,苗栗縣,強制性交,2,official_final,112年中華民國刑案統計（全書）,cib_crime_statistics_2023_full.pdf,"當年發生件數 (current-year occurrences), PDF page 92; supplemental reports excluded.",official_annual_county,警政署／刑事警察局年度正式統計
2023,連江縣,毒品,2,official_final,112年中華民國刑案統計（全書）,cib_crime_statistics_2023_full.pdf,"當年發生件數 (current-year occurrences), PDF page 90; supplemental reports excluded.",official_annual_county,警政署／刑事警察局年度正式統計
2023,連江縣,強盜,0,official_final,112年中華民國刑案統計（全書）,cib_crime_statistics_2023_full.pdf,"當年發生件數 (current-year occurrences), PDF page 86; supplemental reports excluded.",official_annual_county,警政署／刑事警察局年度正式統計
2023,連江縣,搶奪,0,official_final,112年中華民國刑案統計（全書）,cib_crime_statistics_2023_full.pdf,"當年發生件數 (current-year occurrences), PDF page 87; supplemental reports excluded.",official_annual_county,警政署／刑事警察局年度正式統計
2023,連江縣,住宅竊盜,6,official_final,112年中華民國刑案統計（全書）,cib_crime_statistics_2023_full.pdf,"當年發生件數 (current-year occurrences), PDF page 124; supplemental reports excluded.",official_annual_county,警政署／刑事警察局年度正式統計
2023,連江縣,汽車竊盜,0,official_final,112年中華民國刑案統計（全書）,cib_crime_statistics_2023_full.pdf,"當年發生件數 (current-year occurrences), PDF page 83; supplemental reports excluded.",official_annual_county,警政署／刑事警察局年度正式統計
2023,連江縣,機車竊盜,4,official_final,112年中華民國刑案統計（全書）,cib_crime_statistics_2023_full.pdf,"當年發生件數 (current-year occurrences), PDF page 84; supplemental reports excluded.",official_annual_county,警政署／刑事警察局年度正式統計
2023,連江縣,強制性交,2,official_final,112年中華民國刑案統計（全書）,cib_crime_statistics_2023_full.pdf,"當年發生件數 (current-year occurrences), PDF page 92; supplemental reports excluded.",official_annual_county,警政署／刑事警察局年度正式統計
2023,金門縣,毒品,36,official_final,112年中華民國刑案統計（全書）,cib_crime_statistics_2023_full.pdf,"當年發生件數 (current-year occurrences), PDF page 90; supplemental reports excluded.",official_annual_county,警政署／刑事警察局年度正式統計
2023,金門縣,強盜,0,official_final,112年中華民國刑案統計（全書）,cib_crime_statistics_2023_full.pdf,"當年發生件數 (current-year occurrences), PDF page 86; supplemental reports excluded.",official_annual_county,警政署／刑事警察局年度正式統計
2023,金門縣,搶奪,0,official_final,112年中華民國刑案統計（全書）,cib_crime_statistics_2023_full.pdf,"當年發生件數 (current-year occurrences), PDF page 87; supplemental reports excluded.",official_annual_county,警政署／刑事警察局年度正式統計
2023,金門縣,住宅竊盜,34,official_final,112年中華民國刑案統計（全書）,cib_crime_statistics_2023_full.pdf,"當年發生件數 (current-year occurrences), PDF page 124; supplemental reports excluded.",official_annual_county,警政署／刑事警察局年度正式統計
2023,金門縣,汽車竊盜,3,official_final,112年中華民國刑案統計（全書）,cib_crime_statistics_2023_full.pdf,"當年發生件數 (current-year occurrences), PDF page 83; supplemental reports excluded.",official_annual_county,警政署／刑事警察局年度正式統計
2023,金門縣,機車竊盜,7,official_final,112年中華民國刑案統計（全書）,cib_crime_statistics_2023_full.pdf,"當年發生件數 (current-year occurrences), PDF page 84; supplemental reports excluded.",official_annual_county,警政署／刑事警察局年度正式統計
2023,金門縣,強制性交,7,official_final,112年中華民國刑案統計（全書）,cib_crime_statistics_2023_full.pdf,"當年發生件數 (current-year occurrences), PDF page 92; supplemental reports excluded.",official_annual_county,警政署／刑事警察局年度正式統計
2023,雲林縣,毒品,880,official_final,112年中華民國刑案統計（全書）,cib_crime_statistics_2023_full.pdf,"當年發生件數 (current-year occurrences), PDF page 90; supplemental reports excluded.",official_annual_county,警政署／刑事警察局年度正式統計
2023,雲林縣,強盜,4,official_final,112年中華民國刑案統計（全書）,cib_crime_statistics_2023_full.pdf,"當年發生件數 (current-year occurrences), PDF page 86; supplemental reports excluded.",official_annual_county,警政署／刑事警察局年度正式統計
2023,雲林縣,搶奪,0,official_final,112年中華民國刑案統計（全書）,cib_crime_statistics_2023_full.pdf,"當年發生件數 (current-year occurrences), PDF page 87; supplemental reports excluded.",official_annual_county,警政署／刑事警察局年度正式統計
2023,雲林縣,住宅竊盜,132,official_final,112年中華民國刑案統計（全書）,cib_crime_statistics_2023_full.pdf,"當年發生件數 (current-year occurrences), PDF page 124; supplemental reports excluded.",official_annual_county,警政署／刑事警察局年度正式統計
2023,雲林縣,汽車竊盜,25,official_final,112年中華民國刑案統計（全書）,cib_crime_statistics_2023_full.pdf,"當年發生件數 (current-year occurrences), PDF page 83; supplemental reports excluded.",official_annual_county,警政署／刑事警察局年度正式統計
2023,雲林縣,機車竊盜,102,official_final,112年中華民國刑案統計（全書）,cib_crime_statistics_2023_full.pdf,"當年發生件數 (current-year occurrences), PDF page 84; supplemental reports excluded.",official_annual_county,警政署／刑事警察局年度正式統計
2023,雲林縣,強制性交,2,official_final,112年中華民國刑案統計（全書）,cib_crime_statistics_2023_full.pdf,"當年發生件數 (current-year occurrences), PDF page 92; supplemental reports excluded.",official_annual_county,警政署／刑事警察局年度正式統計
2023,高雄市,毒品,2533,official_final,112年中華民國刑案統計（全書）,cib_crime_statistics_2023_full.pdf,"當年發生件數 (current-year occurrences), PDF page 90; supplemental reports excluded.",official_annual_county,警政署／刑事警察局年度正式統計
2023,高雄市,強盜,6,official_final,112年中華民國刑案統計（全書）,cib_crime_statistics_2023_full.pdf,"當年發生件數 (current-year occurrences), PDF page 86; supplemental reports excluded.",official_annual_county,警政署／刑事警察局年度正式統計
2023,高雄市,搶奪,8,official_final,112年中華民國刑案統計（全書）,cib_crime_statistics_2023_full.pdf,"當年發生件數 (current-year occurrences), PDF page 87; supplemental reports excluded.",official_annual_county,警政署／刑事警察局年度正式統計
2023,高雄市,住宅竊盜,24,official_final,112年中華民國刑案統計（全書）,cib_crime_statistics_2023_full.pdf,"當年發生件數 (current-year occurrences), PDF page 124; supplemental reports excluded.",official_annual_county,警政署／刑事警察局年度正式統計
2023,高雄市,汽車竊盜,42,official_final,112年中華民國刑案統計（全書）,cib_crime_statistics_2023_full.pdf,"當年發生件數 (current-year occurrences), PDF page 83; supplemental reports excluded.",official_annual_county,警政署／刑事警察局年度正式統計
2023,高雄市,機車竊盜,443,official_final,112年中華民國刑案統計（全書）,cib_crime_statistics_2023_full.pdf,"當年發生件數 (current-year occurrences), PDF page 84; supplemental reports excluded.",official_annual_county,警政署／刑事警察局年度正式統計
2023,高雄市,強制性交,2,official_final,112年中華民國刑案統計（全書）,cib_crime_statistics_2023_full.pdf,"當年發生件數 (current-year occurrences), PDF page 92; supplemental reports excluded.",official_annual_county,警政署／刑事警察局年度正式統計
2024,南投縣,毒品,756,official_final,113年中華民國刑案統計（全書）,cib_crime_statistics_2024_full.pdf,"當年發生件數 (current-year occurrences), PDF page 92; supplemental reports excluded.",official_annual_county,警政署／刑事警察局年度正式統計
2024,南投縣,強盜,8,official_final,113年中華民國刑案統計（全書）,cib_crime_statistics_2024_full.pdf,"當年發生件數 (current-year occurrences), PDF page 88; supplemental reports excluded.",official_annual_county,警政署／刑事警察局年度正式統計
2024,南投縣,搶奪,4,official_final,113年中華民國刑案統計（全書）,cib_crime_statistics_2024_full.pdf,"當年發生件數 (current-year occurrences), PDF page 89; supplemental reports excluded.",official_annual_county,警政署／刑事警察局年度正式統計
2024,南投縣,住宅竊盜,224,official_final,113年中華民國刑案統計（全書）,cib_crime_statistics_2024_full.pdf,"當年發生件數 (current-year occurrences), PDF page 126; supplemental reports excluded.",official_annual_county,警政署／刑事警察局年度正式統計
2024,南投縣,汽車竊盜,21,official_final,113年中華民國刑案統計（全書）,cib_crime_statistics_2024_full.pdf,"當年發生件數 (current-year occurrences), PDF page 85; supplemental reports excluded.",official_annual_county,警政署／刑事警察局年度正式統計
2024,南投縣,機車竊盜,99,official_final,113年中華民國刑案統計（全書）,cib_crime_statistics_2024_full.pdf,"當年發生件數 (current-year occurrences), PDF page 86; supplemental reports excluded.",official_annual_county,警政署／刑事警察局年度正式統計
2024,南投縣,強制性交,3,official_final,113年中華民國刑案統計（全書）,cib_crime_statistics_2024_full.pdf,"當年發生件數 (current-year occurrences), PDF page 94; supplemental reports excluded.",official_annual_county,警政署／刑事警察局年度正式統計
2024,嘉義市,毒品,612,official_final,113年中華民國刑案統計（全書）,cib_crime_statistics_2024_full.pdf,"當年發生件數 (current-year occurrences), PDF page 92; supplemental reports excluded.",official_annual_county,警政署／刑事警察局年度正式統計
2024,嘉義市,強盜,2,official_final,113年中華民國刑案統計（全書）,cib_crime_statistics_2024_full.pdf,"當年發生件數 (current-year occurrences), PDF page 88; supplemental reports excluded.",official_annual_county,警政署／刑事警察局年度正式統計
2024,嘉義市,搶奪,2,official_final,113年中華民國刑案統計（全書）,cib_crime_statistics_2024_full.pdf,"當年發生件數 (current-year occurrences), PDF page 89; supplemental reports excluded.",official_annual_county,警政署／刑事警察局年度正式統計
2024,嘉義市,住宅竊盜,9,official_final,113年中華民國刑案統計（全書）,cib_crime_statistics_2024_full.pdf,"當年發生件數 (current-year occurrences), PDF page 126; supplemental reports excluded.",official_annual_county,警政署／刑事警察局年度正式統計
2024,嘉義市,汽車竊盜,7,official_final,113年中華民國刑案統計（全書）,cib_crime_statistics_2024_full.pdf,"當年發生件數 (current-year occurrences), PDF page 85; supplemental reports excluded.",official_annual_county,警政署／刑事警察局年度正式統計
2024,嘉義市,機車竊盜,32,official_final,113年中華民國刑案統計（全書）,cib_crime_statistics_2024_full.pdf,"當年發生件數 (current-year occurrences), PDF page 86; supplemental reports excluded.",official_annual_county,警政署／刑事警察局年度正式統計
2024,嘉義市,強制性交,4,official_final,113年中華民國刑案統計（全書）,cib_crime_statistics_2024_full.pdf,"當年發生件數 (current-year occurrences), PDF page 94; supplemental reports excluded.",official_annual_county,警政署／刑事警察局年度正式統計
2024,嘉義縣,毒品,682,official_final,113年中華民國刑案統計（全書）,cib_crime_statistics_2024_full.pdf,"當年發生件數 (current-year occurrences), PDF page 92; supplemental reports excluded.",official_annual_county,警政署／刑事警察局年度正式統計
2024,嘉義縣,強盜,0,official_final,113年中華民國刑案統計（全書）,cib_crime_statistics_2024_full.pdf,"當年發生件數 (current-year occurrences), PDF page 88; supplemental reports excluded.",official_annual_county,警政署／刑事警察局年度正式統計
2024,嘉義縣,搶奪,1,official_final,113年中華民國刑案統計（全書）,cib_crime_statistics_2024_full.pdf,"當年發生件數 (current-year occurrences), PDF page 89; supplemental reports excluded.",official_annual_county,警政署／刑事警察局年度正式統計
2024,嘉義縣,住宅竊盜,7,official_final,113年中華民國刑案統計（全書）,cib_crime_statistics_2024_full.pdf,"當年發生件數 (current-year occurrences), PDF page 126; supplemental reports excluded.",official_annual_county,警政署／刑事警察局年度正式統計
2024,嘉義縣,汽車竊盜,9,official_final,113年中華民國刑案統計（全書）,cib_crime_statistics_2024_full.pdf,"當年發生件數 (current-year occurrences), PDF page 85; supplemental reports excluded.",official_annual_county,警政署／刑事警察局年度正式統計
2024,嘉義縣,機車竊盜,35,official_final,113年中華民國刑案統計（全書）,cib_crime_statistics_2024_full.pdf,"當年發生件數 (current-year occurrences), PDF page 86; supplemental reports excluded.",official_annual_county,警政署／刑事警察局年度正式統計
2024,嘉義縣,強制性交,2,official_final,113年中華民國刑案統計（全書）,cib_crime_statistics_2024_full.pdf,"當年發生件數 (current-year occurrences), PDF page 94; supplemental reports excluded.",official_annual_county,警政署／刑事警察局年度正式統計
2024,基隆市,毒品,861,official_final,113年中華民國刑案統計（全書）,cib_crime_statistics_2024_full.pdf,"當年發生件數 (current-year occurrences), PDF page 92; supplemental reports excluded.",official_annual_county,警政署／刑事警察局年度正式統計
2024,基隆市,強盜,0,official_final,113年中華民國刑案統計（全書）,cib_crime_statistics_2024_full.pdf,"當年發生件數 (current-year occurrences), PDF page 88; supplemental reports excluded.",official_annual_county,警政署／刑事警察局年度正式統計
2024,基隆市,搶奪,1,official_final,113年中華民國刑案統計（全書）,cib_crime_statistics_2024_full.pdf,"當年發生件數 (current-year occurrences), PDF page 89; supplemental reports excluded.",official_annual_county,警政署／刑事警察局年度正式統計
2024,基隆市,住宅竊盜,97,official_final,113年中華民國刑案統計（全書）,cib_crime_statistics_2024_full.pdf,"當年發生件數 (current-year occurrences), PDF page 126; supplemental reports excluded.",official_annual_county,警政署／刑事警察局年度正式統計
2024,基隆市,汽車竊盜,10,official_final,113年中華民國刑案統計（全書）,cib_crime_statistics_2024_full.pdf,"當年發生件數 (current-year occurrences), PDF page 85; supplemental reports excluded.",official_annual_county,警政署／刑事警察局年度正式統計
2024,基隆市,機車竊盜,75,official_final,113年中華民國刑案統計（全書）,cib_crime_statistics_2024_full.pdf,"當年發生件數 (current-year occurrences), PDF page 86; supplemental reports excluded.",official_annual_county,警政署／刑事警察局年度正式統計
2024,基隆市,強制性交,1,official_final,113年中華民國刑案統計（全書）,cib_crime_statistics_2024_full.pdf,"當年發生件數 (current-year occurrences), PDF page 94; supplemental reports excluded.",official_annual_county,警政署／刑事警察局年度正式統計
2024,宜蘭縣,毒品,584,official_final,113年中華民國刑案統計（全書）,cib_crime_statistics_2024_full.pdf,"當年發生件數 (current-year occurrences), PDF page 92; supplemental reports excluded.",official_annual_county,警政署／刑事警察局年度正式統計
2024,宜蘭縣,強盜,0,official_final,113年中華民國刑案統計（全書）,cib_crime_statistics_2024_full.pdf,"當年發生件數 (current-year occurrences), PDF page 88; supplemental reports excluded.",official_annual_county,警政署／刑事警察局年度正式統計
2024,宜蘭縣,搶奪,0,official_final,113年中華民國刑案統計（全書）,cib_crime_statistics_2024_full.pdf,"當年發生件數 (current-year occurrences), PDF page 89; supplemental reports excluded.",official_annual_county,警政署／刑事警察局年度正式統計
2024,宜蘭縣,住宅竊盜,59,official_final,113年中華民國刑案統計（全書）,cib_crime_statistics_2024_full.pdf,"當年發生件數 (current-year occurrences), PDF page 126; supplemental reports excluded.",official_annual_county,警政署／刑事警察局年度正式統計
2024,宜蘭縣,汽車竊盜,15,official_final,113年中華民國刑案統計（全書）,cib_crime_statistics_2024_full.pdf,"當年發生件數 (current-year occurrences), PDF page 85; supplemental reports excluded.",official_annual_county,警政署／刑事警察局年度正式統計
2024,宜蘭縣,機車竊盜,61,official_final,113年中華民國刑案統計（全書）,cib_crime_statistics_2024_full.pdf,"當年發生件數 (current-year occurrences), PDF page 86; supplemental reports excluded.",official_annual_county,警政署／刑事警察局年度正式統計
2024,宜蘭縣,強制性交,0,official_final,113年中華民國刑案統計（全書）,cib_crime_statistics_2024_full.pdf,"當年發生件數 (current-year occurrences), PDF page 94; supplemental reports excluded.",official_annual_county,警政署／刑事警察局年度正式統計
2024,屏東縣,毒品,1256,official_final,113年中華民國刑案統計（全書）,cib_crime_statistics_2024_full.pdf,"當年發生件數 (current-year occurrences), PDF page 92; supplemental reports excluded.",official_annual_county,警政署／刑事警察局年度正式統計
2024,屏東縣,強盜,3,official_final,113年中華民國刑案統計（全書）,cib_crime_statistics_2024_full.pdf,"當年發生件數 (current-year occurrences), PDF page 88; supplemental reports excluded.",official_annual_county,警政署／刑事警察局年度正式統計
2024,屏東縣,搶奪,1,official_final,113年中華民國刑案統計（全書）,cib_crime_statistics_2024_full.pdf,"當年發生件數 (current-year occurrences), PDF page 89; supplemental reports excluded.",official_annual_county,警政署／刑事警察局年度正式統計
2024,屏東縣,住宅竊盜,70,official_final,113年中華民國刑案統計（全書）,cib_crime_statistics_2024_full.pdf,"當年發生件數 (current-year occurrences), PDF page 126; supplemental reports excluded.",official_annual_county,警政署／刑事警察局年度正式統計
2024,屏東縣,汽車竊盜,23,official_final,113年中華民國刑案統計（全書）,cib_crime_statistics_2024_full.pdf,"當年發生件數 (current-year occurrences), PDF page 85; supplemental reports excluded.",official_annual_county,警政署／刑事警察局年度正式統計
2024,屏東縣,機車竊盜,174,official_final,113年中華民國刑案統計（全書）,cib_crime_statistics_2024_full.pdf,"當年發生件數 (current-year occurrences), PDF page 86; supplemental reports excluded.",official_annual_county,警政署／刑事警察局年度正式統計
2024,屏東縣,強制性交,0,official_final,113年中華民國刑案統計（全書）,cib_crime_statistics_2024_full.pdf,"當年發生件數 (current-year occurrences), PDF page 94; supplemental reports excluded.",official_annual_county,警政署／刑事警察局年度正式統計
2024,彰化縣,毒品,1364,official_final,113年中華民國刑案統計（全書）,cib_crime_statistics_2024_full.pdf,"當年發生件數 (current-year occurrences), PDF page 92; supplemental reports excluded.",official_annual_county,警政署／刑事警察局年度正式統計
2024,彰化縣,強盜,1,official_final,113年中華民國刑案統計（全書）,cib_crime_statistics_2024_full.pdf,"當年發生件數 (current-year occurrences), PDF page 88; supplemental reports excluded.",official_annual_county,警政署／刑事警察局年度正式統計
2024,彰化縣,搶奪,1,official_final,113年中華民國刑案統計（全書）,cib_crime_statistics_2024_full.pdf,"當年發生件數 (current-year occurrences), PDF page 89; supplemental reports excluded.",official_annual_county,警政署／刑事警察局年度正式統計
2024,彰化縣,住宅竊盜,41,official_final,113年中華民國刑案統計（全書）,cib_crime_statistics_2024_full.pdf,"當年發生件數 (current-year occurrences), PDF page 126; supplemental reports excluded.",official_annual_county,警政署／刑事警察局年度正式統計
2024,彰化縣,汽車竊盜,36,official_final,113年中華民國刑案統計（全書）,cib_crime_statistics_2024_full.pdf,"當年發生件數 (current-year occurrences), PDF page 85; supplemental reports excluded.",official_annual_county,警政署／刑事警察局年度正式統計
2024,彰化縣,機車竊盜,177,official_final,113年中華民國刑案統計（全書）,cib_crime_statistics_2024_full.pdf,"當年發生件數 (current-year occurrences), PDF page 86; supplemental reports excluded.",official_annual_county,警政署／刑事警察局年度正式統計
2024,彰化縣,強制性交,1,official_final,113年中華民國刑案統計（全書）,cib_crime_statistics_2024_full.pdf,"當年發生件數 (current-year occurrences), PDF page 94; supplemental reports excluded.",official_annual_county,警政署／刑事警察局年度正式統計
2024,新北市,毒品,5143,official_final,113年中華民國刑案統計（全書）,cib_crime_statistics_2024_full.pdf,"當年發生件數 (current-year occurrences), PDF page 92; supplemental reports excluded.",official_annual_county,警政署／刑事警察局年度正式統計
2024,新北市,強盜,14,official_final,113年中華民國刑案統計（全書）,cib_crime_statistics_2024_full.pdf,"當年發生件數 (current-year occurrences), PDF page 88; supplemental reports excluded.",official_annual_county,警政署／刑事警察局年度正式統計
2024,新北市,搶奪,8,official_final,113年中華民國刑案統計（全書）,cib_crime_statistics_2024_full.pdf,"當年發生件數 (current-year occurrences), PDF page 89; supplemental reports excluded.",official_annual_county,警政署／刑事警察局年度正式統計
2024,新北市,住宅竊盜,842,official_final,113年中華民國刑案統計（全書）,cib_crime_statistics_2024_full.pdf,"當年發生件數 (current-year occurrences), PDF page 126; supplemental reports excluded.",official_annual_county,警政署／刑事警察局年度正式統計
2024,新北市,汽車竊盜,82,official_final,113年中華民國刑案統計（全書）,cib_crime_statistics_2024_full.pdf,"當年發生件數 (current-year occurrences), PDF page 85; supplemental reports excluded.",official_annual_county,警政署／刑事警察局年度正式統計
2024,新北市,機車竊盜,629,official_final,113年中華民國刑案統計（全書）,cib_crime_statistics_2024_full.pdf,"當年發生件數 (current-year occurrences), PDF page 86; supplemental reports excluded.",official_annual_county,警政署／刑事警察局年度正式統計
2024,新北市,強制性交,5,official_final,113年中華民國刑案統計（全書）,cib_crime_statistics_2024_full.pdf,"當年發生件數 (current-year occurrences), PDF page 94; supplemental reports excluded.",official_annual_county,警政署／刑事警察局年度正式統計
2024,新竹市,毒品,503,official_final,113年中華民國刑案統計（全書）,cib_crime_statistics_2024_full.pdf,"當年發生件數 (current-year occurrences), PDF page 92; supplemental reports excluded.",official_annual_county,警政署／刑事警察局年度正式統計
2024,新竹市,強盜,1,official_final,113年中華民國刑案統計（全書）,cib_crime_statistics_2024_full.pdf,"當年發生件數 (current-year occurrences), PDF page 88; supplemental reports excluded.",official_annual_county,警政署／刑事警察局年度正式統計
2024,新竹市,搶奪,1,official_final,113年中華民國刑案統計（全書）,cib_crime_statistics_2024_full.pdf,"當年發生件數 (current-year occurrences), PDF page 89; supplemental reports excluded.",official_annual_county,警政署／刑事警察局年度正式統計
2024,新竹市,住宅竊盜,61,official_final,113年中華民國刑案統計（全書）,cib_crime_statistics_2024_full.pdf,"當年發生件數 (current-year occurrences), PDF page 126; supplemental reports excluded.",official_annual_county,警政署／刑事警察局年度正式統計
2024,新竹市,汽車竊盜,22,official_final,113年中華民國刑案統計（全書）,cib_crime_statistics_2024_full.pdf,"當年發生件數 (current-year occurrences), PDF page 85; supplemental reports excluded.",official_annual_county,警政署／刑事警察局年度正式統計
2024,新竹市,機車竊盜,152,official_final,113年中華民國刑案統計（全書）,cib_crime_statistics_2024_full.pdf,"當年發生件數 (current-year occurrences), PDF page 86; supplemental reports excluded.",official_annual_county,警政署／刑事警察局年度正式統計
2024,新竹市,強制性交,1,official_final,113年中華民國刑案統計（全書）,cib_crime_statistics_2024_full.pdf,"當年發生件數 (current-year occurrences), PDF page 94; supplemental reports excluded.",official_annual_county,警政署／刑事警察局年度正式統計
2024,新竹縣,毒品,765,official_final,113年中華民國刑案統計（全書）,cib_crime_statistics_2024_full.pdf,"當年發生件數 (current-year occurrences), PDF page 92; supplemental reports excluded.",official_annual_county,警政署／刑事警察局年度正式統計
2024,新竹縣,強盜,0,official_final,113年中華民國刑案統計（全書）,cib_crime_statistics_2024_full.pdf,"當年發生件數 (current-year occurrences), PDF page 88; supplemental reports excluded.",official_annual_county,警政署／刑事警察局年度正式統計
2024,新竹縣,搶奪,2,official_final,113年中華民國刑案統計（全書）,cib_crime_statistics_2024_full.pdf,"當年發生件數 (current-year occurrences), PDF page 89; supplemental reports excluded.",official_annual_county,警政署／刑事警察局年度正式統計
2024,新竹縣,住宅竊盜,135,official_final,113年中華民國刑案統計（全書）,cib_crime_statistics_2024_full.pdf,"當年發生件數 (current-year occurrences), PDF page 126; supplemental reports excluded.",official_annual_county,警政署／刑事警察局年度正式統計
2024,新竹縣,汽車竊盜,44,official_final,113年中華民國刑案統計（全書）,cib_crime_statistics_2024_full.pdf,"當年發生件數 (current-year occurrences), PDF page 85; supplemental reports excluded.",official_annual_county,警政署／刑事警察局年度正式統計
2024,新竹縣,機車竊盜,137,official_final,113年中華民國刑案統計（全書）,cib_crime_statistics_2024_full.pdf,"當年發生件數 (current-year occurrences), PDF page 86; supplemental reports excluded.",official_annual_county,警政署／刑事警察局年度正式統計
2024,新竹縣,強制性交,3,official_final,113年中華民國刑案統計（全書）,cib_crime_statistics_2024_full.pdf,"當年發生件數 (current-year occurrences), PDF page 94; supplemental reports excluded.",official_annual_county,警政署／刑事警察局年度正式統計
2024,桃園市,毒品,4239,official_final,113年中華民國刑案統計（全書）,cib_crime_statistics_2024_full.pdf,"當年發生件數 (current-year occurrences), PDF page 92; supplemental reports excluded.",official_annual_county,警政署／刑事警察局年度正式統計
2024,桃園市,強盜,8,official_final,113年中華民國刑案統計（全書）,cib_crime_statistics_2024_full.pdf,"當年發生件數 (current-year occurrences), PDF page 88; supplemental reports excluded.",official_annual_county,警政署／刑事警察局年度正式統計
2024,桃園市,搶奪,6,official_final,113年中華民國刑案統計（全書）,cib_crime_statistics_2024_full.pdf,"當年發生件數 (current-year occurrences), PDF page 89; supplemental reports excluded.",official_annual_county,警政署／刑事警察局年度正式統計
2024,桃園市,住宅竊盜,432,official_final,113年中華民國刑案統計（全書）,cib_crime_statistics_2024_full.pdf,"當年發生件數 (current-year occurrences), PDF page 126; supplemental reports excluded.",official_annual_county,警政署／刑事警察局年度正式統計
2024,桃園市,汽車竊盜,68,official_final,113年中華民國刑案統計（全書）,cib_crime_statistics_2024_full.pdf,"當年發生件數 (current-year occurrences), PDF page 85; supplemental reports excluded.",official_annual_county,警政署／刑事警察局年度正式統計
2024,桃園市,機車竊盜,561,official_final,113年中華民國刑案統計（全書）,cib_crime_statistics_2024_full.pdf,"當年發生件數 (current-year occurrences), PDF page 86; supplemental reports excluded.",official_annual_county,警政署／刑事警察局年度正式統計
2024,桃園市,強制性交,1,official_final,113年中華民國刑案統計（全書）,cib_crime_statistics_2024_full.pdf,"當年發生件數 (current-year occurrences), PDF page 94; supplemental reports excluded.",official_annual_county,警政署／刑事警察局年度正式統計
2024,澎湖縣,毒品,95,official_final,113年中華民國刑案統計（全書）,cib_crime_statistics_2024_full.pdf,"當年發生件數 (current-year occurrences), PDF page 92; supplemental reports excluded.",official_annual_county,警政署／刑事警察局年度正式統計
2024,澎湖縣,強盜,0,official_final,113年中華民國刑案統計（全書）,cib_crime_statistics_2024_full.pdf,"當年發生件數 (current-year occurrences), PDF page 88; supplemental reports excluded.",official_annual_county,警政署／刑事警察局年度正式統計
2024,澎湖縣,搶奪,0,official_final,113年中華民國刑案統計（全書）,cib_crime_statistics_2024_full.pdf,"當年發生件數 (current-year occurrences), PDF page 89; supplemental reports excluded.",official_annual_county,警政署／刑事警察局年度正式統計
2024,澎湖縣,住宅竊盜,46,official_final,113年中華民國刑案統計（全書）,cib_crime_statistics_2024_full.pdf,"當年發生件數 (current-year occurrences), PDF page 126; supplemental reports excluded.",official_annual_county,警政署／刑事警察局年度正式統計
2024,澎湖縣,汽車竊盜,2,official_final,113年中華民國刑案統計（全書）,cib_crime_statistics_2024_full.pdf,"當年發生件數 (current-year occurrences), PDF page 85; supplemental reports excluded.",official_annual_county,警政署／刑事警察局年度正式統計
2024,澎湖縣,機車竊盜,11,official_final,113年中華民國刑案統計（全書）,cib_crime_statistics_2024_full.pdf,"當年發生件數 (current-year occurrences), PDF page 86; supplemental reports excluded.",official_annual_county,警政署／刑事警察局年度正式統計
2024,澎湖縣,強制性交,2,official_final,113年中華民國刑案統計（全書）,cib_crime_statistics_2024_full.pdf,"當年發生件數 (current-year occurrences), PDF page 94; supplemental reports excluded.",official_annual_county,警政署／刑事警察局年度正式統計
2024,臺中市,毒品,2936,official_final,113年中華民國刑案統計（全書）,cib_crime_statistics_2024_full.pdf,"當年發生件數 (current-year occurrences), PDF page 92; supplemental reports excluded.",official_annual_county,警政署／刑事警察局年度正式統計
2024,臺中市,強盜,5,official_final,113年中華民國刑案統計（全書）,cib_crime_statistics_2024_full.pdf,"當年發生件數 (current-year occurrences), PDF page 88; supplemental reports excluded.",official_annual_county,警政署／刑事警察局年度正式統計
2024,臺中市,搶奪,2,official_final,113年中華民國刑案統計（全書）,cib_crime_statistics_2024_full.pdf,"當年發生件數 (current-year occurrences), PDF page 89; supplemental reports excluded.",official_annual_county,警政署／刑事警察局年度正式統計
2024,臺中市,住宅竊盜,142,official_final,113年中華民國刑案統計（全書）,cib_crime_statistics_2024_full.pdf,"當年發生件數 (current-year occurrences), PDF page 126; supplemental reports excluded.",official_annual_county,警政署／刑事警察局年度正式統計
2024,臺中市,汽車竊盜,81,official_final,113年中華民國刑案統計（全書）,cib_crime_statistics_2024_full.pdf,"當年發生件數 (current-year occurrences), PDF page 85; supplemental reports excluded.",official_annual_county,警政署／刑事警察局年度正式統計
2024,臺中市,機車竊盜,467,official_final,113年中華民國刑案統計（全書）,cib_crime_statistics_2024_full.pdf,"當年發生件數 (current-year occurrences), PDF page 86; supplemental reports excluded.",official_annual_county,警政署／刑事警察局年度正式統計
2024,臺中市,強制性交,0,official_final,113年中華民國刑案統計（全書）,cib_crime_statistics_2024_full.pdf,"當年發生件數 (current-year occurrences), PDF page 94; supplemental reports excluded.",official_annual_county,警政署／刑事警察局年度正式統計
2024,臺北市,毒品,3166,official_final,113年中華民國刑案統計（全書）,cib_crime_statistics_2024_full.pdf,"當年發生件數 (current-year occurrences), PDF page 92; supplemental reports excluded.",official_annual_county,警政署／刑事警察局年度正式統計
2024,臺北市,強盜,10,official_final,113年中華民國刑案統計（全書）,cib_crime_statistics_2024_full.pdf,"當年發生件數 (current-year occurrences), PDF page 88; supplemental reports excluded.",official_annual_county,警政署／刑事警察局年度正式統計
2024,臺北市,搶奪,11,official_final,113年中華民國刑案統計（全書）,cib_crime_statistics_2024_full.pdf,"當年發生件數 (current-year occurrences), PDF page 89; supplemental reports excluded.",official_annual_county,警政署／刑事警察局年度正式統計
2024,臺北市,住宅竊盜,191,official_final,113年中華民國刑案統計（全書）,cib_crime_statistics_2024_full.pdf,"當年發生件數 (current-year occurrences), PDF page 126; supplemental reports excluded.",official_annual_county,警政署／刑事警察局年度正式統計
2024,臺北市,汽車竊盜,24,official_final,113年中華民國刑案統計（全書）,cib_crime_statistics_2024_full.pdf,"當年發生件數 (current-year occurrences), PDF page 85; supplemental reports excluded.",official_annual_county,警政署／刑事警察局年度正式統計
2024,臺北市,機車竊盜,180,official_final,113年中華民國刑案統計（全書）,cib_crime_statistics_2024_full.pdf,"當年發生件數 (current-year occurrences), PDF page 86; supplemental reports excluded.",official_annual_county,警政署／刑事警察局年度正式統計
2024,臺北市,強制性交,6,official_final,113年中華民國刑案統計（全書）,cib_crime_statistics_2024_full.pdf,"當年發生件數 (current-year occurrences), PDF page 94; supplemental reports excluded.",official_annual_county,警政署／刑事警察局年度正式統計
2024,臺南市,毒品,2036,official_final,113年中華民國刑案統計（全書）,cib_crime_statistics_2024_full.pdf,"當年發生件數 (current-year occurrences), PDF page 92; supplemental reports excluded.",official_annual_county,警政署／刑事警察局年度正式統計
2024,臺南市,強盜,8,official_final,113年中華民國刑案統計（全書）,cib_crime_statistics_2024_full.pdf,"當年發生件數 (current-year occurrences), PDF page 88; supplemental reports excluded.",official_annual_county,警政署／刑事警察局年度正式統計
2024,臺南市,搶奪,7,official_final,113年中華民國刑案統計（全書）,cib_crime_statistics_2024_full.pdf,"當年發生件數 (current-year occurrences), PDF page 89; supplemental reports excluded.",official_annual_county,警政署／刑事警察局年度正式統計
2024,臺南市,住宅竊盜,178,official_final,113年中華民國刑案統計（全書）,cib_crime_statistics_2024_full.pdf,"當年發生件數 (current-year occurrences), PDF page 126; supplemental reports excluded.",official_annual_county,警政署／刑事警察局年度正式統計
2024,臺南市,汽車竊盜,41,official_final,113年中華民國刑案統計（全書）,cib_crime_statistics_2024_full.pdf,"當年發生件數 (current-year occurrences), PDF page 85; supplemental reports excluded.",official_annual_county,警政署／刑事警察局年度正式統計
2024,臺南市,機車竊盜,229,official_final,113年中華民國刑案統計（全書）,cib_crime_statistics_2024_full.pdf,"當年發生件數 (current-year occurrences), PDF page 86; supplemental reports excluded.",official_annual_county,警政署／刑事警察局年度正式統計
2024,臺南市,強制性交,3,official_final,113年中華民國刑案統計（全書）,cib_crime_statistics_2024_full.pdf,"當年發生件數 (current-year occurrences), PDF page 94; supplemental reports excluded.",official_annual_county,警政署／刑事警察局年度正式統計
2024,臺東縣,毒品,152,official_final,113年中華民國刑案統計（全書）,cib_crime_statistics_2024_full.pdf,"當年發生件數 (current-year occurrences), PDF page 92; supplemental reports excluded.",official_annual_county,警政署／刑事警察局年度正式統計
2024,臺東縣,強盜,0,official_final,113年中華民國刑案統計（全書）,cib_crime_statistics_2024_full.pdf,"當年發生件數 (current-year occurrences), PDF page 88; supplemental reports excluded.",official_annual_county,警政署／刑事警察局年度正式統計
2024,臺東縣,搶奪,0,official_final,113年中華民國刑案統計（全書）,cib_crime_statistics_2024_full.pdf,"當年發生件數 (current-year occurrences), PDF page 89; supplemental reports excluded.",official_annual_county,警政署／刑事警察局年度正式統計
2024,臺東縣,住宅竊盜,20,official_final,113年中華民國刑案統計（全書）,cib_crime_statistics_2024_full.pdf,"當年發生件數 (current-year occurrences), PDF page 126; supplemental reports excluded.",official_annual_county,警政署／刑事警察局年度正式統計
2024,臺東縣,汽車竊盜,9,official_final,113年中華民國刑案統計（全書）,cib_crime_statistics_2024_full.pdf,"當年發生件數 (current-year occurrences), PDF page 85; supplemental reports excluded.",official_annual_county,警政署／刑事警察局年度正式統計
2024,臺東縣,機車竊盜,53,official_final,113年中華民國刑案統計（全書）,cib_crime_statistics_2024_full.pdf,"當年發生件數 (current-year occurrences), PDF page 86; supplemental reports excluded.",official_annual_county,警政署／刑事警察局年度正式統計
2024,臺東縣,強制性交,0,official_final,113年中華民國刑案統計（全書）,cib_crime_statistics_2024_full.pdf,"當年發生件數 (current-year occurrences), PDF page 94; supplemental reports excluded.",official_annual_county,警政署／刑事警察局年度正式統計
2024,花蓮縣,毒品,446,official_final,113年中華民國刑案統計（全書）,cib_crime_statistics_2024_full.pdf,"當年發生件數 (current-year occurrences), PDF page 92; supplemental reports excluded.",official_annual_county,警政署／刑事警察局年度正式統計
2024,花蓮縣,強盜,3,official_final,113年中華民國刑案統計（全書）,cib_crime_statistics_2024_full.pdf,"當年發生件數 (current-year occurrences), PDF page 88; supplemental reports excluded.",official_annual_county,警政署／刑事警察局年度正式統計
2024,花蓮縣,搶奪,3,official_final,113年中華民國刑案統計（全書）,cib_crime_statistics_2024_full.pdf,"當年發生件數 (current-year occurrences), PDF page 89; supplemental reports excluded.",official_annual_county,警政署／刑事警察局年度正式統計
2024,花蓮縣,住宅竊盜,7,official_final,113年中華民國刑案統計（全書）,cib_crime_statistics_2024_full.pdf,"當年發生件數 (current-year occurrences), PDF page 126; supplemental reports excluded.",official_annual_county,警政署／刑事警察局年度正式統計
2024,花蓮縣,汽車竊盜,9,official_final,113年中華民國刑案統計（全書）,cib_crime_statistics_2024_full.pdf,"當年發生件數 (current-year occurrences), PDF page 85; supplemental reports excluded.",official_annual_county,警政署／刑事警察局年度正式統計
2024,花蓮縣,機車竊盜,87,official_final,113年中華民國刑案統計（全書）,cib_crime_statistics_2024_full.pdf,"當年發生件數 (current-year occurrences), PDF page 86; supplemental reports excluded.",official_annual_county,警政署／刑事警察局年度正式統計
2024,花蓮縣,強制性交,0,official_final,113年中華民國刑案統計（全書）,cib_crime_statistics_2024_full.pdf,"當年發生件數 (current-year occurrences), PDF page 94; supplemental reports excluded.",official_annual_county,警政署／刑事警察局年度正式統計
2024,苗栗縣,毒品,940,official_final,113年中華民國刑案統計（全書）,cib_crime_statistics_2024_full.pdf,"當年發生件數 (current-year occurrences), PDF page 92; supplemental reports excluded.",official_annual_county,警政署／刑事警察局年度正式統計
2024,苗栗縣,強盜,4,official_final,113年中華民國刑案統計（全書）,cib_crime_statistics_2024_full.pdf,"當年發生件數 (current-year occurrences), PDF page 88; supplemental reports excluded.",official_annual_county,警政署／刑事警察局年度正式統計
2024,苗栗縣,搶奪,2,official_final,113年中華民國刑案統計（全書）,cib_crime_statistics_2024_full.pdf,"當年發生件數 (current-year occurrences), PDF page 89; supplemental reports excluded.",official_annual_county,警政署／刑事警察局年度正式統計
2024,苗栗縣,住宅竊盜,104,official_final,113年中華民國刑案統計（全書）,cib_crime_statistics_2024_full.pdf,"當年發生件數 (current-year occurrences), PDF page 126; supplemental reports excluded.",official_annual_county,警政署／刑事警察局年度正式統計
2024,苗栗縣,汽車竊盜,48,official_final,113年中華民國刑案統計（全書）,cib_crime_statistics_2024_full.pdf,"當年發生件數 (current-year occurrences), PDF page 85; supplemental reports excluded.",official_annual_county,警政署／刑事警察局年度正式統計
2024,苗栗縣,機車竊盜,139,official_final,113年中華民國刑案統計（全書）,cib_crime_statistics_2024_full.pdf,"當年發生件數 (current-year occurrences), PDF page 86; supplemental reports excluded.",official_annual_county,警政署／刑事警察局年度正式統計
2024,苗栗縣,強制性交,1,official_final,113年中華民國刑案統計（全書）,cib_crime_statistics_2024_full.pdf,"當年發生件數 (current-year occurrences), PDF page 94; supplemental reports excluded.",official_annual_county,警政署／刑事警察局年度正式統計
2024,連江縣,毒品,2,official_final,113年中華民國刑案統計（全書）,cib_crime_statistics_2024_full.pdf,"當年發生件數 (current-year occurrences), PDF page 92; supplemental reports excluded.",official_annual_county,警政署／刑事警察局年度正式統計
2024,連江縣,強盜,0,official_final,113年中華民國刑案統計（全書）,cib_crime_statistics_2024_full.pdf,"當年發生件數 (current-year occurrences), PDF page 88; supplemental reports excluded.",official_annual_county,警政署／刑事警察局年度正式統計
2024,連江縣,搶奪,0,official_final,113年中華民國刑案統計（全書）,cib_crime_statistics_2024_full.pdf,"當年發生件數 (current-year occurrences), PDF page 89; supplemental reports excluded.",official_annual_county,警政署／刑事警察局年度正式統計
2024,連江縣,住宅竊盜,5,official_final,113年中華民國刑案統計（全書）,cib_crime_statistics_2024_full.pdf,"當年發生件數 (current-year occurrences), PDF page 126; supplemental reports excluded.",official_annual_county,警政署／刑事警察局年度正式統計
2024,連江縣,汽車竊盜,0,official_final,113年中華民國刑案統計（全書）,cib_crime_statistics_2024_full.pdf,"當年發生件數 (current-year occurrences), PDF page 85; supplemental reports excluded.",official_annual_county,警政署／刑事警察局年度正式統計
2024,連江縣,機車竊盜,3,official_final,113年中華民國刑案統計（全書）,cib_crime_statistics_2024_full.pdf,"當年發生件數 (current-year occurrences), PDF page 86; supplemental reports excluded.",official_annual_county,警政署／刑事警察局年度正式統計
2024,連江縣,強制性交,2,official_final,113年中華民國刑案統計（全書）,cib_crime_statistics_2024_full.pdf,"當年發生件數 (current-year occurrences), PDF page 94; supplemental reports excluded.",official_annual_county,警政署／刑事警察局年度正式統計
2024,金門縣,毒品,117,official_final,113年中華民國刑案統計（全書）,cib_crime_statistics_2024_full.pdf,"當年發生件數 (current-year occurrences), PDF page 92; supplemental reports excluded.",official_annual_county,警政署／刑事警察局年度正式統計
2024,金門縣,強盜,1,official_final,113年中華民國刑案統計（全書）,cib_crime_statistics_2024_full.pdf,"當年發生件數 (current-year occurrences), PDF page 88; supplemental reports excluded.",official_annual_county,警政署／刑事警察局年度正式統計
2024,金門縣,搶奪,0,official_final,113年中華民國刑案統計（全書）,cib_crime_statistics_2024_full.pdf,"當年發生件數 (current-year occurrences), PDF page 89; supplemental reports excluded.",official_annual_county,警政署／刑事警察局年度正式統計
2024,金門縣,住宅竊盜,22,official_final,113年中華民國刑案統計（全書）,cib_crime_statistics_2024_full.pdf,"當年發生件數 (current-year occurrences), PDF page 126; supplemental reports excluded.",official_annual_county,警政署／刑事警察局年度正式統計
2024,金門縣,汽車竊盜,3,official_final,113年中華民國刑案統計（全書）,cib_crime_statistics_2024_full.pdf,"當年發生件數 (current-year occurrences), PDF page 85; supplemental reports excluded.",official_annual_county,警政署／刑事警察局年度正式統計
2024,金門縣,機車竊盜,6,official_final,113年中華民國刑案統計（全書）,cib_crime_statistics_2024_full.pdf,"當年發生件數 (current-year occurrences), PDF page 86; supplemental reports excluded.",official_annual_county,警政署／刑事警察局年度正式統計
2024,金門縣,強制性交,0,official_final,113年中華民國刑案統計（全書）,cib_crime_statistics_2024_full.pdf,"當年發生件數 (current-year occurrences), PDF page 94; supplemental reports excluded.",official_annual_county,警政署／刑事警察局年度正式統計
2024,雲林縣,毒品,833,official_final,113年中華民國刑案統計（全書）,cib_crime_statistics_2024_full.pdf,"當年發生件數 (current-year occurrences), PDF page 92; supplemental reports excluded.",official_annual_county,警政署／刑事警察局年度正式統計
2024,雲林縣,強盜,4,official_final,113年中華民國刑案統計（全書）,cib_crime_statistics_2024_full.pdf,"當年發生件數 (current-year occurrences), PDF page 88; supplemental reports excluded.",official_annual_county,警政署／刑事警察局年度正式統計
2024,雲林縣,搶奪,1,official_final,113年中華民國刑案統計（全書）,cib_crime_statistics_2024_full.pdf,"當年發生件數 (current-year occurrences), PDF page 89; supplemental reports excluded.",official_annual_county,警政署／刑事警察局年度正式統計
2024,雲林縣,住宅竊盜,213,official_final,113年中華民國刑案統計（全書）,cib_crime_statistics_2024_full.pdf,"當年發生件數 (current-year occurrences), PDF page 126; supplemental reports excluded.",official_annual_county,警政署／刑事警察局年度正式統計
2024,雲林縣,汽車竊盜,34,official_final,113年中華民國刑案統計（全書）,cib_crime_statistics_2024_full.pdf,"當年發生件數 (current-year occurrences), PDF page 85; supplemental reports excluded.",official_annual_county,警政署／刑事警察局年度正式統計
2024,雲林縣,機車竊盜,140,official_final,113年中華民國刑案統計（全書）,cib_crime_statistics_2024_full.pdf,"當年發生件數 (current-year occurrences), PDF page 86; supplemental reports excluded.",official_annual_county,警政署／刑事警察局年度正式統計
2024,雲林縣,強制性交,1,official_final,113年中華民國刑案統計（全書）,cib_crime_statistics_2024_full.pdf,"當年發生件數 (current-year occurrences), PDF page 94; supplemental reports excluded.",official_annual_county,警政署／刑事警察局年度正式統計
2024,高雄市,毒品,3133,official_final,113年中華民國刑案統計（全書）,cib_crime_statistics_2024_full.pdf,"當年發生件數 (current-year occurrences), PDF page 92; supplemental reports excluded.",official_annual_county,警政署／刑事警察局年度正式統計
2024,高雄市,強盜,6,official_final,113年中華民國刑案統計（全書）,cib_crime_statistics_2024_full.pdf,"當年發生件數 (current-year occurrences), PDF page 88; supplemental reports excluded.",official_annual_county,警政署／刑事警察局年度正式統計
2024,高雄市,搶奪,8,official_final,113年中華民國刑案統計（全書）,cib_crime_statistics_2024_full.pdf,"當年發生件數 (current-year occurrences), PDF page 89; supplemental reports excluded.",official_annual_county,警政署／刑事警察局年度正式統計
2024,高雄市,住宅竊盜,38,official_final,113年中華民國刑案統計（全書）,cib_crime_statistics_2024_full.pdf,"當年發生件數 (current-year occurrences), PDF page 126; supplemental reports excluded.",official_annual_county,警政署／刑事警察局年度正式統計
2024,高雄市,汽車竊盜,41,official_final,113年中華民國刑案統計（全書）,cib_crime_statistics_2024_full.pdf,"當年發生件數 (current-year occurrences), PDF page 85; supplemental reports excluded.",official_annual_county,警政署／刑事警察局年度正式統計
2024,高雄市,機車竊盜,435,official_final,113年中華民國刑案統計（全書）,cib_crime_statistics_2024_full.pdf,"當年發生件數 (current-year occurrences), PDF page 86; supplemental reports excluded.",official_annual_county,警政署／刑事警察局年度正式統計
2024,高雄市,強制性交,1,official_final,113年中華民國刑案統計（全書）,cib_crime_statistics_2024_full.pdf,"當年發生件數 (current-year occurrences), PDF page 94; supplemental reports excluded.",official_annual_county,警政署／刑事警察局年度正式統計
2025,南投縣,毒品,760,official_final,114年中華民國刑案統計（全書）,cib_crime_statistics_2025_full.pdf,"當年發生件數 (current-year occurrences), PDF page 91; supplemental reports excluded.",official_annual_county,警政署／刑事警察局年度正式統計
2025,南投縣,強盜,8,official_final,114年中華民國刑案統計（全書）,cib_crime_statistics_2025_full.pdf,"當年發生件數 (current-year occurrences), PDF page 87; supplemental reports excluded.",official_annual_county,警政署／刑事警察局年度正式統計
2025,南投縣,搶奪,3,official_final,114年中華民國刑案統計（全書）,cib_crime_statistics_2025_full.pdf,"當年發生件數 (current-year occurrences), PDF page 88; supplemental reports excluded.",official_annual_county,警政署／刑事警察局年度正式統計
2025,南投縣,住宅竊盜,144,official_final,114年中華民國刑案統計（全書）,cib_crime_statistics_2025_full.pdf,"當年發生件數 (current-year occurrences), PDF page 125; supplemental reports excluded.",official_annual_county,警政署／刑事警察局年度正式統計
2025,南投縣,汽車竊盜,36,official_final,114年中華民國刑案統計（全書）,cib_crime_statistics_2025_full.pdf,"當年發生件數 (current-year occurrences), PDF page 84; supplemental reports excluded.",official_annual_county,警政署／刑事警察局年度正式統計
2025,南投縣,機車竊盜,132,official_final,114年中華民國刑案統計（全書）,cib_crime_statistics_2025_full.pdf,"當年發生件數 (current-year occurrences), PDF page 85; supplemental reports excluded.",official_annual_county,警政署／刑事警察局年度正式統計
2025,南投縣,強制性交,4,official_final,114年中華民國刑案統計（全書）,cib_crime_statistics_2025_full.pdf,"當年發生件數 (current-year occurrences), PDF page 93; supplemental reports excluded.",official_annual_county,警政署／刑事警察局年度正式統計
2025,嘉義市,毒品,798,official_final,114年中華民國刑案統計（全書）,cib_crime_statistics_2025_full.pdf,"當年發生件數 (current-year occurrences), PDF page 91; supplemental reports excluded.",official_annual_county,警政署／刑事警察局年度正式統計
2025,嘉義市,強盜,3,official_final,114年中華民國刑案統計（全書）,cib_crime_statistics_2025_full.pdf,"當年發生件數 (current-year occurrences), PDF page 87; supplemental reports excluded.",official_annual_county,警政署／刑事警察局年度正式統計
2025,嘉義市,搶奪,1,official_final,114年中華民國刑案統計（全書）,cib_crime_statistics_2025_full.pdf,"當年發生件數 (current-year occurrences), PDF page 88; supplemental reports excluded.",official_annual_county,警政署／刑事警察局年度正式統計
2025,嘉義市,住宅竊盜,4,official_final,114年中華民國刑案統計（全書）,cib_crime_statistics_2025_full.pdf,"當年發生件數 (current-year occurrences), PDF page 125; supplemental reports excluded.",official_annual_county,警政署／刑事警察局年度正式統計
2025,嘉義市,汽車竊盜,11,official_final,114年中華民國刑案統計（全書）,cib_crime_statistics_2025_full.pdf,"當年發生件數 (current-year occurrences), PDF page 84; supplemental reports excluded.",official_annual_county,警政署／刑事警察局年度正式統計
2025,嘉義市,機車竊盜,37,official_final,114年中華民國刑案統計（全書）,cib_crime_statistics_2025_full.pdf,"當年發生件數 (current-year occurrences), PDF page 85; supplemental reports excluded.",official_annual_county,警政署／刑事警察局年度正式統計
2025,嘉義市,強制性交,1,official_final,114年中華民國刑案統計（全書）,cib_crime_statistics_2025_full.pdf,"當年發生件數 (current-year occurrences), PDF page 93; supplemental reports excluded.",official_annual_county,警政署／刑事警察局年度正式統計
2025,嘉義縣,毒品,779,official_final,114年中華民國刑案統計（全書）,cib_crime_statistics_2025_full.pdf,"當年發生件數 (current-year occurrences), PDF page 91; supplemental reports excluded.",official_annual_county,警政署／刑事警察局年度正式統計
2025,嘉義縣,強盜,4,official_final,114年中華民國刑案統計（全書）,cib_crime_statistics_2025_full.pdf,"當年發生件數 (current-year occurrences), PDF page 87; supplemental reports excluded.",official_annual_county,警政署／刑事警察局年度正式統計
2025,嘉義縣,搶奪,2,official_final,114年中華民國刑案統計（全書）,cib_crime_statistics_2025_full.pdf,"當年發生件數 (current-year occurrences), PDF page 88; supplemental reports excluded.",official_annual_county,警政署／刑事警察局年度正式統計
2025,嘉義縣,住宅竊盜,29,official_final,114年中華民國刑案統計（全書）,cib_crime_statistics_2025_full.pdf,"當年發生件數 (current-year occurrences), PDF page 125; supplemental reports excluded.",official_annual_county,警政署／刑事警察局年度正式統計
2025,嘉義縣,汽車竊盜,24,official_final,114年中華民國刑案統計（全書）,cib_crime_statistics_2025_full.pdf,"當年發生件數 (current-year occurrences), PDF page 84; supplemental reports excluded.",official_annual_county,警政署／刑事警察局年度正式統計
2025,嘉義縣,機車竊盜,56,official_final,114年中華民國刑案統計（全書）,cib_crime_statistics_2025_full.pdf,"當年發生件數 (current-year occurrences), PDF page 85; supplemental reports excluded.",official_annual_county,警政署／刑事警察局年度正式統計
2025,嘉義縣,強制性交,1,official_final,114年中華民國刑案統計（全書）,cib_crime_statistics_2025_full.pdf,"當年發生件數 (current-year occurrences), PDF page 93; supplemental reports excluded.",official_annual_county,警政署／刑事警察局年度正式統計
2025,基隆市,毒品,1373,official_final,114年中華民國刑案統計（全書）,cib_crime_statistics_2025_full.pdf,"當年發生件數 (current-year occurrences), PDF page 91; supplemental reports excluded.",official_annual_county,警政署／刑事警察局年度正式統計
2025,基隆市,強盜,6,official_final,114年中華民國刑案統計（全書）,cib_crime_statistics_2025_full.pdf,"當年發生件數 (current-year occurrences), PDF page 87; supplemental reports excluded.",official_annual_county,警政署／刑事警察局年度正式統計
2025,基隆市,搶奪,2,official_final,114年中華民國刑案統計（全書）,cib_crime_statistics_2025_full.pdf,"當年發生件數 (current-year occurrences), PDF page 88; supplemental reports excluded.",official_annual_county,警政署／刑事警察局年度正式統計
2025,基隆市,住宅竊盜,104,official_final,114年中華民國刑案統計（全書）,cib_crime_statistics_2025_full.pdf,"當年發生件數 (current-year occurrences), PDF page 125; supplemental reports excluded.",official_annual_county,警政署／刑事警察局年度正式統計
2025,基隆市,汽車竊盜,12,official_final,114年中華民國刑案統計（全書）,cib_crime_statistics_2025_full.pdf,"當年發生件數 (current-year occurrences), PDF page 84; supplemental reports excluded.",official_annual_county,警政署／刑事警察局年度正式統計
2025,基隆市,機車竊盜,60,official_final,114年中華民國刑案統計（全書）,cib_crime_statistics_2025_full.pdf,"當年發生件數 (current-year occurrences), PDF page 85; supplemental reports excluded.",official_annual_county,警政署／刑事警察局年度正式統計
2025,基隆市,強制性交,5,official_final,114年中華民國刑案統計（全書）,cib_crime_statistics_2025_full.pdf,"當年發生件數 (current-year occurrences), PDF page 93; supplemental reports excluded.",official_annual_county,警政署／刑事警察局年度正式統計
2025,宜蘭縣,毒品,693,official_final,114年中華民國刑案統計（全書）,cib_crime_statistics_2025_full.pdf,"當年發生件數 (current-year occurrences), PDF page 91; supplemental reports excluded.",official_annual_county,警政署／刑事警察局年度正式統計
2025,宜蘭縣,強盜,1,official_final,114年中華民國刑案統計（全書）,cib_crime_statistics_2025_full.pdf,"當年發生件數 (current-year occurrences), PDF page 87; supplemental reports excluded.",official_annual_county,警政署／刑事警察局年度正式統計
2025,宜蘭縣,搶奪,3,official_final,114年中華民國刑案統計（全書）,cib_crime_statistics_2025_full.pdf,"當年發生件數 (current-year occurrences), PDF page 88; supplemental reports excluded.",official_annual_county,警政署／刑事警察局年度正式統計
2025,宜蘭縣,住宅竊盜,93,official_final,114年中華民國刑案統計（全書）,cib_crime_statistics_2025_full.pdf,"當年發生件數 (current-year occurrences), PDF page 125; supplemental reports excluded.",official_annual_county,警政署／刑事警察局年度正式統計
2025,宜蘭縣,汽車竊盜,28,official_final,114年中華民國刑案統計（全書）,cib_crime_statistics_2025_full.pdf,"當年發生件數 (current-year occurrences), PDF page 84; supplemental reports excluded.",official_annual_county,警政署／刑事警察局年度正式統計
2025,宜蘭縣,機車竊盜,56,official_final,114年中華民國刑案統計（全書）,cib_crime_statistics_2025_full.pdf,"當年發生件數 (current-year occurrences), PDF page 85; supplemental reports excluded.",official_annual_county,警政署／刑事警察局年度正式統計
2025,宜蘭縣,強制性交,1,official_final,114年中華民國刑案統計（全書）,cib_crime_statistics_2025_full.pdf,"當年發生件數 (current-year occurrences), PDF page 93; supplemental reports excluded.",official_annual_county,警政署／刑事警察局年度正式統計
2025,屏東縣,毒品,1301,official_final,114年中華民國刑案統計（全書）,cib_crime_statistics_2025_full.pdf,"當年發生件數 (current-year occurrences), PDF page 91; supplemental reports excluded.",official_annual_county,警政署／刑事警察局年度正式統計
2025,屏東縣,強盜,6,official_final,114年中華民國刑案統計（全書）,cib_crime_statistics_2025_full.pdf,"當年發生件數 (current-year occurrences), PDF page 87; supplemental reports excluded.",official_annual_county,警政署／刑事警察局年度正式統計
2025,屏東縣,搶奪,6,official_final,114年中華民國刑案統計（全書）,cib_crime_statistics_2025_full.pdf,"當年發生件數 (current-year occurrences), PDF page 88; supplemental reports excluded.",official_annual_county,警政署／刑事警察局年度正式統計
2025,屏東縣,住宅竊盜,659,official_final,114年中華民國刑案統計（全書）,cib_crime_statistics_2025_full.pdf,"當年發生件數 (current-year occurrences), PDF page 125; supplemental reports excluded.",official_annual_county,警政署／刑事警察局年度正式統計
2025,屏東縣,汽車竊盜,51,official_final,114年中華民國刑案統計（全書）,cib_crime_statistics_2025_full.pdf,"當年發生件數 (current-year occurrences), PDF page 84; supplemental reports excluded.",official_annual_county,警政署／刑事警察局年度正式統計
2025,屏東縣,機車竊盜,190,official_final,114年中華民國刑案統計（全書）,cib_crime_statistics_2025_full.pdf,"當年發生件數 (current-year occurrences), PDF page 85; supplemental reports excluded.",official_annual_county,警政署／刑事警察局年度正式統計
2025,屏東縣,強制性交,3,official_final,114年中華民國刑案統計（全書）,cib_crime_statistics_2025_full.pdf,"當年發生件數 (current-year occurrences), PDF page 93; supplemental reports excluded.",official_annual_county,警政署／刑事警察局年度正式統計
2025,彰化縣,毒品,1546,official_final,114年中華民國刑案統計（全書）,cib_crime_statistics_2025_full.pdf,"當年發生件數 (current-year occurrences), PDF page 91; supplemental reports excluded.",official_annual_county,警政署／刑事警察局年度正式統計
2025,彰化縣,強盜,1,official_final,114年中華民國刑案統計（全書）,cib_crime_statistics_2025_full.pdf,"當年發生件數 (current-year occurrences), PDF page 87; supplemental reports excluded.",official_annual_county,警政署／刑事警察局年度正式統計
2025,彰化縣,搶奪,6,official_final,114年中華民國刑案統計（全書）,cib_crime_statistics_2025_full.pdf,"當年發生件數 (current-year occurrences), PDF page 88; supplemental reports excluded.",official_annual_county,警政署／刑事警察局年度正式統計
2025,彰化縣,住宅竊盜,31,official_final,114年中華民國刑案統計（全書）,cib_crime_statistics_2025_full.pdf,"當年發生件數 (current-year occurrences), PDF page 125; supplemental reports excluded.",official_annual_county,警政署／刑事警察局年度正式統計
2025,彰化縣,汽車竊盜,52,official_final,114年中華民國刑案統計（全書）,cib_crime_statistics_2025_full.pdf,"當年發生件數 (current-year occurrences), PDF page 84; supplemental reports excluded.",official_annual_county,警政署／刑事警察局年度正式統計
2025,彰化縣,機車竊盜,178,official_final,114年中華民國刑案統計（全書）,cib_crime_statistics_2025_full.pdf,"當年發生件數 (current-year occurrences), PDF page 85; supplemental reports excluded.",official_annual_county,警政署／刑事警察局年度正式統計
2025,彰化縣,強制性交,0,official_final,114年中華民國刑案統計（全書）,cib_crime_statistics_2025_full.pdf,"當年發生件數 (current-year occurrences), PDF page 93; supplemental reports excluded.",official_annual_county,警政署／刑事警察局年度正式統計
2025,新北市,毒品,8120,official_final,114年中華民國刑案統計（全書）,cib_crime_statistics_2025_full.pdf,"當年發生件數 (current-year occurrences), PDF page 91; supplemental reports excluded.",official_annual_county,警政署／刑事警察局年度正式統計
2025,新北市,強盜,21,official_final,114年中華民國刑案統計（全書）,cib_crime_statistics_2025_full.pdf,"當年發生件數 (current-year occurrences), PDF page 87; supplemental reports excluded.",official_annual_county,警政署／刑事警察局年度正式統計
2025,新北市,搶奪,14,official_final,114年中華民國刑案統計（全書）,cib_crime_statistics_2025_full.pdf,"當年發生件數 (current-year occurrences), PDF page 88; supplemental reports excluded.",official_annual_county,警政署／刑事警察局年度正式統計
2025,新北市,住宅竊盜,1401,official_final,114年中華民國刑案統計（全書）,cib_crime_statistics_2025_full.pdf,"當年發生件數 (current-year occurrences), PDF page 125; supplemental reports excluded.",official_annual_county,警政署／刑事警察局年度正式統計
2025,新北市,汽車竊盜,107,official_final,114年中華民國刑案統計（全書）,cib_crime_statistics_2025_full.pdf,"當年發生件數 (current-year occurrences), PDF page 84; supplemental reports excluded.",official_annual_county,警政署／刑事警察局年度正式統計
2025,新北市,機車竊盜,556,official_final,114年中華民國刑案統計（全書）,cib_crime_statistics_2025_full.pdf,"當年發生件數 (current-year occurrences), PDF page 85; supplemental reports excluded.",official_annual_county,警政署／刑事警察局年度正式統計
2025,新北市,強制性交,7,official_final,114年中華民國刑案統計（全書）,cib_crime_statistics_2025_full.pdf,"當年發生件數 (current-year occurrences), PDF page 93; supplemental reports excluded.",official_annual_county,警政署／刑事警察局年度正式統計
2025,新竹市,毒品,515,official_final,114年中華民國刑案統計（全書）,cib_crime_statistics_2025_full.pdf,"當年發生件數 (current-year occurrences), PDF page 91; supplemental reports excluded.",official_annual_county,警政署／刑事警察局年度正式統計
2025,新竹市,強盜,1,official_final,114年中華民國刑案統計（全書）,cib_crime_statistics_2025_full.pdf,"當年發生件數 (current-year occurrences), PDF page 87; supplemental reports excluded.",official_annual_county,警政署／刑事警察局年度正式統計
2025,新竹市,搶奪,2,official_final,114年中華民國刑案統計（全書）,cib_crime_statistics_2025_full.pdf,"當年發生件數 (current-year occurrences), PDF page 88; supplemental reports excluded.",official_annual_county,警政署／刑事警察局年度正式統計
2025,新竹市,住宅竊盜,11,official_final,114年中華民國刑案統計（全書）,cib_crime_statistics_2025_full.pdf,"當年發生件數 (current-year occurrences), PDF page 125; supplemental reports excluded.",official_annual_county,警政署／刑事警察局年度正式統計
2025,新竹市,汽車竊盜,18,official_final,114年中華民國刑案統計（全書）,cib_crime_statistics_2025_full.pdf,"當年發生件數 (current-year occurrences), PDF page 84; supplemental reports excluded.",official_annual_county,警政署／刑事警察局年度正式統計
2025,新竹市,機車竊盜,115,official_final,114年中華民國刑案統計（全書）,cib_crime_statistics_2025_full.pdf,"當年發生件數 (current-year occurrences), PDF page 85; supplemental reports excluded.",official_annual_county,警政署／刑事警察局年度正式統計
2025,新竹市,強制性交,0,official_final,114年中華民國刑案統計（全書）,cib_crime_statistics_2025_full.pdf,"當年發生件數 (current-year occurrences), PDF page 93; supplemental reports excluded.",official_annual_county,警政署／刑事警察局年度正式統計
2025,新竹縣,毒品,945,official_final,114年中華民國刑案統計（全書）,cib_crime_statistics_2025_full.pdf,"當年發生件數 (current-year occurrences), PDF page 91; supplemental reports excluded.",official_annual_county,警政署／刑事警察局年度正式統計
2025,新竹縣,強盜,0,official_final,114年中華民國刑案統計（全書）,cib_crime_statistics_2025_full.pdf,"當年發生件數 (current-year occurrences), PDF page 87; supplemental reports excluded.",official_annual_county,警政署／刑事警察局年度正式統計
2025,新竹縣,搶奪,3,official_final,114年中華民國刑案統計（全書）,cib_crime_statistics_2025_full.pdf,"當年發生件數 (current-year occurrences), PDF page 88; supplemental reports excluded.",official_annual_county,警政署／刑事警察局年度正式統計
2025,新竹縣,住宅竊盜,262,official_final,114年中華民國刑案統計（全書）,cib_crime_statistics_2025_full.pdf,"當年發生件數 (current-year occurrences), PDF page 125; supplemental reports excluded.",official_annual_county,警政署／刑事警察局年度正式統計
2025,新竹縣,汽車竊盜,64,official_final,114年中華民國刑案統計（全書）,cib_crime_statistics_2025_full.pdf,"當年發生件數 (current-year occurrences), PDF page 84; supplemental reports excluded.",official_annual_county,警政署／刑事警察局年度正式統計
2025,新竹縣,機車竊盜,109,official_final,114年中華民國刑案統計（全書）,cib_crime_statistics_2025_full.pdf,"當年發生件數 (current-year occurrences), PDF page 85; supplemental reports excluded.",official_annual_county,警政署／刑事警察局年度正式統計
2025,新竹縣,強制性交,4,official_final,114年中華民國刑案統計（全書）,cib_crime_statistics_2025_full.pdf,"當年發生件數 (current-year occurrences), PDF page 93; supplemental reports excluded.",official_annual_county,警政署／刑事警察局年度正式統計
2025,桃園市,毒品,5256,official_final,114年中華民國刑案統計（全書）,cib_crime_statistics_2025_full.pdf,"當年發生件數 (current-year occurrences), PDF page 91; supplemental reports excluded.",official_annual_county,警政署／刑事警察局年度正式統計
2025,桃園市,強盜,19,official_final,114年中華民國刑案統計（全書）,cib_crime_statistics_2025_full.pdf,"當年發生件數 (current-year occurrences), PDF page 87; supplemental reports excluded.",official_annual_county,警政署／刑事警察局年度正式統計
2025,桃園市,搶奪,10,official_final,114年中華民國刑案統計（全書）,cib_crime_statistics_2025_full.pdf,"當年發生件數 (current-year occurrences), PDF page 88; supplemental reports excluded.",official_annual_county,警政署／刑事警察局年度正式統計
2025,桃園市,住宅竊盜,683,official_final,114年中華民國刑案統計（全書）,cib_crime_statistics_2025_full.pdf,"當年發生件數 (current-year occurrences), PDF page 125; supplemental reports excluded.",official_annual_county,警政署／刑事警察局年度正式統計
2025,桃園市,汽車竊盜,145,official_final,114年中華民國刑案統計（全書）,cib_crime_statistics_2025_full.pdf,"當年發生件數 (current-year occurrences), PDF page 84; supplemental reports excluded.",official_annual_county,警政署／刑事警察局年度正式統計
2025,桃園市,機車竊盜,434,official_final,114年中華民國刑案統計（全書）,cib_crime_statistics_2025_full.pdf,"當年發生件數 (current-year occurrences), PDF page 85; supplemental reports excluded.",official_annual_county,警政署／刑事警察局年度正式統計
2025,桃園市,強制性交,2,official_final,114年中華民國刑案統計（全書）,cib_crime_statistics_2025_full.pdf,"當年發生件數 (current-year occurrences), PDF page 93; supplemental reports excluded.",official_annual_county,警政署／刑事警察局年度正式統計
2025,澎湖縣,毒品,143,official_final,114年中華民國刑案統計（全書）,cib_crime_statistics_2025_full.pdf,"當年發生件數 (current-year occurrences), PDF page 91; supplemental reports excluded.",official_annual_county,警政署／刑事警察局年度正式統計
2025,澎湖縣,強盜,0,official_final,114年中華民國刑案統計（全書）,cib_crime_statistics_2025_full.pdf,"當年發生件數 (current-year occurrences), PDF page 87; supplemental reports excluded.",official_annual_county,警政署／刑事警察局年度正式統計
2025,澎湖縣,搶奪,0,official_final,114年中華民國刑案統計（全書）,cib_crime_statistics_2025_full.pdf,"當年發生件數 (current-year occurrences), PDF page 88; supplemental reports excluded.",official_annual_county,警政署／刑事警察局年度正式統計
2025,澎湖縣,住宅竊盜,65,official_final,114年中華民國刑案統計（全書）,cib_crime_statistics_2025_full.pdf,"當年發生件數 (current-year occurrences), PDF page 125; supplemental reports excluded.",official_annual_county,警政署／刑事警察局年度正式統計
2025,澎湖縣,汽車竊盜,1,official_final,114年中華民國刑案統計（全書）,cib_crime_statistics_2025_full.pdf,"當年發生件數 (current-year occurrences), PDF page 84; supplemental reports excluded.",official_annual_county,警政署／刑事警察局年度正式統計
2025,澎湖縣,機車竊盜,10,official_final,114年中華民國刑案統計（全書）,cib_crime_statistics_2025_full.pdf,"當年發生件數 (current-year occurrences), PDF page 85; supplemental reports excluded.",official_annual_county,警政署／刑事警察局年度正式統計
2025,澎湖縣,強制性交,7,official_final,114年中華民國刑案統計（全書）,cib_crime_statistics_2025_full.pdf,"當年發生件數 (current-year occurrences), PDF page 93; supplemental reports excluded.",official_annual_county,警政署／刑事警察局年度正式統計
2025,臺中市,毒品,3972,official_final,114年中華民國刑案統計（全書）,cib_crime_statistics_2025_full.pdf,"當年發生件數 (current-year occurrences), PDF page 91; supplemental reports excluded.",official_annual_county,警政署／刑事警察局年度正式統計
2025,臺中市,強盜,9,official_final,114年中華民國刑案統計（全書）,cib_crime_statistics_2025_full.pdf,"當年發生件數 (current-year occurrences), PDF page 87; supplemental reports excluded.",official_annual_county,警政署／刑事警察局年度正式統計
2025,臺中市,搶奪,10,official_final,114年中華民國刑案統計（全書）,cib_crime_statistics_2025_full.pdf,"當年發生件數 (current-year occurrences), PDF page 88; supplemental reports excluded.",official_annual_county,警政署／刑事警察局年度正式統計
2025,臺中市,住宅竊盜,766,official_final,114年中華民國刑案統計（全書）,cib_crime_statistics_2025_full.pdf,"當年發生件數 (current-year occurrences), PDF page 125; supplemental reports excluded.",official_annual_county,警政署／刑事警察局年度正式統計
2025,臺中市,汽車竊盜,84,official_final,114年中華民國刑案統計（全書）,cib_crime_statistics_2025_full.pdf,"當年發生件數 (current-year occurrences), PDF page 84; supplemental reports excluded.",official_annual_county,警政署／刑事警察局年度正式統計
2025,臺中市,機車竊盜,463,official_final,114年中華民國刑案統計（全書）,cib_crime_statistics_2025_full.pdf,"當年發生件數 (current-year occurrences), PDF page 85; supplemental reports excluded.",official_annual_county,警政署／刑事警察局年度正式統計
2025,臺中市,強制性交,0,official_final,114年中華民國刑案統計（全書）,cib_crime_statistics_2025_full.pdf,"當年發生件數 (current-year occurrences), PDF page 93; supplemental reports excluded.",official_annual_county,警政署／刑事警察局年度正式統計
2025,臺北市,毒品,3811,official_final,114年中華民國刑案統計（全書）,cib_crime_statistics_2025_full.pdf,"當年發生件數 (current-year occurrences), PDF page 91; supplemental reports excluded.",official_annual_county,警政署／刑事警察局年度正式統計
2025,臺北市,強盜,13,official_final,114年中華民國刑案統計（全書）,cib_crime_statistics_2025_full.pdf,"當年發生件數 (current-year occurrences), PDF page 87; supplemental reports excluded.",official_annual_county,警政署／刑事警察局年度正式統計
2025,臺北市,搶奪,19,official_final,114年中華民國刑案統計（全書）,cib_crime_statistics_2025_full.pdf,"當年發生件數 (current-year occurrences), PDF page 88; supplemental reports excluded.",official_annual_county,警政署／刑事警察局年度正式統計
2025,臺北市,住宅竊盜,266,official_final,114年中華民國刑案統計（全書）,cib_crime_statistics_2025_full.pdf,"當年發生件數 (current-year occurrences), PDF page 125; supplemental reports excluded.",official_annual_county,警政署／刑事警察局年度正式統計
2025,臺北市,汽車竊盜,17,official_final,114年中華民國刑案統計（全書）,cib_crime_statistics_2025_full.pdf,"當年發生件數 (current-year occurrences), PDF page 84; supplemental reports excluded.",official_annual_county,警政署／刑事警察局年度正式統計
2025,臺北市,機車竊盜,172,official_final,114年中華民國刑案統計（全書）,cib_crime_statistics_2025_full.pdf,"當年發生件數 (current-year occurrences), PDF page 85; supplemental reports excluded.",official_annual_county,警政署／刑事警察局年度正式統計
2025,臺北市,強制性交,4,official_final,114年中華民國刑案統計（全書）,cib_crime_statistics_2025_full.pdf,"當年發生件數 (current-year occurrences), PDF page 93; supplemental reports excluded.",official_annual_county,警政署／刑事警察局年度正式統計
2025,臺南市,毒品,2868,official_final,114年中華民國刑案統計（全書）,cib_crime_statistics_2025_full.pdf,"當年發生件數 (current-year occurrences), PDF page 91; supplemental reports excluded.",official_annual_county,警政署／刑事警察局年度正式統計
2025,臺南市,強盜,17,official_final,114年中華民國刑案統計（全書）,cib_crime_statistics_2025_full.pdf,"當年發生件數 (current-year occurrences), PDF page 87; supplemental reports excluded.",official_annual_county,警政署／刑事警察局年度正式統計
2025,臺南市,搶奪,12,official_final,114年中華民國刑案統計（全書）,cib_crime_statistics_2025_full.pdf,"當年發生件數 (current-year occurrences), PDF page 88; supplemental reports excluded.",official_annual_county,警政署／刑事警察局年度正式統計
2025,臺南市,住宅竊盜,139,official_final,114年中華民國刑案統計（全書）,cib_crime_statistics_2025_full.pdf,"當年發生件數 (current-year occurrences), PDF page 125; supplemental reports excluded.",official_annual_county,警政署／刑事警察局年度正式統計
2025,臺南市,汽車竊盜,32,official_final,114年中華民國刑案統計（全書）,cib_crime_statistics_2025_full.pdf,"當年發生件數 (current-year occurrences), PDF page 84; supplemental reports excluded.",official_annual_county,警政署／刑事警察局年度正式統計
2025,臺南市,機車竊盜,213,official_final,114年中華民國刑案統計（全書）,cib_crime_statistics_2025_full.pdf,"當年發生件數 (current-year occurrences), PDF page 85; supplemental reports excluded.",official_annual_county,警政署／刑事警察局年度正式統計
2025,臺南市,強制性交,3,official_final,114年中華民國刑案統計（全書）,cib_crime_statistics_2025_full.pdf,"當年發生件數 (current-year occurrences), PDF page 93; supplemental reports excluded.",official_annual_county,警政署／刑事警察局年度正式統計
2025,臺東縣,毒品,249,official_final,114年中華民國刑案統計（全書）,cib_crime_statistics_2025_full.pdf,"當年發生件數 (current-year occurrences), PDF page 91; supplemental reports excluded.",official_annual_county,警政署／刑事警察局年度正式統計
2025,臺東縣,強盜,1,official_final,114年中華民國刑案統計（全書）,cib_crime_statistics_2025_full.pdf,"當年發生件數 (current-year occurrences), PDF page 87; supplemental reports excluded.",official_annual_county,警政署／刑事警察局年度正式統計
2025,臺東縣,搶奪,0,official_final,114年中華民國刑案統計（全書）,cib_crime_statistics_2025_full.pdf,"當年發生件數 (current-year occurrences), PDF page 88; supplemental reports excluded.",official_annual_county,警政署／刑事警察局年度正式統計
2025,臺東縣,住宅竊盜,81,official_final,114年中華民國刑案統計（全書）,cib_crime_statistics_2025_full.pdf,"當年發生件數 (current-year occurrences), PDF page 125; supplemental reports excluded.",official_annual_county,警政署／刑事警察局年度正式統計
2025,臺東縣,汽車竊盜,8,official_final,114年中華民國刑案統計（全書）,cib_crime_statistics_2025_full.pdf,"當年發生件數 (current-year occurrences), PDF page 84; supplemental reports excluded.",official_annual_county,警政署／刑事警察局年度正式統計
2025,臺東縣,機車竊盜,42,official_final,114年中華民國刑案統計（全書）,cib_crime_statistics_2025_full.pdf,"當年發生件數 (current-year occurrences), PDF page 85; supplemental reports excluded.",official_annual_county,警政署／刑事警察局年度正式統計
2025,臺東縣,強制性交,0,official_final,114年中華民國刑案統計（全書）,cib_crime_statistics_2025_full.pdf,"當年發生件數 (current-year occurrences), PDF page 93; supplemental reports excluded.",official_annual_county,警政署／刑事警察局年度正式統計
2025,花蓮縣,毒品,538,official_final,114年中華民國刑案統計（全書）,cib_crime_statistics_2025_full.pdf,"當年發生件數 (current-year occurrences), PDF page 91; supplemental reports excluded.",official_annual_county,警政署／刑事警察局年度正式統計
2025,花蓮縣,強盜,5,official_final,114年中華民國刑案統計（全書）,cib_crime_statistics_2025_full.pdf,"當年發生件數 (current-year occurrences), PDF page 87; supplemental reports excluded.",official_annual_county,警政署／刑事警察局年度正式統計
2025,花蓮縣,搶奪,6,official_final,114年中華民國刑案統計（全書）,cib_crime_statistics_2025_full.pdf,"當年發生件數 (current-year occurrences), PDF page 88; supplemental reports excluded.",official_annual_county,警政署／刑事警察局年度正式統計
2025,花蓮縣,住宅竊盜,70,official_final,114年中華民國刑案統計（全書）,cib_crime_statistics_2025_full.pdf,"當年發生件數 (current-year occurrences), PDF page 125; supplemental reports excluded.",official_annual_county,警政署／刑事警察局年度正式統計
2025,花蓮縣,汽車竊盜,26,official_final,114年中華民國刑案統計（全書）,cib_crime_statistics_2025_full.pdf,"當年發生件數 (current-year occurrences), PDF page 84; supplemental reports excluded.",official_annual_county,警政署／刑事警察局年度正式統計
2025,花蓮縣,機車竊盜,112,official_final,114年中華民國刑案統計（全書）,cib_crime_statistics_2025_full.pdf,"當年發生件數 (current-year occurrences), PDF page 85; supplemental reports excluded.",official_annual_county,警政署／刑事警察局年度正式統計
2025,花蓮縣,強制性交,1,official_final,114年中華民國刑案統計（全書）,cib_crime_statistics_2025_full.pdf,"當年發生件數 (current-year occurrences), PDF page 93; supplemental reports excluded.",official_annual_county,警政署／刑事警察局年度正式統計
2025,苗栗縣,毒品,927,official_final,114年中華民國刑案統計（全書）,cib_crime_statistics_2025_full.pdf,"當年發生件數 (current-year occurrences), PDF page 91; supplemental reports excluded.",official_annual_county,警政署／刑事警察局年度正式統計
2025,苗栗縣,強盜,5,official_final,114年中華民國刑案統計（全書）,cib_crime_statistics_2025_full.pdf,"當年發生件數 (current-year occurrences), PDF page 87; supplemental reports excluded.",official_annual_county,警政署／刑事警察局年度正式統計
2025,苗栗縣,搶奪,5,official_final,114年中華民國刑案統計（全書）,cib_crime_statistics_2025_full.pdf,"當年發生件數 (current-year occurrences), PDF page 88; supplemental reports excluded.",official_annual_county,警政署／刑事警察局年度正式統計
2025,苗栗縣,住宅竊盜,285,official_final,114年中華民國刑案統計（全書）,cib_crime_statistics_2025_full.pdf,"當年發生件數 (current-year occurrences), PDF page 125; supplemental reports excluded.",official_annual_county,警政署／刑事警察局年度正式統計
2025,苗栗縣,汽車竊盜,30,official_final,114年中華民國刑案統計（全書）,cib_crime_statistics_2025_full.pdf,"當年發生件數 (current-year occurrences), PDF page 84; supplemental reports excluded.",official_annual_county,警政署／刑事警察局年度正式統計
2025,苗栗縣,機車竊盜,92,official_final,114年中華民國刑案統計（全書）,cib_crime_statistics_2025_full.pdf,"當年發生件數 (current-year occurrences), PDF page 85; supplemental reports excluded.",official_annual_county,警政署／刑事警察局年度正式統計
2025,苗栗縣,強制性交,12,official_final,114年中華民國刑案統計（全書）,cib_crime_statistics_2025_full.pdf,"當年發生件數 (current-year occurrences), PDF page 93; supplemental reports excluded.",official_annual_county,警政署／刑事警察局年度正式統計
2025,連江縣,毒品,5,official_final,114年中華民國刑案統計（全書）,cib_crime_statistics_2025_full.pdf,"當年發生件數 (current-year occurrences), PDF page 91; supplemental reports excluded.",official_annual_county,警政署／刑事警察局年度正式統計
2025,連江縣,強盜,0,official_final,114年中華民國刑案統計（全書）,cib_crime_statistics_2025_full.pdf,"當年發生件數 (current-year occurrences), PDF page 87; supplemental reports excluded.",official_annual_county,警政署／刑事警察局年度正式統計
2025,連江縣,搶奪,0,official_final,114年中華民國刑案統計（全書）,cib_crime_statistics_2025_full.pdf,"當年發生件數 (current-year occurrences), PDF page 88; supplemental reports excluded.",official_annual_county,警政署／刑事警察局年度正式統計
2025,連江縣,住宅竊盜,3,official_final,114年中華民國刑案統計（全書）,cib_crime_statistics_2025_full.pdf,"當年發生件數 (current-year occurrences), PDF page 125; supplemental reports excluded.",official_annual_county,警政署／刑事警察局年度正式統計
2025,連江縣,汽車竊盜,0,official_final,114年中華民國刑案統計（全書）,cib_crime_statistics_2025_full.pdf,"當年發生件數 (current-year occurrences), PDF page 84; supplemental reports excluded.",official_annual_county,警政署／刑事警察局年度正式統計
2025,連江縣,機車竊盜,1,official_final,114年中華民國刑案統計（全書）,cib_crime_statistics_2025_full.pdf,"當年發生件數 (current-year occurrences), PDF page 85; supplemental reports excluded.",official_annual_county,警政署／刑事警察局年度正式統計
2025,連江縣,強制性交,0,official_final,114年中華民國刑案統計（全書）,cib_crime_statistics_2025_full.pdf,"當年發生件數 (current-year occurrences), PDF page 93; supplemental reports excluded.",official_annual_county,警政署／刑事警察局年度正式統計
2025,金門縣,毒品,94,official_final,114年中華民國刑案統計（全書）,cib_crime_statistics_2025_full.pdf,"當年發生件數 (current-year occurrences), PDF page 91; supplemental reports excluded.",official_annual_county,警政署／刑事警察局年度正式統計
2025,金門縣,強盜,0,official_final,114年中華民國刑案統計（全書）,cib_crime_statistics_2025_full.pdf,"當年發生件數 (current-year occurrences), PDF page 87; supplemental reports excluded.",official_annual_county,警政署／刑事警察局年度正式統計
2025,金門縣,搶奪,0,official_final,114年中華民國刑案統計（全書）,cib_crime_statistics_2025_full.pdf,"當年發生件數 (current-year occurrences), PDF page 88; supplemental reports excluded.",official_annual_county,警政署／刑事警察局年度正式統計
2025,金門縣,住宅竊盜,20,official_final,114年中華民國刑案統計（全書）,cib_crime_statistics_2025_full.pdf,"當年發生件數 (current-year occurrences), PDF page 125; supplemental reports excluded.",official_annual_county,警政署／刑事警察局年度正式統計
2025,金門縣,汽車竊盜,5,official_final,114年中華民國刑案統計（全書）,cib_crime_statistics_2025_full.pdf,"當年發生件數 (current-year occurrences), PDF page 84; supplemental reports excluded.",official_annual_county,警政署／刑事警察局年度正式統計
2025,金門縣,機車竊盜,10,official_final,114年中華民國刑案統計（全書）,cib_crime_statistics_2025_full.pdf,"當年發生件數 (current-year occurrences), PDF page 85; supplemental reports excluded.",official_annual_county,警政署／刑事警察局年度正式統計
2025,金門縣,強制性交,6,official_final,114年中華民國刑案統計（全書）,cib_crime_statistics_2025_full.pdf,"當年發生件數 (current-year occurrences), PDF page 93; supplemental reports excluded.",official_annual_county,警政署／刑事警察局年度正式統計
2025,雲林縣,毒品,1185,official_final,114年中華民國刑案統計（全書）,cib_crime_statistics_2025_full.pdf,"當年發生件數 (current-year occurrences), PDF page 91; supplemental reports excluded.",official_annual_county,警政署／刑事警察局年度正式統計
2025,雲林縣,強盜,1,official_final,114年中華民國刑案統計（全書）,cib_crime_statistics_2025_full.pdf,"當年發生件數 (current-year occurrences), PDF page 87; supplemental reports excluded.",official_annual_county,警政署／刑事警察局年度正式統計
2025,雲林縣,搶奪,1,official_final,114年中華民國刑案統計（全書）,cib_crime_statistics_2025_full.pdf,"當年發生件數 (current-year occurrences), PDF page 88; supplemental reports excluded.",official_annual_county,警政署／刑事警察局年度正式統計
2025,雲林縣,住宅竊盜,282,official_final,114年中華民國刑案統計（全書）,cib_crime_statistics_2025_full.pdf,"當年發生件數 (current-year occurrences), PDF page 125; supplemental reports excluded.",official_annual_county,警政署／刑事警察局年度正式統計
2025,雲林縣,汽車竊盜,49,official_final,114年中華民國刑案統計（全書）,cib_crime_statistics_2025_full.pdf,"當年發生件數 (current-year occurrences), PDF page 84; supplemental reports excluded.",official_annual_county,警政署／刑事警察局年度正式統計
2025,雲林縣,機車竊盜,160,official_final,114年中華民國刑案統計（全書）,cib_crime_statistics_2025_full.pdf,"當年發生件數 (current-year occurrences), PDF page 85; supplemental reports excluded.",official_annual_county,警政署／刑事警察局年度正式統計
2025,雲林縣,強制性交,0,official_final,114年中華民國刑案統計（全書）,cib_crime_statistics_2025_full.pdf,"當年發生件數 (current-year occurrences), PDF page 93; supplemental reports excluded.",official_annual_county,警政署／刑事警察局年度正式統計
2025,高雄市,毒品,4511,official_final,114年中華民國刑案統計（全書）,cib_crime_statistics_2025_full.pdf,"當年發生件數 (current-year occurrences), PDF page 91; supplemental reports excluded.",official_annual_county,警政署／刑事警察局年度正式統計
2025,高雄市,強盜,6,official_final,114年中華民國刑案統計（全書）,cib_crime_statistics_2025_full.pdf,"當年發生件數 (current-year occurrences), PDF page 87; supplemental reports excluded.",official_annual_county,警政署／刑事警察局年度正式統計
2025,高雄市,搶奪,9,official_final,114年中華民國刑案統計（全書）,cib_crime_statistics_2025_full.pdf,"當年發生件數 (current-year occurrences), PDF page 88; supplemental reports excluded.",official_annual_county,警政署／刑事警察局年度正式統計
2025,高雄市,住宅竊盜,124,official_final,114年中華民國刑案統計（全書）,cib_crime_statistics_2025_full.pdf,"當年發生件數 (current-year occurrences), PDF page 125; supplemental reports excluded.",official_annual_county,警政署／刑事警察局年度正式統計
2025,高雄市,汽車竊盜,58,official_final,114年中華民國刑案統計（全書）,cib_crime_statistics_2025_full.pdf,"當年發生件數 (current-year occurrences), PDF page 84; supplemental reports excluded.",official_annual_county,警政署／刑事警察局年度正式統計
2025,高雄市,機車竊盜,460,official_final,114年中華民國刑案統計（全書）,cib_crime_statistics_2025_full.pdf,"當年發生件數 (current-year occurrences), PDF page 85; supplemental reports excluded.",official_annual_county,警政署／刑事警察局年度正式統計
2025,高雄市,強制性交,0,official_final,114年中華民國刑案統計（全書）,cib_crime_statistics_2025_full.pdf,"當年發生件數 (current-year occurrences), PDF page 93; supplemental reports excluded.",official_annual_county,警政署／刑事警察局年度正式統計
