year,county,district,crime_type,incident_count,population,population_basis,incidents_per_100k_population
2016,南投縣,中寮鄉,住宅竊盜,1,15083,year_end_registered_population,6.6299807731
2016,南投縣,中寮鄉,機車竊盜,2,15083,year_end_registered_population,13.2599615461
2016,南投縣,中寮鄉,毒品,9,15083,year_end_registered_population,59.6698269575
2016,南投縣,中寮鄉,汽車竊盜,2,15083,year_end_registered_population,13.2599615461
2016,南投縣,仁愛鄉,住宅竊盜,2,15709,year_end_registered_population,12.7315551595
2016,南投縣,仁愛鄉,強制性交,3,15709,year_end_registered_population,19.0973327392
2016,南投縣,仁愛鄉,機車竊盜,2,15709,year_end_registered_population,12.7315551595
2016,南投縣,仁愛鄉,毒品,18,15709,year_end_registered_population,114.5839964352
2016,南投縣,仁愛鄉,汽車竊盜,1,15709,year_end_registered_population,6.3657775797
2016,南投縣,信義鄉,住宅竊盜,2,16381,year_end_registered_population,12.2092668335
2016,南投縣,信義鄉,機車竊盜,1,16381,year_end_registered_population,6.1046334168
2016,南投縣,信義鄉,毒品,11,16381,year_end_registered_population,67.1509675844
2016,南投縣,信義鄉,汽車竊盜,1,16381,year_end_registered_population,6.1046334168
2016,南投縣,南投市,住宅竊盜,16,100960,year_end_registered_population,15.8478605388
2016,南投縣,南投市,強制性交,3,100960,year_end_registered_population,2.971473851
2016,南投縣,南投市,強盜,1,100960,year_end_registered_population,0.9904912837
2016,南投縣,南投市,搶奪,4,100960,year_end_registered_population,3.9619651347
2016,南投縣,南投市,機車竊盜,72,100960,year_end_registered_population,71.3153724247
2016,南投縣,南投市,毒品,169,100960,year_end_registered_population,167.3930269414
2016,南投縣,南投市,汽車竊盜,10,100960,year_end_registered_population,9.9049128368
2016,南投縣,名間鄉,住宅竊盜,6,39220,year_end_registered_population,15.2983171851
2016,南投縣,名間鄉,強制性交,1,39220,year_end_registered_population,2.5497195309
2016,南投縣,名間鄉,強盜,1,39220,year_end_registered_population,2.5497195309
2016,南投縣,名間鄉,機車竊盜,11,39220,year_end_registered_population,28.0469148394
2016,南投縣,名間鄉,毒品,62,39220,year_end_registered_population,158.0826109128
2016,南投縣,名間鄉,汽車竊盜,3,39220,year_end_registered_population,7.6491585926
2016,南投縣,國姓鄉,住宅竊盜,2,19098,year_end_registered_population,10.4723007645
2016,南投縣,國姓鄉,機車竊盜,5,19098,year_end_registered_population,26.1807519112
2016,南投縣,國姓鄉,毒品,44,19098,year_end_registered_population,230.3906168185
2016,南投縣,國姓鄉,汽車竊盜,5,19098,year_end_registered_population,26.1807519112
2016,南投縣,埔里鎮,住宅竊盜,30,81574,year_end_registered_population,36.7764238605
2016,南投縣,埔里鎮,強制性交,2,81574,year_end_registered_population,2.4517615907
2016,南投縣,埔里鎮,搶奪,1,81574,year_end_registered_population,1.2258807954
2016,南投縣,埔里鎮,機車竊盜,49,81574,year_end_registered_population,60.0681589722
2016,南投縣,埔里鎮,毒品,176,81574,year_end_registered_population,215.7550199819
2016,南投縣,埔里鎮,汽車竊盜,51,81574,year_end_registered_population,62.5199205629
2016,南投縣,水里鄉,住宅竊盜,2,18015,year_end_registered_population,11.1018595615
2016,南投縣,水里鄉,機車竊盜,4,18015,year_end_registered_population,22.203719123
2016,南投縣,水里鄉,毒品,41,18015,year_end_registered_population,227.5881210103
2016,南投縣,水里鄉,汽車竊盜,3,18015,year_end_registered_population,16.6527893422
2016,南投縣,竹山鎮,住宅竊盜,9,55493,year_end_registered_population,16.2182617627
2016,南投縣,竹山鎮,強制性交,1,55493,year_end_registered_population,1.8020290847
2016,南投縣,竹山鎮,強盜,3,55493,year_end_registered_population,5.4060872542
2016,南投縣,竹山鎮,機車竊盜,9,55493,year_end_registered_population,16.2182617627
2016,南投縣,竹山鎮,毒品,76,55493,year_end_registered_population,136.954210441
2016,南投縣,竹山鎮,汽車竊盜,7,55493,year_end_registered_population,12.6142035932
2016,南投縣,草屯鎮,住宅竊盜,29,98431,year_end_registered_population,29.462262905
2016,南投縣,草屯鎮,強制性交,3,98431,year_end_registered_population,3.0478203005
2016,南投縣,草屯鎮,強盜,1,98431,year_end_registered_population,1.0159401002
2016,南投縣,草屯鎮,搶奪,1,98431,year_end_registered_population,1.0159401002
2016,南投縣,草屯鎮,機車竊盜,34,98431,year_end_registered_population,34.5419634058
2016,南投縣,草屯鎮,毒品,149,98431,year_end_registered_population,151.3750749256
2016,南投縣,草屯鎮,汽車竊盜,38,98431,year_end_registered_population,38.6057238065
2016,南投縣,集集鎮,住宅竊盜,3,11035,year_end_registered_population,27.1862256457
2016,南投縣,集集鎮,強制性交,2,11035,year_end_registered_population,18.1241504304
2016,南投縣,集集鎮,機車竊盜,1,11035,year_end_registered_population,9.0620752152
2016,南投縣,集集鎮,毒品,13,11035,year_end_registered_population,117.8069777979
2016,南投縣,集集鎮,汽車竊盜,3,11035,year_end_registered_population,27.1862256457
2016,南投縣,魚池鄉,住宅竊盜,1,16154,year_end_registered_population,6.1904172341
2016,南投縣,魚池鄉,機車竊盜,2,16154,year_end_registered_population,12.3808344682
2016,南投縣,魚池鄉,毒品,23,16154,year_end_registered_population,142.3795963848
2016,南投縣,魚池鄉,汽車竊盜,3,16154,year_end_registered_population,18.5712517024
2016,南投縣,鹿谷鄉,機車竊盜,3,18010,year_end_registered_population,16.6574125486
2016,南投縣,鹿谷鄉,毒品,19,18010,year_end_registered_population,105.496946141
2016,嘉義市,東區,住宅竊盜,6,122462,year_end_registered_population,4.8994790221
2016,嘉義市,東區,強制性交,3,122462,year_end_registered_population,2.449739511
2016,嘉義市,東區,強盜,2,122462,year_end_registered_population,1.633159674
2016,嘉義市,東區,機車竊盜,14,122462,year_end_registered_population,11.4321177181
2016,嘉義市,東區,毒品,121,122462,year_end_registered_population,98.8061602783
2016,嘉義市,東區,汽車竊盜,28,122462,year_end_registered_population,22.8642354363
2016,嘉義市,西區,住宅竊盜,13,147412,year_end_registered_population,8.8188207202
2016,嘉義市,西區,強制性交,9,147412,year_end_registered_population,6.1053374216
2016,嘉義市,西區,強盜,2,147412,year_end_registered_population,1.3567416493
2016,嘉義市,西區,機車竊盜,25,147412,year_end_registered_population,16.9592706157
2016,嘉義市,西區,毒品,370,147412,year_end_registered_population,250.9972051122
2016,嘉義市,西區,汽車竊盜,48,147412,year_end_registered_population,32.5617995821
2016,嘉義縣,中埔鄉,住宅竊盜,6,45395,year_end_registered_population,13.2173146822
2016,嘉義縣,中埔鄉,強制性交,1,45395,year_end_registered_population,2.2028857804
2016,嘉義縣,中埔鄉,機車竊盜,1,45395,year_end_registered_population,2.2028857804
2016,嘉義縣,中埔鄉,毒品,56,45395,year_end_registered_population,123.3616037008
2016,嘉義縣,中埔鄉,汽車竊盜,5,45395,year_end_registered_population,11.0144289019
2016,嘉義縣,六腳鄉,住宅竊盜,3,23787,year_end_registered_population,12.6119308866
2016,嘉義縣,六腳鄉,機車竊盜,2,23787,year_end_registered_population,8.4079539244
2016,嘉義縣,六腳鄉,毒品,22,23787,year_end_registered_population,92.4874931685
2016,嘉義縣,六腳鄉,汽車竊盜,3,23787,year_end_registered_population,12.6119308866
2016,嘉義縣,大埔鄉,強制性交,1,4610,year_end_registered_population,21.6919739696
2016,嘉義縣,大林鎮,住宅竊盜,1,31379,year_end_registered_population,3.1868447051
2016,嘉義縣,大林鎮,強制性交,1,31379,year_end_registered_population,3.1868447051
2016,嘉義縣,大林鎮,機車竊盜,4,31379,year_end_registered_population,12.7473788202
2016,嘉義縣,大林鎮,毒品,19,31379,year_end_registered_population,60.5500493961
2016,嘉義縣,大林鎮,汽車竊盜,7,31379,year_end_registered_population,22.3079129354
2016,嘉義縣,太保市,強制性交,3,37497,year_end_registered_population,8.0006400512
2016,嘉義縣,太保市,搶奪,1,37497,year_end_registered_population,2.6668800171
2016,嘉義縣,太保市,機車竊盜,7,37497,year_end_registered_population,18.6681601195
2016,嘉義縣,太保市,毒品,43,37497,year_end_registered_population,114.6758407339
2016,嘉義縣,太保市,汽車竊盜,12,37497,year_end_registered_population,32.0025602048
2016,嘉義縣,布袋鎮,住宅竊盜,1,27509,year_end_registered_population,3.6351739431
2016,嘉義縣,布袋鎮,強制性交,2,27509,year_end_registered_population,7.2703478861
2016,嘉義縣,布袋鎮,機車竊盜,4,27509,year_end_registered_population,14.5406957723
2016,嘉義縣,布袋鎮,毒品,19,27509,year_end_registered_population,69.0683049184
2016,嘉義縣,新港鄉,機車竊盜,7,32385,year_end_registered_population,21.6149451907
2016,嘉義縣,新港鄉,毒品,34,32385,year_end_registered_population,104.9868766404
2016,嘉義縣,新港鄉,汽車竊盜,8,32385,year_end_registered_population,24.7027945036
2016,嘉義縣,朴子市,住宅竊盜,3,42585,year_end_registered_population,7.0447340613
2016,嘉義縣,朴子市,搶奪,1,42585,year_end_registered_population,2.3482446871
2016,嘉義縣,朴子市,機車竊盜,9,42585,year_end_registered_population,21.1342021839
2016,嘉義縣,朴子市,毒品,38,42585,year_end_registered_population,89.2332981097
2016,嘉義縣,朴子市,汽車竊盜,10,42585,year_end_registered_population,23.482446871
2016,嘉義縣,東石鄉,住宅竊盜,1,25307,year_end_registered_population,3.9514758762
2016,嘉義縣,東石鄉,機車竊盜,3,25307,year_end_registered_population,11.8544276287
2016,嘉義縣,東石鄉,毒品,27,25307,year_end_registered_population,106.6898486585
2016,嘉義縣,梅山鄉,強制性交,1,19800,year_end_registered_population,5.0505050505
2016,嘉義縣,梅山鄉,機車竊盜,2,19800,year_end_registered_population,10.101010101
2016,嘉義縣,梅山鄉,毒品,11,19800,year_end_registered_population,55.5555555556
2016,嘉義縣,梅山鄉,汽車竊盜,2,19800,year_end_registered_population,10.101010101
2016,嘉義縣,民雄鄉,住宅竊盜,1,71834,year_end_registered_population,1.3920984492
2016,嘉義縣,民雄鄉,機車竊盜,7,71834,year_end_registered_population,9.7446891444
2016,嘉義縣,民雄鄉,毒品,111,71834,year_end_registered_population,154.5229278615
2016,嘉義縣,民雄鄉,汽車竊盜,7,71834,year_end_registered_population,9.7446891444
2016,嘉義縣,水上鄉,住宅竊盜,1,50084,year_end_registered_population,1.9966456353
2016,嘉義縣,水上鄉,強制性交,1,50084,year_end_registered_population,1.9966456353
2016,嘉義縣,水上鄉,機車竊盜,5,50084,year_end_registered_population,9.9832281767
2016,嘉義縣,水上鄉,毒品,80,50084,year_end_registered_population,159.7316508266
2016,嘉義縣,水上鄉,汽車竊盜,7,50084,year_end_registered_population,13.9765194473
2016,嘉義縣,溪口鄉,機車竊盜,1,14933,year_end_registered_population,6.6965780486
2016,嘉義縣,溪口鄉,毒品,5,14933,year_end_registered_population,33.4828902431
2016,嘉義縣,溪口鄉,汽車竊盜,3,14933,year_end_registered_population,20.0897341459
2016,嘉義縣,番路鄉,住宅竊盜,1,11695,year_end_registered_population,8.5506626764
2016,嘉義縣,番路鄉,強制性交,3,11695,year_end_registered_population,25.6519880291
2016,嘉義縣,番路鄉,機車竊盜,1,11695,year_end_registered_population,8.5506626764
2016,嘉義縣,番路鄉,毒品,6,11695,year_end_registered_population,51.3039760581
2016,嘉義縣,番路鄉,汽車竊盜,2,11695,year_end_registered_population,17.1013253527
2016,嘉義縣,竹崎鄉,住宅竊盜,5,36226,year_end_registered_population,13.802241484
2016,嘉義縣,竹崎鄉,機車竊盜,2,36226,year_end_registered_population,5.5208965936
2016,嘉義縣,竹崎鄉,毒品,19,36226,year_end_registered_population,52.4485176393
2016,嘉義縣,竹崎鄉,汽車竊盜,2,36226,year_end_registered_population,5.5208965936
2016,嘉義縣,義竹鄉,住宅竊盜,1,18822,year_end_registered_population,5.3129316757
2016,嘉義縣,義竹鄉,機車竊盜,1,18822,year_end_registered_population,5.3129316757
2016,嘉義縣,義竹鄉,毒品,11,18822,year_end_registered_population,58.4422484327
2016,嘉義縣,阿里山鄉,毒品,3,5664,year_end_registered_population,52.9661016949
2016,嘉義縣,阿里山鄉,汽車竊盜,1,5664,year_end_registered_population,17.6553672316
2016,嘉義縣,鹿草鄉,住宅竊盜,1,15808,year_end_registered_population,6.3259109312
2016,嘉義縣,鹿草鄉,毒品,10,15808,year_end_registered_population,63.2591093117
2016,嘉義縣,鹿草鄉,汽車竊盜,3,15808,year_end_registered_population,18.9777327935
2016,基隆市,七堵區,住宅竊盜,9,54103,year_end_registered_population,16.6349370645
2016,基隆市,七堵區,強制性交,2,54103,year_end_registered_population,3.696652681
2016,基隆市,七堵區,搶奪,1,54103,year_end_registered_population,1.8483263405
2016,基隆市,七堵區,機車竊盜,13,54103,year_end_registered_population,24.0282424265
2016,基隆市,七堵區,毒品,141,54103,year_end_registered_population,260.6140140103
2016,基隆市,七堵區,汽車竊盜,7,54103,year_end_registered_population,12.9382843835
2016,基隆市,中山區,住宅竊盜,9,48115,year_end_registered_population,18.7051854931
2016,基隆市,中山區,機車竊盜,27,48115,year_end_registered_population,56.1155564793
2016,基隆市,中山區,毒品,201,48115,year_end_registered_population,417.749142679
2016,基隆市,中正區,住宅竊盜,16,52572,year_end_registered_population,30.4344517994
2016,基隆市,中正區,強制性交,2,52572,year_end_registered_population,3.8043064749
2016,基隆市,中正區,強盜,3,52572,year_end_registered_population,5.7064597124
2016,基隆市,中正區,機車竊盜,28,52572,year_end_registered_population,53.260290649
2016,基隆市,中正區,毒品,192,52572,year_end_registered_population,365.2134215932
2016,基隆市,中正區,汽車竊盜,4,52572,year_end_registered_population,7.6086129499
2016,基隆市,仁愛區,住宅竊盜,10,45021,year_end_registered_population,22.2118566891
2016,基隆市,仁愛區,強制性交,5,45021,year_end_registered_population,11.1059283446
2016,基隆市,仁愛區,強盜,2,45021,year_end_registered_population,4.4423713378
2016,基隆市,仁愛區,搶奪,1,45021,year_end_registered_population,2.2211856689
2016,基隆市,仁愛區,機車竊盜,25,45021,year_end_registered_population,55.5296417228
2016,基隆市,仁愛區,毒品,217,45021,year_end_registered_population,481.9972901535
2016,基隆市,仁愛區,汽車竊盜,5,45021,year_end_registered_population,11.1059283446
2016,基隆市,信義區,住宅竊盜,15,51868,year_end_registered_population,28.9195650497
2016,基隆市,信義區,強制性交,1,51868,year_end_registered_population,1.9279710033
2016,基隆市,信義區,強盜,2,51868,year_end_registered_population,3.8559420066
2016,基隆市,信義區,機車竊盜,9,51868,year_end_registered_population,17.3517390298
2016,基隆市,信義區,毒品,153,51868,year_end_registered_population,294.9795635074
2016,基隆市,安樂區,住宅竊盜,6,82014,year_end_registered_population,7.3158241276
2016,基隆市,安樂區,強制性交,4,82014,year_end_registered_population,4.8772160851
2016,基隆市,安樂區,強盜,1,82014,year_end_registered_population,1.2193040213
2016,基隆市,安樂區,搶奪,1,82014,year_end_registered_population,1.2193040213
2016,基隆市,安樂區,機車竊盜,18,82014,year_end_registered_population,21.9474723828
2016,基隆市,安樂區,毒品,222,82014,year_end_registered_population,270.6854927208
2016,基隆市,安樂區,汽車竊盜,3,82014,year_end_registered_population,3.6579120638
2016,基隆市,暖暖區,住宅竊盜,6,38407,year_end_registered_population,15.6221522118
2016,基隆市,暖暖區,強制性交,1,38407,year_end_registered_population,2.6036920353
2016,基隆市,暖暖區,機車竊盜,10,38407,year_end_registered_population,26.0369203531
2016,基隆市,暖暖區,毒品,127,38407,year_end_registered_population,330.6688884839
2016,基隆市,暖暖區,汽車竊盜,3,38407,year_end_registered_population,7.8110761059
2016,宜蘭縣,三星鄉,住宅竊盜,8,21422,year_end_registered_population,37.3447857343
2016,宜蘭縣,三星鄉,機車竊盜,1,21422,year_end_registered_population,4.6680982168
2016,宜蘭縣,三星鄉,毒品,7,21422,year_end_registered_population,32.6766875175
2016,宜蘭縣,三星鄉,汽車竊盜,5,21422,year_end_registered_population,23.3404910839
2016,宜蘭縣,五結鄉,住宅竊盜,20,39657,year_end_registered_population,50.4324583302
2016,宜蘭縣,五結鄉,機車竊盜,11,39657,year_end_registered_population,27.7378520816
2016,宜蘭縣,五結鄉,毒品,59,39657,year_end_registered_population,148.775752074
2016,宜蘭縣,五結鄉,汽車竊盜,20,39657,year_end_registered_population,50.4324583302
2016,宜蘭縣,冬山鄉,住宅竊盜,12,53327,year_end_registered_population,22.5026721923
2016,宜蘭縣,冬山鄉,機車竊盜,3,53327,year_end_registered_population,5.6256680481
2016,宜蘭縣,冬山鄉,毒品,73,53327,year_end_registered_population,136.8912558366
2016,宜蘭縣,冬山鄉,汽車竊盜,8,53327,year_end_registered_population,15.0017814615
2016,宜蘭縣,南澳鄉,強制性交,2,5938,year_end_registered_population,33.6813742001
2016,宜蘭縣,南澳鄉,毒品,11,5938,year_end_registered_population,185.2475581004
2016,宜蘭縣,員山鄉,住宅竊盜,2,32376,year_end_registered_population,6.1774153694
2016,宜蘭縣,員山鄉,機車竊盜,3,32376,year_end_registered_population,9.2661230541
2016,宜蘭縣,員山鄉,毒品,52,32376,year_end_registered_population,160.6127996046
2016,宜蘭縣,員山鄉,汽車竊盜,9,32376,year_end_registered_population,27.7983691623
2016,宜蘭縣,壯圍鄉,住宅竊盜,5,24236,year_end_registered_population,20.6304670738
2016,宜蘭縣,壯圍鄉,機車竊盜,6,24236,year_end_registered_population,24.7565604885
2016,宜蘭縣,壯圍鄉,毒品,40,24236,year_end_registered_population,165.0437365902
2016,宜蘭縣,壯圍鄉,汽車竊盜,3,24236,year_end_registered_population,12.3782802443
2016,宜蘭縣,大同鄉,住宅竊盜,1,6083,year_end_registered_population,16.4392569456
2016,宜蘭縣,大同鄉,機車竊盜,2,6083,year_end_registered_population,32.8785138912
2016,宜蘭縣,大同鄉,毒品,7,6083,year_end_registered_population,115.0747986191
2016,宜蘭縣,大同鄉,汽車竊盜,1,6083,year_end_registered_population,16.4392569456
2016,宜蘭縣,宜蘭市,住宅竊盜,6,95907,year_end_registered_population,6.2560605587
2016,宜蘭縣,宜蘭市,強制性交,2,95907,year_end_registered_population,2.0853535196
2016,宜蘭縣,宜蘭市,強盜,3,95907,year_end_registered_population,3.1280302793
2016,宜蘭縣,宜蘭市,搶奪,2,95907,year_end_registered_population,2.0853535196
2016,宜蘭縣,宜蘭市,機車竊盜,53,95907,year_end_registered_population,55.2618682682
2016,宜蘭縣,宜蘭市,毒品,173,95907,year_end_registered_population,180.3830794415
2016,宜蘭縣,宜蘭市,汽車竊盜,11,95907,year_end_registered_population,11.4694443576
2016,宜蘭縣,礁溪鄉,住宅竊盜,14,35948,year_end_registered_population,38.9451429843
2016,宜蘭縣,礁溪鄉,強制性交,3,35948,year_end_registered_population,8.3453877824
2016,宜蘭縣,礁溪鄉,搶奪,2,35948,year_end_registered_population,5.5635918549
2016,宜蘭縣,礁溪鄉,機車竊盜,9,35948,year_end_registered_population,25.0361633471
2016,宜蘭縣,礁溪鄉,毒品,62,35948,year_end_registered_population,172.4713475019
2016,宜蘭縣,礁溪鄉,汽車竊盜,11,35948,year_end_registered_population,30.599755202
2016,宜蘭縣,羅東鎮,住宅竊盜,11,72485,year_end_registered_population,15.1755535628
2016,宜蘭縣,羅東鎮,強制性交,2,72485,year_end_registered_population,2.7591915569
2016,宜蘭縣,羅東鎮,強盜,1,72485,year_end_registered_population,1.3795957784
2016,宜蘭縣,羅東鎮,機車竊盜,22,72485,year_end_registered_population,30.3511071256
2016,宜蘭縣,羅東鎮,毒品,153,72485,year_end_registered_population,211.0781541008
2016,宜蘭縣,羅東鎮,汽車竊盜,26,72485,year_end_registered_population,35.8694902394
2016,宜蘭縣,蘇澳鎮,住宅竊盜,9,40493,year_end_registered_population,22.2260637641
2016,宜蘭縣,蘇澳鎮,機車竊盜,7,40493,year_end_registered_population,17.2869384832
2016,宜蘭縣,蘇澳鎮,毒品,34,40493,year_end_registered_population,83.9651297755
2016,宜蘭縣,蘇澳鎮,汽車竊盜,11,40493,year_end_registered_population,27.165189045
2016,宜蘭縣,頭城鎮,住宅竊盜,7,29666,year_end_registered_population,23.596035866
2016,宜蘭縣,頭城鎮,強制性交,2,29666,year_end_registered_population,6.7417245331
2016,宜蘭縣,頭城鎮,強盜,2,29666,year_end_registered_population,6.7417245331
2016,宜蘭縣,頭城鎮,搶奪,1,29666,year_end_registered_population,3.3708622666
2016,宜蘭縣,頭城鎮,機車竊盜,1,29666,year_end_registered_population,3.3708622666
2016,宜蘭縣,頭城鎮,毒品,29,29666,year_end_registered_population,97.7550057305
2016,宜蘭縣,頭城鎮,汽車竊盜,3,29666,year_end_registered_population,10.1125867997
2016,屏東縣,三地門鄉,機車竊盜,3,7662,year_end_registered_population,39.1542678152
2016,屏東縣,三地門鄉,毒品,10,7662,year_end_registered_population,130.5142260506
2016,屏東縣,九如鄉,機車竊盜,2,22083,year_end_registered_population,9.0567404791
2016,屏東縣,九如鄉,毒品,26,22083,year_end_registered_population,117.7376262283
2016,屏東縣,九如鄉,汽車竊盜,7,22083,year_end_registered_population,31.6985916769
2016,屏東縣,佳冬鄉,住宅竊盜,2,19689,year_end_registered_population,10.1579562192
2016,屏東縣,佳冬鄉,機車竊盜,2,19689,year_end_registered_population,10.1579562192
2016,屏東縣,佳冬鄉,毒品,21,19689,year_end_registered_population,106.6585403017
2016,屏東縣,佳冬鄉,汽車竊盜,2,19689,year_end_registered_population,10.1579562192
2016,屏東縣,來義鄉,機車竊盜,2,7494,year_end_registered_population,26.6880170803
2016,屏東縣,來義鄉,毒品,5,7494,year_end_registered_population,66.7200427008
2016,屏東縣,來義鄉,汽車竊盜,1,7494,year_end_registered_population,13.3440085402
2016,屏東縣,內埔鄉,住宅竊盜,1,55181,year_end_registered_population,1.8122179736
2016,屏東縣,內埔鄉,機車竊盜,21,55181,year_end_registered_population,38.0565774451
2016,屏東縣,內埔鄉,毒品,129,55181,year_end_registered_population,233.7761185915
2016,屏東縣,內埔鄉,汽車竊盜,8,55181,year_end_registered_population,14.4977437886
2016,屏東縣,南州鄉,住宅竊盜,2,10808,year_end_registered_population,18.5048112509
2016,屏東縣,南州鄉,機車竊盜,1,10808,year_end_registered_population,9.2524056255
2016,屏東縣,南州鄉,毒品,14,10808,year_end_registered_population,129.5336787565
2016,屏東縣,南州鄉,汽車竊盜,2,10808,year_end_registered_population,18.5048112509
2016,屏東縣,屏東市,住宅竊盜,22,201644,year_end_registered_population,10.9103171927
2016,屏東縣,屏東市,強制性交,1,201644,year_end_registered_population,0.4959235088
2016,屏東縣,屏東市,強盜,3,201644,year_end_registered_population,1.4877705263
2016,屏東縣,屏東市,搶奪,10,201644,year_end_registered_population,4.9592350876
2016,屏東縣,屏東市,機車竊盜,60,201644,year_end_registered_population,29.7554105255
2016,屏東縣,屏東市,毒品,368,201644,year_end_registered_population,182.4998512229
2016,屏東縣,屏東市,汽車竊盜,75,201644,year_end_registered_population,37.1942631569
2016,屏東縣,崁頂鄉,機車竊盜,4,15916,year_end_registered_population,25.1319426992
2016,屏東縣,崁頂鄉,毒品,20,15916,year_end_registered_population,125.6597134959
2016,屏東縣,恆春鎮,住宅竊盜,1,30783,year_end_registered_population,3.2485462755
2016,屏東縣,恆春鎮,搶奪,1,30783,year_end_registered_population,3.2485462755
2016,屏東縣,恆春鎮,機車竊盜,12,30783,year_end_registered_population,38.9825553065
2016,屏東縣,恆春鎮,毒品,62,30783,year_end_registered_population,201.4098690836
2016,屏東縣,恆春鎮,汽車竊盜,8,30783,year_end_registered_population,25.9883702043
2016,屏東縣,新園鄉,住宅竊盜,2,35680,year_end_registered_population,5.6053811659
2016,屏東縣,新園鄉,機車竊盜,10,35680,year_end_registered_population,28.0269058296
2016,屏東縣,新園鄉,毒品,84,35680,year_end_registered_population,235.4260089686
2016,屏東縣,新園鄉,汽車竊盜,4,35680,year_end_registered_population,11.2107623318
2016,屏東縣,新埤鄉,強盜,1,9927,year_end_registered_population,10.0735368188
2016,屏東縣,新埤鄉,機車竊盜,3,9927,year_end_registered_population,30.2206104563
2016,屏東縣,新埤鄉,毒品,15,9927,year_end_registered_population,151.1030522817
2016,屏東縣,新埤鄉,汽車竊盜,7,9927,year_end_registered_population,70.5147577314
2016,屏東縣,春日鄉,機車竊盜,1,4855,year_end_registered_population,20.5973223481
2016,屏東縣,春日鄉,毒品,10,4855,year_end_registered_population,205.9732234809
2016,屏東縣,春日鄉,汽車竊盜,2,4855,year_end_registered_population,41.1946446962
2016,屏東縣,東港鎮,住宅竊盜,3,48097,year_end_registered_population,6.2373952637
2016,屏東縣,東港鎮,強盜,1,48097,year_end_registered_population,2.0791317546
2016,屏東縣,東港鎮,搶奪,2,48097,year_end_registered_population,4.1582635092
2016,屏東縣,東港鎮,機車竊盜,11,48097,year_end_registered_population,22.8704493004
2016,屏東縣,東港鎮,毒品,84,48097,year_end_registered_population,174.6470673847
2016,屏東縣,東港鎮,汽車竊盜,12,48097,year_end_registered_population,24.949581055
2016,屏東縣,枋寮鄉,住宅竊盜,1,24826,year_end_registered_population,4.0280351245
2016,屏東縣,枋寮鄉,機車竊盜,7,24826,year_end_registered_population,28.1962458713
2016,屏東縣,枋寮鄉,毒品,46,24826,year_end_registered_population,185.2896157254
2016,屏東縣,枋寮鄉,汽車竊盜,10,24826,year_end_registered_population,40.2803512447
2016,屏東縣,枋山鄉,毒品,21,5535,year_end_registered_population,379.4037940379
2016,屏東縣,林邊鄉,住宅竊盜,1,18317,year_end_registered_population,5.4594092919
2016,屏東縣,林邊鄉,強盜,1,18317,year_end_registered_population,5.4594092919
2016,屏東縣,林邊鄉,機車竊盜,6,18317,year_end_registered_population,32.7564557515
2016,屏東縣,林邊鄉,毒品,22,18317,year_end_registered_population,120.1070044221
2016,屏東縣,林邊鄉,汽車竊盜,10,18317,year_end_registered_population,54.5940929191
2016,屏東縣,泰武鄉,毒品,1,5262,year_end_registered_population,19.0041809198
2016,屏東縣,滿州鄉,毒品,4,7847,year_end_registered_population,50.9748948643
2016,屏東縣,滿州鄉,汽車竊盜,1,7847,year_end_registered_population,12.7437237161
2016,屏東縣,潮州鎮,住宅竊盜,6,54703,year_end_registered_population,10.9683198362
2016,屏東縣,潮州鎮,搶奪,2,54703,year_end_registered_population,3.6561066121
2016,屏東縣,潮州鎮,機車竊盜,12,54703,year_end_registered_population,21.9366396724
2016,屏東縣,潮州鎮,毒品,142,54703,year_end_registered_population,259.5835694569
2016,屏東縣,潮州鎮,汽車竊盜,29,54703,year_end_registered_population,53.013545875
2016,屏東縣,牡丹鄉,毒品,1,4853,year_end_registered_population,20.6058108387
2016,屏東縣,獅子鄉,毒品,10,4827,year_end_registered_population,207.1680132588
2016,屏東縣,琉球鄉,機車竊盜,1,12423,year_end_registered_population,8.0495854463
2016,屏東縣,琉球鄉,毒品,8,12423,year_end_registered_population,64.3966835708
2016,屏東縣,瑪家鄉,毒品,8,6773,year_end_registered_population,118.1160490182
2016,屏東縣,竹田鄉,住宅竊盜,1,17351,year_end_registered_population,5.7633565789
2016,屏東縣,竹田鄉,機車竊盜,1,17351,year_end_registered_population,5.7633565789
2016,屏東縣,竹田鄉,毒品,32,17351,year_end_registered_population,184.4274105239
2016,屏東縣,竹田鄉,汽車竊盜,6,17351,year_end_registered_population,34.5801394732
2016,屏東縣,萬丹鄉,住宅竊盜,4,51261,year_end_registered_population,7.8032032149
2016,屏東縣,萬丹鄉,機車竊盜,11,51261,year_end_registered_population,21.458808841
2016,屏東縣,萬丹鄉,毒品,91,51261,year_end_registered_population,177.5228731394
2016,屏東縣,萬丹鄉,汽車竊盜,14,51261,year_end_registered_population,27.3112112522
2016,屏東縣,萬巒鄉,住宅竊盜,1,20609,year_end_registered_population,4.8522490174
2016,屏東縣,萬巒鄉,強盜,1,20609,year_end_registered_population,4.8522490174
2016,屏東縣,萬巒鄉,毒品,37,20609,year_end_registered_population,179.5332136445
2016,屏東縣,萬巒鄉,汽車竊盜,2,20609,year_end_registered_population,9.7044980348
2016,屏東縣,車城鄉,毒品,24,8741,year_end_registered_population,274.5681272166
2016,屏東縣,里港鄉,機車竊盜,4,26995,year_end_registered_population,14.8175588072
2016,屏東縣,里港鄉,毒品,23,26995,year_end_registered_population,85.2009631413
2016,屏東縣,里港鄉,汽車竊盜,10,26995,year_end_registered_population,37.043897018
2016,屏東縣,長治鄉,住宅竊盜,3,30159,year_end_registered_population,9.9472794191
2016,屏東縣,長治鄉,機車竊盜,9,30159,year_end_registered_population,29.8418382572
2016,屏東縣,長治鄉,毒品,73,30159,year_end_registered_population,242.0504658643
2016,屏東縣,長治鄉,汽車竊盜,13,30159,year_end_registered_population,43.1048774827
2016,屏東縣,霧臺鄉,毒品,6,3285,year_end_registered_population,182.6484018265
2016,屏東縣,高樹鄉,住宅竊盜,1,24882,year_end_registered_population,4.0189695362
2016,屏東縣,高樹鄉,機車竊盜,2,24882,year_end_registered_population,8.0379390724
2016,屏東縣,高樹鄉,毒品,44,24882,year_end_registered_population,176.8346595933
2016,屏東縣,高樹鄉,汽車竊盜,3,24882,year_end_registered_population,12.0569086086
2016,屏東縣,鹽埔鄉,機車竊盜,5,26199,year_end_registered_population,19.0846978892
2016,屏東縣,鹽埔鄉,毒品,46,26199,year_end_registered_population,175.5792205809
2016,屏東縣,鹽埔鄉,汽車竊盜,2,26199,year_end_registered_population,7.6338791557
2016,屏東縣,麟洛鄉,住宅竊盜,2,11125,year_end_registered_population,17.9775280899
2016,屏東縣,麟洛鄉,機車竊盜,5,11125,year_end_registered_population,44.9438202247
2016,屏東縣,麟洛鄉,毒品,51,11125,year_end_registered_population,458.4269662921
2016,屏東縣,麟洛鄉,汽車竊盜,4,11125,year_end_registered_population,35.9550561798
2016,彰化縣,二林鎮,住宅竊盜,4,51516,year_end_registered_population,7.7645779952
2016,彰化縣,二林鎮,搶奪,1,51516,year_end_registered_population,1.9411444988
2016,彰化縣,二林鎮,機車竊盜,10,51516,year_end_registered_population,19.411444988
2016,彰化縣,二林鎮,毒品,40,51516,year_end_registered_population,77.6457799519
2016,彰化縣,二林鎮,汽車竊盜,11,51516,year_end_registered_population,21.3525894868
2016,彰化縣,二水鄉,住宅竊盜,1,15500,year_end_registered_population,6.4516129032
2016,彰化縣,二水鄉,強制性交,1,15500,year_end_registered_population,6.4516129032
2016,彰化縣,二水鄉,搶奪,1,15500,year_end_registered_population,6.4516129032
2016,彰化縣,二水鄉,機車竊盜,2,15500,year_end_registered_population,12.9032258065
2016,彰化縣,二水鄉,毒品,17,15500,year_end_registered_population,109.6774193548
2016,彰化縣,伸港鄉,住宅竊盜,5,36756,year_end_registered_population,13.6032212428
2016,彰化縣,伸港鄉,強制性交,1,36756,year_end_registered_population,2.7206442486
2016,彰化縣,伸港鄉,機車竊盜,5,36756,year_end_registered_population,13.6032212428
2016,彰化縣,伸港鄉,毒品,51,36756,year_end_registered_population,138.7528566765
2016,彰化縣,伸港鄉,汽車竊盜,3,36756,year_end_registered_population,8.1619327457
2016,彰化縣,北斗鎮,住宅竊盜,4,33253,year_end_registered_population,12.0289898656
2016,彰化縣,北斗鎮,強制性交,2,33253,year_end_registered_population,6.0144949328
2016,彰化縣,北斗鎮,機車竊盜,8,33253,year_end_registered_population,24.0579797312
2016,彰化縣,北斗鎮,毒品,47,33253,year_end_registered_population,141.3406309205
2016,彰化縣,北斗鎮,汽車竊盜,3,33253,year_end_registered_population,9.0217423992
2016,彰化縣,和美鎮,住宅竊盜,7,91162,year_end_registered_population,7.678638029
2016,彰化縣,和美鎮,強制性交,1,91162,year_end_registered_population,1.0969482899
2016,彰化縣,和美鎮,機車竊盜,2,91162,year_end_registered_population,2.1938965797
2016,彰化縣,和美鎮,毒品,80,91162,year_end_registered_population,87.7558631886
2016,彰化縣,和美鎮,汽車竊盜,5,91162,year_end_registered_population,5.4847414493
2016,彰化縣,員林市,住宅竊盜,5,124932,year_end_registered_population,4.0021771844
2016,彰化縣,員林市,強制性交,2,124932,year_end_registered_population,1.6008708738
2016,彰化縣,員林市,搶奪,2,124932,year_end_registered_population,1.6008708738
2016,彰化縣,員林市,機車竊盜,31,124932,year_end_registered_population,24.8134985432
2016,彰化縣,員林市,毒品,222,124932,year_end_registered_population,177.6966669868
2016,彰化縣,員林市,汽車竊盜,13,124932,year_end_registered_population,10.4056606794
2016,彰化縣,埔心鄉,住宅竊盜,3,34788,year_end_registered_population,8.6236633322
2016,彰化縣,埔心鄉,搶奪,1,34788,year_end_registered_population,2.8745544441
2016,彰化縣,埔心鄉,機車竊盜,8,34788,year_end_registered_population,22.9964355525
2016,彰化縣,埔心鄉,毒品,76,34788,year_end_registered_population,218.4661377486
2016,彰化縣,埔心鄉,汽車竊盜,6,34788,year_end_registered_population,17.2473266644
2016,彰化縣,埔鹽鄉,住宅竊盜,4,32782,year_end_registered_population,12.2018180709
2016,彰化縣,埔鹽鄉,毒品,34,32782,year_end_registered_population,103.7154536026
2016,彰化縣,埔鹽鄉,汽車竊盜,3,32782,year_end_registered_population,9.1513635532
2016,彰化縣,埤頭鄉,住宅竊盜,2,30797,year_end_registered_population,6.4941390395
2016,彰化縣,埤頭鄉,強制性交,1,30797,year_end_registered_population,3.2470695198
2016,彰化縣,埤頭鄉,強盜,1,30797,year_end_registered_population,3.2470695198
2016,彰化縣,埤頭鄉,機車竊盜,4,30797,year_end_registered_population,12.988278079
2016,彰化縣,埤頭鄉,毒品,41,30797,year_end_registered_population,133.1298503101
2016,彰化縣,埤頭鄉,汽車竊盜,4,30797,year_end_registered_population,12.988278079
2016,彰化縣,大城鄉,住宅竊盜,2,17284,year_end_registered_population,11.5713955103
2016,彰化縣,大城鄉,機車竊盜,3,17284,year_end_registered_population,17.3570932654
2016,彰化縣,大城鄉,毒品,13,17284,year_end_registered_population,75.2140708169
2016,彰化縣,大村鄉,住宅竊盜,2,36762,year_end_registered_population,5.4404004135
2016,彰化縣,大村鄉,強制性交,1,36762,year_end_registered_population,2.7202002067
2016,彰化縣,大村鄉,機車竊盜,6,36762,year_end_registered_population,16.3212012404
2016,彰化縣,大村鄉,毒品,57,36762,year_end_registered_population,155.0514117839
2016,彰化縣,大村鄉,汽車竊盜,2,36762,year_end_registered_population,5.4404004135
2016,彰化縣,彰化市,住宅竊盜,20,234690,year_end_registered_population,8.5218799267
2016,彰化縣,彰化市,強制性交,6,234690,year_end_registered_population,2.556563978
2016,彰化縣,彰化市,強盜,2,234690,year_end_registered_population,0.8521879927
2016,彰化縣,彰化市,搶奪,3,234690,year_end_registered_population,1.278281989
2016,彰化縣,彰化市,機車竊盜,40,234690,year_end_registered_population,17.0437598534
2016,彰化縣,彰化市,毒品,222,234690,year_end_registered_population,94.5928671865
2016,彰化縣,彰化市,汽車竊盜,20,234690,year_end_registered_population,8.5218799267
2016,彰化縣,永靖鄉,住宅竊盜,3,37773,year_end_registered_population,7.9421809229
2016,彰化縣,永靖鄉,強盜,1,37773,year_end_registered_population,2.647393641
2016,彰化縣,永靖鄉,機車竊盜,9,37773,year_end_registered_population,23.8265427686
2016,彰化縣,永靖鄉,毒品,40,37773,year_end_registered_population,105.8957456384
2016,彰化縣,溪州鄉,住宅竊盜,3,30391,year_end_registered_population,9.8713434898
2016,彰化縣,溪州鄉,強制性交,1,30391,year_end_registered_population,3.2904478299
2016,彰化縣,溪州鄉,搶奪,1,30391,year_end_registered_population,3.2904478299
2016,彰化縣,溪州鄉,機車竊盜,2,30391,year_end_registered_population,6.5808956599
2016,彰化縣,溪州鄉,毒品,29,30391,year_end_registered_population,95.4229870685
2016,彰化縣,溪州鄉,汽車竊盜,1,30391,year_end_registered_population,3.2904478299
2016,彰化縣,溪湖鎮,住宅竊盜,5,55675,year_end_registered_population,8.9806915132
2016,彰化縣,溪湖鎮,強制性交,2,55675,year_end_registered_population,3.5922766053
2016,彰化縣,溪湖鎮,搶奪,1,55675,year_end_registered_population,1.7961383026
2016,彰化縣,溪湖鎮,機車竊盜,5,55675,year_end_registered_population,8.9806915132
2016,彰化縣,溪湖鎮,毒品,41,55675,year_end_registered_population,73.6416704086
2016,彰化縣,溪湖鎮,汽車竊盜,9,55675,year_end_registered_population,16.1652447238
2016,彰化縣,田中鎮,強制性交,2,42152,year_end_registered_population,4.744733346
2016,彰化縣,田中鎮,搶奪,2,42152,year_end_registered_population,4.744733346
2016,彰化縣,田中鎮,機車竊盜,10,42152,year_end_registered_population,23.7236667299
2016,彰化縣,田中鎮,毒品,34,42152,year_end_registered_population,80.6604668818
2016,彰化縣,田中鎮,汽車竊盜,3,42152,year_end_registered_population,7.117100019
2016,彰化縣,田尾鄉,住宅竊盜,3,27567,year_end_registered_population,10.8825769942
2016,彰化縣,田尾鄉,機車竊盜,4,27567,year_end_registered_population,14.510102659
2016,彰化縣,田尾鄉,毒品,33,27567,year_end_registered_population,119.7083469366
2016,彰化縣,田尾鄉,汽車竊盜,3,27567,year_end_registered_population,10.8825769942
2016,彰化縣,社頭鄉,住宅竊盜,3,43342,year_end_registered_population,6.9216925846
2016,彰化縣,社頭鄉,搶奪,2,43342,year_end_registered_population,4.614461723
2016,彰化縣,社頭鄉,機車竊盜,5,43342,year_end_registered_population,11.5361543076
2016,彰化縣,社頭鄉,毒品,36,43342,year_end_registered_population,83.0603110147
2016,彰化縣,社頭鄉,汽車竊盜,3,43342,year_end_registered_population,6.9216925846
2016,彰化縣,福興鄉,住宅竊盜,1,47479,year_end_registered_population,2.1061943175
2016,彰化縣,福興鄉,強盜,3,47479,year_end_registered_population,6.3185829525
2016,彰化縣,福興鄉,搶奪,1,47479,year_end_registered_population,2.1061943175
2016,彰化縣,福興鄉,機車竊盜,3,47479,year_end_registered_population,6.3185829525
2016,彰化縣,福興鄉,毒品,62,47479,year_end_registered_population,130.5840476842
2016,彰化縣,福興鄉,汽車竊盜,7,47479,year_end_registered_population,14.7433602224
2016,彰化縣,秀水鄉,住宅竊盜,1,39344,year_end_registered_population,2.5416836112
2016,彰化縣,秀水鄉,機車竊盜,2,39344,year_end_registered_population,5.0833672224
2016,彰化縣,秀水鄉,毒品,19,39344,year_end_registered_population,48.2919886133
2016,彰化縣,秀水鄉,汽車竊盜,5,39344,year_end_registered_population,12.7084180561
2016,彰化縣,竹塘鄉,住宅竊盜,1,15491,year_end_registered_population,6.4553611775
2016,彰化縣,竹塘鄉,機車竊盜,2,15491,year_end_registered_population,12.9107223549
2016,彰化縣,竹塘鄉,毒品,6,15491,year_end_registered_population,38.7321670647
2016,彰化縣,竹塘鄉,汽車竊盜,1,15491,year_end_registered_population,6.4553611775
2016,彰化縣,線西鄉,強制性交,1,16939,year_end_registered_population,5.9035362182
2016,彰化縣,線西鄉,強盜,2,16939,year_end_registered_population,11.8070724364
2016,彰化縣,線西鄉,機車竊盜,1,16939,year_end_registered_population,5.9035362182
2016,彰化縣,線西鄉,毒品,10,16939,year_end_registered_population,59.0353621819
2016,彰化縣,線西鄉,汽車竊盜,1,16939,year_end_registered_population,5.9035362182
2016,彰化縣,芬園鄉,強制性交,1,23881,year_end_registered_population,4.1874293371
2016,彰化縣,芬園鄉,機車竊盜,5,23881,year_end_registered_population,20.9371466856
2016,彰化縣,芬園鄉,毒品,38,23881,year_end_registered_population,159.1223148109
2016,彰化縣,花壇鄉,強盜,2,46142,year_end_registered_population,4.3344458411
2016,彰化縣,花壇鄉,機車竊盜,16,46142,year_end_registered_population,34.6755667288
2016,彰化縣,花壇鄉,毒品,49,46142,year_end_registered_population,106.1939231069
2016,彰化縣,花壇鄉,汽車竊盜,12,46142,year_end_registered_population,26.0066750466
2016,彰化縣,芳苑鄉,住宅竊盜,5,34039,year_end_registered_population,14.6890331678
2016,彰化縣,芳苑鄉,強制性交,1,34039,year_end_registered_population,2.9378066336
2016,彰化縣,芳苑鄉,搶奪,1,34039,year_end_registered_population,2.9378066336
2016,彰化縣,芳苑鄉,機車竊盜,1,34039,year_end_registered_population,2.9378066336
2016,彰化縣,芳苑鄉,毒品,41,34039,year_end_registered_population,120.4500719763
2016,彰化縣,芳苑鄉,汽車竊盜,2,34039,year_end_registered_population,5.8756132671
2016,彰化縣,鹿港鎮,住宅竊盜,8,86709,year_end_registered_population,9.2262625564
2016,彰化縣,鹿港鎮,強制性交,4,86709,year_end_registered_population,4.6131312782
2016,彰化縣,鹿港鎮,強盜,1,86709,year_end_registered_population,1.1532828195
2016,彰化縣,鹿港鎮,搶奪,2,86709,year_end_registered_population,2.3065656391
2016,彰化縣,鹿港鎮,機車竊盜,12,86709,year_end_registered_population,13.8393938346
2016,彰化縣,鹿港鎮,毒品,75,86709,year_end_registered_population,86.4962114659
2016,彰化縣,鹿港鎮,汽車竊盜,17,86709,year_end_registered_population,19.6058079323
2016,新北市,三峽區,住宅竊盜,3,114180,year_end_registered_population,2.6274303731
2016,新北市,三峽區,機車竊盜,48,114180,year_end_registered_population,42.0388859695
2016,新北市,三峽區,毒品,212,114180,year_end_registered_population,185.6717463654
2016,新北市,三峽區,汽車竊盜,17,114180,year_end_registered_population,14.8887721142
2016,新北市,三芝區,機車竊盜,3,23369,year_end_registered_population,12.8375197912
2016,新北市,三芝區,毒品,57,23369,year_end_registered_population,243.9128760324
2016,新北市,三芝區,汽車竊盜,5,23369,year_end_registered_population,21.3958663186
2016,新北市,三重區,住宅竊盜,57,388581,year_end_registered_population,14.6687563211
2016,新北市,三重區,強制性交,1,388581,year_end_registered_population,0.2573466021
2016,新北市,三重區,強盜,6,388581,year_end_registered_population,1.5440796127
2016,新北市,三重區,搶奪,1,388581,year_end_registered_population,0.2573466021
2016,新北市,三重區,機車竊盜,117,388581,year_end_registered_population,30.1095524485
2016,新北市,三重區,毒品,1154,388581,year_end_registered_population,296.9779788513
2016,新北市,三重區,汽車竊盜,41,388581,year_end_registered_population,10.5512106871
2016,新北市,中和區,住宅竊盜,71,414266,year_end_registered_population,17.1387466024
2016,新北市,中和區,強制性交,6,414266,year_end_registered_population,1.4483447833
2016,新北市,中和區,強盜,4,414266,year_end_registered_population,0.9655631889
2016,新北市,中和區,搶奪,2,414266,year_end_registered_population,0.4827815944
2016,新北市,中和區,機車竊盜,123,414266,year_end_registered_population,29.6910680577
2016,新北市,中和區,毒品,854,414266,year_end_registered_population,206.1477408235
2016,新北市,中和區,汽車竊盜,29,414266,year_end_registered_population,7.0003331193
2016,新北市,五股區,住宅竊盜,4,84134,year_end_registered_population,4.7543204887
2016,新北市,五股區,強制性交,1,84134,year_end_registered_population,1.1885801222
2016,新北市,五股區,強盜,1,84134,year_end_registered_population,1.1885801222
2016,新北市,五股區,搶奪,3,84134,year_end_registered_population,3.5657403666
2016,新北市,五股區,機車竊盜,19,84134,year_end_registered_population,22.5830223215
2016,新北市,五股區,毒品,236,84134,year_end_registered_population,280.5049088359
2016,新北市,五股區,汽車竊盜,23,84134,year_end_registered_population,27.3373428103
2016,新北市,八里區,住宅竊盜,5,38167,year_end_registered_population,13.1003222679
2016,新北市,八里區,機車竊盜,9,38167,year_end_registered_population,23.5805800823
2016,新北市,八里區,毒品,104,38167,year_end_registered_population,272.4867031729
2016,新北市,八里區,汽車竊盜,20,38167,year_end_registered_population,52.4012890717
2016,新北市,土城區,住宅竊盜,52,238500,year_end_registered_population,21.8029350105
2016,新北市,土城區,強制性交,3,238500,year_end_registered_population,1.2578616352
2016,新北市,土城區,強盜,2,238500,year_end_registered_population,0.8385744235
2016,新北市,土城區,搶奪,2,238500,year_end_registered_population,0.8385744235
2016,新北市,土城區,機車竊盜,38,238500,year_end_registered_population,15.9329140461
2016,新北市,土城區,毒品,480,238500,year_end_registered_population,201.2578616352
2016,新北市,土城區,汽車竊盜,13,238500,year_end_registered_population,5.4507337526
2016,新北市,坪林區,毒品,2,6538,year_end_registered_population,30.5903946161
2016,新北市,平溪區,住宅竊盜,2,4778,year_end_registered_population,41.8585182085
2016,新北市,平溪區,強制性交,1,4778,year_end_registered_population,20.9292591042
2016,新北市,平溪區,機車竊盜,1,4778,year_end_registered_population,20.9292591042
2016,新北市,平溪區,毒品,11,4778,year_end_registered_population,230.2218501465
2016,新北市,新店區,住宅竊盜,35,301168,year_end_registered_population,11.6214206025
2016,新北市,新店區,強制性交,2,301168,year_end_registered_population,0.6640811773
2016,新北市,新店區,強盜,1,301168,year_end_registered_population,0.3320405886
2016,新北市,新店區,搶奪,2,301168,year_end_registered_population,0.6640811773
2016,新北市,新店區,機車竊盜,32,301168,year_end_registered_population,10.6252988365
2016,新北市,新店區,毒品,436,301168,year_end_registered_population,144.7696966477
2016,新北市,新店區,汽車竊盜,28,301168,year_end_registered_population,9.297136482
2016,新北市,新莊區,住宅竊盜,63,414156,year_end_registered_population,15.2116593747
2016,新北市,新莊區,強制性交,4,414156,year_end_registered_population,0.9658196428
2016,新北市,新莊區,強盜,11,414156,year_end_registered_population,2.6560040178
2016,新北市,新莊區,搶奪,7,414156,year_end_registered_population,1.690184375
2016,新北市,新莊區,機車竊盜,115,414156,year_end_registered_population,27.7673147316
2016,新北市,新莊區,毒品,855,414156,year_end_registered_population,206.443948657
2016,新北市,新莊區,汽車竊盜,32,414156,year_end_registered_population,7.7265571427
2016,新北市,板橋區,住宅竊盜,91,552285,year_end_registered_population,16.4770000996
2016,新北市,板橋區,強制性交,1,552285,year_end_registered_population,0.1810659352
2016,新北市,板橋區,強盜,8,552285,year_end_registered_population,1.4485274813
2016,新北市,板橋區,搶奪,11,552285,year_end_registered_population,1.9917252868
2016,新北市,板橋區,機車竊盜,133,552285,year_end_registered_population,24.0817693763
2016,新北市,板橋區,毒品,1339,552285,year_end_registered_population,242.4472871796
2016,新北市,板橋區,汽車竊盜,17,552285,year_end_registered_population,3.0781208977
2016,新北市,林口區,住宅竊盜,5,103219,year_end_registered_population,4.8440694058
2016,新北市,林口區,強盜,3,103219,year_end_registered_population,2.9064416435
2016,新北市,林口區,機車竊盜,17,103219,year_end_registered_population,16.4698359798
2016,新北市,林口區,毒品,140,103219,year_end_registered_population,135.6339433631
2016,新北市,林口區,汽車竊盜,25,103219,year_end_registered_population,24.2203470291
2016,新北市,樹林區,住宅竊盜,25,184400,year_end_registered_population,13.557483731
2016,新北市,樹林區,強制性交,4,184400,year_end_registered_population,2.169197397
2016,新北市,樹林區,強盜,3,184400,year_end_registered_population,1.6268980477
2016,新北市,樹林區,搶奪,1,184400,year_end_registered_population,0.5422993492
2016,新北市,樹林區,機車竊盜,65,184400,year_end_registered_population,35.2494577007
2016,新北市,樹林區,毒品,383,184400,year_end_registered_population,207.7006507592
2016,新北市,樹林區,汽車竊盜,32,184400,year_end_registered_population,17.3535791757
2016,新北市,永和區,住宅竊盜,34,223999,year_end_registered_population,15.1786391904
2016,新北市,永和區,強盜,2,223999,year_end_registered_population,0.8928611288
2016,新北市,永和區,搶奪,7,223999,year_end_registered_population,3.125013951
2016,新北市,永和區,機車竊盜,38,223999,year_end_registered_population,16.964361448
2016,新北市,永和區,毒品,230,223999,year_end_registered_population,102.6790298171
2016,新北市,永和區,汽車竊盜,6,223999,year_end_registered_population,2.6785833865
2016,新北市,汐止區,住宅竊盜,16,197749,year_end_registered_population,8.0910649359
2016,新北市,汐止區,強制性交,10,197749,year_end_registered_population,5.0569155849
2016,新北市,汐止區,強盜,4,197749,year_end_registered_population,2.022766234
2016,新北市,汐止區,搶奪,4,197749,year_end_registered_population,2.022766234
2016,新北市,汐止區,機車竊盜,51,197749,year_end_registered_population,25.790269483
2016,新北市,汐止區,毒品,325,197749,year_end_registered_population,164.3497565095
2016,新北市,汐止區,汽車竊盜,23,197749,year_end_registered_population,11.6309058453
2016,新北市,泰山區,住宅竊盜,12,78817,year_end_registered_population,15.2251417841
2016,新北市,泰山區,強盜,1,78817,year_end_registered_population,1.2687618153
2016,新北市,泰山區,搶奪,1,78817,year_end_registered_population,1.2687618153
2016,新北市,泰山區,機車竊盜,23,78817,year_end_registered_population,29.1815217529
2016,新北市,泰山區,毒品,140,78817,year_end_registered_population,177.6266541482
2016,新北市,泰山區,汽車竊盜,8,78817,year_end_registered_population,10.1500945228
2016,新北市,淡水區,住宅竊盜,5,165765,year_end_registered_population,3.0163182819
2016,新北市,淡水區,強盜,3,165765,year_end_registered_population,1.8097909691
2016,新北市,淡水區,搶奪,3,165765,year_end_registered_population,1.8097909691
2016,新北市,淡水區,機車竊盜,51,165765,year_end_registered_population,30.7664464754
2016,新北市,淡水區,毒品,135,165765,year_end_registered_population,81.4405936114
2016,新北市,淡水區,汽車竊盜,18,165765,year_end_registered_population,10.8587458149
2016,新北市,深坑區,住宅竊盜,9,23683,year_end_registered_population,38.0019423215
2016,新北市,深坑區,機車竊盜,2,23683,year_end_registered_population,8.4448760714
2016,新北市,深坑區,毒品,22,23683,year_end_registered_population,92.8936367859
2016,新北市,深坑區,汽車竊盜,2,23683,year_end_registered_population,8.4448760714
2016,新北市,烏來區,住宅竊盜,1,6212,year_end_registered_population,16.0978750805
2016,新北市,烏來區,毒品,29,6212,year_end_registered_population,466.8383773342
2016,新北市,瑞芳區,住宅竊盜,20,40600,year_end_registered_population,49.2610837438
2016,新北市,瑞芳區,強制性交,1,40600,year_end_registered_population,2.4630541872
2016,新北市,瑞芳區,強盜,2,40600,year_end_registered_population,4.9261083744
2016,新北市,瑞芳區,機車竊盜,3,40600,year_end_registered_population,7.3891625616
2016,新北市,瑞芳區,毒品,119,40600,year_end_registered_population,293.1034482759
2016,新北市,瑞芳區,汽車竊盜,1,40600,year_end_registered_population,2.4630541872
2016,新北市,石碇區,住宅竊盜,1,7736,year_end_registered_population,12.9265770424
2016,新北市,石碇區,強盜,2,7736,year_end_registered_population,25.8531540848
2016,新北市,石碇區,毒品,6,7736,year_end_registered_population,77.5594622544
2016,新北市,石門區,住宅竊盜,2,12496,year_end_registered_population,16.0051216389
2016,新北市,石門區,毒品,28,12496,year_end_registered_population,224.0717029449
2016,新北市,萬里區,住宅竊盜,3,22490,year_end_registered_population,13.3392618942
2016,新北市,萬里區,強制性交,1,22490,year_end_registered_population,4.4464206314
2016,新北市,萬里區,強盜,1,22490,year_end_registered_population,4.4464206314
2016,新北市,萬里區,機車竊盜,2,22490,year_end_registered_population,8.8928412628
2016,新北市,萬里區,毒品,35,22490,year_end_registered_population,155.6247220987
2016,新北市,萬里區,汽車竊盜,3,22490,year_end_registered_population,13.3392618942
2016,新北市,蘆洲區,住宅竊盜,17,200702,year_end_registered_population,8.4702693546
2016,新北市,蘆洲區,強制性交,2,200702,year_end_registered_population,0.996502277
2016,新北市,蘆洲區,強盜,3,200702,year_end_registered_population,1.4947534155
2016,新北市,蘆洲區,搶奪,1,200702,year_end_registered_population,0.4982511385
2016,新北市,蘆洲區,機車竊盜,37,200702,year_end_registered_population,18.4352921246
2016,新北市,蘆洲區,毒品,429,200702,year_end_registered_population,213.7497384182
2016,新北市,蘆洲區,汽車竊盜,12,200702,year_end_registered_population,5.979013662
2016,新北市,貢寮區,住宅竊盜,1,12706,year_end_registered_population,7.8702974972
2016,新北市,貢寮區,機車竊盜,1,12706,year_end_registered_population,7.8702974972
2016,新北市,貢寮區,毒品,25,12706,year_end_registered_population,196.7574374311
2016,新北市,金山區,住宅竊盜,8,22207,year_end_registered_population,36.0246769037
2016,新北市,金山區,搶奪,1,22207,year_end_registered_population,4.503084613
2016,新北市,金山區,機車竊盜,2,22207,year_end_registered_population,9.0061692259
2016,新北市,金山區,毒品,32,22207,year_end_registered_population,144.0987076147
2016,新北市,金山區,汽車竊盜,1,22207,year_end_registered_population,4.503084613
2016,新北市,雙溪區,住宅竊盜,4,9074,year_end_registered_population,44.0819925061
2016,新北市,雙溪區,機車竊盜,1,9074,year_end_registered_population,11.0204981265
2016,新北市,雙溪區,毒品,18,9074,year_end_registered_population,198.3689662773
2016,新北市,鶯歌區,住宅竊盜,3,87231,year_end_registered_population,3.4391443409
2016,新北市,鶯歌區,強制性交,1,87231,year_end_registered_population,1.146381447
2016,新北市,鶯歌區,強盜,2,87231,year_end_registered_population,2.2927628939
2016,新北市,鶯歌區,搶奪,2,87231,year_end_registered_population,2.2927628939
2016,新北市,鶯歌區,機車竊盜,79,87231,year_end_registered_population,90.5641343101
2016,新北市,鶯歌區,毒品,145,87231,year_end_registered_population,166.2253098096
2016,新北市,鶯歌區,汽車竊盜,30,87231,year_end_registered_population,34.3914434089
2016,新竹市,北區,住宅竊盜,17,149993,year_end_registered_population,11.3338622469
2016,新竹市,北區,強制性交,4,149993,year_end_registered_population,2.6667911169
2016,新竹市,北區,強盜,1,149993,year_end_registered_population,0.6666977792
2016,新竹市,北區,搶奪,4,149993,year_end_registered_population,2.6667911169
2016,新竹市,北區,機車竊盜,35,149993,year_end_registered_population,23.334422273
2016,新竹市,北區,毒品,147,149993,year_end_registered_population,98.0045735468
2016,新竹市,北區,汽車竊盜,33,149993,year_end_registered_population,22.0010267146
2016,新竹市,東區,住宅竊盜,44,209826,year_end_registered_population,20.969755893
2016,新竹市,東區,強制性交,2,209826,year_end_registered_population,0.9531707224
2016,新竹市,東區,搶奪,3,209826,year_end_registered_population,1.4297560836
2016,新竹市,東區,機車竊盜,52,209826,year_end_registered_population,24.7824387826
2016,新竹市,東區,毒品,152,209826,year_end_registered_population,72.440974903
2016,新竹市,東區,汽車竊盜,46,209826,year_end_registered_population,21.9229266154
2016,新竹市,香山區,住宅竊盜,12,77518,year_end_registered_population,15.4802755489
2016,新竹市,香山區,強制性交,5,77518,year_end_registered_population,6.450114812
2016,新竹市,香山區,強盜,1,77518,year_end_registered_population,1.2900229624
2016,新竹市,香山區,機車竊盜,26,77518,year_end_registered_population,33.5405970226
2016,新竹市,香山區,毒品,70,77518,year_end_registered_population,90.3016073686
2016,新竹市,香山區,汽車竊盜,26,77518,year_end_registered_population,33.5405970226
2016,新竹縣,五峰鄉,機車竊盜,1,4562,year_end_registered_population,21.920210434
2016,新竹縣,五峰鄉,毒品,25,4562,year_end_registered_population,548.0052608505
2016,新竹縣,北埔鄉,住宅竊盜,1,9531,year_end_registered_population,10.4920784807
2016,新竹縣,北埔鄉,機車竊盜,4,9531,year_end_registered_population,41.968313923
2016,新竹縣,北埔鄉,毒品,15,9531,year_end_registered_population,157.3811772112
2016,新竹縣,北埔鄉,汽車竊盜,1,9531,year_end_registered_population,10.4920784807
2016,新竹縣,寶山鄉,住宅竊盜,3,14378,year_end_registered_population,20.8652107386
2016,新竹縣,寶山鄉,強制性交,1,14378,year_end_registered_population,6.9550702462
2016,新竹縣,寶山鄉,機車竊盜,1,14378,year_end_registered_population,6.9550702462
2016,新竹縣,寶山鄉,毒品,29,14378,year_end_registered_population,201.6970371401
2016,新竹縣,寶山鄉,汽車竊盜,4,14378,year_end_registered_population,27.8202809848
2016,新竹縣,尖石鄉,毒品,17,9412,year_end_registered_population,180.6204844879
2016,新竹縣,峨眉鄉,住宅竊盜,1,5593,year_end_registered_population,17.8794922224
2016,新竹縣,峨眉鄉,機車竊盜,1,5593,year_end_registered_population,17.8794922224
2016,新竹縣,峨眉鄉,毒品,7,5593,year_end_registered_population,125.1564455569
2016,新竹縣,新埔鎮,住宅竊盜,2,33737,year_end_registered_population,5.9282093844
2016,新竹縣,新埔鎮,強盜,1,33737,year_end_registered_population,2.9641046922
2016,新竹縣,新埔鎮,機車竊盜,7,33737,year_end_registered_population,20.7487328452
2016,新竹縣,新埔鎮,毒品,35,33737,year_end_registered_population,103.7436642262
2016,新竹縣,新埔鎮,汽車竊盜,13,33737,year_end_registered_population,38.5333609983
2016,新竹縣,新豐鄉,住宅竊盜,5,56452,year_end_registered_population,8.8570821229
2016,新竹縣,新豐鄉,強盜,2,56452,year_end_registered_population,3.5428328491
2016,新竹縣,新豐鄉,搶奪,3,56452,year_end_registered_population,5.3142492737
2016,新竹縣,新豐鄉,機車竊盜,20,56452,year_end_registered_population,35.4283284915
2016,新竹縣,新豐鄉,毒品,56,56452,year_end_registered_population,99.1993197761
2016,新竹縣,新豐鄉,汽車竊盜,44,56452,year_end_registered_population,77.9423226812
2016,新竹縣,橫山鄉,住宅竊盜,5,13298,year_end_registered_population,37.5996390435
2016,新竹縣,橫山鄉,機車竊盜,7,13298,year_end_registered_population,52.6394946609
2016,新竹縣,橫山鄉,毒品,15,13298,year_end_registered_population,112.7989171304
2016,新竹縣,橫山鄉,汽車竊盜,2,13298,year_end_registered_population,15.0398556174
2016,新竹縣,湖口鄉,住宅竊盜,4,77524,year_end_registered_population,5.1596924823
2016,新竹縣,湖口鄉,強盜,1,77524,year_end_registered_population,1.2899231206
2016,新竹縣,湖口鄉,搶奪,4,77524,year_end_registered_population,5.1596924823
2016,新竹縣,湖口鄉,機車竊盜,42,77524,year_end_registered_population,54.1767710644
2016,新竹縣,湖口鄉,毒品,147,77524,year_end_registered_population,189.6186987256
2016,新竹縣,湖口鄉,汽車竊盜,93,77524,year_end_registered_population,119.9628502141
2016,新竹縣,竹北市,住宅竊盜,10,176604,year_end_registered_population,5.6623859029
2016,新竹縣,竹北市,強制性交,1,176604,year_end_registered_population,0.5662385903
2016,新竹縣,竹北市,強盜,3,176604,year_end_registered_population,1.6987157709
2016,新竹縣,竹北市,搶奪,2,176604,year_end_registered_population,1.1324771806
2016,新竹縣,竹北市,機車竊盜,38,176604,year_end_registered_population,21.5170664311
2016,新竹縣,竹北市,毒品,240,176604,year_end_registered_population,135.8972616702
2016,新竹縣,竹北市,汽車竊盜,118,176604,year_end_registered_population,66.8161536545
2016,新竹縣,竹東鎮,住宅竊盜,23,96817,year_end_registered_population,23.7561585259
2016,新竹縣,竹東鎮,強制性交,2,96817,year_end_registered_population,2.0657529153
2016,新竹縣,竹東鎮,強盜,1,96817,year_end_registered_population,1.0328764576
2016,新竹縣,竹東鎮,搶奪,2,96817,year_end_registered_population,2.0657529153
2016,新竹縣,竹東鎮,機車竊盜,28,96817,year_end_registered_population,28.9205408141
2016,新竹縣,竹東鎮,毒品,161,96817,year_end_registered_population,166.2931096812
2016,新竹縣,竹東鎮,汽車竊盜,46,96817,year_end_registered_population,47.5123170518
2016,新竹縣,芎林鄉,住宅竊盜,8,20165,year_end_registered_population,39.6727002232
2016,新竹縣,芎林鄉,機車竊盜,4,20165,year_end_registered_population,19.8363501116
2016,新竹縣,芎林鄉,毒品,24,20165,year_end_registered_population,119.0181006695
2016,新竹縣,芎林鄉,汽車竊盜,10,20165,year_end_registered_population,49.5908752789
2016,新竹縣,關西鎮,住宅竊盜,6,29408,year_end_registered_population,20.4026115343
2016,新竹縣,關西鎮,強制性交,1,29408,year_end_registered_population,3.4004352557
2016,新竹縣,關西鎮,強盜,2,29408,year_end_registered_population,6.8008705114
2016,新竹縣,關西鎮,機車竊盜,15,29408,year_end_registered_population,51.0065288357
2016,新竹縣,關西鎮,毒品,54,29408,year_end_registered_population,183.6235038085
2016,新竹縣,關西鎮,汽車竊盜,11,29408,year_end_registered_population,37.4047878128
2016,桃園市,中壢區,住宅竊盜,20,396453,year_end_registered_population,5.0447341803
2016,桃園市,中壢區,強制性交,3,396453,year_end_registered_population,0.7567101271
2016,桃園市,中壢區,強盜,9,396453,year_end_registered_population,2.2701303812
2016,桃園市,中壢區,搶奪,4,396453,year_end_registered_population,1.0089468361
2016,桃園市,中壢區,機車竊盜,409,396453,year_end_registered_population,103.164813988
2016,桃園市,中壢區,毒品,1114,396453,year_end_registered_population,280.9916938452
2016,桃園市,中壢區,汽車竊盜,206,396453,year_end_registered_population,51.9607620575
2016,桃園市,八德區,住宅竊盜,6,192922,year_end_registered_population,3.1100652077
2016,桃園市,八德區,強制性交,3,192922,year_end_registered_population,1.5550326039
2016,桃園市,八德區,強盜,2,192922,year_end_registered_population,1.0366884026
2016,桃園市,八德區,搶奪,3,192922,year_end_registered_population,1.5550326039
2016,桃園市,八德區,機車竊盜,77,192922,year_end_registered_population,39.9125034988
2016,桃園市,八德區,毒品,488,192922,year_end_registered_population,252.9519702263
2016,桃園市,八德區,汽車竊盜,88,192922,year_end_registered_population,45.6142897129
2016,桃園市,大園區,住宅竊盜,5,87158,year_end_registered_population,5.7367080475
2016,桃園市,大園區,強盜,2,87158,year_end_registered_population,2.294683219
2016,桃園市,大園區,機車竊盜,27,87158,year_end_registered_population,30.9782234563
2016,桃園市,大園區,毒品,140,87158,year_end_registered_population,160.6278253287
2016,桃園市,大園區,汽車竊盜,33,87158,year_end_registered_population,37.8622731132
2016,桃園市,大溪區,住宅竊盜,1,94102,year_end_registered_population,1.06267667
2016,桃園市,大溪區,強盜,3,94102,year_end_registered_population,3.18803001
2016,桃園市,大溪區,搶奪,1,94102,year_end_registered_population,1.06267667
2016,桃園市,大溪區,機車竊盜,32,94102,year_end_registered_population,34.0056534399
2016,桃園市,大溪區,毒品,204,94102,year_end_registered_population,216.7860406793
2016,桃園市,大溪區,汽車竊盜,103,94102,year_end_registered_population,109.4556970096
2016,桃園市,平鎮區,住宅竊盜,11,221587,year_end_registered_population,4.9641901375
2016,桃園市,平鎮區,強制性交,5,221587,year_end_registered_population,2.2564500625
2016,桃園市,平鎮區,強盜,1,221587,year_end_registered_population,0.4512900125
2016,桃園市,平鎮區,搶奪,1,221587,year_end_registered_population,0.4512900125
2016,桃園市,平鎮區,機車竊盜,107,221587,year_end_registered_population,48.2880313376
2016,桃園市,平鎮區,毒品,446,221587,year_end_registered_population,201.2753455753
2016,桃園市,平鎮區,汽車竊盜,64,221587,year_end_registered_population,28.8825608
2016,桃園市,復興區,機車竊盜,1,11192,year_end_registered_population,8.9349535382
2016,桃園市,復興區,毒品,12,11192,year_end_registered_population,107.2194424589
2016,桃園市,復興區,汽車竊盜,6,11192,year_end_registered_population,53.6097212294
2016,桃園市,新屋區,住宅竊盜,4,48772,year_end_registered_population,8.2014270483
2016,桃園市,新屋區,機車竊盜,9,48772,year_end_registered_population,18.4532108587
2016,桃園市,新屋區,毒品,59,48772,year_end_registered_population,120.9710489625
2016,桃園市,新屋區,汽車竊盜,30,48772,year_end_registered_population,61.5107028623
2016,桃園市,桃園區,住宅竊盜,39,434243,year_end_registered_population,8.9811465009
2016,桃園市,桃園區,強制性交,5,434243,year_end_registered_population,1.1514290386
2016,桃園市,桃園區,強盜,4,434243,year_end_registered_population,0.9211432309
2016,桃園市,桃園區,搶奪,4,434243,year_end_registered_population,0.9211432309
2016,桃園市,桃園區,機車竊盜,242,434243,year_end_registered_population,55.7291654673
2016,桃園市,桃園區,毒品,1350,434243,year_end_registered_population,310.8858404165
2016,桃園市,桃園區,汽車竊盜,106,434243,year_end_registered_population,24.4102956179
2016,桃園市,楊梅區,住宅竊盜,10,163959,year_end_registered_population,6.099085747
2016,桃園市,楊梅區,搶奪,4,163959,year_end_registered_population,2.4396342988
2016,桃園市,楊梅區,機車竊盜,62,163959,year_end_registered_population,37.8143316317
2016,桃園市,楊梅區,毒品,167,163959,year_end_registered_population,101.8547319757
2016,桃園市,楊梅區,汽車竊盜,105,163959,year_end_registered_population,64.040400344
2016,桃園市,蘆竹區,住宅竊盜,9,158802,year_end_registered_population,5.667434919
2016,桃園市,蘆竹區,強盜,1,158802,year_end_registered_population,0.629714991
2016,桃園市,蘆竹區,搶奪,2,158802,year_end_registered_population,1.259429982
2016,桃園市,蘆竹區,機車竊盜,47,158802,year_end_registered_population,29.5966045768
2016,桃園市,蘆竹區,毒品,167,158802,year_end_registered_population,105.1624034962
2016,桃園市,蘆竹區,汽車竊盜,39,158802,year_end_registered_population,24.5588846488
2016,桃園市,觀音區,住宅竊盜,2,65555,year_end_registered_population,3.0508733125
2016,桃園市,觀音區,機車竊盜,16,65555,year_end_registered_population,24.4069864999
2016,桃園市,觀音區,毒品,94,65555,year_end_registered_population,143.3910456868
2016,桃園市,觀音區,汽車竊盜,39,65555,year_end_registered_population,59.4920295935
2016,桃園市,龍潭區,住宅竊盜,12,120201,year_end_registered_population,9.9832780093
2016,桃園市,龍潭區,強盜,2,120201,year_end_registered_population,1.6638796682
2016,桃園市,龍潭區,搶奪,1,120201,year_end_registered_population,0.8319398341
2016,桃園市,龍潭區,機車竊盜,68,120201,year_end_registered_population,56.5719087196
2016,桃園市,龍潭區,毒品,210,120201,year_end_registered_population,174.7073651634
2016,桃園市,龍潭區,汽車竊盜,82,120201,year_end_registered_population,68.2190663971
2016,桃園市,龜山區,住宅竊盜,27,152817,year_end_registered_population,17.6681913661
2016,桃園市,龜山區,強盜,4,152817,year_end_registered_population,2.617509832
2016,桃園市,龜山區,搶奪,2,152817,year_end_registered_population,1.308754916
2016,桃園市,龜山區,機車竊盜,69,152817,year_end_registered_population,45.1520446024
2016,桃園市,龜山區,毒品,372,152817,year_end_registered_population,243.428414378
2016,桃園市,龜山區,汽車竊盜,69,152817,year_end_registered_population,45.1520446024
2016,澎湖縣,七美鄉,住宅竊盜,2,3755,year_end_registered_population,53.2623169108
2016,澎湖縣,七美鄉,毒品,1,3755,year_end_registered_population,26.6311584554
2016,澎湖縣,望安鄉,毒品,1,5131,year_end_registered_population,19.4893782888
2016,澎湖縣,湖西鄉,強制性交,1,14435,year_end_registered_population,6.927606512
2016,澎湖縣,湖西鄉,毒品,4,14435,year_end_registered_population,27.7104260478
2016,澎湖縣,湖西鄉,汽車竊盜,3,14435,year_end_registered_population,20.7828195359
2016,澎湖縣,白沙鄉,住宅竊盜,5,9799,year_end_registered_population,51.0256148587
2016,澎湖縣,西嶼鄉,住宅竊盜,3,8403,year_end_registered_population,35.701535166
2016,澎湖縣,西嶼鄉,汽車竊盜,2,8403,year_end_registered_population,23.801023444
2016,澎湖縣,馬公市,住宅竊盜,16,61740,year_end_registered_population,25.9151279559
2016,澎湖縣,馬公市,強制性交,3,61740,year_end_registered_population,4.8590864917
2016,澎湖縣,馬公市,機車竊盜,12,61740,year_end_registered_population,19.436345967
2016,澎湖縣,馬公市,毒品,30,61740,year_end_registered_population,48.5908649174
2016,澎湖縣,馬公市,汽車竊盜,3,61740,year_end_registered_population,4.8590864917
2016,臺中市,中區,住宅竊盜,1,18708,year_end_registered_population,5.3453068206
2016,臺中市,中區,搶奪,3,18708,year_end_registered_population,16.0359204618
2016,臺中市,中區,機車竊盜,33,18708,year_end_registered_population,176.3951250802
2016,臺中市,中區,毒品,124,18708,year_end_registered_population,662.8180457558
2016,臺中市,中區,汽車竊盜,5,18708,year_end_registered_population,26.7265341031
2016,臺中市,北區,住宅竊盜,25,147585,year_end_registered_population,16.9393908595
2016,臺中市,北區,強盜,4,147585,year_end_registered_population,2.7103025375
2016,臺中市,北區,搶奪,1,147585,year_end_registered_population,0.6775756344
2016,臺中市,北區,機車竊盜,44,147585,year_end_registered_population,29.8133279127
2016,臺中市,北區,毒品,368,147585,year_end_registered_population,249.3478334519
2016,臺中市,北區,汽車竊盜,8,147585,year_end_registered_population,5.420605075
2016,臺中市,北屯區,住宅竊盜,14,270547,year_end_registered_population,5.174701623
2016,臺中市,北屯區,強制性交,1,270547,year_end_registered_population,0.3696215445
2016,臺中市,北屯區,強盜,2,270547,year_end_registered_population,0.739243089
2016,臺中市,北屯區,機車竊盜,67,270547,year_end_registered_population,24.7646434815
2016,臺中市,北屯區,毒品,286,270547,year_end_registered_population,105.7117617272
2016,臺中市,北屯區,汽車竊盜,21,270547,year_end_registered_population,7.7620524345
2016,臺中市,南區,住宅竊盜,15,123502,year_end_registered_population,12.1455522987
2016,臺中市,南區,強制性交,2,123502,year_end_registered_population,1.6194069732
2016,臺中市,南區,強盜,1,123502,year_end_registered_population,0.8097034866
2016,臺中市,南區,機車竊盜,27,123502,year_end_registered_population,21.8619941377
2016,臺中市,南區,毒品,55,123502,year_end_registered_population,44.5336917621
2016,臺中市,南區,汽車竊盜,5,123502,year_end_registered_population,4.0485174329
2016,臺中市,南屯區,住宅竊盜,4,166685,year_end_registered_population,2.399736029
2016,臺中市,南屯區,強盜,1,166685,year_end_registered_population,0.5999340073
2016,臺中市,南屯區,搶奪,1,166685,year_end_registered_population,0.5999340073
2016,臺中市,南屯區,機車竊盜,17,166685,year_end_registered_population,10.1988781234
2016,臺中市,南屯區,毒品,94,166685,year_end_registered_population,56.3937966824
2016,臺中市,南屯區,汽車竊盜,14,166685,year_end_registered_population,8.3990761016
2016,臺中市,后里區,住宅竊盜,1,54332,year_end_registered_population,1.8405359641
2016,臺中市,后里區,強盜,2,54332,year_end_registered_population,3.6810719281
2016,臺中市,后里區,機車竊盜,4,54332,year_end_registered_population,7.3621438563
2016,臺中市,后里區,毒品,54,54332,year_end_registered_population,99.3889420599
2016,臺中市,后里區,汽車竊盜,6,54332,year_end_registered_population,11.0432157844
2016,臺中市,和平區,機車竊盜,1,10795,year_end_registered_population,9.2635479389
2016,臺中市,和平區,毒品,4,10795,year_end_registered_population,37.0541917554
2016,臺中市,和平區,汽車竊盜,1,10795,year_end_registered_population,9.2635479389
2016,臺中市,外埔區,毒品,34,32034,year_end_registered_population,106.137229194
2016,臺中市,外埔區,汽車竊盜,3,32034,year_end_registered_population,9.3650496348
2016,臺中市,大安區,搶奪,1,19409,year_end_registered_population,5.1522489567
2016,臺中市,大安區,機車竊盜,1,19409,year_end_registered_population,5.1522489567
2016,臺中市,大安區,毒品,35,19409,year_end_registered_population,180.3287134834
2016,臺中市,大甲區,強制性交,1,77656,year_end_registered_population,1.2877305038
2016,臺中市,大甲區,機車竊盜,7,77656,year_end_registered_population,9.0141135263
2016,臺中市,大甲區,毒品,108,77656,year_end_registered_population,139.0748944061
2016,臺中市,大甲區,汽車竊盜,10,77656,year_end_registered_population,12.8773050376
2016,臺中市,大肚區,強制性交,2,57207,year_end_registered_population,3.4960756551
2016,臺中市,大肚區,搶奪,1,57207,year_end_registered_population,1.7480378275
2016,臺中市,大肚區,機車竊盜,9,57207,year_end_registered_population,15.7323404478
2016,臺中市,大肚區,毒品,46,57207,year_end_registered_population,80.4097400668
2016,臺中市,大肚區,汽車竊盜,3,57207,year_end_registered_population,5.2441134826
2016,臺中市,大里區,住宅竊盜,2,210285,year_end_registered_population,0.9510901871
2016,臺中市,大里區,強制性交,2,210285,year_end_registered_population,0.9510901871
2016,臺中市,大里區,搶奪,5,210285,year_end_registered_population,2.3777254678
2016,臺中市,大里區,機車竊盜,43,210285,year_end_registered_population,20.4484390232
2016,臺中市,大里區,毒品,216,210285,year_end_registered_population,102.7177402097
2016,臺中市,大里區,汽車竊盜,8,210285,year_end_registered_population,3.8043607485
2016,臺中市,大雅區,住宅竊盜,5,94488,year_end_registered_population,5.29167725
2016,臺中市,大雅區,機車竊盜,19,94488,year_end_registered_population,20.1083735501
2016,臺中市,大雅區,毒品,88,94488,year_end_registered_population,93.1335196004
2016,臺中市,大雅區,汽車竊盜,9,94488,year_end_registered_population,9.52501905
2016,臺中市,太平區,住宅竊盜,6,186271,year_end_registered_population,3.2211133241
2016,臺中市,太平區,強盜,2,186271,year_end_registered_population,1.0737044414
2016,臺中市,太平區,搶奪,2,186271,year_end_registered_population,1.0737044414
2016,臺中市,太平區,機車竊盜,32,186271,year_end_registered_population,17.1792710621
2016,臺中市,太平區,毒品,169,186271,year_end_registered_population,90.7280252965
2016,臺中市,太平區,汽車竊盜,14,186271,year_end_registered_population,7.5159310896
2016,臺中市,新社區,住宅竊盜,3,24947,year_end_registered_population,12.0254940474
2016,臺中市,新社區,機車竊盜,7,24947,year_end_registered_population,28.0594861106
2016,臺中市,新社區,毒品,11,24947,year_end_registered_population,44.0934781737
2016,臺中市,新社區,汽車竊盜,2,24947,year_end_registered_population,8.0169960316
2016,臺中市,東勢區,住宅竊盜,1,50952,year_end_registered_population,1.9626314963
2016,臺中市,東勢區,強制性交,1,50952,year_end_registered_population,1.9626314963
2016,臺中市,東勢區,機車竊盜,9,50952,year_end_registered_population,17.6636834668
2016,臺中市,東勢區,毒品,43,50952,year_end_registered_population,84.3931543413
2016,臺中市,東勢區,汽車竊盜,4,50952,year_end_registered_population,7.8505259852
2016,臺中市,東區,住宅竊盜,13,75396,year_end_registered_population,17.2422940209
2016,臺中市,東區,強制性交,6,75396,year_end_registered_population,7.9579818558
2016,臺中市,東區,機車竊盜,22,75396,year_end_registered_population,29.1792668046
2016,臺中市,東區,毒品,114,75396,year_end_registered_population,151.2016552602
2016,臺中市,東區,汽車竊盜,17,75396,year_end_registered_population,22.5476152581
2016,臺中市,梧棲區,住宅竊盜,1,57645,year_end_registered_population,1.7347558331
2016,臺中市,梧棲區,強制性交,2,57645,year_end_registered_population,3.4695116662
2016,臺中市,梧棲區,機車竊盜,10,57645,year_end_registered_population,17.3475583312
2016,臺中市,梧棲區,毒品,59,57645,year_end_registered_population,102.3505941539
2016,臺中市,梧棲區,汽車竊盜,6,57645,year_end_registered_population,10.4085349987
2016,臺中市,沙鹿區,住宅竊盜,2,91338,year_end_registered_population,2.189669141
2016,臺中市,沙鹿區,強制性交,3,91338,year_end_registered_population,3.2845037115
2016,臺中市,沙鹿區,強盜,2,91338,year_end_registered_population,2.189669141
2016,臺中市,沙鹿區,搶奪,2,91338,year_end_registered_population,2.189669141
2016,臺中市,沙鹿區,機車竊盜,25,91338,year_end_registered_population,27.3708642624
2016,臺中市,沙鹿區,毒品,120,91338,year_end_registered_population,131.3801484596
2016,臺中市,沙鹿區,汽車竊盜,12,91338,year_end_registered_population,13.138014846
2016,臺中市,清水區,搶奪,1,86350,year_end_registered_population,1.1580775912
2016,臺中市,清水區,機車竊盜,10,86350,year_end_registered_population,11.580775912
2016,臺中市,清水區,毒品,98,86350,year_end_registered_population,113.4916039375
2016,臺中市,清水區,汽車竊盜,8,86350,year_end_registered_population,9.2646207296
2016,臺中市,潭子區,住宅竊盜,9,107530,year_end_registered_population,8.369757277
2016,臺中市,潭子區,機車竊盜,16,107530,year_end_registered_population,14.8795684925
2016,臺中市,潭子區,毒品,147,107530,year_end_registered_population,136.706035525
2016,臺中市,潭子區,汽車竊盜,9,107530,year_end_registered_population,8.369757277
2016,臺中市,烏日區,住宅竊盜,4,73647,year_end_registered_population,5.4313142423
2016,臺中市,烏日區,搶奪,1,73647,year_end_registered_population,1.3578285606
2016,臺中市,烏日區,機車竊盜,15,73647,year_end_registered_population,20.3674284085
2016,臺中市,烏日區,毒品,78,73647,year_end_registered_population,105.9106277241
2016,臺中市,烏日區,汽車竊盜,4,73647,year_end_registered_population,5.4313142423
2016,臺中市,石岡區,搶奪,1,15174,year_end_registered_population,6.5902201134
2016,臺中市,石岡區,機車竊盜,2,15174,year_end_registered_population,13.1804402267
2016,臺中市,石岡區,毒品,4,15174,year_end_registered_population,26.3608804534
2016,臺中市,石岡區,汽車竊盜,1,15174,year_end_registered_population,6.5902201134
2016,臺中市,神岡區,住宅竊盜,3,65496,year_end_registered_population,4.5804323928
2016,臺中市,神岡區,機車竊盜,2,65496,year_end_registered_population,3.0536215952
2016,臺中市,神岡區,毒品,42,65496,year_end_registered_population,64.1260534995
2016,臺中市,神岡區,汽車竊盜,4,65496,year_end_registered_population,6.1072431904
2016,臺中市,西區,住宅竊盜,5,115747,year_end_registered_population,4.319766387
2016,臺中市,西區,強制性交,1,115747,year_end_registered_population,0.8639532774
2016,臺中市,西區,強盜,3,115747,year_end_registered_population,2.5918598322
2016,臺中市,西區,搶奪,2,115747,year_end_registered_population,1.7279065548
2016,臺中市,西區,機車竊盜,40,115747,year_end_registered_population,34.5581310963
2016,臺中市,西區,毒品,89,115747,year_end_registered_population,76.8918416892
2016,臺中市,西區,汽車竊盜,7,115747,year_end_registered_population,6.0476729418
2016,臺中市,西屯區,住宅竊盜,16,224601,year_end_registered_population,7.1237438836
2016,臺中市,西屯區,強制性交,2,224601,year_end_registered_population,0.8904679854
2016,臺中市,西屯區,強盜,2,224601,year_end_registered_population,0.8904679854
2016,臺中市,西屯區,搶奪,1,224601,year_end_registered_population,0.4452339927
2016,臺中市,西屯區,機車竊盜,58,224601,year_end_registered_population,25.823571578
2016,臺中市,西屯區,毒品,287,224601,year_end_registered_population,127.782155912
2016,臺中市,西屯區,汽車竊盜,26,224601,year_end_registered_population,11.5760838108
2016,臺中市,豐原區,住宅竊盜,9,166778,year_end_registered_population,5.396395208
2016,臺中市,豐原區,強盜,1,166778,year_end_registered_population,0.5995994676
2016,臺中市,豐原區,機車竊盜,33,166778,year_end_registered_population,19.7867824293
2016,臺中市,豐原區,毒品,187,166778,year_end_registered_population,112.1251004329
2016,臺中市,豐原區,汽車竊盜,17,166778,year_end_registered_population,10.1931909484
2016,臺中市,霧峰區,住宅竊盜,1,64898,year_end_registered_population,1.540879534
2016,臺中市,霧峰區,強制性交,1,64898,year_end_registered_population,1.540879534
2016,臺中市,霧峰區,強盜,1,64898,year_end_registered_population,1.540879534
2016,臺中市,霧峰區,搶奪,1,64898,year_end_registered_population,1.540879534
2016,臺中市,霧峰區,機車竊盜,12,64898,year_end_registered_population,18.4905544085
2016,臺中市,霧峰區,毒品,48,64898,year_end_registered_population,73.9622176338
2016,臺中市,霧峰區,汽車竊盜,11,64898,year_end_registered_population,16.9496748744
2016,臺中市,龍井區,住宅竊盜,4,77236,year_end_registered_population,5.1789321042
2016,臺中市,龍井區,強盜,1,77236,year_end_registered_population,1.2947330261
2016,臺中市,龍井區,搶奪,1,77236,year_end_registered_population,1.2947330261
2016,臺中市,龍井區,機車竊盜,10,77236,year_end_registered_population,12.9473302605
2016,臺中市,龍井區,毒品,76,77236,year_end_registered_population,98.3997099798
2016,臺中市,龍井區,汽車竊盜,3,77236,year_end_registered_population,3.8841990782
2016,臺北市,中山區,住宅竊盜,52,231247,year_end_registered_population,22.4867782069
2016,臺北市,中山區,強制性交,13,231247,year_end_registered_population,5.6216945517
2016,臺北市,中山區,強盜,8,231247,year_end_registered_population,3.4595043395
2016,臺北市,中山區,搶奪,4,231247,year_end_registered_population,1.7297521698
2016,臺北市,中山區,機車竊盜,37,231247,year_end_registered_population,16.0002075703
2016,臺北市,中山區,毒品,808,231247,year_end_registered_population,349.4099382911
2016,臺北市,中山區,汽車竊盜,5,231247,year_end_registered_population,2.1621902122
2016,臺北市,中正區,住宅竊盜,29,160403,year_end_registered_population,18.0794623542
2016,臺北市,中正區,強制性交,2,160403,year_end_registered_population,1.2468594727
2016,臺北市,中正區,強盜,1,160403,year_end_registered_population,0.6234297364
2016,臺北市,中正區,搶奪,3,160403,year_end_registered_population,1.8702892091
2016,臺北市,中正區,機車竊盜,16,160403,year_end_registered_population,9.9748757816
2016,臺北市,中正區,毒品,202,160403,year_end_registered_population,125.932806743
2016,臺北市,中正區,汽車竊盜,3,160403,year_end_registered_population,1.8702892091
2016,臺北市,信義區,住宅竊盜,25,227823,year_end_registered_population,10.9734311286
2016,臺北市,信義區,強制性交,6,227823,year_end_registered_population,2.6336234709
2016,臺北市,信義區,強盜,3,227823,year_end_registered_population,1.3168117354
2016,臺北市,信義區,搶奪,2,227823,year_end_registered_population,0.8778744903
2016,臺北市,信義區,機車竊盜,17,227823,year_end_registered_population,7.4619331674
2016,臺北市,信義區,毒品,211,227823,year_end_registered_population,92.615758725
2016,臺北市,信義區,汽車竊盜,1,227823,year_end_registered_population,0.4389372451
2016,臺北市,內湖區,住宅竊盜,49,287733,year_end_registered_population,17.0296768184
2016,臺北市,內湖區,強制性交,4,287733,year_end_registered_population,1.3901776995
2016,臺北市,內湖區,強盜,3,287733,year_end_registered_population,1.0426332746
2016,臺北市,內湖區,搶奪,1,287733,year_end_registered_population,0.3475444249
2016,臺北市,內湖區,機車竊盜,17,287733,year_end_registered_population,5.9082552227
2016,臺北市,內湖區,毒品,181,287733,year_end_registered_population,62.9055409008
2016,臺北市,內湖區,汽車竊盜,8,287733,year_end_registered_population,2.7803553989
2016,臺北市,北投區,住宅竊盜,54,257370,year_end_registered_population,20.9814663714
2016,臺北市,北投區,強制性交,8,257370,year_end_registered_population,3.1083653884
2016,臺北市,北投區,強盜,3,257370,year_end_registered_population,1.1656370206
2016,臺北市,北投區,搶奪,1,257370,year_end_registered_population,0.3885456735
2016,臺北市,北投區,機車竊盜,35,257370,year_end_registered_population,13.599098574
2016,臺北市,北投區,毒品,160,257370,year_end_registered_population,62.167307767
2016,臺北市,北投區,汽車竊盜,21,257370,year_end_registered_population,8.1594591444
2016,臺北市,南港區,住宅竊盜,28,122516,year_end_registered_population,22.8541578243
2016,臺北市,南港區,強制性交,3,122516,year_end_registered_population,2.4486597669
2016,臺北市,南港區,搶奪,1,122516,year_end_registered_population,0.8162199223
2016,臺北市,南港區,機車竊盜,14,122516,year_end_registered_population,11.4270789121
2016,臺北市,南港區,毒品,144,122516,year_end_registered_population,117.5356688106
2016,臺北市,南港區,汽車竊盜,2,122516,year_end_registered_population,1.6324398446
2016,臺北市,士林區,住宅竊盜,63,289939,year_end_registered_population,21.7287084525
2016,臺北市,士林區,強制性交,4,289939,year_end_registered_population,1.3796005367
2016,臺北市,士林區,強盜,1,289939,year_end_registered_population,0.3449001342
2016,臺北市,士林區,搶奪,2,289939,year_end_registered_population,0.6898002683
2016,臺北市,士林區,機車竊盜,50,289939,year_end_registered_population,17.2450067083
2016,臺北市,士林區,毒品,210,289939,year_end_registered_population,72.4290281749
2016,臺北市,士林區,汽車竊盜,15,289939,year_end_registered_population,5.1735020125
2016,臺北市,大同區,住宅竊盜,25,130071,year_end_registered_population,19.2202720053
2016,臺北市,大同區,強制性交,1,130071,year_end_registered_population,0.7688108802
2016,臺北市,大同區,搶奪,1,130071,year_end_registered_population,0.7688108802
2016,臺北市,大同區,機車竊盜,26,130071,year_end_registered_population,19.9890828855
2016,臺北市,大同區,毒品,477,130071,year_end_registered_population,366.7227898609
2016,臺北市,大同區,汽車竊盜,2,130071,year_end_registered_population,1.5376217604
2016,臺北市,大安區,住宅竊盜,48,311506,year_end_registered_population,15.4090129885
2016,臺北市,大安區,強制性交,4,311506,year_end_registered_population,1.2840844157
2016,臺北市,大安區,強盜,3,311506,year_end_registered_population,0.9630633118
2016,臺北市,大安區,搶奪,3,311506,year_end_registered_population,0.9630633118
2016,臺北市,大安區,機車竊盜,24,311506,year_end_registered_population,7.7045064943
2016,臺北市,大安區,毒品,316,311506,year_end_registered_population,101.442668841
2016,臺北市,大安區,汽車竊盜,5,311506,year_end_registered_population,1.6051055196
2016,臺北市,文山區,住宅竊盜,32,275231,year_end_registered_population,11.6265972946
2016,臺北市,文山區,強制性交,4,275231,year_end_registered_population,1.4533246618
2016,臺北市,文山區,強盜,2,275231,year_end_registered_population,0.7266623309
2016,臺北市,文山區,搶奪,2,275231,year_end_registered_population,0.7266623309
2016,臺北市,文山區,機車竊盜,12,275231,year_end_registered_population,4.3599739855
2016,臺北市,文山區,毒品,245,275231,year_end_registered_population,89.0161355371
2016,臺北市,文山區,汽車竊盜,4,275231,year_end_registered_population,1.4533246618
2016,臺北市,松山區,住宅竊盜,27,208326,year_end_registered_population,12.9604562081
2016,臺北市,松山區,強制性交,4,208326,year_end_registered_population,1.9200675864
2016,臺北市,松山區,強盜,1,208326,year_end_registered_population,0.4800168966
2016,臺北市,松山區,搶奪,1,208326,year_end_registered_population,0.4800168966
2016,臺北市,松山區,機車竊盜,15,208326,year_end_registered_population,7.2002534489
2016,臺北市,松山區,毒品,286,208326,year_end_registered_population,137.2848324261
2016,臺北市,松山區,汽車竊盜,4,208326,year_end_registered_population,1.9200675864
2016,臺北市,萬華區,住宅竊盜,36,193539,year_end_registered_population,18.6009021438
2016,臺北市,萬華區,強制性交,4,193539,year_end_registered_population,2.0667669049
2016,臺北市,萬華區,強盜,4,193539,year_end_registered_population,2.0667669049
2016,臺北市,萬華區,搶奪,3,193539,year_end_registered_population,1.5500751786
2016,臺北市,萬華區,機車竊盜,49,193539,year_end_registered_population,25.3178945846
2016,臺北市,萬華區,毒品,741,193539,year_end_registered_population,382.8685691256
2016,臺北市,萬華區,汽車竊盜,17,193539,year_end_registered_population,8.7837593457
2016,臺南市,七股區,住宅竊盜,8,23172,year_end_registered_population,34.5244260314
2016,臺南市,七股區,毒品,21,23172,year_end_registered_population,90.6266183325
2016,臺南市,下營區,住宅竊盜,3,24508,year_end_registered_population,12.2409009303
2016,臺南市,下營區,機車竊盜,3,24508,year_end_registered_population,12.2409009303
2016,臺南市,下營區,毒品,15,24508,year_end_registered_population,61.2045046515
2016,臺南市,下營區,汽車竊盜,4,24508,year_end_registered_population,16.3212012404
2016,臺南市,中西區,住宅竊盜,37,76967,year_end_registered_population,48.0725505736
2016,臺南市,中西區,強制性交,6,76967,year_end_registered_population,7.7955487417
2016,臺南市,中西區,強盜,2,76967,year_end_registered_population,2.5985162472
2016,臺南市,中西區,搶奪,3,76967,year_end_registered_population,3.8977743708
2016,臺南市,中西區,機車竊盜,41,76967,year_end_registered_population,53.2695830681
2016,臺南市,中西區,毒品,91,76967,year_end_registered_population,118.2324892486
2016,臺南市,中西區,汽車竊盜,19,76967,year_end_registered_population,24.6859043486
2016,臺南市,仁德區,住宅竊盜,23,74637,year_end_registered_population,30.8158152123
2016,臺南市,仁德區,強制性交,7,74637,year_end_registered_population,9.378726369
2016,臺南市,仁德區,強盜,4,74637,year_end_registered_population,5.3592722108
2016,臺南市,仁德區,搶奪,1,74637,year_end_registered_population,1.3398180527
2016,臺南市,仁德區,機車竊盜,21,74637,year_end_registered_population,28.1361791069
2016,臺南市,仁德區,毒品,80,74637,year_end_registered_population,107.1854442167
2016,臺南市,仁德區,汽車竊盜,13,74637,year_end_registered_population,17.4176346852
2016,臺南市,佳里區,住宅竊盜,19,59458,year_end_registered_population,31.9553298126
2016,臺南市,佳里區,強制性交,1,59458,year_end_registered_population,1.6818594638
2016,臺南市,佳里區,機車竊盜,8,59458,year_end_registered_population,13.4548757106
2016,臺南市,佳里區,毒品,29,59458,year_end_registered_population,48.7739244509
2016,臺南市,佳里區,汽車竊盜,5,59458,year_end_registered_population,8.4092973191
2016,臺南市,六甲區,住宅竊盜,2,22406,year_end_registered_population,8.9261804874
2016,臺南市,六甲區,強盜,1,22406,year_end_registered_population,4.4630902437
2016,臺南市,六甲區,機車竊盜,3,22406,year_end_registered_population,13.3892707311
2016,臺南市,六甲區,毒品,42,22406,year_end_registered_population,187.4497902348
2016,臺南市,六甲區,汽車竊盜,2,22406,year_end_registered_population,8.9261804874
2016,臺南市,北區,住宅竊盜,22,133091,year_end_registered_population,16.5300433538
2016,臺南市,北區,強制性交,7,133091,year_end_registered_population,5.2595592489
2016,臺南市,北區,強盜,1,133091,year_end_registered_population,0.751365607
2016,臺南市,北區,搶奪,3,133091,year_end_registered_population,2.254096821
2016,臺南市,北區,機車竊盜,26,133091,year_end_registered_population,19.5355057818
2016,臺南市,北區,毒品,171,133091,year_end_registered_population,128.4835187954
2016,臺南市,北區,汽車竊盜,37,133091,year_end_registered_population,27.8005274587
2016,臺南市,北門區,住宅竊盜,2,11333,year_end_registered_population,17.6475778699
2016,臺南市,北門區,強制性交,1,11333,year_end_registered_population,8.823788935
2016,臺南市,北門區,強盜,1,11333,year_end_registered_population,8.823788935
2016,臺南市,北門區,機車竊盜,1,11333,year_end_registered_population,8.823788935
2016,臺南市,北門區,毒品,14,11333,year_end_registered_population,123.5330450896
2016,臺南市,北門區,汽車竊盜,1,11333,year_end_registered_population,8.823788935
2016,臺南市,南化區,住宅竊盜,5,8838,year_end_registered_population,56.5738854945
2016,臺南市,南化區,強盜,1,8838,year_end_registered_population,11.3147770989
2016,臺南市,南化區,機車竊盜,1,8838,year_end_registered_population,11.3147770989
2016,臺南市,南化區,毒品,4,8838,year_end_registered_population,45.2591083956
2016,臺南市,南化區,汽車竊盜,4,8838,year_end_registered_population,45.2591083956
2016,臺南市,南區,住宅竊盜,15,125768,year_end_registered_population,11.9267222187
2016,臺南市,南區,強制性交,5,125768,year_end_registered_population,3.9755740729
2016,臺南市,南區,強盜,1,125768,year_end_registered_population,0.7951148146
2016,臺南市,南區,搶奪,3,125768,year_end_registered_population,2.3853444437
2016,臺南市,南區,機車竊盜,13,125768,year_end_registered_population,10.3364925895
2016,臺南市,南區,毒品,61,125768,year_end_registered_population,48.5020036893
2016,臺南市,南區,汽車竊盜,14,125768,year_end_registered_population,11.1316074041
2016,臺南市,善化區,住宅竊盜,8,47660,year_end_registered_population,16.7855644146
2016,臺南市,善化區,強制性交,1,47660,year_end_registered_population,2.0981955518
2016,臺南市,善化區,強盜,2,47660,year_end_registered_population,4.1963911037
2016,臺南市,善化區,機車竊盜,6,47660,year_end_registered_population,12.589173311
2016,臺南市,善化區,毒品,17,47660,year_end_registered_population,35.669324381
2016,臺南市,善化區,汽車竊盜,4,47660,year_end_registered_population,8.3927822073
2016,臺南市,大內區,住宅竊盜,2,9962,year_end_registered_population,20.0762899016
2016,臺南市,大內區,機車竊盜,1,9962,year_end_registered_population,10.0381449508
2016,臺南市,大內區,毒品,6,9962,year_end_registered_population,60.2288697049
2016,臺南市,學甲區,住宅竊盜,15,26377,year_end_registered_population,56.8677256701
2016,臺南市,學甲區,搶奪,1,26377,year_end_registered_population,3.7911817113
2016,臺南市,學甲區,機車竊盜,1,26377,year_end_registered_population,3.7911817113
2016,臺南市,學甲區,毒品,29,26377,year_end_registered_population,109.9442696288
2016,臺南市,學甲區,汽車竊盜,2,26377,year_end_registered_population,7.5823634227
2016,臺南市,安南區,住宅竊盜,13,191196,year_end_registered_population,6.7993054248
2016,臺南市,安南區,強制性交,5,191196,year_end_registered_population,2.6151174711
2016,臺南市,安南區,強盜,1,191196,year_end_registered_population,0.5230234942
2016,臺南市,安南區,搶奪,1,191196,year_end_registered_population,0.5230234942
2016,臺南市,安南區,機車竊盜,37,191196,year_end_registered_population,19.351869286
2016,臺南市,安南區,毒品,193,191196,year_end_registered_population,100.9435343836
2016,臺南市,安南區,汽車竊盜,25,191196,year_end_registered_population,13.0755873554
2016,臺南市,安定區,強盜,1,30447,year_end_registered_population,3.2843958354
2016,臺南市,安定區,機車竊盜,5,30447,year_end_registered_population,16.4219791769
2016,臺南市,安定區,毒品,30,30447,year_end_registered_population,98.5318750616
2016,臺南市,安定區,汽車竊盜,4,30447,year_end_registered_population,13.1375833415
2016,臺南市,安平區,住宅竊盜,32,65813,year_end_registered_population,48.6226125538
2016,臺南市,安平區,強制性交,4,65813,year_end_registered_population,6.0778265692
2016,臺南市,安平區,強盜,4,65813,year_end_registered_population,6.0778265692
2016,臺南市,安平區,搶奪,1,65813,year_end_registered_population,1.5194566423
2016,臺南市,安平區,機車竊盜,8,65813,year_end_registered_population,12.1556531384
2016,臺南市,安平區,毒品,41,65813,year_end_registered_population,62.2977223345
2016,臺南市,安平區,汽車竊盜,24,65813,year_end_registered_population,36.4669594153
2016,臺南市,官田區,住宅竊盜,4,21535,year_end_registered_population,18.5744137451
2016,臺南市,官田區,強盜,1,21535,year_end_registered_population,4.6436034363
2016,臺南市,官田區,搶奪,2,21535,year_end_registered_population,9.2872068725
2016,臺南市,官田區,機車竊盜,3,21535,year_end_registered_population,13.9308103088
2016,臺南市,官田區,毒品,22,21535,year_end_registered_population,102.1592755979
2016,臺南市,官田區,汽車竊盜,3,21535,year_end_registered_population,13.9308103088
2016,臺南市,將軍區,住宅竊盜,4,20051,year_end_registered_population,19.9491297192
2016,臺南市,將軍區,強制性交,1,20051,year_end_registered_population,4.9872824298
2016,臺南市,將軍區,機車竊盜,1,20051,year_end_registered_population,4.9872824298
2016,臺南市,將軍區,毒品,14,20051,year_end_registered_population,69.8219540173
2016,臺南市,山上區,住宅竊盜,1,7359,year_end_registered_population,13.5888028265
2016,臺南市,山上區,強制性交,1,7359,year_end_registered_population,13.5888028265
2016,臺南市,山上區,毒品,1,7359,year_end_registered_population,13.5888028265
2016,臺南市,左鎮區,住宅竊盜,1,4980,year_end_registered_population,20.0803212851
2016,臺南市,左鎮區,機車竊盜,1,4980,year_end_registered_population,20.0803212851
2016,臺南市,左鎮區,毒品,10,4980,year_end_registered_population,200.8032128514
2016,臺南市,後壁區,住宅竊盜,4,24066,year_end_registered_population,16.6209590293
2016,臺南市,後壁區,強制性交,1,24066,year_end_registered_population,4.1552397573
2016,臺南市,後壁區,機車竊盜,2,24066,year_end_registered_population,8.3104795147
2016,臺南市,後壁區,毒品,19,24066,year_end_registered_population,78.9495553893
2016,臺南市,後壁區,汽車竊盜,4,24066,year_end_registered_population,16.6209590293
2016,臺南市,新化區,住宅竊盜,11,43727,year_end_registered_population,25.1560820546
2016,臺南市,新化區,強制性交,3,43727,year_end_registered_population,6.8607496512
2016,臺南市,新化區,機車竊盜,8,43727,year_end_registered_population,18.2953324033
2016,臺南市,新化區,毒品,29,43727,year_end_registered_population,66.320579962
2016,臺南市,新化區,汽車竊盜,2,43727,year_end_registered_population,4.5738331008
2016,臺南市,新市區,住宅竊盜,4,36268,year_end_registered_population,11.0290062865
2016,臺南市,新市區,強制性交,1,36268,year_end_registered_population,2.7572515716
2016,臺南市,新市區,機車竊盜,11,36268,year_end_registered_population,30.329767288
2016,臺南市,新市區,毒品,18,36268,year_end_registered_population,49.6305282894
2016,臺南市,新市區,汽車竊盜,6,36268,year_end_registered_population,16.5435094298
2016,臺南市,新營區,住宅竊盜,8,78101,year_end_registered_population,10.2431466947
2016,臺南市,新營區,強制性交,2,78101,year_end_registered_population,2.5607866737
2016,臺南市,新營區,強盜,1,78101,year_end_registered_population,1.2803933368
2016,臺南市,新營區,搶奪,2,78101,year_end_registered_population,2.5607866737
2016,臺南市,新營區,機車竊盜,17,78101,year_end_registered_population,21.7666867262
2016,臺南市,新營區,毒品,57,78101,year_end_registered_population,72.9824201995
2016,臺南市,新營區,汽車竊盜,6,78101,year_end_registered_population,7.682360021
2016,臺南市,東區,住宅竊盜,3,187834,year_end_registered_population,1.5971549347
2016,臺南市,東區,強制性交,3,187834,year_end_registered_population,1.5971549347
2016,臺南市,東區,強盜,1,187834,year_end_registered_population,0.5323849782
2016,臺南市,東區,搶奪,1,187834,year_end_registered_population,0.5323849782
2016,臺南市,東區,機車竊盜,35,187834,year_end_registered_population,18.6334742379
2016,臺南市,東區,毒品,79,187834,year_end_registered_population,42.0584132798
2016,臺南市,東區,汽車竊盜,25,187834,year_end_registered_population,13.3096244556
2016,臺南市,東山區,住宅竊盜,5,21320,year_end_registered_population,23.4521575985
2016,臺南市,東山區,強制性交,2,21320,year_end_registered_population,9.3808630394
2016,臺南市,東山區,機車竊盜,4,21320,year_end_registered_population,18.7617260788
2016,臺南市,東山區,毒品,14,21320,year_end_registered_population,65.6660412758
2016,臺南市,東山區,汽車竊盜,1,21320,year_end_registered_population,4.6904315197
2016,臺南市,柳營區,住宅竊盜,1,21520,year_end_registered_population,4.6468401487
2016,臺南市,柳營區,強盜,2,21520,year_end_registered_population,9.2936802974
2016,臺南市,柳營區,搶奪,2,21520,year_end_registered_population,9.2936802974
2016,臺南市,柳營區,機車竊盜,4,21520,year_end_registered_population,18.5873605948
2016,臺南市,柳營區,毒品,18,21520,year_end_registered_population,83.6431226766
2016,臺南市,柳營區,汽車竊盜,2,21520,year_end_registered_population,9.2936802974
2016,臺南市,楠西區,住宅竊盜,2,9898,year_end_registered_population,20.2061022429
2016,臺南市,楠西區,機車竊盜,2,9898,year_end_registered_population,20.2061022429
2016,臺南市,楠西區,毒品,6,9898,year_end_registered_population,60.6183067286
2016,臺南市,歸仁區,住宅竊盜,19,68170,year_end_registered_population,27.8714977263
2016,臺南市,歸仁區,強制性交,2,68170,year_end_registered_population,2.9338418659
2016,臺南市,歸仁區,強盜,3,68170,year_end_registered_population,4.4007627989
2016,臺南市,歸仁區,搶奪,2,68170,year_end_registered_population,2.9338418659
2016,臺南市,歸仁區,機車竊盜,8,68170,year_end_registered_population,11.7353674637
2016,臺南市,歸仁區,毒品,39,68170,year_end_registered_population,57.2099163855
2016,臺南市,歸仁區,汽車竊盜,8,68170,year_end_registered_population,11.7353674637
2016,臺南市,永康區,住宅竊盜,73,232210,year_end_registered_population,31.4370612807
2016,臺南市,永康區,強制性交,10,232210,year_end_registered_population,4.3064467508
2016,臺南市,永康區,強盜,5,232210,year_end_registered_population,2.1532233754
2016,臺南市,永康區,機車竊盜,45,232210,year_end_registered_population,19.3790103785
2016,臺南市,永康區,毒品,455,232210,year_end_registered_population,195.9433271608
2016,臺南市,永康區,汽車竊盜,46,232210,year_end_registered_population,19.8096550536
2016,臺南市,玉井區,住宅竊盜,4,14281,year_end_registered_population,28.0092430502
2016,臺南市,玉井區,機車竊盜,4,14281,year_end_registered_population,28.0092430502
2016,臺南市,玉井區,毒品,14,14281,year_end_registered_population,98.0323506757
2016,臺南市,白河區,住宅竊盜,10,28819,year_end_registered_population,34.6993303029
2016,臺南市,白河區,強制性交,1,28819,year_end_registered_population,3.4699330303
2016,臺南市,白河區,機車竊盜,1,28819,year_end_registered_population,3.4699330303
2016,臺南市,白河區,毒品,31,28819,year_end_registered_population,107.5679239391
2016,臺南市,白河區,汽車竊盜,6,28819,year_end_registered_population,20.8195981818
2016,臺南市,西港區,住宅竊盜,5,24870,year_end_registered_population,20.1045436269
2016,臺南市,西港區,機車竊盜,1,24870,year_end_registered_population,4.0209087254
2016,臺南市,西港區,毒品,23,24870,year_end_registered_population,92.4809006836
2016,臺南市,西港區,汽車竊盜,2,24870,year_end_registered_population,8.0418174507
2016,臺南市,關廟區,住宅竊盜,4,34601,year_end_registered_population,11.5603595272
2016,臺南市,關廟區,機車竊盜,7,34601,year_end_registered_population,20.2306291726
2016,臺南市,關廟區,毒品,30,34601,year_end_registered_population,86.7026964539
2016,臺南市,關廟區,汽車竊盜,8,34601,year_end_registered_population,23.1207190544
2016,臺南市,鹽水區,住宅竊盜,3,25871,year_end_registered_population,11.5959955162
2016,臺南市,鹽水區,強盜,1,25871,year_end_registered_population,3.8653318387
2016,臺南市,鹽水區,機車竊盜,2,25871,year_end_registered_population,7.7306636775
2016,臺南市,鹽水區,毒品,17,25871,year_end_registered_population,65.7106412586
2016,臺南市,鹽水區,汽車竊盜,3,25871,year_end_registered_population,11.5959955162
2016,臺南市,麻豆區,住宅竊盜,5,44812,year_end_registered_population,11.1577256092
2016,臺南市,麻豆區,強制性交,1,44812,year_end_registered_population,2.2315451218
2016,臺南市,麻豆區,搶奪,1,44812,year_end_registered_population,2.2315451218
2016,臺南市,麻豆區,機車竊盜,8,44812,year_end_registered_population,17.8523609747
2016,臺南市,麻豆區,毒品,32,44812,year_end_registered_population,71.409443899
2016,臺南市,麻豆區,汽車竊盜,7,44812,year_end_registered_population,15.6208158529
2016,臺南市,龍崎區,住宅竊盜,5,4107,year_end_registered_population,121.7433649866
2016,臺南市,龍崎區,機車竊盜,2,4107,year_end_registered_population,48.6973459946
2016,臺南市,龍崎區,毒品,1,4107,year_end_registered_population,24.3486729973
2016,臺東縣,卑南鄉,住宅竊盜,2,17443,year_end_registered_population,11.4659175601
2016,臺東縣,卑南鄉,機車竊盜,1,17443,year_end_registered_population,5.73295878
2016,臺東縣,卑南鄉,毒品,31,17443,year_end_registered_population,177.7217221808
2016,臺東縣,卑南鄉,汽車竊盜,2,17443,year_end_registered_population,11.4659175601
2016,臺東縣,大武鄉,住宅竊盜,1,6238,year_end_registered_population,16.0307790959
2016,臺東縣,大武鄉,毒品,6,6238,year_end_registered_population,96.1846745752
2016,臺東縣,太麻里鄉,住宅竊盜,1,11304,year_end_registered_population,8.8464260439
2016,臺東縣,太麻里鄉,機車竊盜,2,11304,year_end_registered_population,17.6928520878
2016,臺東縣,太麻里鄉,毒品,14,11304,year_end_registered_population,123.8499646143
2016,臺東縣,延平鄉,毒品,3,3523,year_end_registered_population,85.1546977008
2016,臺東縣,成功鎮,機車竊盜,2,14411,year_end_registered_population,13.8782874193
2016,臺東縣,成功鎮,毒品,6,14411,year_end_registered_population,41.634862258
2016,臺東縣,東河鄉,毒品,11,8686,year_end_registered_population,126.6405710338
2016,臺東縣,池上鄉,住宅竊盜,1,8375,year_end_registered_population,11.9402985075
2016,臺東縣,池上鄉,毒品,9,8375,year_end_registered_population,107.4626865672
2016,臺東縣,海端鄉,毒品,2,4283,year_end_registered_population,46.6962409526
2016,臺東縣,綠島鄉,強制性交,1,3724,year_end_registered_population,26.8528464017
2016,臺東縣,臺東市,住宅竊盜,6,106368,year_end_registered_population,5.6407942238
2016,臺東縣,臺東市,強盜,1,106368,year_end_registered_population,0.9401323706
2016,臺東縣,臺東市,機車竊盜,18,106368,year_end_registered_population,16.9223826715
2016,臺東縣,臺東市,毒品,176,106368,year_end_registered_population,165.4632972323
2016,臺東縣,臺東市,汽車竊盜,9,106368,year_end_registered_population,8.4611913357
2016,臺東縣,達仁鄉,住宅竊盜,3,3524,year_end_registered_population,85.1305334847
2016,臺東縣,達仁鄉,毒品,2,3524,year_end_registered_population,56.7536889898
2016,臺東縣,達仁鄉,汽車竊盜,1,3524,year_end_registered_population,28.3768444949
2016,臺東縣,長濱鄉,住宅竊盜,1,7399,year_end_registered_population,13.5153399108
2016,臺東縣,長濱鄉,機車竊盜,1,7399,year_end_registered_population,13.5153399108
2016,臺東縣,長濱鄉,毒品,5,7399,year_end_registered_population,67.576699554
2016,臺東縣,關山鎮,毒品,7,8811,year_end_registered_population,79.4461468619
2016,臺東縣,鹿野鄉,機車竊盜,1,8018,year_end_registered_population,12.4719381392
2016,臺東縣,鹿野鄉,毒品,6,8018,year_end_registered_population,74.8316288351
2016,臺東縣,鹿野鄉,汽車竊盜,2,8018,year_end_registered_population,24.9438762784
2016,花蓮縣,光復鄉,毒品,9,13032,year_end_registered_population,69.0607734807
2016,花蓮縣,光復鄉,汽車竊盜,2,13032,year_end_registered_population,15.3468385513
2016,花蓮縣,卓溪鄉,住宅竊盜,1,6036,year_end_registered_population,16.5672630881
2016,花蓮縣,卓溪鄉,毒品,7,6036,year_end_registered_population,115.970841617
2016,花蓮縣,吉安鄉,住宅竊盜,9,83656,year_end_registered_population,10.7583436932
2016,花蓮縣,吉安鄉,強制性交,1,83656,year_end_registered_population,1.1953715215
2016,花蓮縣,吉安鄉,搶奪,1,83656,year_end_registered_population,1.1953715215
2016,花蓮縣,吉安鄉,機車竊盜,18,83656,year_end_registered_population,21.5166873864
2016,花蓮縣,吉安鄉,毒品,155,83656,year_end_registered_population,185.2825858277
2016,花蓮縣,吉安鄉,汽車竊盜,14,83656,year_end_registered_population,16.7352013006
2016,花蓮縣,壽豐鄉,住宅竊盜,3,18146,year_end_registered_population,16.5325691612
2016,花蓮縣,壽豐鄉,機車竊盜,2,18146,year_end_registered_population,11.0217127742
2016,花蓮縣,壽豐鄉,毒品,23,18146,year_end_registered_population,126.7496969029
2016,花蓮縣,壽豐鄉,汽車竊盜,2,18146,year_end_registered_population,11.0217127742
2016,花蓮縣,富里鄉,強盜,1,10557,year_end_registered_population,9.472387989
2016,花蓮縣,富里鄉,機車竊盜,5,10557,year_end_registered_population,47.3619399451
2016,花蓮縣,富里鄉,毒品,8,10557,year_end_registered_population,75.7791039121
2016,花蓮縣,富里鄉,汽車竊盜,1,10557,year_end_registered_population,9.472387989
2016,花蓮縣,新城鄉,住宅竊盜,6,20274,year_end_registered_population,29.594554602
2016,花蓮縣,新城鄉,機車竊盜,2,20274,year_end_registered_population,9.864851534
2016,花蓮縣,新城鄉,毒品,79,20274,year_end_registered_population,389.6616355924
2016,花蓮縣,新城鄉,汽車竊盜,1,20274,year_end_registered_population,4.932425767
2016,花蓮縣,玉里鎮,住宅竊盜,1,24740,year_end_registered_population,4.0420371867
2016,花蓮縣,玉里鎮,強制性交,1,24740,year_end_registered_population,4.0420371867
2016,花蓮縣,玉里鎮,機車竊盜,5,24740,year_end_registered_population,20.2101859337
2016,花蓮縣,玉里鎮,毒品,66,24740,year_end_registered_population,266.774454325
2016,花蓮縣,玉里鎮,汽車竊盜,5,24740,year_end_registered_population,20.2101859337
2016,花蓮縣,瑞穗鄉,住宅竊盜,1,11757,year_end_registered_population,8.5055711491
2016,花蓮縣,瑞穗鄉,機車竊盜,4,11757,year_end_registered_population,34.0222845964
2016,花蓮縣,瑞穗鄉,毒品,15,11757,year_end_registered_population,127.5835672365
2016,花蓮縣,瑞穗鄉,汽車竊盜,4,11757,year_end_registered_population,34.0222845964
2016,花蓮縣,秀林鄉,住宅竊盜,2,15796,year_end_registered_population,12.6614332742
2016,花蓮縣,秀林鄉,強制性交,1,15796,year_end_registered_population,6.3307166371
2016,花蓮縣,秀林鄉,機車竊盜,1,15796,year_end_registered_population,6.3307166371
2016,花蓮縣,秀林鄉,毒品,42,15796,year_end_registered_population,265.8900987592
2016,花蓮縣,秀林鄉,汽車竊盜,2,15796,year_end_registered_population,12.6614332742
2016,花蓮縣,花蓮市,住宅竊盜,37,105034,year_end_registered_population,35.2266885009
2016,花蓮縣,花蓮市,強制性交,8,105034,year_end_registered_population,7.6165812975
2016,花蓮縣,花蓮市,強盜,2,105034,year_end_registered_population,1.9041453244
2016,花蓮縣,花蓮市,機車竊盜,36,105034,year_end_registered_population,34.2746158387
2016,花蓮縣,花蓮市,毒品,278,105034,year_end_registered_population,264.6762000876
2016,花蓮縣,花蓮市,汽車竊盜,34,105034,year_end_registered_population,32.3704705143
2016,花蓮縣,萬榮鄉,住宅竊盜,2,6440,year_end_registered_population,31.0559006211
2016,花蓮縣,萬榮鄉,毒品,7,6440,year_end_registered_population,108.6956521739
2016,花蓮縣,鳳林鎮,住宅竊盜,3,11004,year_end_registered_population,27.2628135224
2016,花蓮縣,鳳林鎮,機車竊盜,5,11004,year_end_registered_population,45.4380225373
2016,花蓮縣,鳳林鎮,毒品,23,11004,year_end_registered_population,209.0149036714
2016,花蓮縣,鳳林鎮,汽車竊盜,1,11004,year_end_registered_population,9.0876045075
2016,苗栗縣,三灣鄉,強盜,1,6884,year_end_registered_population,14.5264381174
2016,苗栗縣,三灣鄉,機車竊盜,3,6884,year_end_registered_population,43.5793143521
2016,苗栗縣,三灣鄉,毒品,9,6884,year_end_registered_population,130.7379430564
2016,苗栗縣,三灣鄉,汽車竊盜,1,6884,year_end_registered_population,14.5264381174
2016,苗栗縣,三義鄉,住宅竊盜,1,16813,year_end_registered_population,5.9477785047
2016,苗栗縣,三義鄉,搶奪,1,16813,year_end_registered_population,5.9477785047
2016,苗栗縣,三義鄉,機車竊盜,3,16813,year_end_registered_population,17.8433355142
2016,苗栗縣,三義鄉,毒品,20,16813,year_end_registered_population,118.9555700946
2016,苗栗縣,三義鄉,汽車竊盜,10,16813,year_end_registered_population,59.4777850473
2016,苗栗縣,公館鄉,住宅竊盜,3,34210,year_end_registered_population,8.7693656825
2016,苗栗縣,公館鄉,機車竊盜,4,34210,year_end_registered_population,11.6924875767
2016,苗栗縣,公館鄉,毒品,25,34210,year_end_registered_population,73.0780473546
2016,苗栗縣,公館鄉,汽車竊盜,6,34210,year_end_registered_population,17.5387313651
2016,苗栗縣,卓蘭鎮,住宅竊盜,5,17612,year_end_registered_population,28.3897342721
2016,苗栗縣,卓蘭鎮,機車竊盜,2,17612,year_end_registered_population,11.3558937088
2016,苗栗縣,卓蘭鎮,毒品,11,17612,year_end_registered_population,62.4574153986
2016,苗栗縣,卓蘭鎮,汽車竊盜,3,17612,year_end_registered_population,17.0338405633
2016,苗栗縣,南庄鄉,住宅竊盜,5,10391,year_end_registered_population,48.118564142
2016,苗栗縣,南庄鄉,毒品,12,10391,year_end_registered_population,115.4845539409
2016,苗栗縣,南庄鄉,汽車竊盜,1,10391,year_end_registered_population,9.6237128284
2016,苗栗縣,大湖鄉,住宅竊盜,6,15070,year_end_registered_population,39.8142003981
2016,苗栗縣,大湖鄉,強制性交,2,15070,year_end_registered_population,13.2714001327
2016,苗栗縣,大湖鄉,機車竊盜,1,15070,year_end_registered_population,6.6357000664
2016,苗栗縣,大湖鄉,毒品,11,15070,year_end_registered_population,72.9927007299
2016,苗栗縣,大湖鄉,汽車竊盜,1,15070,year_end_registered_population,6.6357000664
2016,苗栗縣,後龍鎮,住宅竊盜,9,37251,year_end_registered_population,24.1604252235
2016,苗栗縣,後龍鎮,強盜,1,37251,year_end_registered_population,2.6844916915
2016,苗栗縣,後龍鎮,機車竊盜,2,37251,year_end_registered_population,5.368983383
2016,苗栗縣,後龍鎮,毒品,47,37251,year_end_registered_population,126.1711095004
2016,苗栗縣,後龍鎮,汽車竊盜,11,37251,year_end_registered_population,29.5294086065
2016,苗栗縣,泰安鄉,住宅竊盜,3,5930,year_end_registered_population,50.5902192243
2016,苗栗縣,泰安鄉,毒品,16,5930,year_end_registered_population,269.8145025295
2016,苗栗縣,獅潭鄉,機車竊盜,1,4475,year_end_registered_population,22.3463687151
2016,苗栗縣,獅潭鄉,毒品,8,4475,year_end_registered_population,178.7709497207
2016,苗栗縣,竹南鎮,住宅竊盜,12,85010,year_end_registered_population,14.1159863545
2016,苗栗縣,竹南鎮,強盜,2,85010,year_end_registered_population,2.3526643924
2016,苗栗縣,竹南鎮,搶奪,2,85010,year_end_registered_population,2.3526643924
2016,苗栗縣,竹南鎮,機車竊盜,13,85010,year_end_registered_population,15.2923185508
2016,苗栗縣,竹南鎮,毒品,102,85010,year_end_registered_population,119.9858840136
2016,苗栗縣,竹南鎮,汽車竊盜,29,85010,year_end_registered_population,34.1136336902
2016,苗栗縣,苑裡鎮,住宅竊盜,6,47040,year_end_registered_population,12.7551020408
2016,苗栗縣,苑裡鎮,機車竊盜,2,47040,year_end_registered_population,4.2517006803
2016,苗栗縣,苑裡鎮,毒品,24,47040,year_end_registered_population,51.0204081633
2016,苗栗縣,苑裡鎮,汽車竊盜,7,47040,year_end_registered_population,14.880952381
2016,苗栗縣,苗栗市,住宅竊盜,7,89892,year_end_registered_population,7.7871223246
2016,苗栗縣,苗栗市,強制性交,1,89892,year_end_registered_population,1.1124460464
2016,苗栗縣,苗栗市,強盜,3,89892,year_end_registered_population,3.3373381391
2016,苗栗縣,苗栗市,機車竊盜,29,89892,year_end_registered_population,32.2609353446
2016,苗栗縣,苗栗市,毒品,131,89892,year_end_registered_population,145.730432074
2016,苗栗縣,苗栗市,汽車竊盜,31,89892,year_end_registered_population,34.4858274374
2016,苗栗縣,西湖鄉,毒品,1,7288,year_end_registered_population,13.7211855104
2016,苗栗縣,西湖鄉,汽車竊盜,3,7288,year_end_registered_population,41.1635565313
2016,苗栗縣,通霄鎮,住宅竊盜,6,35433,year_end_registered_population,16.9333672001
2016,苗栗縣,通霄鎮,機車竊盜,1,35433,year_end_registered_population,2.8222278667
2016,苗栗縣,通霄鎮,毒品,25,35433,year_end_registered_population,70.5556966669
2016,苗栗縣,通霄鎮,汽車竊盜,2,35433,year_end_registered_population,5.6444557334
2016,苗栗縣,造橋鄉,住宅竊盜,1,13166,year_end_registered_population,7.5953212821
2016,苗栗縣,造橋鄉,機車竊盜,3,13166,year_end_registered_population,22.7859638463
2016,苗栗縣,造橋鄉,毒品,27,13166,year_end_registered_population,205.0736746164
2016,苗栗縣,造橋鄉,汽車竊盜,4,13166,year_end_registered_population,30.3812851284
2016,苗栗縣,銅鑼鄉,機車竊盜,6,18465,year_end_registered_population,32.4939073924
2016,苗栗縣,銅鑼鄉,毒品,14,18465,year_end_registered_population,75.8191172488
2016,苗栗縣,銅鑼鄉,汽車竊盜,5,18465,year_end_registered_population,27.0782561603
2016,苗栗縣,頭份市,住宅竊盜,8,103157,year_end_registered_population,7.755169305
2016,苗栗縣,頭份市,強制性交,1,103157,year_end_registered_population,0.9693961631
2016,苗栗縣,頭份市,搶奪,1,103157,year_end_registered_population,0.9693961631
2016,苗栗縣,頭份市,機車竊盜,30,103157,year_end_registered_population,29.0818848939
2016,苗栗縣,頭份市,毒品,108,103157,year_end_registered_population,104.694785618
2016,苗栗縣,頭份市,汽車竊盜,26,103157,year_end_registered_population,25.2043002414
2016,苗栗縣,頭屋鄉,機車竊盜,1,11102,year_end_registered_population,9.0073860566
2016,苗栗縣,頭屋鄉,毒品,11,11102,year_end_registered_population,99.0812466222
2016,苗栗縣,頭屋鄉,汽車竊盜,1,11102,year_end_registered_population,9.0073860566
2016,連江縣,南竿鄉,住宅竊盜,2,7382,year_end_registered_population,27.0929287456
2016,連江縣,南竿鄉,毒品,7,7382,year_end_registered_population,94.8252506096
2016,金門縣,烈嶼鄉,住宅竊盜,1,12568,year_end_registered_population,7.9567154679
2016,金門縣,金城鎮,住宅竊盜,5,42726,year_end_registered_population,11.702476244
2016,金門縣,金城鎮,強制性交,4,42726,year_end_registered_population,9.3619809952
2016,金門縣,金城鎮,搶奪,1,42726,year_end_registered_population,2.3404952488
2016,金門縣,金城鎮,機車竊盜,6,42726,year_end_registered_population,14.0429714928
2016,金門縣,金城鎮,毒品,18,42726,year_end_registered_population,42.1289144783
2016,金門縣,金城鎮,汽車竊盜,1,42726,year_end_registered_population,2.3404952488
2016,金門縣,金寧鄉,住宅竊盜,9,30006,year_end_registered_population,29.9940011998
2016,金門縣,金寧鄉,強制性交,1,30006,year_end_registered_population,3.3326668
2016,金門縣,金寧鄉,機車竊盜,2,30006,year_end_registered_population,6.6653335999
2016,金門縣,金寧鄉,毒品,7,30006,year_end_registered_population,23.3286675998
2016,金門縣,金沙鎮,住宅竊盜,3,20312,year_end_registered_population,14.7695943285
2016,金門縣,金沙鎮,機車竊盜,2,20312,year_end_registered_population,9.846396219
2016,金門縣,金沙鎮,毒品,2,20312,year_end_registered_population,9.846396219
2016,金門縣,金湖鎮,住宅竊盜,13,28833,year_end_registered_population,45.0872264419
2016,金門縣,金湖鎮,強制性交,2,28833,year_end_registered_population,6.9364963757
2016,金門縣,金湖鎮,搶奪,1,28833,year_end_registered_population,3.4682481878
2016,金門縣,金湖鎮,機車竊盜,3,28833,year_end_registered_population,10.4047445635
2016,金門縣,金湖鎮,毒品,9,28833,year_end_registered_population,31.2142336906
2016,金門縣,金湖鎮,汽車竊盜,2,28833,year_end_registered_population,6.9364963757
2016,雲林縣,二崙鄉,住宅竊盜,4,27518,year_end_registered_population,14.5359401119
2016,雲林縣,二崙鄉,機車竊盜,1,27518,year_end_registered_population,3.633985028
2016,雲林縣,二崙鄉,毒品,22,27518,year_end_registered_population,79.9476706156
2016,雲林縣,二崙鄉,汽車竊盜,4,27518,year_end_registered_population,14.5359401119
2016,雲林縣,元長鄉,住宅竊盜,7,26361,year_end_registered_population,26.5543795759
2016,雲林縣,元長鄉,機車竊盜,1,26361,year_end_registered_population,3.7934827966
2016,雲林縣,元長鄉,毒品,28,26361,year_end_registered_population,106.2175183036
2016,雲林縣,北港鎮,住宅竊盜,20,40658,year_end_registered_population,49.1908111565
2016,雲林縣,北港鎮,搶奪,2,40658,year_end_registered_population,4.9190811156
2016,雲林縣,北港鎮,機車竊盜,6,40658,year_end_registered_population,14.7572433469
2016,雲林縣,北港鎮,毒品,84,40658,year_end_registered_population,206.6014068572
2016,雲林縣,北港鎮,汽車竊盜,7,40658,year_end_registered_population,17.2167839048
2016,雲林縣,口湖鄉,住宅竊盜,7,28074,year_end_registered_population,24.9341027285
2016,雲林縣,口湖鄉,機車竊盜,3,28074,year_end_registered_population,10.6860440265
2016,雲林縣,口湖鄉,毒品,37,28074,year_end_registered_population,131.7945429935
2016,雲林縣,古坑鄉,住宅竊盜,3,31995,year_end_registered_population,9.3764650727
2016,雲林縣,古坑鄉,機車竊盜,1,31995,year_end_registered_population,3.1254883576
2016,雲林縣,古坑鄉,毒品,36,31995,year_end_registered_population,112.517580872
2016,雲林縣,古坑鄉,汽車竊盜,2,31995,year_end_registered_population,6.2509767151
2016,雲林縣,四湖鄉,住宅竊盜,2,24151,year_end_registered_population,8.2812305909
2016,雲林縣,四湖鄉,強盜,2,24151,year_end_registered_population,8.2812305909
2016,雲林縣,四湖鄉,機車竊盜,7,24151,year_end_registered_population,28.984307068
2016,雲林縣,四湖鄉,毒品,38,24151,year_end_registered_population,157.3433812265
2016,雲林縣,四湖鄉,汽車竊盜,4,24151,year_end_registered_population,16.5624611817
2016,雲林縣,土庫鎮,住宅竊盜,2,29275,year_end_registered_population,6.8317677199
2016,雲林縣,土庫鎮,機車竊盜,3,29275,year_end_registered_population,10.2476515798
2016,雲林縣,土庫鎮,毒品,19,29275,year_end_registered_population,64.901793339
2016,雲林縣,土庫鎮,汽車竊盜,3,29275,year_end_registered_population,10.2476515798
2016,雲林縣,大埤鄉,住宅竊盜,2,19480,year_end_registered_population,10.2669404517
2016,雲林縣,大埤鄉,搶奪,1,19480,year_end_registered_population,5.1334702259
2016,雲林縣,大埤鄉,機車竊盜,1,19480,year_end_registered_population,5.1334702259
2016,雲林縣,大埤鄉,毒品,25,19480,year_end_registered_population,128.3367556468
2016,雲林縣,大埤鄉,汽車竊盜,1,19480,year_end_registered_population,5.1334702259
2016,雲林縣,崙背鄉,住宅竊盜,5,25083,year_end_registered_population,19.9338197185
2016,雲林縣,崙背鄉,機車竊盜,3,25083,year_end_registered_population,11.9602918311
2016,雲林縣,崙背鄉,毒品,28,25083,year_end_registered_population,111.6293904238
2016,雲林縣,崙背鄉,汽車竊盜,3,25083,year_end_registered_population,11.9602918311
2016,雲林縣,斗六市,住宅竊盜,15,108401,year_end_registered_population,13.8375107241
2016,雲林縣,斗六市,強制性交,1,108401,year_end_registered_population,0.9225007149
2016,雲林縣,斗六市,強盜,1,108401,year_end_registered_population,0.9225007149
2016,雲林縣,斗六市,搶奪,2,108401,year_end_registered_population,1.8450014299
2016,雲林縣,斗六市,機車竊盜,28,108401,year_end_registered_population,25.8300200183
2016,雲林縣,斗六市,毒品,222,108401,year_end_registered_population,204.7951587162
2016,雲林縣,斗六市,汽車竊盜,19,108401,year_end_registered_population,17.5275135838
2016,雲林縣,斗南鎮,住宅竊盜,7,45227,year_end_registered_population,15.4774802662
2016,雲林縣,斗南鎮,強盜,1,45227,year_end_registered_population,2.2110686095
2016,雲林縣,斗南鎮,搶奪,1,45227,year_end_registered_population,2.2110686095
2016,雲林縣,斗南鎮,機車竊盜,4,45227,year_end_registered_population,8.8442744378
2016,雲林縣,斗南鎮,毒品,36,45227,year_end_registered_population,79.5984699405
2016,雲林縣,斗南鎮,汽車竊盜,7,45227,year_end_registered_population,15.4774802662
2016,雲林縣,東勢鄉,住宅竊盜,1,15120,year_end_registered_population,6.6137566138
2016,雲林縣,東勢鄉,強盜,1,15120,year_end_registered_population,6.6137566138
2016,雲林縣,東勢鄉,機車竊盜,7,15120,year_end_registered_population,46.2962962963
2016,雲林縣,東勢鄉,毒品,19,15120,year_end_registered_population,125.6613756614
2016,雲林縣,東勢鄉,汽車竊盜,1,15120,year_end_registered_population,6.6137566138
2016,雲林縣,林內鄉,住宅竊盜,2,18453,year_end_registered_population,10.8383460684
2016,雲林縣,林內鄉,強盜,3,18453,year_end_registered_population,16.2575191026
2016,雲林縣,林內鄉,機車竊盜,5,18453,year_end_registered_population,27.095865171
2016,雲林縣,林內鄉,毒品,26,18453,year_end_registered_population,140.8984988891
2016,雲林縣,林內鄉,汽車竊盜,2,18453,year_end_registered_population,10.8383460684
2016,雲林縣,水林鄉,住宅竊盜,4,26071,year_end_registered_population,15.3427179625
2016,雲林縣,水林鄉,強盜,1,26071,year_end_registered_population,3.8356794906
2016,雲林縣,水林鄉,搶奪,1,26071,year_end_registered_population,3.8356794906
2016,雲林縣,水林鄉,毒品,47,26071,year_end_registered_population,180.2769360592
2016,雲林縣,水林鄉,汽車竊盜,2,26071,year_end_registered_population,7.6713589812
2016,雲林縣,臺西鄉,住宅竊盜,2,24212,year_end_registered_population,8.2603667603
2016,雲林縣,臺西鄉,機車竊盜,1,24212,year_end_registered_population,4.1301833801
2016,雲林縣,臺西鄉,毒品,34,24212,year_end_registered_population,140.4262349248
2016,雲林縣,臺西鄉,汽車竊盜,2,24212,year_end_registered_population,8.2603667603
2016,雲林縣,莿桐鄉,住宅竊盜,6,29089,year_end_registered_population,20.6263536045
2016,雲林縣,莿桐鄉,機車竊盜,5,29089,year_end_registered_population,17.1886280037
2016,雲林縣,莿桐鄉,毒品,39,29089,year_end_registered_population,134.071298429
2016,雲林縣,莿桐鄉,汽車竊盜,4,29089,year_end_registered_population,13.750902403
2016,雲林縣,虎尾鎮,住宅竊盜,16,70815,year_end_registered_population,22.5940831745
2016,雲林縣,虎尾鎮,強盜,2,70815,year_end_registered_population,2.8242603968
2016,雲林縣,虎尾鎮,搶奪,1,70815,year_end_registered_population,1.4121301984
2016,雲林縣,虎尾鎮,機車竊盜,19,70815,year_end_registered_population,26.8304737697
2016,雲林縣,虎尾鎮,毒品,74,70815,year_end_registered_population,104.4976346819
2016,雲林縣,虎尾鎮,汽車竊盜,12,70815,year_end_registered_population,16.9455623809
2016,雲林縣,褒忠鄉,住宅竊盜,1,13167,year_end_registered_population,7.5947444368
2016,雲林縣,褒忠鄉,搶奪,1,13167,year_end_registered_population,7.5947444368
2016,雲林縣,褒忠鄉,機車竊盜,3,13167,year_end_registered_population,22.7842333105
2016,雲林縣,褒忠鄉,毒品,9,13167,year_end_registered_population,68.3526999316
2016,雲林縣,西螺鎮,住宅竊盜,8,46597,year_end_registered_population,17.1684872417
2016,雲林縣,西螺鎮,機車竊盜,3,46597,year_end_registered_population,6.4381827156
2016,雲林縣,西螺鎮,毒品,54,46597,year_end_registered_population,115.8872888813
2016,雲林縣,西螺鎮,汽車竊盜,6,46597,year_end_registered_population,12.8763654313
2016,雲林縣,麥寮鄉,住宅竊盜,4,45126,year_end_registered_population,8.8640694943
2016,雲林縣,麥寮鄉,強制性交,1,45126,year_end_registered_population,2.2160173736
2016,雲林縣,麥寮鄉,強盜,3,45126,year_end_registered_population,6.6480521207
2016,雲林縣,麥寮鄉,機車竊盜,11,45126,year_end_registered_population,24.3761911093
2016,雲林縣,麥寮鄉,毒品,132,45126,year_end_registered_population,292.5142933121
2016,雲林縣,麥寮鄉,汽車竊盜,8,45126,year_end_registered_population,17.7281389886
2016,高雄市,三民區,住宅竊盜,2,344888,year_end_registered_population,0.5798984018
2016,高雄市,三民區,強制性交,2,344888,year_end_registered_population,0.5798984018
2016,高雄市,三民區,強盜,3,344888,year_end_registered_population,0.8698476027
2016,高雄市,三民區,搶奪,10,344888,year_end_registered_population,2.899492009
2016,高雄市,三民區,機車竊盜,116,344888,year_end_registered_population,33.6341073044
2016,高雄市,三民區,毒品,502,344888,year_end_registered_population,145.5544988518
2016,高雄市,三民區,汽車竊盜,41,344888,year_end_registered_population,11.8879172369
2016,高雄市,仁武區,住宅竊盜,3,84122,year_end_registered_population,3.5662490193
2016,高雄市,仁武區,強盜,2,84122,year_end_registered_population,2.3774993462
2016,高雄市,仁武區,機車竊盜,12,84122,year_end_registered_population,14.2649960771
2016,高雄市,仁武區,毒品,74,84122,year_end_registered_population,87.9674758089
2016,高雄市,仁武區,汽車竊盜,48,84122,year_end_registered_population,57.0599843085
2016,高雄市,內門區,住宅竊盜,1,14743,year_end_registered_population,6.7828800109
2016,高雄市,內門區,毒品,5,14743,year_end_registered_population,33.9144000543
2016,高雄市,內門區,汽車竊盜,8,14743,year_end_registered_population,54.2630400868
2016,高雄市,六龜區,住宅竊盜,1,13217,year_end_registered_population,7.5660134675
2016,高雄市,六龜區,機車竊盜,2,13217,year_end_registered_population,15.132026935
2016,高雄市,六龜區,毒品,19,13217,year_end_registered_population,143.7542558826
2016,高雄市,六龜區,汽車竊盜,1,13217,year_end_registered_population,7.5660134675
2016,高雄市,前金區,搶奪,3,27151,year_end_registered_population,11.0493167839
2016,高雄市,前金區,機車竊盜,14,27151,year_end_registered_population,51.5634783249
2016,高雄市,前金區,毒品,97,27151,year_end_registered_population,357.2612426798
2016,高雄市,前金區,汽車竊盜,1,27151,year_end_registered_population,3.6831055946
2016,高雄市,前鎮區,住宅竊盜,1,191262,year_end_registered_population,0.5228430112
2016,高雄市,前鎮區,強制性交,1,191262,year_end_registered_population,0.5228430112
2016,高雄市,前鎮區,強盜,1,191262,year_end_registered_population,0.5228430112
2016,高雄市,前鎮區,搶奪,9,191262,year_end_registered_population,4.7055871004
2016,高雄市,前鎮區,機車竊盜,44,191262,year_end_registered_population,23.0050924909
2016,高雄市,前鎮區,毒品,187,191262,year_end_registered_population,97.7716430864
2016,高雄市,前鎮區,汽車竊盜,29,191262,year_end_registered_population,15.1624473236
2016,高雄市,大寮區,住宅竊盜,3,112258,year_end_registered_population,2.672415329
2016,高雄市,大寮區,強制性交,3,112258,year_end_registered_population,2.672415329
2016,高雄市,大寮區,強盜,2,112258,year_end_registered_population,1.7816102193
2016,高雄市,大寮區,搶奪,3,112258,year_end_registered_population,2.672415329
2016,高雄市,大寮區,機車竊盜,36,112258,year_end_registered_population,32.0689839477
2016,高雄市,大寮區,毒品,148,112258,year_end_registered_population,131.8391562294
2016,高雄市,大寮區,汽車竊盜,26,112258,year_end_registered_population,23.1609328511
2016,高雄市,大樹區,住宅竊盜,3,43067,year_end_registered_population,6.9658903569
2016,高雄市,大樹區,強盜,1,43067,year_end_registered_population,2.3219634523
2016,高雄市,大樹區,搶奪,1,43067,year_end_registered_population,2.3219634523
2016,高雄市,大樹區,機車竊盜,7,43067,year_end_registered_population,16.2537441661
2016,高雄市,大樹區,毒品,71,43067,year_end_registered_population,164.859405113
2016,高雄市,大樹區,汽車竊盜,12,43067,year_end_registered_population,27.8635614275
2016,高雄市,大社區,住宅竊盜,2,34615,year_end_registered_population,5.777841976
2016,高雄市,大社區,機車竊盜,10,34615,year_end_registered_population,28.8892098801
2016,高雄市,大社區,毒品,87,34615,year_end_registered_population,251.336125957
2016,高雄市,大社區,汽車竊盜,19,34615,year_end_registered_population,54.8894987722
2016,高雄市,小港區,住宅竊盜,2,157023,year_end_registered_population,1.2736987575
2016,高雄市,小港區,強盜,1,157023,year_end_registered_population,0.6368493788
2016,高雄市,小港區,搶奪,8,157023,year_end_registered_population,5.09479503
2016,高雄市,小港區,機車竊盜,51,157023,year_end_registered_population,32.4793183164
2016,高雄市,小港區,毒品,182,157023,year_end_registered_population,115.9065869331
2016,高雄市,小港區,汽車竊盜,37,157023,year_end_registered_population,23.5634270139
2016,高雄市,岡山區,住宅竊盜,1,97643,year_end_registered_population,1.0241389552
2016,高雄市,岡山區,強盜,1,97643,year_end_registered_population,1.0241389552
2016,高雄市,岡山區,搶奪,3,97643,year_end_registered_population,3.0724168655
2016,高雄市,岡山區,機車竊盜,25,97643,year_end_registered_population,25.6034738793
2016,高雄市,岡山區,毒品,131,97643,year_end_registered_population,134.1622031277
2016,高雄市,岡山區,汽車竊盜,33,97643,year_end_registered_population,33.7965855207
2016,高雄市,左營區,住宅竊盜,6,196936,year_end_registered_population,3.0466750619
2016,高雄市,左營區,強盜,3,196936,year_end_registered_population,1.523337531
2016,高雄市,左營區,搶奪,5,196936,year_end_registered_population,2.538895885
2016,高雄市,左營區,機車竊盜,49,196936,year_end_registered_population,24.8811796726
2016,高雄市,左營區,毒品,171,196936,year_end_registered_population,86.8302392655
2016,高雄市,左營區,汽車竊盜,21,196936,year_end_registered_population,10.6633627168
2016,高雄市,彌陀區,搶奪,1,19555,year_end_registered_population,5.1137816415
2016,高雄市,彌陀區,機車竊盜,6,19555,year_end_registered_population,30.6826898491
2016,高雄市,彌陀區,毒品,19,19555,year_end_registered_population,97.161851189
2016,高雄市,彌陀區,汽車竊盜,2,19555,year_end_registered_population,10.227563283
2016,高雄市,新興區,住宅竊盜,1,51431,year_end_registered_population,1.9443526278
2016,高雄市,新興區,強制性交,2,51431,year_end_registered_population,3.8887052556
2016,高雄市,新興區,強盜,1,51431,year_end_registered_population,1.9443526278
2016,高雄市,新興區,搶奪,3,51431,year_end_registered_population,5.8330578834
2016,高雄市,新興區,機車竊盜,17,51431,year_end_registered_population,33.0539946725
2016,高雄市,新興區,毒品,205,51431,year_end_registered_population,398.5922886975
2016,高雄市,新興區,汽車竊盜,4,51431,year_end_registered_population,7.7774105112
2016,高雄市,旗山區,住宅竊盜,3,37342,year_end_registered_population,8.033849285
2016,高雄市,旗山區,機車竊盜,11,37342,year_end_registered_population,29.4574473783
2016,高雄市,旗山區,毒品,40,37342,year_end_registered_population,107.1179904665
2016,高雄市,旗山區,汽車竊盜,13,37342,year_end_registered_population,34.8133469016
2016,高雄市,旗津區,機車竊盜,7,28898,year_end_registered_population,24.2231296283
2016,高雄市,旗津區,毒品,40,28898,year_end_registered_population,138.4178835906
2016,高雄市,杉林區,住宅竊盜,4,12201,year_end_registered_population,32.7841980166
2016,高雄市,杉林區,強盜,1,12201,year_end_registered_population,8.1960495041
2016,高雄市,杉林區,機車竊盜,4,12201,year_end_registered_population,32.7841980166
2016,高雄市,杉林區,毒品,36,12201,year_end_registered_population,295.057782149
2016,高雄市,杉林區,汽車竊盜,3,12201,year_end_registered_population,24.5881485124
2016,高雄市,林園區,住宅竊盜,1,70201,year_end_registered_population,1.4244811327
2016,高雄市,林園區,機車竊盜,27,70201,year_end_registered_population,38.4609905842
2016,高雄市,林園區,毒品,108,70201,year_end_registered_population,153.8439623367
2016,高雄市,林園區,汽車竊盜,38,70201,year_end_registered_population,54.1302830444
2016,高雄市,桃源區,毒品,3,4220,year_end_registered_population,71.0900473934
2016,高雄市,梓官區,強盜,1,36252,year_end_registered_population,2.7584684983
2016,高雄市,梓官區,搶奪,3,36252,year_end_registered_population,8.2754054949
2016,高雄市,梓官區,機車竊盜,8,36252,year_end_registered_population,22.0677479863
2016,高雄市,梓官區,毒品,46,36252,year_end_registered_population,126.8895509213
2016,高雄市,梓官區,汽車竊盜,5,36252,year_end_registered_population,13.7923424914
2016,高雄市,楠梓區,住宅竊盜,4,181845,year_end_registered_population,2.1996755479
2016,高雄市,楠梓區,強制性交,1,181845,year_end_registered_population,0.549918887
2016,高雄市,楠梓區,強盜,2,181845,year_end_registered_population,1.0998377739
2016,高雄市,楠梓區,搶奪,1,181845,year_end_registered_population,0.549918887
2016,高雄市,楠梓區,機車竊盜,37,181845,year_end_registered_population,20.3469988177
2016,高雄市,楠梓區,毒品,164,181845,year_end_registered_population,90.1866974621
2016,高雄市,楠梓區,汽車竊盜,68,181845,year_end_registered_population,37.3944843136
2016,高雄市,橋頭區,搶奪,1,37448,year_end_registered_population,2.6703695791
2016,高雄市,橋頭區,機車竊盜,6,37448,year_end_registered_population,16.0222174749
2016,高雄市,橋頭區,毒品,36,37448,year_end_registered_population,96.1333048494
2016,高雄市,橋頭區,汽車竊盜,13,37448,year_end_registered_population,34.7148045289
2016,高雄市,永安區,機車竊盜,1,14039,year_end_registered_population,7.1230144597
2016,高雄市,永安區,毒品,8,14039,year_end_registered_population,56.9841156778
2016,高雄市,永安區,汽車竊盜,1,14039,year_end_registered_population,7.1230144597
2016,高雄市,湖內區,住宅竊盜,2,29876,year_end_registered_population,6.6943365912
2016,高雄市,湖內區,強制性交,1,29876,year_end_registered_population,3.3471682956
2016,高雄市,湖內區,強盜,1,29876,year_end_registered_population,3.3471682956
2016,高雄市,湖內區,搶奪,1,29876,year_end_registered_population,3.3471682956
2016,高雄市,湖內區,機車竊盜,1,29876,year_end_registered_population,3.3471682956
2016,高雄市,湖內區,毒品,34,29876,year_end_registered_population,113.8037220511
2016,高雄市,湖內區,汽車竊盜,5,29876,year_end_registered_population,16.7358414781
2016,高雄市,燕巢區,住宅竊盜,1,29960,year_end_registered_population,3.3377837116
2016,高雄市,燕巢區,機車竊盜,14,29960,year_end_registered_population,46.7289719626
2016,高雄市,燕巢區,毒品,37,29960,year_end_registered_population,123.4979973298
2016,高雄市,燕巢區,汽車竊盜,18,29960,year_end_registered_population,60.0801068091
2016,高雄市,田寮區,毒品,1,7340,year_end_registered_population,13.6239782016
2016,高雄市,田寮區,汽車竊盜,2,7340,year_end_registered_population,27.2479564033
2016,高雄市,甲仙區,住宅竊盜,1,6214,year_end_registered_population,16.092693917
2016,高雄市,甲仙區,搶奪,1,6214,year_end_registered_population,16.092693917
2016,高雄市,甲仙區,機車竊盜,1,6214,year_end_registered_population,16.092693917
2016,高雄市,甲仙區,毒品,10,6214,year_end_registered_population,160.9269391696
2016,高雄市,甲仙區,汽車竊盜,7,6214,year_end_registered_population,112.6488574187
2016,高雄市,美濃區,住宅竊盜,16,40399,year_end_registered_population,39.6049407164
2016,高雄市,美濃區,機車竊盜,8,40399,year_end_registered_population,19.8024703582
2016,高雄市,美濃區,毒品,60,40399,year_end_registered_population,148.5185276863
2016,高雄市,美濃區,汽車竊盜,11,40399,year_end_registered_population,27.2283967425
2016,高雄市,苓雅區,住宅竊盜,2,172895,year_end_registered_population,1.1567714509
2016,高雄市,苓雅區,強制性交,2,172895,year_end_registered_population,1.1567714509
2016,高雄市,苓雅區,強盜,1,172895,year_end_registered_population,0.5783857254
2016,高雄市,苓雅區,搶奪,8,172895,year_end_registered_population,4.6270858035
2016,高雄市,苓雅區,機車竊盜,54,172895,year_end_registered_population,31.2328291738
2016,高雄市,苓雅區,毒品,226,172895,year_end_registered_population,130.7151739495
2016,高雄市,苓雅區,汽車竊盜,16,172895,year_end_registered_population,9.254171607
2016,高雄市,茂林區,毒品,1,1896,year_end_registered_population,52.7426160338
2016,高雄市,茄萣區,住宅竊盜,1,30412,year_end_registered_population,3.2881757201
2016,高雄市,茄萣區,搶奪,2,30412,year_end_registered_population,6.5763514402
2016,高雄市,茄萣區,機車竊盜,3,30412,year_end_registered_population,9.8645271603
2016,高雄市,茄萣區,毒品,68,30412,year_end_registered_population,223.5959489675
2016,高雄市,茄萣區,汽車竊盜,6,30412,year_end_registered_population,19.7290543207
2016,高雄市,路竹區,住宅竊盜,5,53007,year_end_registered_population,9.4327164337
2016,高雄市,路竹區,強盜,1,53007,year_end_registered_population,1.8865432867
2016,高雄市,路竹區,搶奪,1,53007,year_end_registered_population,1.8865432867
2016,高雄市,路竹區,機車竊盜,5,53007,year_end_registered_population,9.4327164337
2016,高雄市,路竹區,毒品,57,53007,year_end_registered_population,107.5329673439
2016,高雄市,路竹區,汽車竊盜,9,53007,year_end_registered_population,16.9788895806
2016,高雄市,阿蓮區,住宅竊盜,3,29093,year_end_registered_population,10.3117588423
2016,高雄市,阿蓮區,強制性交,1,29093,year_end_registered_population,3.4372529474
2016,高雄市,阿蓮區,機車竊盜,5,29093,year_end_registered_population,17.1862647372
2016,高雄市,阿蓮區,毒品,37,29093,year_end_registered_population,127.1783590554
2016,高雄市,阿蓮區,汽車竊盜,7,29093,year_end_registered_population,24.0607706321
2016,高雄市,鳥松區,住宅竊盜,2,44265,year_end_registered_population,4.5182424037
2016,高雄市,鳥松區,搶奪,2,44265,year_end_registered_population,4.5182424037
2016,高雄市,鳥松區,機車竊盜,3,44265,year_end_registered_population,6.7773636056
2016,高雄市,鳥松區,毒品,73,44265,year_end_registered_population,164.9158477352
2016,高雄市,鳥松區,汽車竊盜,20,44265,year_end_registered_population,45.182424037
2016,高雄市,鳳山區,住宅竊盜,34,357768,year_end_registered_population,9.5033653094
2016,高雄市,鳳山區,強盜,4,357768,year_end_registered_population,1.1180429776
2016,高雄市,鳳山區,搶奪,12,357768,year_end_registered_population,3.3541289327
2016,高雄市,鳳山區,毒品,263,357768,year_end_registered_population,73.5113257754
2016,高雄市,鳳山區,汽車竊盜,80,357768,year_end_registered_population,22.3608595514
2016,高雄市,鹽埕區,強盜,1,24659,year_end_registered_population,4.0553144896
2016,高雄市,鹽埕區,機車竊盜,9,24659,year_end_registered_population,36.4978304067
2016,高雄市,鹽埕區,毒品,40,24659,year_end_registered_population,162.2125795855
2016,高雄市,鹽埕區,汽車竊盜,1,24659,year_end_registered_population,4.0553144896
2016,高雄市,鼓山區,住宅竊盜,2,138099,year_end_registered_population,1.4482364101
2016,高雄市,鼓山區,強制性交,2,138099,year_end_registered_population,1.4482364101
2016,高雄市,鼓山區,搶奪,3,138099,year_end_registered_population,2.1723546152
2016,高雄市,鼓山區,機車竊盜,18,138099,year_end_registered_population,13.034127691
2016,高雄市,鼓山區,毒品,215,138099,year_end_registered_population,155.685414087
2016,高雄市,鼓山區,汽車竊盜,14,138099,year_end_registered_population,10.1376548708
2017,南投縣,中寮鄉,住宅竊盜,3,14842,year_end_registered_population,20.2129093114
2017,南投縣,中寮鄉,機車竊盜,2,14842,year_end_registered_population,13.4752728743
2017,南投縣,中寮鄉,毒品,13,14842,year_end_registered_population,87.5892736828
2017,南投縣,中寮鄉,汽車竊盜,2,14842,year_end_registered_population,13.4752728743
2017,南投縣,仁愛鄉,住宅竊盜,5,15748,year_end_registered_population,31.7500635001
2017,南投縣,仁愛鄉,機車竊盜,3,15748,year_end_registered_population,19.0500381001
2017,南投縣,仁愛鄉,毒品,22,15748,year_end_registered_population,139.7002794006
2017,南投縣,信義鄉,住宅竊盜,1,16253,year_end_registered_population,6.1527102689
2017,南投縣,信義鄉,強制性交,3,16253,year_end_registered_population,18.4581308066
2017,南投縣,信義鄉,機車竊盜,2,16253,year_end_registered_population,12.3054205377
2017,南投縣,信義鄉,毒品,9,16253,year_end_registered_population,55.3743924199
2017,南投縣,南投市,住宅竊盜,7,100180,year_end_registered_population,6.9874226392
2017,南投縣,南投市,強制性交,6,100180,year_end_registered_population,5.9892194051
2017,南投縣,南投市,強盜,5,100180,year_end_registered_population,4.9910161709
2017,南投縣,南投市,搶奪,5,100180,year_end_registered_population,4.9910161709
2017,南投縣,南投市,機車竊盜,34,100180,year_end_registered_population,33.9389099621
2017,南投縣,南投市,毒品,132,100180,year_end_registered_population,131.7628269116
2017,南投縣,南投市,汽車竊盜,11,100180,year_end_registered_population,10.980235576
2017,南投縣,名間鄉,住宅竊盜,8,38796,year_end_registered_population,20.6206825446
2017,南投縣,名間鄉,強盜,2,38796,year_end_registered_population,5.1551706361
2017,南投縣,名間鄉,機車竊盜,7,38796,year_end_registered_population,18.0430972265
2017,南投縣,名間鄉,毒品,45,38796,year_end_registered_population,115.9913393133
2017,南投縣,名間鄉,汽車竊盜,3,38796,year_end_registered_population,7.7327559542
2017,南投縣,國姓鄉,住宅竊盜,2,18803,year_end_registered_population,10.6366005425
2017,南投縣,國姓鄉,機車竊盜,1,18803,year_end_registered_population,5.3183002712
2017,南投縣,國姓鄉,毒品,37,18803,year_end_registered_population,196.7771100356
2017,南投縣,國姓鄉,汽車竊盜,4,18803,year_end_registered_population,21.2732010849
2017,南投縣,埔里鎮,住宅竊盜,32,81033,year_end_registered_population,39.4900842866
2017,南投縣,埔里鎮,強制性交,1,81033,year_end_registered_population,1.234065134
2017,南投縣,埔里鎮,搶奪,1,81033,year_end_registered_population,1.234065134
2017,南投縣,埔里鎮,機車竊盜,42,81033,year_end_registered_population,51.8307356262
2017,南投縣,埔里鎮,毒品,168,81033,year_end_registered_population,207.3229425049
2017,南投縣,埔里鎮,汽車竊盜,12,81033,year_end_registered_population,14.8087816075
2017,南投縣,水里鄉,住宅竊盜,3,17803,year_end_registered_population,16.8510925125
2017,南投縣,水里鄉,機車竊盜,6,17803,year_end_registered_population,33.702185025
2017,南投縣,水里鄉,毒品,30,17803,year_end_registered_population,168.510925125
2017,南投縣,水里鄉,汽車竊盜,5,17803,year_end_registered_population,28.0851541875
2017,南投縣,竹山鎮,住宅竊盜,8,55060,year_end_registered_population,14.5296040683
2017,南投縣,竹山鎮,強制性交,2,55060,year_end_registered_population,3.6324010171
2017,南投縣,竹山鎮,強盜,1,55060,year_end_registered_population,1.8162005085
2017,南投縣,竹山鎮,機車竊盜,3,55060,year_end_registered_population,5.4486015256
2017,南投縣,竹山鎮,毒品,95,55060,year_end_registered_population,172.5390483109
2017,南投縣,竹山鎮,汽車竊盜,6,55060,year_end_registered_population,10.8972030512
2017,南投縣,草屯鎮,住宅竊盜,20,97875,year_end_registered_population,20.4342273308
2017,南投縣,草屯鎮,強制性交,4,97875,year_end_registered_population,4.0868454662
2017,南投縣,草屯鎮,強盜,2,97875,year_end_registered_population,2.0434227331
2017,南投縣,草屯鎮,搶奪,1,97875,year_end_registered_population,1.0217113665
2017,南投縣,草屯鎮,機車竊盜,18,97875,year_end_registered_population,18.3908045977
2017,南投縣,草屯鎮,毒品,83,97875,year_end_registered_population,84.8020434227
2017,南投縣,草屯鎮,汽車竊盜,12,97875,year_end_registered_population,12.2605363985
2017,南投縣,集集鎮,住宅竊盜,1,10904,year_end_registered_population,9.1709464417
2017,南投縣,集集鎮,機車竊盜,2,10904,year_end_registered_population,18.3418928833
2017,南投縣,集集鎮,毒品,15,10904,year_end_registered_population,137.5641966251
2017,南投縣,魚池鄉,住宅竊盜,4,15946,year_end_registered_population,25.08466073
2017,南投縣,魚池鄉,機車竊盜,3,15946,year_end_registered_population,18.8134955475
2017,南投縣,魚池鄉,毒品,16,15946,year_end_registered_population,100.3386429199
2017,南投縣,魚池鄉,汽車竊盜,4,15946,year_end_registered_population,25.08466073
2017,南投縣,鹿谷鄉,住宅竊盜,4,17808,year_end_registered_population,22.4618149146
2017,南投縣,鹿谷鄉,搶奪,1,17808,year_end_registered_population,5.6154537287
2017,南投縣,鹿谷鄉,機車竊盜,1,17808,year_end_registered_population,5.6154537287
2017,南投縣,鹿谷鄉,毒品,9,17808,year_end_registered_population,50.539083558
2017,南投縣,鹿谷鄉,汽車竊盜,1,17808,year_end_registered_population,5.6154537287
2017,嘉義市,東區,住宅竊盜,6,122103,year_end_registered_population,4.9138841797
2017,嘉義市,東區,強制性交,5,122103,year_end_registered_population,4.0949034831
2017,嘉義市,東區,搶奪,1,122103,year_end_registered_population,0.8189806966
2017,嘉義市,東區,機車竊盜,6,122103,year_end_registered_population,4.9138841797
2017,嘉義市,東區,毒品,113,122103,year_end_registered_population,92.5448187186
2017,嘉義市,東區,汽車竊盜,12,122103,year_end_registered_population,9.8277683595
2017,嘉義市,西區,住宅竊盜,7,147295,year_end_registered_population,4.7523676975
2017,嘉義市,西區,強制性交,8,147295,year_end_registered_population,5.4312773685
2017,嘉義市,西區,強盜,2,147295,year_end_registered_population,1.3578193421
2017,嘉義市,西區,搶奪,2,147295,year_end_registered_population,1.3578193421
2017,嘉義市,西區,機車竊盜,22,147295,year_end_registered_population,14.9360127635
2017,嘉義市,西區,毒品,302,147295,year_end_registered_population,205.0307206626
2017,嘉義市,西區,汽車竊盜,10,147295,year_end_registered_population,6.7890967107
2017,嘉義縣,中埔鄉,強制性交,1,44974,year_end_registered_population,2.2235069151
2017,嘉義縣,中埔鄉,強盜,1,44974,year_end_registered_population,2.2235069151
2017,嘉義縣,中埔鄉,機車竊盜,1,44974,year_end_registered_population,2.2235069151
2017,嘉義縣,中埔鄉,毒品,56,44974,year_end_registered_population,124.516387246
2017,嘉義縣,中埔鄉,汽車竊盜,5,44974,year_end_registered_population,11.1175345755
2017,嘉義縣,六腳鄉,住宅竊盜,2,23318,year_end_registered_population,8.5770649284
2017,嘉義縣,六腳鄉,強制性交,1,23318,year_end_registered_population,4.2885324642
2017,嘉義縣,六腳鄉,機車竊盜,2,23318,year_end_registered_population,8.5770649284
2017,嘉義縣,六腳鄉,毒品,15,23318,year_end_registered_population,64.3279869629
2017,嘉義縣,六腳鄉,汽車竊盜,3,23318,year_end_registered_population,12.8655973926
2017,嘉義縣,大林鎮,機車竊盜,2,31198,year_end_registered_population,6.4106673505
2017,嘉義縣,大林鎮,毒品,18,31198,year_end_registered_population,57.6960061542
2017,嘉義縣,大林鎮,汽車竊盜,7,31198,year_end_registered_population,22.4373357266
2017,嘉義縣,太保市,強制性交,4,37781,year_end_registered_population,10.587332257
2017,嘉義縣,太保市,強盜,1,37781,year_end_registered_population,2.6468330642
2017,嘉義縣,太保市,機車竊盜,2,37781,year_end_registered_population,5.2936661285
2017,嘉義縣,太保市,毒品,49,37781,year_end_registered_population,129.6948201477
2017,嘉義縣,太保市,汽車竊盜,7,37781,year_end_registered_population,18.5278314497
2017,嘉義縣,布袋鎮,住宅竊盜,1,27143,year_end_registered_population,3.6841911358
2017,嘉義縣,布袋鎮,搶奪,1,27143,year_end_registered_population,3.6841911358
2017,嘉義縣,布袋鎮,機車竊盜,1,27143,year_end_registered_population,3.6841911358
2017,嘉義縣,布袋鎮,毒品,12,27143,year_end_registered_population,44.21029363
2017,嘉義縣,布袋鎮,汽車竊盜,2,27143,year_end_registered_population,7.3683822717
2017,嘉義縣,新港鄉,機車竊盜,1,31935,year_end_registered_population,3.1313605762
2017,嘉義縣,新港鄉,毒品,13,31935,year_end_registered_population,40.7076874902
2017,嘉義縣,新港鄉,汽車竊盜,1,31935,year_end_registered_population,3.1313605762
2017,嘉義縣,朴子市,住宅竊盜,5,42382,year_end_registered_population,11.7974611864
2017,嘉義縣,朴子市,強制性交,2,42382,year_end_registered_population,4.7189844745
2017,嘉義縣,朴子市,機車竊盜,6,42382,year_end_registered_population,14.1569534236
2017,嘉義縣,朴子市,毒品,36,42382,year_end_registered_population,84.9417205417
2017,嘉義縣,朴子市,汽車竊盜,7,42382,year_end_registered_population,16.5164456609
2017,嘉義縣,東石鄉,住宅竊盜,1,24969,year_end_registered_population,4.004966158
2017,嘉義縣,東石鄉,毒品,8,24969,year_end_registered_population,32.0397292643
2017,嘉義縣,東石鄉,汽車竊盜,1,24969,year_end_registered_population,4.004966158
2017,嘉義縣,梅山鄉,住宅竊盜,1,19475,year_end_registered_population,5.13478819
2017,嘉義縣,梅山鄉,機車竊盜,1,19475,year_end_registered_population,5.13478819
2017,嘉義縣,梅山鄉,毒品,11,19475,year_end_registered_population,56.4826700899
2017,嘉義縣,梅山鄉,汽車竊盜,4,19475,year_end_registered_population,20.5391527599
2017,嘉義縣,民雄鄉,強盜,1,71693,year_end_registered_population,1.394836316
2017,嘉義縣,民雄鄉,搶奪,2,71693,year_end_registered_population,2.7896726319
2017,嘉義縣,民雄鄉,機車竊盜,3,71693,year_end_registered_population,4.1845089479
2017,嘉義縣,民雄鄉,毒品,95,71693,year_end_registered_population,132.509450016
2017,嘉義縣,民雄鄉,汽車竊盜,9,71693,year_end_registered_population,12.5535268436
2017,嘉義縣,水上鄉,強制性交,3,49744,year_end_registered_population,6.0308780959
2017,嘉義縣,水上鄉,機車竊盜,5,49744,year_end_registered_population,10.0514634931
2017,嘉義縣,水上鄉,毒品,77,49744,year_end_registered_population,154.7925377935
2017,嘉義縣,水上鄉,汽車竊盜,9,49744,year_end_registered_population,18.0926342876
2017,嘉義縣,溪口鄉,機車竊盜,1,14751,year_end_registered_population,6.7792014101
2017,嘉義縣,溪口鄉,毒品,11,14751,year_end_registered_population,74.5712155108
2017,嘉義縣,溪口鄉,汽車竊盜,1,14751,year_end_registered_population,6.7792014101
2017,嘉義縣,番路鄉,機車竊盜,1,11599,year_end_registered_population,8.6214328821
2017,嘉義縣,番路鄉,毒品,11,11599,year_end_registered_population,94.8357617036
2017,嘉義縣,竹崎鄉,住宅竊盜,2,35962,year_end_registered_population,5.5614259496
2017,嘉義縣,竹崎鄉,強制性交,1,35962,year_end_registered_population,2.7807129748
2017,嘉義縣,竹崎鄉,搶奪,1,35962,year_end_registered_population,2.7807129748
2017,嘉義縣,竹崎鄉,機車竊盜,2,35962,year_end_registered_population,5.5614259496
2017,嘉義縣,竹崎鄉,毒品,16,35962,year_end_registered_population,44.4914075969
2017,嘉義縣,竹崎鄉,汽車竊盜,3,35962,year_end_registered_population,8.3421389244
2017,嘉義縣,義竹鄉,住宅竊盜,2,18486,year_end_registered_population,10.8189981608
2017,嘉義縣,義竹鄉,機車竊盜,1,18486,year_end_registered_population,5.4094990804
2017,嘉義縣,義竹鄉,毒品,4,18486,year_end_registered_population,21.6379963215
2017,嘉義縣,阿里山鄉,強制性交,1,5631,year_end_registered_population,17.7588350204
2017,嘉義縣,阿里山鄉,毒品,7,5631,year_end_registered_population,124.311845143
2017,嘉義縣,鹿草鄉,搶奪,2,15577,year_end_registered_population,12.8394427682
2017,嘉義縣,鹿草鄉,機車竊盜,1,15577,year_end_registered_population,6.4197213841
2017,嘉義縣,鹿草鄉,毒品,8,15577,year_end_registered_population,51.3577710727
2017,嘉義縣,鹿草鄉,汽車竊盜,2,15577,year_end_registered_population,12.8394427682
2017,基隆市,七堵區,住宅竊盜,9,53972,year_end_registered_population,16.6753131253
2017,基隆市,七堵區,強制性交,4,53972,year_end_registered_population,7.4112502779
2017,基隆市,七堵區,機車竊盜,10,53972,year_end_registered_population,18.5281256948
2017,基隆市,七堵區,毒品,156,53972,year_end_registered_population,289.038760839
2017,基隆市,七堵區,汽車竊盜,2,53972,year_end_registered_population,3.705625139
2017,基隆市,中山區,住宅竊盜,2,47908,year_end_registered_population,4.1746681139
2017,基隆市,中山區,強盜,1,47908,year_end_registered_population,2.0873340569
2017,基隆市,中山區,搶奪,2,47908,year_end_registered_population,4.1746681139
2017,基隆市,中山區,機車竊盜,14,47908,year_end_registered_population,29.2226767972
2017,基隆市,中山區,毒品,162,47908,year_end_registered_population,338.1481172247
2017,基隆市,中山區,汽車竊盜,3,47908,year_end_registered_population,6.2620021708
2017,基隆市,中正區,住宅竊盜,15,52163,year_end_registered_population,28.7560147998
2017,基隆市,中正區,強制性交,5,52163,year_end_registered_population,9.5853382666
2017,基隆市,中正區,強盜,2,52163,year_end_registered_population,3.8341353066
2017,基隆市,中正區,機車竊盜,14,52163,year_end_registered_population,26.8389471464
2017,基隆市,中正區,毒品,183,52163,year_end_registered_population,350.8233805571
2017,基隆市,中正區,汽車竊盜,3,52163,year_end_registered_population,5.75120296
2017,基隆市,仁愛區,住宅竊盜,7,44314,year_end_registered_population,15.7963623234
2017,基隆市,仁愛區,強制性交,2,44314,year_end_registered_population,4.5132463781
2017,基隆市,仁愛區,強盜,4,44314,year_end_registered_population,9.0264927562
2017,基隆市,仁愛區,搶奪,3,44314,year_end_registered_population,6.7698695672
2017,基隆市,仁愛區,機車竊盜,23,44314,year_end_registered_population,51.9023333484
2017,基隆市,仁愛區,毒品,284,44314,year_end_registered_population,640.880985693
2017,基隆市,仁愛區,汽車竊盜,5,44314,year_end_registered_population,11.2831159453
2017,基隆市,信義區,住宅竊盜,7,52035,year_end_registered_population,13.4524839051
2017,基隆市,信義區,強制性交,1,52035,year_end_registered_population,1.921783415
2017,基隆市,信義區,強盜,1,52035,year_end_registered_population,1.921783415
2017,基隆市,信義區,機車竊盜,15,52035,year_end_registered_population,28.8267512251
2017,基隆市,信義區,毒品,144,52035,year_end_registered_population,276.7368117613
2017,基隆市,信義區,汽車竊盜,5,52035,year_end_registered_population,9.608917075
2017,基隆市,安樂區,住宅竊盜,7,82358,year_end_registered_population,8.4994778892
2017,基隆市,安樂區,強盜,3,82358,year_end_registered_population,3.6426333811
2017,基隆市,安樂區,搶奪,1,82358,year_end_registered_population,1.214211127
2017,基隆市,安樂區,機車竊盜,17,82358,year_end_registered_population,20.6415891595
2017,基隆市,安樂區,毒品,213,82358,year_end_registered_population,258.6269700576
2017,基隆市,安樂區,汽車竊盜,3,82358,year_end_registered_population,3.6426333811
2017,基隆市,暖暖區,住宅竊盜,8,38708,year_end_registered_population,20.667562261
2017,基隆市,暖暖區,機車竊盜,4,38708,year_end_registered_population,10.3337811305
2017,基隆市,暖暖區,毒品,92,38708,year_end_registered_population,237.6769660019
2017,基隆市,暖暖區,汽車竊盜,1,38708,year_end_registered_population,2.5834452826
2017,宜蘭縣,三星鄉,住宅竊盜,9,21467,year_end_registered_population,41.9248148321
2017,宜蘭縣,三星鄉,強制性交,2,21467,year_end_registered_population,9.3166255182
2017,宜蘭縣,三星鄉,機車竊盜,3,21467,year_end_registered_population,13.9749382774
2017,宜蘭縣,三星鄉,毒品,17,21467,year_end_registered_population,79.191316905
2017,宜蘭縣,三星鄉,汽車竊盜,3,21467,year_end_registered_population,13.9749382774
2017,宜蘭縣,五結鄉,住宅竊盜,8,39673,year_end_registered_population,20.1648476294
2017,宜蘭縣,五結鄉,強制性交,2,39673,year_end_registered_population,5.0412119073
2017,宜蘭縣,五結鄉,搶奪,1,39673,year_end_registered_population,2.5206059537
2017,宜蘭縣,五結鄉,機車竊盜,8,39673,year_end_registered_population,20.1648476294
2017,宜蘭縣,五結鄉,毒品,44,39673,year_end_registered_population,110.9066619615
2017,宜蘭縣,五結鄉,汽車竊盜,6,39673,year_end_registered_population,15.123635722
2017,宜蘭縣,冬山鄉,住宅竊盜,6,53289,year_end_registered_population,11.2593593425
2017,宜蘭縣,冬山鄉,機車竊盜,2,53289,year_end_registered_population,3.7531197808
2017,宜蘭縣,冬山鄉,毒品,56,53289,year_end_registered_population,105.0873538629
2017,宜蘭縣,冬山鄉,汽車竊盜,7,53289,year_end_registered_population,13.1359192329
2017,宜蘭縣,南澳鄉,住宅竊盜,1,5900,year_end_registered_population,16.9491525424
2017,宜蘭縣,南澳鄉,毒品,24,5900,year_end_registered_population,406.7796610169
2017,宜蘭縣,員山鄉,住宅竊盜,1,32458,year_end_registered_population,3.0809045536
2017,宜蘭縣,員山鄉,機車竊盜,2,32458,year_end_registered_population,6.1618091072
2017,宜蘭縣,員山鄉,毒品,65,32458,year_end_registered_population,200.2587959825
2017,宜蘭縣,員山鄉,汽車竊盜,2,32458,year_end_registered_population,6.1618091072
2017,宜蘭縣,壯圍鄉,住宅竊盜,3,24250,year_end_registered_population,12.3711340206
2017,宜蘭縣,壯圍鄉,強制性交,1,24250,year_end_registered_population,4.1237113402
2017,宜蘭縣,壯圍鄉,機車竊盜,2,24250,year_end_registered_population,8.2474226804
2017,宜蘭縣,壯圍鄉,毒品,42,24250,year_end_registered_population,173.1958762887
2017,宜蘭縣,壯圍鄉,汽車竊盜,2,24250,year_end_registered_population,8.2474226804
2017,宜蘭縣,大同鄉,毒品,4,6102,year_end_registered_population,65.5522779417
2017,宜蘭縣,宜蘭市,住宅竊盜,6,95918,year_end_registered_population,6.2553431056
2017,宜蘭縣,宜蘭市,強制性交,3,95918,year_end_registered_population,3.1276715528
2017,宜蘭縣,宜蘭市,強盜,1,95918,year_end_registered_population,1.0425571843
2017,宜蘭縣,宜蘭市,機車竊盜,20,95918,year_end_registered_population,20.8511436852
2017,宜蘭縣,宜蘭市,毒品,132,95918,year_end_registered_population,137.6175483225
2017,宜蘭縣,宜蘭市,汽車竊盜,11,95918,year_end_registered_population,11.4681290269
2017,宜蘭縣,礁溪鄉,住宅竊盜,14,35777,year_end_registered_population,39.1312854627
2017,宜蘭縣,礁溪鄉,機車竊盜,14,35777,year_end_registered_population,39.1312854627
2017,宜蘭縣,礁溪鄉,毒品,95,35777,year_end_registered_population,265.5337227828
2017,宜蘭縣,礁溪鄉,汽車竊盜,2,35777,year_end_registered_population,5.5901836375
2017,宜蘭縣,羅東鎮,住宅竊盜,9,72319,year_end_registered_population,12.444862346
2017,宜蘭縣,羅東鎮,強盜,3,72319,year_end_registered_population,4.1482874487
2017,宜蘭縣,羅東鎮,機車竊盜,16,72319,year_end_registered_population,22.1241997262
2017,宜蘭縣,羅東鎮,毒品,167,72319,year_end_registered_population,230.9213346423
2017,宜蘭縣,羅東鎮,汽車竊盜,12,72319,year_end_registered_population,16.5931497947
2017,宜蘭縣,蘇澳鎮,住宅竊盜,4,40056,year_end_registered_population,9.9860195726
2017,宜蘭縣,蘇澳鎮,強制性交,1,40056,year_end_registered_population,2.4965048931
2017,宜蘭縣,蘇澳鎮,機車竊盜,5,40056,year_end_registered_population,12.4825244657
2017,宜蘭縣,蘇澳鎮,毒品,60,40056,year_end_registered_population,149.790293589
2017,宜蘭縣,蘇澳鎮,汽車竊盜,11,40056,year_end_registered_population,27.4615538246
2017,宜蘭縣,頭城鎮,住宅竊盜,9,29398,year_end_registered_population,30.6143275053
2017,宜蘭縣,頭城鎮,強盜,1,29398,year_end_registered_population,3.401591945
2017,宜蘭縣,頭城鎮,機車竊盜,5,29398,year_end_registered_population,17.0079597252
2017,宜蘭縣,頭城鎮,毒品,66,29398,year_end_registered_population,224.505068372
2017,宜蘭縣,頭城鎮,汽車竊盜,1,29398,year_end_registered_population,3.401591945
2017,屏東縣,三地門鄉,機車竊盜,1,7644,year_end_registered_population,13.0821559393
2017,屏東縣,三地門鄉,毒品,22,7644,year_end_registered_population,287.8074306646
2017,屏東縣,三地門鄉,汽車竊盜,1,7644,year_end_registered_population,13.0821559393
2017,屏東縣,九如鄉,機車竊盜,3,22110,year_end_registered_population,13.5685210312
2017,屏東縣,九如鄉,毒品,20,22110,year_end_registered_population,90.4568068747
2017,屏東縣,九如鄉,汽車竊盜,7,22110,year_end_registered_population,31.6598824062
2017,屏東縣,佳冬鄉,住宅竊盜,1,19380,year_end_registered_population,5.1599587203
2017,屏東縣,佳冬鄉,機車竊盜,4,19380,year_end_registered_population,20.6398348813
2017,屏東縣,佳冬鄉,毒品,17,19380,year_end_registered_population,87.7192982456
2017,屏東縣,佳冬鄉,汽車竊盜,1,19380,year_end_registered_population,5.1599587203
2017,屏東縣,來義鄉,機車竊盜,2,7465,year_end_registered_population,26.7916945747
2017,屏東縣,來義鄉,毒品,6,7465,year_end_registered_population,80.375083724
2017,屏東縣,內埔鄉,機車竊盜,10,54707,year_end_registered_population,18.2791964465
2017,屏東縣,內埔鄉,毒品,126,54707,year_end_registered_population,230.3178752262
2017,屏東縣,內埔鄉,汽車竊盜,6,54707,year_end_registered_population,10.9675178679
2017,屏東縣,南州鄉,毒品,8,10670,year_end_registered_population,74.9765698219
2017,屏東縣,屏東市,住宅竊盜,32,200452,year_end_registered_population,15.9639215373
2017,屏東縣,屏東市,強盜,2,200452,year_end_registered_population,0.9977450961
2017,屏東縣,屏東市,機車竊盜,49,200452,year_end_registered_population,24.444754854
2017,屏東縣,屏東市,毒品,459,200452,year_end_registered_population,228.982499551
2017,屏東縣,屏東市,汽車竊盜,50,200452,year_end_registered_population,24.9436274021
2017,屏東縣,崁頂鄉,機車竊盜,2,15720,year_end_registered_population,12.7226463104
2017,屏東縣,崁頂鄉,毒品,14,15720,year_end_registered_population,89.058524173
2017,屏東縣,恆春鎮,住宅竊盜,1,30726,year_end_registered_population,3.2545726746
2017,屏東縣,恆春鎮,強制性交,2,30726,year_end_registered_population,6.5091453492
2017,屏東縣,恆春鎮,強盜,1,30726,year_end_registered_population,3.2545726746
2017,屏東縣,恆春鎮,機車竊盜,8,30726,year_end_registered_population,26.0365813969
2017,屏東縣,恆春鎮,毒品,59,30726,year_end_registered_population,192.0197878019
2017,屏東縣,恆春鎮,汽車竊盜,10,30726,year_end_registered_population,32.5457267461
2017,屏東縣,新園鄉,住宅竊盜,5,35321,year_end_registered_population,14.1558846012
2017,屏東縣,新園鄉,機車竊盜,10,35321,year_end_registered_population,28.3117692025
2017,屏東縣,新園鄉,毒品,48,35321,year_end_registered_population,135.8964921718
2017,屏東縣,新園鄉,汽車竊盜,10,35321,year_end_registered_population,28.3117692025
2017,屏東縣,新埤鄉,住宅竊盜,1,9936,year_end_registered_population,10.0644122383
2017,屏東縣,新埤鄉,機車竊盜,3,9936,year_end_registered_population,30.193236715
2017,屏東縣,新埤鄉,毒品,19,9936,year_end_registered_population,191.2238325282
2017,屏東縣,春日鄉,毒品,13,4867,year_end_registered_population,267.1049928087
2017,屏東縣,東港鎮,住宅竊盜,1,47866,year_end_registered_population,2.0891655873
2017,屏東縣,東港鎮,強制性交,1,47866,year_end_registered_population,2.0891655873
2017,屏東縣,東港鎮,搶奪,2,47866,year_end_registered_population,4.1783311745
2017,屏東縣,東港鎮,機車竊盜,20,47866,year_end_registered_population,41.7833117453
2017,屏東縣,東港鎮,毒品,93,47866,year_end_registered_population,194.2923996156
2017,屏東縣,東港鎮,汽車竊盜,12,47866,year_end_registered_population,25.0699870472
2017,屏東縣,枋寮鄉,強制性交,1,24571,year_end_registered_population,4.0698384274
2017,屏東縣,枋寮鄉,強盜,1,24571,year_end_registered_population,4.0698384274
2017,屏東縣,枋寮鄉,搶奪,1,24571,year_end_registered_population,4.0698384274
2017,屏東縣,枋寮鄉,機車竊盜,7,24571,year_end_registered_population,28.4888689919
2017,屏東縣,枋寮鄉,毒品,57,24571,year_end_registered_population,231.9807903626
2017,屏東縣,枋寮鄉,汽車竊盜,3,24571,year_end_registered_population,12.2095152822
2017,屏東縣,枋山鄉,機車竊盜,1,5478,year_end_registered_population,18.2548375319
2017,屏東縣,枋山鄉,毒品,27,5478,year_end_registered_population,492.8806133625
2017,屏東縣,林邊鄉,住宅竊盜,2,18080,year_end_registered_population,11.0619469027
2017,屏東縣,林邊鄉,機車竊盜,3,18080,year_end_registered_population,16.592920354
2017,屏東縣,林邊鄉,毒品,27,18080,year_end_registered_population,149.3362831858
2017,屏東縣,林邊鄉,汽車竊盜,2,18080,year_end_registered_population,11.0619469027
2017,屏東縣,泰武鄉,毒品,4,5271,year_end_registered_population,75.8869284766
2017,屏東縣,滿州鄉,住宅竊盜,1,7840,year_end_registered_population,12.7551020408
2017,屏東縣,滿州鄉,機車竊盜,3,7840,year_end_registered_population,38.2653061224
2017,屏東縣,滿州鄉,毒品,4,7840,year_end_registered_population,51.0204081633
2017,屏東縣,滿州鄉,汽車竊盜,1,7840,year_end_registered_population,12.7551020408
2017,屏東縣,潮州鎮,住宅竊盜,6,54377,year_end_registered_population,11.0340769075
2017,屏東縣,潮州鎮,搶奪,1,54377,year_end_registered_population,1.8390128179
2017,屏東縣,潮州鎮,機車竊盜,14,54377,year_end_registered_population,25.7461794509
2017,屏東縣,潮州鎮,毒品,150,54377,year_end_registered_population,275.8519226879
2017,屏東縣,潮州鎮,汽車竊盜,11,54377,year_end_registered_population,20.2291409971
2017,屏東縣,牡丹鄉,毒品,1,4926,year_end_registered_population,20.3004466098
2017,屏東縣,獅子鄉,機車竊盜,3,4806,year_end_registered_population,62.4219725343
2017,屏東縣,獅子鄉,毒品,3,4806,year_end_registered_population,62.4219725343
2017,屏東縣,琉球鄉,住宅竊盜,1,12337,year_end_registered_population,8.1056983059
2017,屏東縣,琉球鄉,機車竊盜,2,12337,year_end_registered_population,16.2113966118
2017,屏東縣,琉球鄉,毒品,1,12337,year_end_registered_population,8.1056983059
2017,屏東縣,瑪家鄉,機車竊盜,1,6746,year_end_registered_population,14.8235991699
2017,屏東縣,瑪家鄉,毒品,14,6746,year_end_registered_population,207.5303883783
2017,屏東縣,瑪家鄉,汽車竊盜,1,6746,year_end_registered_population,14.8235991699
2017,屏東縣,竹田鄉,機車竊盜,1,17158,year_end_registered_population,5.8281851032
2017,屏東縣,竹田鄉,毒品,27,17158,year_end_registered_population,157.3609977853
2017,屏東縣,竹田鄉,汽車竊盜,1,17158,year_end_registered_population,5.8281851032
2017,屏東縣,萬丹鄉,住宅竊盜,3,50935,year_end_registered_population,5.889859625
2017,屏東縣,萬丹鄉,搶奪,1,50935,year_end_registered_population,1.9632865417
2017,屏東縣,萬丹鄉,機車竊盜,13,50935,year_end_registered_population,25.5227250417
2017,屏東縣,萬丹鄉,毒品,123,50935,year_end_registered_population,241.4842446255
2017,屏東縣,萬丹鄉,汽車竊盜,7,50935,year_end_registered_population,13.7430057917
2017,屏東縣,萬巒鄉,機車竊盜,2,20556,year_end_registered_population,9.7295193617
2017,屏東縣,萬巒鄉,毒品,45,20556,year_end_registered_population,218.9141856392
2017,屏東縣,車城鄉,強盜,1,8586,year_end_registered_population,11.6468669928
2017,屏東縣,車城鄉,機車竊盜,7,8586,year_end_registered_population,81.5280689495
2017,屏東縣,車城鄉,毒品,24,8586,year_end_registered_population,279.5248078267
2017,屏東縣,車城鄉,汽車竊盜,2,8586,year_end_registered_population,23.2937339856
2017,屏東縣,里港鄉,住宅竊盜,1,26459,year_end_registered_population,3.7794323293
2017,屏東縣,里港鄉,強盜,1,26459,year_end_registered_population,3.7794323293
2017,屏東縣,里港鄉,機車竊盜,2,26459,year_end_registered_population,7.5588646585
2017,屏東縣,里港鄉,毒品,24,26459,year_end_registered_population,90.7063759023
2017,屏東縣,里港鄉,汽車竊盜,3,26459,year_end_registered_population,11.3382969878
2017,屏東縣,長治鄉,住宅竊盜,1,30008,year_end_registered_population,3.3324446814
2017,屏東縣,長治鄉,強盜,2,30008,year_end_registered_population,6.6648893628
2017,屏東縣,長治鄉,機車竊盜,3,30008,year_end_registered_population,9.9973340443
2017,屏東縣,長治鄉,毒品,53,30008,year_end_registered_population,176.6195681152
2017,屏東縣,長治鄉,汽車竊盜,10,30008,year_end_registered_population,33.3244468142
2017,屏東縣,霧臺鄉,毒品,5,3246,year_end_registered_population,154.0357362908
2017,屏東縣,高樹鄉,住宅竊盜,1,24622,year_end_registered_population,4.0614084965
2017,屏東縣,高樹鄉,機車竊盜,1,24622,year_end_registered_population,4.0614084965
2017,屏東縣,高樹鄉,毒品,47,24622,year_end_registered_population,190.8861993339
2017,屏東縣,高樹鄉,汽車竊盜,1,24622,year_end_registered_population,4.0614084965
2017,屏東縣,鹽埔鄉,毒品,39,25997,year_end_registered_population,150.0173096896
2017,屏東縣,鹽埔鄉,汽車竊盜,1,25997,year_end_registered_population,3.8465976843
2017,屏東縣,麟洛鄉,機車竊盜,2,11076,year_end_registered_population,18.0570603106
2017,屏東縣,麟洛鄉,毒品,22,11076,year_end_registered_population,198.6276634164
2017,屏東縣,麟洛鄉,汽車竊盜,2,11076,year_end_registered_population,18.0570603106
2017,彰化縣,二林鎮,住宅竊盜,5,50980,year_end_registered_population,9.8077677521
2017,彰化縣,二林鎮,機車竊盜,5,50980,year_end_registered_population,9.8077677521
2017,彰化縣,二林鎮,毒品,48,50980,year_end_registered_population,94.1545704198
2017,彰化縣,二林鎮,汽車竊盜,7,50980,year_end_registered_population,13.7308748529
2017,彰化縣,二水鄉,機車竊盜,3,15325,year_end_registered_population,19.5758564437
2017,彰化縣,二水鄉,毒品,22,15325,year_end_registered_population,143.5562805873
2017,彰化縣,二水鄉,汽車竊盜,1,15325,year_end_registered_population,6.5252854812
2017,彰化縣,伸港鄉,住宅竊盜,4,36957,year_end_registered_population,10.8233893444
2017,彰化縣,伸港鄉,強盜,1,36957,year_end_registered_population,2.7058473361
2017,彰化縣,伸港鄉,機車竊盜,2,36957,year_end_registered_population,5.4116946722
2017,彰化縣,伸港鄉,毒品,40,36957,year_end_registered_population,108.2338934437
2017,彰化縣,伸港鄉,汽車竊盜,6,36957,year_end_registered_population,16.2350840166
2017,彰化縣,北斗鎮,強制性交,2,33355,year_end_registered_population,5.9961025334
2017,彰化縣,北斗鎮,搶奪,1,33355,year_end_registered_population,2.9980512667
2017,彰化縣,北斗鎮,機車竊盜,1,33355,year_end_registered_population,2.9980512667
2017,彰化縣,北斗鎮,毒品,23,33355,year_end_registered_population,68.9551791336
2017,彰化縣,北斗鎮,汽車竊盜,3,33355,year_end_registered_population,8.9941538
2017,彰化縣,和美鎮,住宅竊盜,8,90986,year_end_registered_population,8.792561493
2017,彰化縣,和美鎮,強制性交,1,90986,year_end_registered_population,1.0990701866
2017,彰化縣,和美鎮,搶奪,1,90986,year_end_registered_population,1.0990701866
2017,彰化縣,和美鎮,機車竊盜,2,90986,year_end_registered_population,2.1981403732
2017,彰化縣,和美鎮,毒品,106,90986,year_end_registered_population,116.5014397819
2017,彰化縣,和美鎮,汽車竊盜,3,90986,year_end_registered_population,3.2972105599
2017,彰化縣,員林市,住宅竊盜,7,124632,year_end_registered_population,5.6165350793
2017,彰化縣,員林市,強制性交,2,124632,year_end_registered_population,1.6047243084
2017,彰化縣,員林市,機車竊盜,26,124632,year_end_registered_population,20.8614160087
2017,彰化縣,員林市,毒品,170,124632,year_end_registered_population,136.4015662109
2017,彰化縣,員林市,汽車竊盜,9,124632,year_end_registered_population,7.2212593876
2017,彰化縣,埔心鄉,住宅竊盜,5,34836,year_end_registered_population,14.3529681938
2017,彰化縣,埔心鄉,強盜,3,34836,year_end_registered_population,8.6117809163
2017,彰化縣,埔心鄉,機車竊盜,7,34836,year_end_registered_population,20.0941554714
2017,彰化縣,埔心鄉,毒品,52,34836,year_end_registered_population,149.2708692158
2017,彰化縣,埔心鄉,汽車竊盜,2,34836,year_end_registered_population,5.7411872775
2017,彰化縣,埔鹽鄉,住宅竊盜,3,32587,year_end_registered_population,9.2061251419
2017,彰化縣,埔鹽鄉,機車竊盜,1,32587,year_end_registered_population,3.0687083806
2017,彰化縣,埔鹽鄉,毒品,47,32587,year_end_registered_population,144.2292938902
2017,彰化縣,埔鹽鄉,汽車竊盜,2,32587,year_end_registered_population,6.1374167613
2017,彰化縣,埤頭鄉,強盜,1,30642,year_end_registered_population,3.26349455
2017,彰化縣,埤頭鄉,機車竊盜,1,30642,year_end_registered_population,3.26349455
2017,彰化縣,埤頭鄉,毒品,30,30642,year_end_registered_population,97.9048364989
2017,彰化縣,埤頭鄉,汽車竊盜,4,30642,year_end_registered_population,13.0539781999
2017,彰化縣,大城鄉,住宅竊盜,3,16987,year_end_registered_population,17.6605639607
2017,彰化縣,大城鄉,強制性交,1,16987,year_end_registered_population,5.8868546536
2017,彰化縣,大城鄉,機車竊盜,2,16987,year_end_registered_population,11.7737093071
2017,彰化縣,大城鄉,毒品,7,16987,year_end_registered_population,41.2079825749
2017,彰化縣,大城鄉,汽車竊盜,2,16987,year_end_registered_population,11.7737093071
2017,彰化縣,大村鄉,住宅竊盜,3,36870,year_end_registered_population,8.1366965012
2017,彰化縣,大村鄉,強盜,1,36870,year_end_registered_population,2.7122321671
2017,彰化縣,大村鄉,搶奪,2,36870,year_end_registered_population,5.4244643341
2017,彰化縣,大村鄉,機車竊盜,9,36870,year_end_registered_population,24.4100895037
2017,彰化縣,大村鄉,毒品,73,36870,year_end_registered_population,197.9929481964
2017,彰化縣,大村鄉,汽車竊盜,1,36870,year_end_registered_population,2.7122321671
2017,彰化縣,彰化市,住宅竊盜,4,233613,year_end_registered_population,1.7122334802
2017,彰化縣,彰化市,強制性交,1,233613,year_end_registered_population,0.42805837
2017,彰化縣,彰化市,強盜,3,233613,year_end_registered_population,1.2841751101
2017,彰化縣,彰化市,搶奪,2,233613,year_end_registered_population,0.8561167401
2017,彰化縣,彰化市,機車竊盜,37,233613,year_end_registered_population,15.8381596915
2017,彰化縣,彰化市,毒品,179,233613,year_end_registered_population,76.622448237
2017,彰化縣,彰化市,汽車竊盜,10,233613,year_end_registered_population,4.2805837004
2017,彰化縣,永靖鄉,住宅竊盜,6,37334,year_end_registered_population,16.0711415868
2017,彰化縣,永靖鄉,強制性交,2,37334,year_end_registered_population,5.3570471956
2017,彰化縣,永靖鄉,機車竊盜,2,37334,year_end_registered_population,5.3570471956
2017,彰化縣,永靖鄉,毒品,40,37334,year_end_registered_population,107.1409439117
2017,彰化縣,永靖鄉,汽車竊盜,1,37334,year_end_registered_population,2.6785235978
2017,彰化縣,溪州鄉,住宅竊盜,1,30060,year_end_registered_population,3.3266799734
2017,彰化縣,溪州鄉,強制性交,1,30060,year_end_registered_population,3.3266799734
2017,彰化縣,溪州鄉,強盜,1,30060,year_end_registered_population,3.3266799734
2017,彰化縣,溪州鄉,機車竊盜,2,30060,year_end_registered_population,6.6533599468
2017,彰化縣,溪州鄉,毒品,28,30060,year_end_registered_population,93.1470392548
2017,彰化縣,溪州鄉,汽車竊盜,2,30060,year_end_registered_population,6.6533599468
2017,彰化縣,溪湖鎮,住宅竊盜,3,55686,year_end_registered_population,5.387350501
2017,彰化縣,溪湖鎮,強盜,1,55686,year_end_registered_population,1.7957835003
2017,彰化縣,溪湖鎮,搶奪,2,55686,year_end_registered_population,3.5915670007
2017,彰化縣,溪湖鎮,機車竊盜,1,55686,year_end_registered_population,1.7957835003
2017,彰化縣,溪湖鎮,毒品,51,55686,year_end_registered_population,91.5849585174
2017,彰化縣,溪湖鎮,汽車竊盜,4,55686,year_end_registered_population,7.1831340014
2017,彰化縣,田中鎮,住宅竊盜,1,41890,year_end_registered_population,2.3872045834
2017,彰化縣,田中鎮,強制性交,1,41890,year_end_registered_population,2.3872045834
2017,彰化縣,田中鎮,搶奪,2,41890,year_end_registered_population,4.7744091669
2017,彰化縣,田中鎮,機車竊盜,5,41890,year_end_registered_population,11.9360229172
2017,彰化縣,田中鎮,毒品,33,41890,year_end_registered_population,78.7777512533
2017,彰化縣,田中鎮,汽車竊盜,5,41890,year_end_registered_population,11.9360229172
2017,彰化縣,田尾鄉,強制性交,1,27462,year_end_registered_population,3.6413953827
2017,彰化縣,田尾鄉,機車竊盜,1,27462,year_end_registered_population,3.6413953827
2017,彰化縣,田尾鄉,毒品,40,27462,year_end_registered_population,145.6558153084
2017,彰化縣,田尾鄉,汽車竊盜,1,27462,year_end_registered_population,3.6413953827
2017,彰化縣,社頭鄉,強制性交,1,43144,year_end_registered_population,2.3178193955
2017,彰化縣,社頭鄉,強盜,1,43144,year_end_registered_population,2.3178193955
2017,彰化縣,社頭鄉,機車竊盜,6,43144,year_end_registered_population,13.9069163731
2017,彰化縣,社頭鄉,毒品,42,43144,year_end_registered_population,97.3484146115
2017,彰化縣,社頭鄉,汽車竊盜,3,43144,year_end_registered_population,6.9534581865
2017,彰化縣,福興鄉,機車竊盜,6,47332,year_end_registered_population,12.6764134201
2017,彰化縣,福興鄉,毒品,49,47332,year_end_registered_population,103.5240429308
2017,彰化縣,福興鄉,汽車竊盜,9,47332,year_end_registered_population,19.0146201301
2017,彰化縣,秀水鄉,機車竊盜,3,39357,year_end_registered_population,7.6225322052
2017,彰化縣,秀水鄉,毒品,30,39357,year_end_registered_population,76.225322052
2017,彰化縣,秀水鄉,汽車竊盜,4,39357,year_end_registered_population,10.1633762736
2017,彰化縣,竹塘鄉,強盜,1,15303,year_end_registered_population,6.5346664053
2017,彰化縣,竹塘鄉,機車竊盜,1,15303,year_end_registered_population,6.5346664053
2017,彰化縣,竹塘鄉,毒品,5,15303,year_end_registered_population,32.6733320264
2017,彰化縣,竹塘鄉,汽車竊盜,1,15303,year_end_registered_population,6.5346664053
2017,彰化縣,線西鄉,住宅竊盜,3,16928,year_end_registered_population,17.7221172023
2017,彰化縣,線西鄉,強制性交,1,16928,year_end_registered_population,5.9073724008
2017,彰化縣,線西鄉,毒品,10,16928,year_end_registered_population,59.0737240076
2017,彰化縣,芬園鄉,住宅竊盜,1,23755,year_end_registered_population,4.2096400758
2017,彰化縣,芬園鄉,機車竊盜,1,23755,year_end_registered_population,4.2096400758
2017,彰化縣,芬園鄉,毒品,33,23755,year_end_registered_population,138.9181225005
2017,彰化縣,花壇鄉,搶奪,1,45924,year_end_registered_population,2.1775106698
2017,彰化縣,花壇鄉,機車竊盜,2,45924,year_end_registered_population,4.3550213396
2017,彰化縣,花壇鄉,毒品,38,45924,year_end_registered_population,82.7454054525
2017,彰化縣,花壇鄉,汽車竊盜,5,45924,year_end_registered_population,10.887553349
2017,彰化縣,芳苑鄉,住宅竊盜,2,33714,year_end_registered_population,5.9322536632
2017,彰化縣,芳苑鄉,機車竊盜,4,33714,year_end_registered_population,11.8645073263
2017,彰化縣,芳苑鄉,毒品,30,33714,year_end_registered_population,88.9838049475
2017,彰化縣,鹿港鎮,住宅竊盜,6,86799,year_end_registered_population,6.9125220337
2017,彰化縣,鹿港鎮,強盜,2,86799,year_end_registered_population,2.3041740112
2017,彰化縣,鹿港鎮,搶奪,1,86799,year_end_registered_population,1.1520870056
2017,彰化縣,鹿港鎮,機車竊盜,7,86799,year_end_registered_population,8.0646090393
2017,彰化縣,鹿港鎮,毒品,80,86799,year_end_registered_population,92.1669604489
2017,彰化縣,鹿港鎮,汽車竊盜,6,86799,year_end_registered_population,6.9125220337
2017,新北市,三峽區,住宅竊盜,2,114926,year_end_registered_population,1.740250248
2017,新北市,三峽區,強盜,1,114926,year_end_registered_population,0.870125124
2017,新北市,三峽區,搶奪,2,114926,year_end_registered_population,1.740250248
2017,新北市,三峽區,機車竊盜,41,114926,year_end_registered_population,35.6751300837
2017,新北市,三峽區,毒品,177,114926,year_end_registered_population,154.0121469467
2017,新北市,三峽區,汽車竊盜,5,114926,year_end_registered_population,4.35062562
2017,新北市,三芝區,住宅竊盜,2,23200,year_end_registered_population,8.6206896552
2017,新北市,三芝區,機車竊盜,1,23200,year_end_registered_population,4.3103448276
2017,新北市,三芝區,毒品,46,23200,year_end_registered_population,198.275862069
2017,新北市,三芝區,汽車竊盜,1,23200,year_end_registered_population,4.3103448276
2017,新北市,三重區,住宅竊盜,64,387484,year_end_registered_population,16.5168110167
2017,新北市,三重區,強制性交,1,387484,year_end_registered_population,0.2580751721
2017,新北市,三重區,強盜,6,387484,year_end_registered_population,1.5484510328
2017,新北市,三重區,搶奪,5,387484,year_end_registered_population,1.2903758607
2017,新北市,三重區,機車竊盜,148,387484,year_end_registered_population,38.1951254761
2017,新北市,三重區,毒品,1141,387484,year_end_registered_population,294.4637714073
2017,新北市,三重區,汽車竊盜,33,387484,year_end_registered_population,8.5164806805
2017,新北市,中和區,住宅竊盜,63,413590,year_end_registered_population,15.2324766073
2017,新北市,中和區,強制性交,1,413590,year_end_registered_population,0.241785343
2017,新北市,中和區,強盜,4,413590,year_end_registered_population,0.9671413719
2017,新北市,中和區,搶奪,6,413590,year_end_registered_population,1.4507120578
2017,新北市,中和區,機車竊盜,92,413590,year_end_registered_population,22.2442515535
2017,新北市,中和區,毒品,870,413590,year_end_registered_population,210.3532483861
2017,新北市,中和區,汽車竊盜,14,413590,year_end_registered_population,3.3849948016
2017,新北市,五股區,住宅竊盜,12,84919,year_end_registered_population,14.1311131784
2017,新北市,五股區,強制性交,1,84919,year_end_registered_population,1.1775927649
2017,新北市,五股區,機車竊盜,15,84919,year_end_registered_population,17.6638914731
2017,新北市,五股區,毒品,274,84919,year_end_registered_population,322.6604175744
2017,新北市,五股區,汽車竊盜,14,84919,year_end_registered_population,16.4862987082
2017,新北市,八里區,住宅竊盜,4,38493,year_end_registered_population,10.3914997532
2017,新北市,八里區,強制性交,1,38493,year_end_registered_population,2.5978749383
2017,新北市,八里區,機車竊盜,7,38493,year_end_registered_population,18.1851245681
2017,新北市,八里區,毒品,87,38493,year_end_registered_population,226.0151196321
2017,新北市,八里區,汽車竊盜,24,38493,year_end_registered_population,62.3489985192
2017,新北市,土城區,住宅竊盜,47,238067,year_end_registered_population,19.7423414417
2017,新北市,土城區,強制性交,2,238067,year_end_registered_population,0.8400996358
2017,新北市,土城區,搶奪,1,238067,year_end_registered_population,0.4200498179
2017,新北市,土城區,機車竊盜,32,238067,year_end_registered_population,13.4415941731
2017,新北市,土城區,毒品,519,238067,year_end_registered_population,218.0058554945
2017,新北市,土城區,汽車竊盜,19,238067,year_end_registered_population,7.9809465403
2017,新北市,坪林區,毒品,1,6528,year_end_registered_population,15.318627451
2017,新北市,平溪區,住宅竊盜,1,4719,year_end_registered_population,21.1909302818
2017,新北市,平溪區,毒品,8,4719,year_end_registered_population,169.5274422547
2017,新北市,新店區,住宅竊盜,44,302089,year_end_registered_population,14.5652440175
2017,新北市,新店區,強制性交,1,302089,year_end_registered_population,0.3310282731
2017,新北市,新店區,強盜,7,302089,year_end_registered_population,2.3171979119
2017,新北市,新店區,搶奪,2,302089,year_end_registered_population,0.6620565462
2017,新北市,新店區,機車竊盜,28,302089,year_end_registered_population,9.2687916475
2017,新北市,新店區,毒品,366,302089,year_end_registered_population,121.1563479637
2017,新北市,新店區,汽車竊盜,7,302089,year_end_registered_population,2.3171979119
2017,新北市,新莊區,住宅竊盜,37,416524,year_end_registered_population,8.8830415534
2017,新北市,新莊區,強制性交,2,416524,year_end_registered_population,0.4801644083
2017,新北市,新莊區,強盜,6,416524,year_end_registered_population,1.4404932249
2017,新北市,新莊區,搶奪,3,416524,year_end_registered_population,0.7202466124
2017,新北市,新莊區,機車竊盜,78,416524,year_end_registered_population,18.7264119234
2017,新北市,新莊區,毒品,642,416524,year_end_registered_population,154.1327750622
2017,新北市,新莊區,汽車竊盜,21,416524,year_end_registered_population,5.0417262871
2017,新北市,板橋區,住宅竊盜,100,551480,year_end_registered_population,18.1330238631
2017,新北市,板橋區,強制性交,4,551480,year_end_registered_population,0.7253209545
2017,新北市,板橋區,強盜,14,551480,year_end_registered_population,2.5386233408
2017,新北市,板橋區,搶奪,3,551480,year_end_registered_population,0.5439907159
2017,新北市,板橋區,機車竊盜,113,551480,year_end_registered_population,20.4903169653
2017,新北市,板橋區,毒品,1347,551480,year_end_registered_population,244.2518314354
2017,新北市,板橋區,汽車竊盜,23,551480,year_end_registered_population,4.1705954885
2017,新北市,林口區,住宅竊盜,3,106101,year_end_registered_population,2.8274945571
2017,新北市,林口區,搶奪,2,106101,year_end_registered_population,1.8849963714
2017,新北市,林口區,機車竊盜,10,106101,year_end_registered_population,9.4249818569
2017,新北市,林口區,毒品,80,106101,year_end_registered_population,75.3998548553
2017,新北市,林口區,汽車竊盜,24,106101,year_end_registered_population,22.6199564566
2017,新北市,樹林區,住宅竊盜,24,184149,year_end_registered_population,13.0329244253
2017,新北市,樹林區,強制性交,2,184149,year_end_registered_population,1.0860770354
2017,新北市,樹林區,強盜,1,184149,year_end_registered_population,0.5430385177
2017,新北市,樹林區,搶奪,2,184149,year_end_registered_population,1.0860770354
2017,新北市,樹林區,機車竊盜,30,184149,year_end_registered_population,16.2911555317
2017,新北市,樹林區,毒品,370,184149,year_end_registered_population,200.9242515572
2017,新北市,樹林區,汽車竊盜,19,184149,year_end_registered_population,10.3177318367
2017,新北市,永和區,住宅竊盜,31,222585,year_end_registered_population,13.9272637419
2017,新北市,永和區,強盜,2,222585,year_end_registered_population,0.8985331446
2017,新北市,永和區,搶奪,1,222585,year_end_registered_population,0.4492665723
2017,新北市,永和區,機車竊盜,41,222585,year_end_registered_population,18.4199294651
2017,新北市,永和區,毒品,366,222585,year_end_registered_population,164.4315654694
2017,新北市,永和區,汽車竊盜,6,222585,year_end_registered_population,2.6955994339
2017,新北市,汐止區,住宅竊盜,20,199321,year_end_registered_population,10.0340656529
2017,新北市,汐止區,強制性交,5,199321,year_end_registered_population,2.5085164132
2017,新北市,汐止區,強盜,1,199321,year_end_registered_population,0.5017032826
2017,新北市,汐止區,機車竊盜,32,199321,year_end_registered_population,16.0545050446
2017,新北市,汐止區,毒品,326,199321,year_end_registered_population,163.5552701421
2017,新北市,汐止區,汽車竊盜,18,199321,year_end_registered_population,9.0306590876
2017,新北市,泰山區,住宅竊盜,12,78911,year_end_registered_population,15.2070053605
2017,新北市,泰山區,強盜,1,78911,year_end_registered_population,1.2672504467
2017,新北市,泰山區,搶奪,1,78911,year_end_registered_population,1.2672504467
2017,新北市,泰山區,機車竊盜,13,78911,year_end_registered_population,16.4742558072
2017,新北市,泰山區,毒品,95,78911,year_end_registered_population,120.388792437
2017,新北市,泰山區,汽車竊盜,9,78911,year_end_registered_population,11.4052540204
2017,新北市,淡水區,住宅竊盜,3,169597,year_end_registered_population,1.768899214
2017,新北市,淡水區,搶奪,1,169597,year_end_registered_population,0.5896330713
2017,新北市,淡水區,機車竊盜,37,169597,year_end_registered_population,21.8164236396
2017,新北市,淡水區,毒品,175,169597,year_end_registered_population,103.1857874844
2017,新北市,淡水區,汽車竊盜,10,169597,year_end_registered_population,5.8963307134
2017,新北市,深坑區,住宅竊盜,4,23660,year_end_registered_population,16.9061707523
2017,新北市,深坑區,強制性交,1,23660,year_end_registered_population,4.2265426881
2017,新北市,深坑區,機車竊盜,1,23660,year_end_registered_population,4.2265426881
2017,新北市,深坑區,毒品,36,23660,year_end_registered_population,152.1555367709
2017,新北市,烏來區,住宅竊盜,1,6320,year_end_registered_population,15.8227848101
2017,新北市,烏來區,毒品,11,6320,year_end_registered_population,174.0506329114
2017,新北市,瑞芳區,住宅竊盜,3,40353,year_end_registered_population,7.4343914951
2017,新北市,瑞芳區,強制性交,1,40353,year_end_registered_population,2.4781304984
2017,新北市,瑞芳區,機車竊盜,3,40353,year_end_registered_population,7.4343914951
2017,新北市,瑞芳區,毒品,93,40353,year_end_registered_population,230.4661363467
2017,新北市,瑞芳區,汽車竊盜,1,40353,year_end_registered_population,2.4781304984
2017,新北市,石碇區,住宅竊盜,1,7683,year_end_registered_population,13.0157490564
2017,新北市,石碇區,毒品,6,7683,year_end_registered_population,78.0944943381
2017,新北市,石門區,住宅竊盜,3,12286,year_end_registered_population,24.4180367898
2017,新北市,石門區,搶奪,1,12286,year_end_registered_population,8.1393455966
2017,新北市,石門區,毒品,27,12286,year_end_registered_population,219.7623311086
2017,新北市,萬里區,住宅竊盜,3,22296,year_end_registered_population,13.45532831
2017,新北市,萬里區,強制性交,1,22296,year_end_registered_population,4.4851094367
2017,新北市,萬里區,機車竊盜,1,22296,year_end_registered_population,4.4851094367
2017,新北市,萬里區,毒品,26,22296,year_end_registered_population,116.6128453534
2017,新北市,萬里區,汽車竊盜,1,22296,year_end_registered_population,4.4851094367
2017,新北市,蘆洲區,住宅竊盜,17,201309,year_end_registered_population,8.4447292471
2017,新北市,蘆洲區,強制性交,5,201309,year_end_registered_population,2.4837438962
2017,新北市,蘆洲區,強盜,1,201309,year_end_registered_population,0.4967487792
2017,新北市,蘆洲區,機車竊盜,35,201309,year_end_registered_population,17.3862072734
2017,新北市,蘆洲區,毒品,444,201309,year_end_registered_population,220.5564579825
2017,新北市,蘆洲區,汽車竊盜,11,201309,year_end_registered_population,5.4642365716
2017,新北市,貢寮區,住宅竊盜,2,12552,year_end_registered_population,15.9337157425
2017,新北市,貢寮區,毒品,12,12552,year_end_registered_population,95.6022944551
2017,新北市,金山區,住宅竊盜,3,22015,year_end_registered_population,13.6270724506
2017,新北市,金山區,強制性交,1,22015,year_end_registered_population,4.5423574835
2017,新北市,金山區,強盜,1,22015,year_end_registered_population,4.5423574835
2017,新北市,金山區,機車竊盜,1,22015,year_end_registered_population,4.5423574835
2017,新北市,金山區,毒品,33,22015,year_end_registered_population,149.8977969566
2017,新北市,雙溪區,毒品,3,8939,year_end_registered_population,33.5608009845
2017,新北市,鶯歌區,住宅竊盜,4,86593,year_end_registered_population,4.6193110298
2017,新北市,鶯歌區,強盜,1,86593,year_end_registered_population,1.1548277574
2017,新北市,鶯歌區,搶奪,2,86593,year_end_registered_population,2.3096555149
2017,新北市,鶯歌區,機車竊盜,40,86593,year_end_registered_population,46.1931102976
2017,新北市,鶯歌區,毒品,115,86593,year_end_registered_population,132.8051921056
2017,新北市,鶯歌區,汽車竊盜,15,86593,year_end_registered_population,17.3224163616
2017,新竹市,北區,住宅竊盜,13,150636,year_end_registered_population,8.630075148
2017,新竹市,北區,強制性交,1,150636,year_end_registered_population,0.6638519345
2017,新竹市,北區,搶奪,3,150636,year_end_registered_population,1.9915558034
2017,新竹市,北區,機車竊盜,36,150636,year_end_registered_population,23.8986696407
2017,新竹市,北區,毒品,168,150636,year_end_registered_population,111.52712499
2017,新竹市,北區,汽車竊盜,23,150636,year_end_registered_population,15.2685944927
2017,新竹市,東區,住宅竊盜,24,212553,year_end_registered_population,11.2913014636
2017,新竹市,東區,強制性交,3,212553,year_end_registered_population,1.411412683
2017,新竹市,東區,強盜,1,212553,year_end_registered_population,0.4704708943
2017,新竹市,東區,機車竊盜,36,212553,year_end_registered_population,16.9369521955
2017,新竹市,東區,毒品,176,212553,year_end_registered_population,82.8028774
2017,新竹市,東區,汽車竊盜,27,212553,year_end_registered_population,12.7027141466
2017,新竹市,香山區,住宅竊盜,9,77943,year_end_registered_population,11.5468996574
2017,新竹市,香山區,機車竊盜,14,77943,year_end_registered_population,17.9618439116
2017,新竹市,香山區,毒品,79,77943,year_end_registered_population,101.3561192153
2017,新竹市,香山區,汽車竊盜,14,77943,year_end_registered_population,17.9618439116
2017,新竹縣,五峰鄉,毒品,33,4559,year_end_registered_population,723.8429480149
2017,新竹縣,北埔鄉,住宅竊盜,1,9390,year_end_registered_population,10.649627263
2017,新竹縣,北埔鄉,機車竊盜,2,9390,year_end_registered_population,21.2992545261
2017,新竹縣,北埔鄉,毒品,13,9390,year_end_registered_population,138.4451544196
2017,新竹縣,北埔鄉,汽車竊盜,1,9390,year_end_registered_population,10.649627263
2017,新竹縣,寶山鄉,住宅竊盜,6,14550,year_end_registered_population,41.2371134021
2017,新竹縣,寶山鄉,機車竊盜,2,14550,year_end_registered_population,13.7457044674
2017,新竹縣,寶山鄉,毒品,15,14550,year_end_registered_population,103.0927835052
2017,新竹縣,寶山鄉,汽車竊盜,5,14550,year_end_registered_population,34.3642611684
2017,新竹縣,尖石鄉,毒品,13,9543,year_end_registered_population,136.2255056062
2017,新竹縣,尖石鄉,汽車竊盜,1,9543,year_end_registered_population,10.4788850466
2017,新竹縣,峨眉鄉,住宅竊盜,1,5538,year_end_registered_population,18.0570603106
2017,新竹縣,峨眉鄉,毒品,14,5538,year_end_registered_population,252.7988443481
2017,新竹縣,峨眉鄉,汽車竊盜,3,5538,year_end_registered_population,54.1711809317
2017,新竹縣,新埔鎮,住宅竊盜,5,33415,year_end_registered_population,14.9633398174
2017,新竹縣,新埔鎮,強盜,1,33415,year_end_registered_population,2.9926679635
2017,新竹縣,新埔鎮,機車竊盜,8,33415,year_end_registered_population,23.9413437079
2017,新竹縣,新埔鎮,毒品,43,33415,year_end_registered_population,128.68472243
2017,新竹縣,新埔鎮,汽車竊盜,13,33415,year_end_registered_population,38.9046835254
2017,新竹縣,新豐鄉,住宅竊盜,3,56836,year_end_registered_population,5.2783447111
2017,新竹縣,新豐鄉,強盜,2,56836,year_end_registered_population,3.5188964741
2017,新竹縣,新豐鄉,機車竊盜,14,56836,year_end_registered_population,24.6322753185
2017,新竹縣,新豐鄉,毒品,50,56836,year_end_registered_population,87.9724118516
2017,新竹縣,新豐鄉,汽車竊盜,32,56836,year_end_registered_population,56.3023435851
2017,新竹縣,橫山鄉,住宅竊盜,1,13064,year_end_registered_population,7.6546233925
2017,新竹縣,橫山鄉,強盜,1,13064,year_end_registered_population,7.6546233925
2017,新竹縣,橫山鄉,機車竊盜,1,13064,year_end_registered_population,7.6546233925
2017,新竹縣,橫山鄉,毒品,27,13064,year_end_registered_population,206.6748315983
2017,新竹縣,橫山鄉,汽車竊盜,3,13064,year_end_registered_population,22.9638701776
2017,新竹縣,湖口鄉,住宅竊盜,4,77444,year_end_registered_population,5.1650224678
2017,新竹縣,湖口鄉,強盜,2,77444,year_end_registered_population,2.5825112339
2017,新竹縣,湖口鄉,搶奪,3,77444,year_end_registered_population,3.8737668509
2017,新竹縣,湖口鄉,機車竊盜,26,77444,year_end_registered_population,33.572646041
2017,新竹縣,湖口鄉,毒品,146,77444,year_end_registered_population,188.5233200764
2017,新竹縣,湖口鄉,汽車竊盜,93,77444,year_end_registered_population,120.0867723775
2017,新竹縣,竹北市,住宅竊盜,9,181955,year_end_registered_population,4.9462779259
2017,新竹縣,竹北市,強盜,3,181955,year_end_registered_population,1.6487593086
2017,新竹縣,竹北市,搶奪,1,181955,year_end_registered_population,0.5495864362
2017,新竹縣,竹北市,機車竊盜,40,181955,year_end_registered_population,21.9834574483
2017,新竹縣,竹北市,毒品,229,181955,year_end_registered_population,125.8552938913
2017,新竹縣,竹北市,汽車竊盜,57,181955,year_end_registered_population,31.3264268638
2017,新竹縣,竹東鎮,住宅竊盜,16,96918,year_end_registered_population,16.5088012547
2017,新竹縣,竹東鎮,搶奪,1,96918,year_end_registered_population,1.0318000784
2017,新竹縣,竹東鎮,機車竊盜,35,96918,year_end_registered_population,36.1130027446
2017,新竹縣,竹東鎮,毒品,141,96918,year_end_registered_population,145.4838110568
2017,新竹縣,竹東鎮,汽車竊盜,43,96918,year_end_registered_population,44.3674033719
2017,新竹縣,芎林鄉,住宅竊盜,5,20061,year_end_registered_population,24.9239818553
2017,新竹縣,芎林鄉,強制性交,1,20061,year_end_registered_population,4.9847963711
2017,新竹縣,芎林鄉,機車竊盜,2,20061,year_end_registered_population,9.9695927421
2017,新竹縣,芎林鄉,毒品,29,20061,year_end_registered_population,144.559094761
2017,新竹縣,芎林鄉,汽車竊盜,5,20061,year_end_registered_population,24.9239818553
2017,新竹縣,關西鎮,住宅竊盜,5,28896,year_end_registered_population,17.3034330011
2017,新竹縣,關西鎮,機車竊盜,13,28896,year_end_registered_population,44.9889258029
2017,新竹縣,關西鎮,毒品,46,28896,year_end_registered_population,159.1915836102
2017,新竹縣,關西鎮,汽車竊盜,19,28896,year_end_registered_population,65.7530454042
2017,桃園市,中壢區,住宅竊盜,23,405216,year_end_registered_population,5.6759851536
2017,桃園市,中壢區,強制性交,2,405216,year_end_registered_population,0.4935639264
2017,桃園市,中壢區,強盜,6,405216,year_end_registered_population,1.4806917792
2017,桃園市,中壢區,搶奪,3,405216,year_end_registered_population,0.7403458896
2017,桃園市,中壢區,機車竊盜,249,405216,year_end_registered_population,61.4487088368
2017,桃園市,中壢區,毒品,1228,405216,year_end_registered_population,303.0482508094
2017,桃園市,中壢區,汽車竊盜,117,405216,year_end_registered_population,28.8734896944
2017,桃園市,八德區,住宅竊盜,19,198074,year_end_registered_population,9.5923745671
2017,桃園市,八德區,強盜,2,198074,year_end_registered_population,1.0097236386
2017,桃園市,八德區,搶奪,1,198074,year_end_registered_population,0.5048618193
2017,桃園市,八德區,機車竊盜,61,198074,year_end_registered_population,30.7965709785
2017,桃園市,八德區,毒品,505,198074,year_end_registered_population,254.9552187566
2017,桃園市,八德區,汽車竊盜,41,198074,year_end_registered_population,20.6993345921
2017,桃園市,大園區,住宅竊盜,5,89281,year_end_registered_population,5.6002956956
2017,桃園市,大園區,強盜,4,89281,year_end_registered_population,4.4802365565
2017,桃園市,大園區,搶奪,1,89281,year_end_registered_population,1.1200591391
2017,桃園市,大園區,機車竊盜,32,89281,year_end_registered_population,35.8418924519
2017,桃園市,大園區,毒品,202,89281,year_end_registered_population,226.2519461028
2017,桃園市,大園區,汽車竊盜,17,89281,year_end_registered_population,19.0410053651
2017,桃園市,大溪區,住宅竊盜,5,94451,year_end_registered_population,5.2937501985
2017,桃園市,大溪區,強制性交,1,94451,year_end_registered_population,1.0587500397
2017,桃園市,大溪區,搶奪,1,94451,year_end_registered_population,1.0587500397
2017,桃園市,大溪區,機車竊盜,18,94451,year_end_registered_population,19.0575007147
2017,桃園市,大溪區,毒品,225,94451,year_end_registered_population,238.2187589332
2017,桃園市,大溪區,汽車竊盜,73,94451,year_end_registered_population,77.2887528983
2017,桃園市,平鎮區,住宅竊盜,12,224219,year_end_registered_population,5.351910409
2017,桃園市,平鎮區,強制性交,1,224219,year_end_registered_population,0.4459925341
2017,桃園市,平鎮區,機車竊盜,60,224219,year_end_registered_population,26.7595520451
2017,桃園市,平鎮區,毒品,417,224219,year_end_registered_population,185.9788867134
2017,桃園市,平鎮區,汽車竊盜,50,224219,year_end_registered_population,22.2996267042
2017,桃園市,復興區,毒品,20,11505,year_end_registered_population,173.8374619731
2017,桃園市,復興區,汽車竊盜,2,11505,year_end_registered_population,17.3837461973
2017,桃園市,新屋區,住宅竊盜,4,48953,year_end_registered_population,8.1711028946
2017,桃園市,新屋區,機車竊盜,10,48953,year_end_registered_population,20.4277572365
2017,桃園市,新屋區,毒品,62,48953,year_end_registered_population,126.6520948665
2017,桃園市,新屋區,汽車竊盜,23,48953,year_end_registered_population,46.983841644
2017,桃園市,桃園區,住宅竊盜,28,440840,year_end_registered_population,6.3515107522
2017,桃園市,桃園區,強盜,4,440840,year_end_registered_population,0.9073586789
2017,桃園市,桃園區,搶奪,3,440840,year_end_registered_population,0.6805190092
2017,桃園市,桃園區,機車竊盜,227,440840,year_end_registered_population,51.4926050268
2017,桃園市,桃園區,毒品,1365,440840,year_end_registered_population,309.6361491698
2017,桃園市,桃園區,汽車竊盜,25,440840,year_end_registered_population,5.670991743
2017,桃園市,楊梅區,住宅竊盜,4,167639,year_end_registered_population,2.3860796115
2017,桃園市,楊梅區,強盜,1,167639,year_end_registered_population,0.5965199029
2017,桃園市,楊梅區,機車竊盜,55,167639,year_end_registered_population,32.8085946588
2017,桃園市,楊梅區,毒品,201,167639,year_end_registered_population,119.9005004802
2017,桃園市,楊梅區,汽車竊盜,92,167639,year_end_registered_population,54.8798310656
2017,桃園市,蘆竹區,住宅竊盜,5,161912,year_end_registered_population,3.088097238
2017,桃園市,蘆竹區,強盜,1,161912,year_end_registered_population,0.6176194476
2017,桃園市,蘆竹區,機車竊盜,39,161912,year_end_registered_population,24.0871584564
2017,桃園市,蘆竹區,毒品,225,161912,year_end_registered_population,138.9643757103
2017,桃園市,蘆竹區,汽車竊盜,20,161912,year_end_registered_population,12.352388952
2017,桃園市,觀音區,住宅竊盜,3,66472,year_end_registered_population,4.5131784812
2017,桃園市,觀音區,強盜,1,66472,year_end_registered_population,1.5043928271
2017,桃園市,觀音區,搶奪,1,66472,year_end_registered_population,1.5043928271
2017,桃園市,觀音區,機車竊盜,16,66472,year_end_registered_population,24.0702852329
2017,桃園市,觀音區,毒品,121,66472,year_end_registered_population,182.0315320737
2017,桃園市,觀音區,汽車竊盜,25,66472,year_end_registered_population,37.6098206764
2017,桃園市,龍潭區,住宅竊盜,11,121822,year_end_registered_population,9.02956773
2017,桃園市,龍潭區,強盜,2,121822,year_end_registered_population,1.6417395873
2017,桃園市,龍潭區,搶奪,1,121822,year_end_registered_population,0.8208697936
2017,桃園市,龍潭區,機車竊盜,43,121822,year_end_registered_population,35.2974011262
2017,桃園市,龍潭區,毒品,281,121822,year_end_registered_population,230.664412011
2017,桃園市,龍潭區,汽車竊盜,68,121822,year_end_registered_population,55.8191459671
2017,桃園市,龜山區,住宅竊盜,37,157633,year_end_registered_population,23.4722424873
2017,桃園市,龜山區,強盜,2,157633,year_end_registered_population,1.2687698642
2017,桃園市,龜山區,搶奪,1,157633,year_end_registered_population,0.6343849321
2017,桃園市,龜山區,機車竊盜,79,157633,year_end_registered_population,50.116409635
2017,桃園市,龜山區,毒品,345,157633,year_end_registered_population,218.8628015707
2017,桃園市,龜山區,汽車竊盜,54,157633,year_end_registered_population,34.2567863328
2017,澎湖縣,七美鄉,毒品,1,3856,year_end_registered_population,25.9336099585
2017,澎湖縣,望安鄉,住宅竊盜,1,5176,year_end_registered_population,19.3199381762
2017,澎湖縣,湖西鄉,強制性交,1,14508,year_end_registered_population,6.8927488282
2017,澎湖縣,湖西鄉,毒品,1,14508,year_end_registered_population,6.8927488282
2017,澎湖縣,白沙鄉,住宅竊盜,1,9817,year_end_registered_population,10.1864113273
2017,澎湖縣,白沙鄉,機車竊盜,3,9817,year_end_registered_population,30.5592339819
2017,澎湖縣,白沙鄉,毒品,2,9817,year_end_registered_population,20.3728226546
2017,澎湖縣,白沙鄉,汽車竊盜,1,9817,year_end_registered_population,10.1864113273
2017,澎湖縣,西嶼鄉,住宅竊盜,3,8408,year_end_registered_population,35.6803044719
2017,澎湖縣,西嶼鄉,機車竊盜,1,8408,year_end_registered_population,11.893434824
2017,澎湖縣,西嶼鄉,毒品,2,8408,year_end_registered_population,23.786869648
2017,澎湖縣,馬公市,住宅竊盜,16,62308,year_end_registered_population,25.6788855364
2017,澎湖縣,馬公市,強制性交,4,62308,year_end_registered_population,6.4197213841
2017,澎湖縣,馬公市,機車竊盜,3,62308,year_end_registered_population,4.8147910381
2017,澎湖縣,馬公市,毒品,10,62308,year_end_registered_population,16.0493034602
2017,臺中市,中區,住宅竊盜,2,18450,year_end_registered_population,10.8401084011
2017,臺中市,中區,搶奪,1,18450,year_end_registered_population,5.4200542005
2017,臺中市,中區,機車竊盜,29,18450,year_end_registered_population,157.1815718157
2017,臺中市,中區,毒品,110,18450,year_end_registered_population,596.2059620596
2017,臺中市,中區,汽車竊盜,5,18450,year_end_registered_population,27.1002710027
2017,臺中市,北區,住宅竊盜,20,147653,year_end_registered_population,13.5452716843
2017,臺中市,北區,強盜,1,147653,year_end_registered_population,0.6772635842
2017,臺中市,北區,搶奪,2,147653,year_end_registered_population,1.3545271684
2017,臺中市,北區,機車竊盜,39,147653,year_end_registered_population,26.4132797844
2017,臺中市,北區,毒品,493,147653,year_end_registered_population,333.8909470177
2017,臺中市,北區,汽車竊盜,8,147653,year_end_registered_population,5.4181086737
2017,臺中市,北屯區,住宅竊盜,16,274819,year_end_registered_population,5.8220137618
2017,臺中市,北屯區,強制性交,1,274819,year_end_registered_population,0.3638758601
2017,臺中市,北屯區,強盜,1,274819,year_end_registered_population,0.3638758601
2017,臺中市,北屯區,機車竊盜,36,274819,year_end_registered_population,13.099530964
2017,臺中市,北屯區,毒品,347,274819,year_end_registered_population,126.2649234587
2017,臺中市,北屯區,汽車竊盜,20,274819,year_end_registered_population,7.2775172022
2017,臺中市,南區,住宅竊盜,5,125067,year_end_registered_population,3.9978571486
2017,臺中市,南區,機車竊盜,25,125067,year_end_registered_population,19.9892857428
2017,臺中市,南區,毒品,74,125067,year_end_registered_population,59.1682857988
2017,臺中市,南區,汽車竊盜,9,125067,year_end_registered_population,7.1961428674
2017,臺中市,南屯區,住宅竊盜,8,168760,year_end_registered_population,4.7404598246
2017,臺中市,南屯區,強制性交,2,168760,year_end_registered_population,1.1851149562
2017,臺中市,南屯區,強盜,1,168760,year_end_registered_population,0.5925574781
2017,臺中市,南屯區,機車竊盜,13,168760,year_end_registered_population,7.703247215
2017,臺中市,南屯區,毒品,97,168760,year_end_registered_population,57.4780753733
2017,臺中市,南屯區,汽車竊盜,6,168760,year_end_registered_population,3.5553448685
2017,臺中市,后里區,強制性交,1,54482,year_end_registered_population,1.8354685951
2017,臺中市,后里區,搶奪,1,54482,year_end_registered_population,1.8354685951
2017,臺中市,后里區,機車竊盜,8,54482,year_end_registered_population,14.6837487611
2017,臺中市,后里區,毒品,64,54482,year_end_registered_population,117.4699900885
2017,臺中市,后里區,汽車竊盜,2,54482,year_end_registered_population,3.6709371903
2017,臺中市,和平區,機車竊盜,1,10949,year_end_registered_population,9.1332541785
2017,臺中市,和平區,毒品,8,10949,year_end_registered_population,73.0660334277
2017,臺中市,外埔區,機車竊盜,1,32185,year_end_registered_population,3.1070374398
2017,臺中市,外埔區,毒品,44,32185,year_end_registered_population,136.7096473513
2017,臺中市,大安區,強制性交,1,19303,year_end_registered_population,5.1805418847
2017,臺中市,大安區,毒品,40,19303,year_end_registered_population,207.2216753872
2017,臺中市,大甲區,住宅竊盜,3,77761,year_end_registered_population,3.8579750775
2017,臺中市,大甲區,機車竊盜,10,77761,year_end_registered_population,12.8599169249
2017,臺中市,大甲區,毒品,103,77761,year_end_registered_population,132.4571443268
2017,臺中市,大甲區,汽車竊盜,3,77761,year_end_registered_population,3.8579750775
2017,臺中市,大肚區,住宅竊盜,2,57322,year_end_registered_population,3.4890617913
2017,臺中市,大肚區,機車竊盜,7,57322,year_end_registered_population,12.2117162695
2017,臺中市,大肚區,毒品,36,57322,year_end_registered_population,62.8031122431
2017,臺中市,大肚區,汽車竊盜,6,57322,year_end_registered_population,10.4671853739
2017,臺中市,大里區,住宅竊盜,3,211492,year_end_registered_population,1.4184933709
2017,臺中市,大里區,強制性交,2,211492,year_end_registered_population,0.9456622473
2017,臺中市,大里區,搶奪,1,211492,year_end_registered_population,0.4728311236
2017,臺中市,大里區,機車竊盜,24,211492,year_end_registered_population,11.3479469673
2017,臺中市,大里區,毒品,234,211492,year_end_registered_population,110.6424829308
2017,臺中市,大里區,汽車竊盜,11,211492,year_end_registered_population,5.20114236
2017,臺中市,大雅區,住宅竊盜,8,95203,year_end_registered_population,8.4030965411
2017,臺中市,大雅區,強盜,1,95203,year_end_registered_population,1.0503870676
2017,臺中市,大雅區,機車竊盜,11,95203,year_end_registered_population,11.554257744
2017,臺中市,大雅區,毒品,95,95203,year_end_registered_population,99.7867714253
2017,臺中市,大雅區,汽車竊盜,10,95203,year_end_registered_population,10.5038706763
2017,臺中市,太平區,住宅竊盜,2,189066,year_end_registered_population,1.0578316567
2017,臺中市,太平區,機車竊盜,31,189066,year_end_registered_population,16.3963906784
2017,臺中市,太平區,毒品,191,189066,year_end_registered_population,101.022923212
2017,臺中市,太平區,汽車竊盜,5,189066,year_end_registered_population,2.6445791417
2017,臺中市,新社區,搶奪,1,24754,year_end_registered_population,4.0397511513
2017,臺中市,新社區,機車竊盜,1,24754,year_end_registered_population,4.0397511513
2017,臺中市,新社區,毒品,14,24754,year_end_registered_population,56.5565161186
2017,臺中市,新社區,汽車竊盜,2,24754,year_end_registered_population,8.0795023027
2017,臺中市,東勢區,住宅竊盜,3,50714,year_end_registered_population,5.9155262847
2017,臺中市,東勢區,強制性交,1,50714,year_end_registered_population,1.9718420949
2017,臺中市,東勢區,強盜,1,50714,year_end_registered_population,1.9718420949
2017,臺中市,東勢區,機車竊盜,8,50714,year_end_registered_population,15.7747367591
2017,臺中市,東勢區,毒品,44,50714,year_end_registered_population,86.7610521749
2017,臺中市,東勢區,汽車竊盜,2,50714,year_end_registered_population,3.9436841898
2017,臺中市,東區,住宅竊盜,8,75811,year_end_registered_population,10.5525583359
2017,臺中市,東區,強制性交,4,75811,year_end_registered_population,5.2762791679
2017,臺中市,東區,搶奪,3,75811,year_end_registered_population,3.9572093759
2017,臺中市,東區,機車竊盜,34,75811,year_end_registered_population,44.8483729274
2017,臺中市,東區,毒品,118,75811,year_end_registered_population,155.650235454
2017,臺中市,東區,汽車竊盜,9,75811,year_end_registered_population,11.8716281278
2017,臺中市,梧棲區,強盜,1,57993,year_end_registered_population,1.7243460418
2017,臺中市,梧棲區,搶奪,1,57993,year_end_registered_population,1.7243460418
2017,臺中市,梧棲區,機車竊盜,6,57993,year_end_registered_population,10.3460762506
2017,臺中市,梧棲區,毒品,60,57993,year_end_registered_population,103.4607625058
2017,臺中市,梧棲區,汽車竊盜,6,57993,year_end_registered_population,10.3460762506
2017,臺中市,沙鹿區,強制性交,2,92645,year_end_registered_population,2.1587781316
2017,臺中市,沙鹿區,強盜,3,92645,year_end_registered_population,3.2381671974
2017,臺中市,沙鹿區,機車竊盜,16,92645,year_end_registered_population,17.2702250526
2017,臺中市,沙鹿區,毒品,121,92645,year_end_registered_population,130.6060769604
2017,臺中市,沙鹿區,汽車竊盜,8,92645,year_end_registered_population,8.6351125263
2017,臺中市,清水區,住宅竊盜,1,86420,year_end_registered_population,1.157139551
2017,臺中市,清水區,強制性交,1,86420,year_end_registered_population,1.157139551
2017,臺中市,清水區,強盜,2,86420,year_end_registered_population,2.3142791021
2017,臺中市,清水區,機車竊盜,16,86420,year_end_registered_population,18.5142328165
2017,臺中市,清水區,毒品,89,86420,year_end_registered_population,102.9854200417
2017,臺中市,清水區,汽車竊盜,8,86420,year_end_registered_population,9.2571164082
2017,臺中市,潭子區,住宅竊盜,4,108288,year_end_registered_population,3.6938534279
2017,臺中市,潭子區,強制性交,3,108288,year_end_registered_population,2.7703900709
2017,臺中市,潭子區,機車竊盜,13,108288,year_end_registered_population,12.0050236407
2017,臺中市,潭子區,毒品,122,108288,year_end_registered_population,112.6625295508
2017,臺中市,潭子區,汽車竊盜,5,108288,year_end_registered_population,4.6173167849
2017,臺中市,烏日區,住宅竊盜,2,74554,year_end_registered_population,2.6826193095
2017,臺中市,烏日區,強制性交,3,74554,year_end_registered_population,4.0239289642
2017,臺中市,烏日區,搶奪,1,74554,year_end_registered_population,1.3413096547
2017,臺中市,烏日區,機車竊盜,6,74554,year_end_registered_population,8.0478579285
2017,臺中市,烏日區,毒品,122,74554,year_end_registered_population,163.6397778791
2017,臺中市,烏日區,汽車竊盜,5,74554,year_end_registered_population,6.7065482737
2017,臺中市,石岡區,強盜,1,15066,year_end_registered_population,6.6374618346
2017,臺中市,石岡區,機車竊盜,2,15066,year_end_registered_population,13.2749236692
2017,臺中市,石岡區,毒品,11,15066,year_end_registered_population,73.0120801805
2017,臺中市,石岡區,汽車竊盜,1,15066,year_end_registered_population,6.6374618346
2017,臺中市,神岡區,住宅竊盜,9,65553,year_end_registered_population,13.7293487712
2017,臺中市,神岡區,機車竊盜,3,65553,year_end_registered_population,4.5764495904
2017,臺中市,神岡區,毒品,45,65553,year_end_registered_population,68.6467438561
2017,臺中市,神岡區,汽車竊盜,3,65553,year_end_registered_population,4.5764495904
2017,臺中市,西區,住宅竊盜,5,115627,year_end_registered_population,4.3242495265
2017,臺中市,西區,強制性交,1,115627,year_end_registered_population,0.8648499053
2017,臺中市,西區,搶奪,3,115627,year_end_registered_population,2.5945497159
2017,臺中市,西區,機車竊盜,13,115627,year_end_registered_population,11.2430487689
2017,臺中市,西區,毒品,115,115627,year_end_registered_population,99.4577391094
2017,臺中市,西區,汽車竊盜,4,115627,year_end_registered_population,3.4593996212
2017,臺中市,西屯區,住宅竊盜,17,227043,year_end_registered_population,7.4875684342
2017,臺中市,西屯區,強制性交,6,227043,year_end_registered_population,2.6426712121
2017,臺中市,西屯區,強盜,1,227043,year_end_registered_population,0.440445202
2017,臺中市,西屯區,搶奪,3,227043,year_end_registered_population,1.321335606
2017,臺中市,西屯區,機車竊盜,41,227043,year_end_registered_population,18.0582532824
2017,臺中市,西屯區,毒品,282,227043,year_end_registered_population,124.2055469669
2017,臺中市,西屯區,汽車竊盜,10,227043,year_end_registered_population,4.4044520201
2017,臺中市,豐原區,住宅竊盜,7,166879,year_end_registered_population,4.1946560082
2017,臺中市,豐原區,強制性交,2,166879,year_end_registered_population,1.1984731452
2017,臺中市,豐原區,強盜,1,166879,year_end_registered_population,0.5992365726
2017,臺中市,豐原區,搶奪,2,166879,year_end_registered_population,1.1984731452
2017,臺中市,豐原區,機車竊盜,21,166879,year_end_registered_population,12.5839680247
2017,臺中市,豐原區,毒品,210,166879,year_end_registered_population,125.8396802474
2017,臺中市,豐原區,汽車竊盜,16,166879,year_end_registered_population,9.5877851617
2017,臺中市,霧峰區,住宅竊盜,2,65393,year_end_registered_population,3.0584313306
2017,臺中市,霧峰區,機車竊盜,10,65393,year_end_registered_population,15.2921566529
2017,臺中市,霧峰區,毒品,92,65393,year_end_registered_population,140.6878412062
2017,臺中市,霧峰區,汽車竊盜,3,65393,year_end_registered_population,4.5876469959
2017,臺中市,龍井區,住宅竊盜,4,77818,year_end_registered_population,5.1401989257
2017,臺中市,龍井區,強制性交,3,77818,year_end_registered_population,3.8551491943
2017,臺中市,龍井區,機車竊盜,2,77818,year_end_registered_population,2.5700994628
2017,臺中市,龍井區,毒品,59,77818,year_end_registered_population,75.8179341541
2017,臺中市,龍井區,汽車竊盜,6,77818,year_end_registered_population,7.7102983885
2017,臺北市,中山區,住宅竊盜,38,230710,year_end_registered_population,16.4708941962
2017,臺北市,中山區,強制性交,4,230710,year_end_registered_population,1.7337783364
2017,臺北市,中山區,強盜,2,230710,year_end_registered_population,0.8668891682
2017,臺北市,中山區,搶奪,5,230710,year_end_registered_population,2.1672229205
2017,臺北市,中山區,機車竊盜,36,230710,year_end_registered_population,15.604005028
2017,臺北市,中山區,毒品,834,230710,year_end_registered_population,361.4927831477
2017,臺北市,中山區,汽車竊盜,4,230710,year_end_registered_population,1.7337783364
2017,臺北市,中正區,住宅竊盜,25,159608,year_end_registered_population,15.6633752694
2017,臺北市,中正區,強制性交,2,159608,year_end_registered_population,1.2530700216
2017,臺北市,中正區,強盜,1,159608,year_end_registered_population,0.6265350108
2017,臺北市,中正區,搶奪,3,159608,year_end_registered_population,1.8796050323
2017,臺北市,中正區,機車竊盜,29,159608,year_end_registered_population,18.1695153125
2017,臺北市,中正區,毒品,158,159608,year_end_registered_population,98.9925317027
2017,臺北市,中正區,汽車竊盜,2,159608,year_end_registered_population,1.2530700216
2017,臺北市,信義區,住宅竊盜,23,225753,year_end_registered_population,10.1881259607
2017,臺北市,信義區,強制性交,6,225753,year_end_registered_population,2.6577719897
2017,臺北市,信義區,搶奪,1,225753,year_end_registered_population,0.4429619983
2017,臺北市,信義區,機車竊盜,20,225753,year_end_registered_population,8.8592399658
2017,臺北市,信義區,毒品,250,225753,year_end_registered_population,110.7404995725
2017,臺北市,信義區,汽車竊盜,1,225753,year_end_registered_population,0.4429619983
2017,臺北市,內湖區,住宅竊盜,39,287771,year_end_registered_population,13.5524427409
2017,臺北市,內湖區,強制性交,2,287771,year_end_registered_population,0.6949970636
2017,臺北市,內湖區,強盜,2,287771,year_end_registered_population,0.6949970636
2017,臺北市,內湖區,機車竊盜,11,287771,year_end_registered_population,3.82248385
2017,臺北市,內湖區,毒品,147,287771,year_end_registered_population,51.0822841773
2017,臺北市,內湖區,汽車竊盜,7,287771,year_end_registered_population,2.4324897227
2017,臺北市,北投區,住宅竊盜,34,256456,year_end_registered_population,13.2576348379
2017,臺北市,北投區,強制性交,6,256456,year_end_registered_population,2.3395826185
2017,臺北市,北投區,強盜,1,256456,year_end_registered_population,0.3899304364
2017,臺北市,北投區,搶奪,4,256456,year_end_registered_population,1.5597217456
2017,臺北市,北投區,機車竊盜,34,256456,year_end_registered_population,13.2576348379
2017,臺北市,北投區,毒品,163,256456,year_end_registered_population,63.5586611349
2017,臺北市,北投區,汽車竊盜,17,256456,year_end_registered_population,6.628817419
2017,臺北市,南港區,住宅竊盜,26,122155,year_end_registered_population,21.2844337113
2017,臺北市,南港區,機車竊盜,10,122155,year_end_registered_population,8.1863206582
2017,臺北市,南港區,毒品,108,122155,year_end_registered_population,88.4122631083
2017,臺北市,南港區,汽車竊盜,3,122155,year_end_registered_population,2.4558961975
2017,臺北市,士林區,住宅竊盜,51,288295,year_end_registered_population,17.6902131497
2017,臺北市,士林區,強制性交,3,288295,year_end_registered_population,1.0406007735
2017,臺北市,士林區,強盜,5,288295,year_end_registered_population,1.7343346225
2017,臺北市,士林區,機車竊盜,41,288295,year_end_registered_population,14.2215439047
2017,臺北市,士林區,毒品,263,288295,year_end_registered_population,91.2260011447
2017,臺北市,士林區,汽車竊盜,13,288295,year_end_registered_population,4.5092700186
2017,臺北市,大同區,住宅竊盜,18,129278,year_end_registered_population,13.9234827271
2017,臺北市,大同區,強制性交,2,129278,year_end_registered_population,1.5470536363
2017,臺北市,大同區,搶奪,2,129278,year_end_registered_population,1.5470536363
2017,臺北市,大同區,機車竊盜,23,129278,year_end_registered_population,17.791116818
2017,臺北市,大同區,毒品,273,129278,year_end_registered_population,211.1728213617
2017,臺北市,大同區,汽車竊盜,9,129278,year_end_registered_population,6.9617413636
2017,臺北市,大安區,住宅竊盜,32,309969,year_end_registered_population,10.3236130065
2017,臺北市,大安區,強制性交,3,309969,year_end_registered_population,0.9678387194
2017,臺北市,大安區,強盜,2,309969,year_end_registered_population,0.6452258129
2017,臺北市,大安區,搶奪,3,309969,year_end_registered_population,0.9678387194
2017,臺北市,大安區,機車竊盜,38,309969,year_end_registered_population,12.2592904452
2017,臺北市,大安區,毒品,325,309969,year_end_registered_population,104.8491945969
2017,臺北市,大安區,汽車竊盜,1,309969,year_end_registered_population,0.3226129065
2017,臺北市,文山區,住宅竊盜,28,274424,year_end_registered_population,10.2031892254
2017,臺北市,文山區,強制性交,2,274424,year_end_registered_population,0.7287992304
2017,臺北市,文山區,強盜,2,274424,year_end_registered_population,0.7287992304
2017,臺北市,文山區,機車竊盜,28,274424,year_end_registered_population,10.2031892254
2017,臺北市,文山區,毒品,172,274424,year_end_registered_population,62.6767338134
2017,臺北市,文山區,汽車竊盜,2,274424,year_end_registered_population,0.7287992304
2017,臺北市,松山區,住宅竊盜,17,206988,year_end_registered_population,8.2130365045
2017,臺北市,松山區,強制性交,2,206988,year_end_registered_population,0.9662395888
2017,臺北市,松山區,強盜,1,206988,year_end_registered_population,0.4831197944
2017,臺北市,松山區,搶奪,1,206988,year_end_registered_population,0.4831197944
2017,臺北市,松山區,機車竊盜,18,206988,year_end_registered_population,8.6961562989
2017,臺北市,松山區,毒品,345,206988,year_end_registered_population,166.6763290626
2017,臺北市,松山區,汽車竊盜,3,206988,year_end_registered_population,1.4493593832
2017,臺北市,萬華區,住宅竊盜,25,191850,year_end_registered_population,13.0310138129
2017,臺北市,萬華區,強制性交,2,191850,year_end_registered_population,1.042481105
2017,臺北市,萬華區,強盜,5,191850,year_end_registered_population,2.6062027626
2017,臺北市,萬華區,搶奪,5,191850,year_end_registered_population,2.6062027626
2017,臺北市,萬華區,機車竊盜,41,191850,year_end_registered_population,21.3708626531
2017,臺北市,萬華區,毒品,662,191850,year_end_registered_population,345.0612457649
2017,臺北市,萬華區,汽車竊盜,20,191850,year_end_registered_population,10.4248110503
2017,臺南市,七股區,住宅竊盜,2,22974,year_end_registered_population,8.7054931662
2017,臺南市,七股區,機車竊盜,2,22974,year_end_registered_population,8.7054931662
2017,臺南市,七股區,毒品,17,22974,year_end_registered_population,73.9966919126
2017,臺南市,下營區,住宅竊盜,4,24239,year_end_registered_population,16.5023309542
2017,臺南市,下營區,毒品,9,24239,year_end_registered_population,37.1302446471
2017,臺南市,中西區,住宅竊盜,24,77770,year_end_registered_population,30.86022888
2017,臺南市,中西區,強盜,5,77770,year_end_registered_population,6.42921435
2017,臺南市,中西區,搶奪,3,77770,year_end_registered_population,3.85752861
2017,臺南市,中西區,機車竊盜,18,77770,year_end_registered_population,23.14517166
2017,臺南市,中西區,毒品,166,77770,year_end_registered_population,213.4499164202
2017,臺南市,中西區,汽車竊盜,4,77770,year_end_registered_population,5.14337148
2017,臺南市,仁德區,住宅竊盜,26,75518,year_end_registered_population,34.4288778834
2017,臺南市,仁德區,強制性交,2,75518,year_end_registered_population,2.6483752218
2017,臺南市,仁德區,強盜,6,75518,year_end_registered_population,7.9451256654
2017,臺南市,仁德區,搶奪,1,75518,year_end_registered_population,1.3241876109
2017,臺南市,仁德區,機車竊盜,16,75518,year_end_registered_population,21.1870017744
2017,臺南市,仁德區,毒品,97,75518,year_end_registered_population,128.4461982574
2017,臺南市,仁德區,汽車竊盜,12,75518,year_end_registered_population,15.8902513308
2017,臺南市,佳里區,住宅竊盜,25,59380,year_end_registered_population,42.1017177501
2017,臺南市,佳里區,強制性交,1,59380,year_end_registered_population,1.68406871
2017,臺南市,佳里區,搶奪,1,59380,year_end_registered_population,1.68406871
2017,臺南市,佳里區,機車竊盜,5,59380,year_end_registered_population,8.42034355
2017,臺南市,佳里區,毒品,51,59380,year_end_registered_population,85.8875042102
2017,臺南市,佳里區,汽車竊盜,1,59380,year_end_registered_population,1.68406871
2017,臺南市,六甲區,住宅竊盜,4,22275,year_end_registered_population,17.9573512907
2017,臺南市,六甲區,強盜,1,22275,year_end_registered_population,4.4893378227
2017,臺南市,六甲區,機車竊盜,4,22275,year_end_registered_population,17.9573512907
2017,臺南市,六甲區,毒品,30,22275,year_end_registered_population,134.6801346801
2017,臺南市,六甲區,汽車竊盜,2,22275,year_end_registered_population,8.9786756453
2017,臺南市,北區,住宅竊盜,42,132726,year_end_registered_population,31.6441390534
2017,臺南市,北區,強制性交,2,132726,year_end_registered_population,1.5068637644
2017,臺南市,北區,強盜,1,132726,year_end_registered_population,0.7534318822
2017,臺南市,北區,搶奪,5,132726,year_end_registered_population,3.7671594111
2017,臺南市,北區,機車竊盜,17,132726,year_end_registered_population,12.8083419978
2017,臺南市,北區,毒品,279,132726,year_end_registered_population,210.2074951404
2017,臺南市,北區,汽車竊盜,14,132726,year_end_registered_population,10.5480463511
2017,臺南市,北門區,住宅竊盜,4,11188,year_end_registered_population,35.7525920629
2017,臺南市,北門區,毒品,5,11188,year_end_registered_population,44.6907400787
2017,臺南市,南化區,住宅竊盜,3,8787,year_end_registered_population,34.141345169
2017,臺南市,南化區,強盜,1,8787,year_end_registered_population,11.3804483897
2017,臺南市,南化區,毒品,3,8787,year_end_registered_population,34.141345169
2017,臺南市,南化區,汽車竊盜,1,8787,year_end_registered_population,11.3804483897
2017,臺南市,南區,住宅竊盜,5,125394,year_end_registered_population,3.9874316155
2017,臺南市,南區,強制性交,1,125394,year_end_registered_population,0.7974863231
2017,臺南市,南區,強盜,1,125394,year_end_registered_population,0.7974863231
2017,臺南市,南區,搶奪,1,125394,year_end_registered_population,0.7974863231
2017,臺南市,南區,機車竊盜,13,125394,year_end_registered_population,10.3673222004
2017,臺南市,南區,毒品,100,125394,year_end_registered_population,79.748632311
2017,臺南市,南區,汽車竊盜,13,125394,year_end_registered_population,10.3673222004
2017,臺南市,善化區,住宅竊盜,8,48386,year_end_registered_population,16.5337080974
2017,臺南市,善化區,強盜,2,48386,year_end_registered_population,4.1334270243
2017,臺南市,善化區,毒品,23,48386,year_end_registered_population,47.53441078
2017,臺南市,善化區,汽車竊盜,6,48386,year_end_registered_population,12.400281073
2017,臺南市,大內區,住宅竊盜,2,9761,year_end_registered_population,20.4897039238
2017,臺南市,大內區,機車竊盜,1,9761,year_end_registered_population,10.2448519619
2017,臺南市,大內區,毒品,4,9761,year_end_registered_population,40.9794078476
2017,臺南市,學甲區,住宅竊盜,17,26078,year_end_registered_population,65.1890482399
2017,臺南市,學甲區,強制性交,1,26078,year_end_registered_population,3.8346498965
2017,臺南市,學甲區,毒品,15,26078,year_end_registered_population,57.519748447
2017,臺南市,安南區,住宅竊盜,2,192224,year_end_registered_population,1.0404528051
2017,臺南市,安南區,強制性交,2,192224,year_end_registered_population,1.0404528051
2017,臺南市,安南區,搶奪,3,192224,year_end_registered_population,1.5606792076
2017,臺南市,安南區,機車竊盜,26,192224,year_end_registered_population,13.5258864658
2017,臺南市,安南區,毒品,238,192224,year_end_registered_population,123.8138838022
2017,臺南市,安南區,汽車竊盜,9,192224,year_end_registered_population,4.6820376228
2017,臺南市,安定區,住宅竊盜,5,30564,year_end_registered_population,16.359115299
2017,臺南市,安定區,強盜,1,30564,year_end_registered_population,3.2718230598
2017,臺南市,安定區,機車竊盜,2,30564,year_end_registered_population,6.5436461196
2017,臺南市,安定區,毒品,29,30564,year_end_registered_population,94.8828687345
2017,臺南市,安定區,汽車竊盜,1,30564,year_end_registered_population,3.2718230598
2017,臺南市,安平區,住宅竊盜,15,66496,year_end_registered_population,22.5577478345
2017,臺南市,安平區,強盜,1,66496,year_end_registered_population,1.5038498556
2017,臺南市,安平區,搶奪,1,66496,year_end_registered_population,1.5038498556
2017,臺南市,安平區,機車竊盜,2,66496,year_end_registered_population,3.0076997113
2017,臺南市,安平區,毒品,49,66496,year_end_registered_population,73.6886429259
2017,臺南市,安平區,汽車竊盜,6,66496,year_end_registered_population,9.0230991338
2017,臺南市,官田區,強制性交,1,21448,year_end_registered_population,4.6624393883
2017,臺南市,官田區,毒品,15,21448,year_end_registered_population,69.9365908243
2017,臺南市,官田區,汽車竊盜,1,21448,year_end_registered_population,4.6624393883
2017,臺南市,將軍區,住宅竊盜,7,19849,year_end_registered_population,35.266260265
2017,臺南市,將軍區,機車竊盜,1,19849,year_end_registered_population,5.0380371807
2017,臺南市,將軍區,毒品,17,19849,year_end_registered_population,85.6466320721
2017,臺南市,山上區,機車竊盜,2,7314,year_end_registered_population,27.344818157
2017,臺南市,山上區,毒品,10,7314,year_end_registered_population,136.7240907848
2017,臺南市,山上區,汽車竊盜,1,7314,year_end_registered_population,13.6724090785
2017,臺南市,左鎮區,毒品,8,4876,year_end_registered_population,164.0689089418
2017,臺南市,左鎮區,汽車竊盜,3,4876,year_end_registered_population,61.5258408532
2017,臺南市,後壁區,住宅竊盜,6,23718,year_end_registered_population,25.2972426006
2017,臺南市,後壁區,強制性交,1,23718,year_end_registered_population,4.2162071001
2017,臺南市,後壁區,機車竊盜,1,23718,year_end_registered_population,4.2162071001
2017,臺南市,後壁區,毒品,23,23718,year_end_registered_population,96.9727633021
2017,臺南市,後壁區,汽車竊盜,3,23718,year_end_registered_population,12.6486213003
2017,臺南市,新化區,住宅竊盜,4,43630,year_end_registered_population,9.1680036672
2017,臺南市,新化區,機車竊盜,2,43630,year_end_registered_population,4.5840018336
2017,臺南市,新化區,毒品,30,43630,year_end_registered_population,68.760027504
2017,臺南市,新化區,汽車竊盜,1,43630,year_end_registered_population,2.2920009168
2017,臺南市,新市區,住宅竊盜,3,36574,year_end_registered_population,8.2025482583
2017,臺南市,新市區,機車竊盜,4,36574,year_end_registered_population,10.9367310111
2017,臺南市,新市區,毒品,23,36574,year_end_registered_population,62.8862033138
2017,臺南市,新市區,汽車竊盜,4,36574,year_end_registered_population,10.9367310111
2017,臺南市,新營區,住宅竊盜,8,77966,year_end_registered_population,10.260882949
2017,臺南市,新營區,強制性交,1,77966,year_end_registered_population,1.2826103686
2017,臺南市,新營區,機車竊盜,14,77966,year_end_registered_population,17.9565451607
2017,臺南市,新營區,毒品,44,77966,year_end_registered_population,56.4348562194
2017,臺南市,新營區,汽車竊盜,7,77966,year_end_registered_population,8.9782725804
2017,臺南市,東區,強制性交,1,186841,year_end_registered_population,0.5352144337
2017,臺南市,東區,強盜,2,186841,year_end_registered_population,1.0704288673
2017,臺南市,東區,搶奪,1,186841,year_end_registered_population,0.5352144337
2017,臺南市,東區,機車竊盜,48,186841,year_end_registered_population,25.6902928158
2017,臺南市,東區,毒品,111,186841,year_end_registered_population,59.4088021366
2017,臺南市,東區,汽車竊盜,11,186841,year_end_registered_population,5.8873587703
2017,臺南市,東山區,住宅竊盜,3,21049,year_end_registered_population,14.2524585491
2017,臺南市,東山區,機車竊盜,2,21049,year_end_registered_population,9.5016390327
2017,臺南市,東山區,毒品,37,21049,year_end_registered_population,175.7803221056
2017,臺南市,東山區,汽車竊盜,3,21049,year_end_registered_population,14.2524585491
2017,臺南市,柳營區,住宅竊盜,3,21365,year_end_registered_population,14.0416569155
2017,臺南市,柳營區,強盜,1,21365,year_end_registered_population,4.6805523052
2017,臺南市,柳營區,搶奪,1,21365,year_end_registered_population,4.6805523052
2017,臺南市,柳營區,機車竊盜,4,21365,year_end_registered_population,18.7222092207
2017,臺南市,柳營區,毒品,7,21365,year_end_registered_population,32.7638661362
2017,臺南市,柳營區,汽車竊盜,4,21365,year_end_registered_population,18.7222092207
2017,臺南市,楠西區,住宅竊盜,2,9717,year_end_registered_population,20.5824843059
2017,臺南市,楠西區,毒品,15,9717,year_end_registered_population,154.3686322939
2017,臺南市,歸仁區,住宅竊盜,17,68424,year_end_registered_population,24.8450835964
2017,臺南市,歸仁區,強盜,1,68424,year_end_registered_population,1.4614755057
2017,臺南市,歸仁區,機車竊盜,5,68424,year_end_registered_population,7.3073775284
2017,臺南市,歸仁區,毒品,68,68424,year_end_registered_population,99.3803343856
2017,臺南市,歸仁區,汽車竊盜,4,68424,year_end_registered_population,5.8459020227
2017,臺南市,永康區,住宅竊盜,64,233905,year_end_registered_population,27.3615356662
2017,臺南市,永康區,強盜,3,233905,year_end_registered_population,1.2825719844
2017,臺南市,永康區,搶奪,1,233905,year_end_registered_population,0.4275239948
2017,臺南市,永康區,機車竊盜,26,233905,year_end_registered_population,11.1156238644
2017,臺南市,永康區,毒品,443,233905,year_end_registered_population,189.3931296894
2017,臺南市,永康區,汽車竊盜,18,233905,year_end_registered_population,7.6954319061
2017,臺南市,玉井區,住宅竊盜,3,14151,year_end_registered_population,21.1999152003
2017,臺南市,玉井區,毒品,21,14151,year_end_registered_population,148.3994064024
2017,臺南市,玉井區,汽車竊盜,2,14151,year_end_registered_population,14.1332768002
2017,臺南市,白河區,住宅竊盜,12,28520,year_end_registered_population,42.0757363254
2017,臺南市,白河區,機車竊盜,6,28520,year_end_registered_population,21.0378681627
2017,臺南市,白河區,毒品,19,28520,year_end_registered_population,66.6199158485
2017,臺南市,白河區,汽車竊盜,6,28520,year_end_registered_population,21.0378681627
2017,臺南市,西港區,住宅竊盜,7,24758,year_end_registered_population,28.2736893125
2017,臺南市,西港區,機車竊盜,2,24758,year_end_registered_population,8.0781969464
2017,臺南市,西港區,毒品,26,24758,year_end_registered_population,105.0165603037
2017,臺南市,西港區,汽車竊盜,2,24758,year_end_registered_population,8.0781969464
2017,臺南市,關廟區,住宅竊盜,4,34433,year_end_registered_population,11.616762989
2017,臺南市,關廟區,機車竊盜,4,34433,year_end_registered_population,11.616762989
2017,臺南市,關廟區,毒品,37,34433,year_end_registered_population,107.4550576482
2017,臺南市,鹽水區,住宅竊盜,2,25583,year_end_registered_population,7.8176914357
2017,臺南市,鹽水區,機車竊盜,1,25583,year_end_registered_population,3.9088457179
2017,臺南市,鹽水區,毒品,14,25583,year_end_registered_population,54.72384005
2017,臺南市,麻豆區,住宅竊盜,8,44603,year_end_registered_population,17.9360132726
2017,臺南市,麻豆區,強盜,3,44603,year_end_registered_population,6.7260049772
2017,臺南市,麻豆區,機車竊盜,5,44603,year_end_registered_population,11.2100082954
2017,臺南市,麻豆區,毒品,29,44603,year_end_registered_population,65.0180481134
2017,臺南市,龍崎區,住宅竊盜,3,4038,year_end_registered_population,74.294205052
2017,臺東縣,卑南鄉,機車竊盜,1,17399,year_end_registered_population,5.7474567504
2017,臺東縣,卑南鄉,毒品,28,17399,year_end_registered_population,160.9287890109
2017,臺東縣,大武鄉,毒品,5,6117,year_end_registered_population,81.7394147458
2017,臺東縣,太麻里鄉,住宅竊盜,1,11163,year_end_registered_population,8.9581653677
2017,臺東縣,太麻里鄉,機車竊盜,1,11163,year_end_registered_population,8.9581653677
2017,臺東縣,太麻里鄉,毒品,10,11163,year_end_registered_population,89.5816536773
2017,臺東縣,成功鎮,機車竊盜,1,14238,year_end_registered_population,7.0234583509
2017,臺東縣,成功鎮,毒品,11,14238,year_end_registered_population,77.2580418598
2017,臺東縣,東河鄉,住宅竊盜,1,8517,year_end_registered_population,11.7412234355
2017,臺東縣,東河鄉,機車竊盜,1,8517,year_end_registered_population,11.7412234355
2017,臺東縣,池上鄉,機車竊盜,5,8248,year_end_registered_population,60.620756547
2017,臺東縣,池上鄉,毒品,9,8248,year_end_registered_population,109.1173617847
2017,臺東縣,池上鄉,汽車竊盜,1,8248,year_end_registered_population,12.1241513094
2017,臺東縣,海端鄉,機車竊盜,1,4222,year_end_registered_population,23.6854571293
2017,臺東縣,海端鄉,汽車竊盜,1,4222,year_end_registered_population,23.6854571293
2017,臺東縣,臺東市,住宅竊盜,5,105960,year_end_registered_population,4.7187617969
2017,臺東縣,臺東市,強盜,1,105960,year_end_registered_population,0.9437523594
2017,臺東縣,臺東市,搶奪,1,105960,year_end_registered_population,0.9437523594
2017,臺東縣,臺東市,機車竊盜,13,105960,year_end_registered_population,12.268780672
2017,臺東縣,臺東市,毒品,152,105960,year_end_registered_population,143.4503586259
2017,臺東縣,臺東市,汽車竊盜,1,105960,year_end_registered_population,0.9437523594
2017,臺東縣,蘭嶼鄉,毒品,1,5075,year_end_registered_population,19.7044334975
2017,臺東縣,達仁鄉,機車竊盜,2,3518,year_end_registered_population,56.8504832291
2017,臺東縣,達仁鄉,毒品,10,3518,year_end_registered_population,284.2524161455
2017,臺東縣,長濱鄉,毒品,3,7260,year_end_registered_population,41.3223140496
2017,臺東縣,關山鎮,機車竊盜,4,8742,year_end_registered_population,45.756119881
2017,臺東縣,關山鎮,毒品,5,8742,year_end_registered_population,57.1951498513
2017,臺東縣,關山鎮,汽車竊盜,2,8742,year_end_registered_population,22.8780599405
2017,臺東縣,鹿野鄉,住宅竊盜,1,7951,year_end_registered_population,12.5770343353
2017,臺東縣,鹿野鄉,毒品,2,7951,year_end_registered_population,25.1540686706
2017,花蓮縣,光復鄉,住宅竊盜,1,12888,year_end_registered_population,7.7591558038
2017,花蓮縣,光復鄉,機車竊盜,2,12888,year_end_registered_population,15.5183116077
2017,花蓮縣,光復鄉,毒品,9,12888,year_end_registered_population,69.8324022346
2017,花蓮縣,卓溪鄉,毒品,11,6066,year_end_registered_population,181.3386086383
2017,花蓮縣,吉安鄉,住宅竊盜,6,83747,year_end_registered_population,7.164435741
2017,花蓮縣,吉安鄉,強制性交,2,83747,year_end_registered_population,2.388145247
2017,花蓮縣,吉安鄉,搶奪,1,83747,year_end_registered_population,1.1940726235
2017,花蓮縣,吉安鄉,機車竊盜,9,83747,year_end_registered_population,10.7466536115
2017,花蓮縣,吉安鄉,毒品,168,83747,year_end_registered_population,200.6042007475
2017,花蓮縣,吉安鄉,汽車竊盜,7,83747,year_end_registered_population,8.3585083645
2017,花蓮縣,壽豐鄉,住宅竊盜,3,18043,year_end_registered_population,16.6269467383
2017,花蓮縣,壽豐鄉,機車竊盜,1,18043,year_end_registered_population,5.5423155794
2017,花蓮縣,壽豐鄉,毒品,11,18043,year_end_registered_population,60.9654713739
2017,花蓮縣,壽豐鄉,汽車竊盜,2,18043,year_end_registered_population,11.0846311589
2017,花蓮縣,富里鄉,毒品,20,10413,year_end_registered_population,192.0676077979
2017,花蓮縣,富里鄉,汽車竊盜,1,10413,year_end_registered_population,9.6033803899
2017,花蓮縣,新城鄉,住宅竊盜,7,20185,year_end_registered_population,34.6792172405
2017,花蓮縣,新城鄉,強盜,1,20185,year_end_registered_population,4.9541738915
2017,花蓮縣,新城鄉,機車竊盜,7,20185,year_end_registered_population,34.6792172405
2017,花蓮縣,新城鄉,毒品,49,20185,year_end_registered_population,242.7545206837
2017,花蓮縣,新城鄉,汽車竊盜,2,20185,year_end_registered_population,9.908347783
2017,花蓮縣,玉里鎮,住宅竊盜,1,24345,year_end_registered_population,4.1076196344
2017,花蓮縣,玉里鎮,強盜,2,24345,year_end_registered_population,8.2152392688
2017,花蓮縣,玉里鎮,機車竊盜,4,24345,year_end_registered_population,16.4304785377
2017,花蓮縣,玉里鎮,毒品,58,24345,year_end_registered_population,238.2419387965
2017,花蓮縣,玉里鎮,汽車竊盜,5,24345,year_end_registered_population,20.5380981721
2017,花蓮縣,瑞穗鄉,住宅竊盜,4,11653,year_end_registered_population,34.3259246546
2017,花蓮縣,瑞穗鄉,強制性交,1,11653,year_end_registered_population,8.5814811636
2017,花蓮縣,瑞穗鄉,機車竊盜,2,11653,year_end_registered_population,17.1629623273
2017,花蓮縣,瑞穗鄉,毒品,15,11653,year_end_registered_population,128.7222174547
2017,花蓮縣,秀林鄉,住宅竊盜,4,15889,year_end_registered_population,25.1746491283
2017,花蓮縣,秀林鄉,毒品,41,15889,year_end_registered_population,258.0401535654
2017,花蓮縣,秀林鄉,汽車竊盜,3,15889,year_end_registered_population,18.8809868462
2017,花蓮縣,花蓮市,住宅竊盜,18,104380,year_end_registered_population,17.2446828894
2017,花蓮縣,花蓮市,強制性交,7,104380,year_end_registered_population,6.7062655681
2017,花蓮縣,花蓮市,強盜,3,104380,year_end_registered_population,2.8741138149
2017,花蓮縣,花蓮市,機車竊盜,16,104380,year_end_registered_population,15.3286070128
2017,花蓮縣,花蓮市,毒品,255,104380,year_end_registered_population,244.2996742671
2017,花蓮縣,花蓮市,汽車竊盜,8,104380,year_end_registered_population,7.6643035064
2017,花蓮縣,萬榮鄉,住宅竊盜,3,6384,year_end_registered_population,46.992481203
2017,花蓮縣,萬榮鄉,機車竊盜,4,6384,year_end_registered_population,62.656641604
2017,花蓮縣,萬榮鄉,毒品,10,6384,year_end_registered_population,156.64160401
2017,花蓮縣,豐濱鄉,汽車竊盜,1,4383,year_end_registered_population,22.8154232261
2017,花蓮縣,鳳林鎮,住宅竊盜,2,10861,year_end_registered_population,18.4145106344
2017,花蓮縣,鳳林鎮,毒品,15,10861,year_end_registered_population,138.1088297578
2017,苗栗縣,三灣鄉,機車竊盜,1,6756,year_end_registered_population,14.8016577857
2017,苗栗縣,三灣鄉,毒品,5,6756,year_end_registered_population,74.0082889284
2017,苗栗縣,三義鄉,機車竊盜,2,16530,year_end_registered_population,12.0992135511
2017,苗栗縣,三義鄉,毒品,8,16530,year_end_registered_population,48.3968542045
2017,苗栗縣,三義鄉,汽車竊盜,5,16530,year_end_registered_population,30.2480338778
2017,苗栗縣,公館鄉,住宅竊盜,1,33773,year_end_registered_population,2.9609451337
2017,苗栗縣,公館鄉,強盜,1,33773,year_end_registered_population,2.9609451337
2017,苗栗縣,公館鄉,機車竊盜,1,33773,year_end_registered_population,2.9609451337
2017,苗栗縣,公館鄉,毒品,34,33773,year_end_registered_population,100.6721345453
2017,苗栗縣,公館鄉,汽車竊盜,5,33773,year_end_registered_population,14.8047256684
2017,苗栗縣,卓蘭鎮,住宅竊盜,2,17134,year_end_registered_population,11.6726975604
2017,苗栗縣,卓蘭鎮,強盜,1,17134,year_end_registered_population,5.8363487802
2017,苗栗縣,卓蘭鎮,機車竊盜,1,17134,year_end_registered_population,5.8363487802
2017,苗栗縣,卓蘭鎮,毒品,7,17134,year_end_registered_population,40.8544414614
2017,苗栗縣,南庄鄉,毒品,12,10176,year_end_registered_population,117.9245283019
2017,苗栗縣,南庄鄉,汽車竊盜,1,10176,year_end_registered_population,9.8270440252
2017,苗栗縣,大湖鄉,住宅竊盜,5,14738,year_end_registered_population,33.9259058217
2017,苗栗縣,大湖鄉,強盜,1,14738,year_end_registered_population,6.7851811643
2017,苗栗縣,大湖鄉,機車竊盜,2,14738,year_end_registered_population,13.5703623287
2017,苗栗縣,大湖鄉,毒品,11,14738,year_end_registered_population,74.6369928077
2017,苗栗縣,大湖鄉,汽車竊盜,1,14738,year_end_registered_population,6.7851811643
2017,苗栗縣,後龍鎮,住宅竊盜,17,36750,year_end_registered_population,46.2585034014
2017,苗栗縣,後龍鎮,機車竊盜,3,36750,year_end_registered_population,8.1632653061
2017,苗栗縣,後龍鎮,毒品,37,36750,year_end_registered_population,100.6802721088
2017,苗栗縣,後龍鎮,汽車竊盜,11,36750,year_end_registered_population,29.9319727891
2017,苗栗縣,泰安鄉,住宅竊盜,1,5883,year_end_registered_population,16.9981302057
2017,苗栗縣,泰安鄉,毒品,10,5883,year_end_registered_population,169.9813020568
2017,苗栗縣,泰安鄉,汽車竊盜,2,5883,year_end_registered_population,33.9962604114
2017,苗栗縣,獅潭鄉,住宅竊盜,1,4417,year_end_registered_population,22.6398007698
2017,苗栗縣,獅潭鄉,毒品,7,4417,year_end_registered_population,158.4786053883
2017,苗栗縣,竹南鎮,住宅竊盜,34,85587,year_end_registered_population,39.7256592707
2017,苗栗縣,竹南鎮,強制性交,1,85587,year_end_registered_population,1.1684017433
2017,苗栗縣,竹南鎮,強盜,1,85587,year_end_registered_population,1.1684017433
2017,苗栗縣,竹南鎮,機車竊盜,13,85587,year_end_registered_population,15.1892226623
2017,苗栗縣,竹南鎮,毒品,133,85587,year_end_registered_population,155.397431853
2017,苗栗縣,竹南鎮,汽車竊盜,19,85587,year_end_registered_population,22.1996331219
2017,苗栗縣,苑裡鎮,住宅竊盜,8,45976,year_end_registered_population,17.4003828084
2017,苗栗縣,苑裡鎮,強盜,1,45976,year_end_registered_population,2.1750478511
2017,苗栗縣,苑裡鎮,機車竊盜,4,45976,year_end_registered_population,8.7001914042
2017,苗栗縣,苑裡鎮,毒品,20,45976,year_end_registered_population,43.5009570211
2017,苗栗縣,苑裡鎮,汽車竊盜,2,45976,year_end_registered_population,4.3500957021
2017,苗栗縣,苗栗市,機車竊盜,20,89165,year_end_registered_population,22.4303258005
2017,苗栗縣,苗栗市,毒品,107,89165,year_end_registered_population,120.0022430326
2017,苗栗縣,苗栗市,汽車竊盜,13,89165,year_end_registered_population,14.5797117703
2017,苗栗縣,西湖鄉,住宅竊盜,1,7154,year_end_registered_population,13.9781940173
2017,苗栗縣,西湖鄉,毒品,1,7154,year_end_registered_population,13.9781940173
2017,苗栗縣,西湖鄉,汽車竊盜,1,7154,year_end_registered_population,13.9781940173
2017,苗栗縣,通霄鎮,住宅竊盜,13,34691,year_end_registered_population,37.4736963478
2017,苗栗縣,通霄鎮,強盜,1,34691,year_end_registered_population,2.8825920268
2017,苗栗縣,通霄鎮,機車竊盜,2,34691,year_end_registered_population,5.7651840535
2017,苗栗縣,通霄鎮,毒品,23,34691,year_end_registered_population,66.2996166153
2017,苗栗縣,通霄鎮,汽車竊盜,1,34691,year_end_registered_population,2.8825920268
2017,苗栗縣,造橋鄉,住宅竊盜,9,12952,year_end_registered_population,69.4873378629
2017,苗栗縣,造橋鄉,強盜,1,12952,year_end_registered_population,7.7208153181
2017,苗栗縣,造橋鄉,毒品,23,12952,year_end_registered_population,177.5787523162
2017,苗栗縣,造橋鄉,汽車竊盜,3,12952,year_end_registered_population,23.1624459543
2017,苗栗縣,銅鑼鄉,毒品,14,18138,year_end_registered_population,77.1860183041
2017,苗栗縣,銅鑼鄉,汽車竊盜,4,18138,year_end_registered_population,22.0531480869
2017,苗栗縣,頭份市,住宅竊盜,10,103147,year_end_registered_population,9.6949014513
2017,苗栗縣,頭份市,強盜,1,103147,year_end_registered_population,0.9694901451
2017,苗栗縣,頭份市,機車竊盜,12,103147,year_end_registered_population,11.6338817416
2017,苗栗縣,頭份市,毒品,174,103147,year_end_registered_population,168.6912852531
2017,苗栗縣,頭份市,汽車竊盜,31,103147,year_end_registered_population,30.0541944991
2017,苗栗縣,頭屋鄉,機車竊盜,1,10840,year_end_registered_population,9.2250922509
2017,苗栗縣,頭屋鄉,毒品,10,10840,year_end_registered_population,92.2509225092
2017,苗栗縣,頭屋鄉,汽車竊盜,1,10840,year_end_registered_population,9.2250922509
2017,連江縣,南竿鄉,住宅竊盜,3,7544,year_end_registered_population,39.7667020148
2017,連江縣,南竿鄉,搶奪,1,7544,year_end_registered_population,13.2555673383
2017,連江縣,南竿鄉,毒品,4,7544,year_end_registered_population,53.0222693531
2017,金門縣,烈嶼鄉,住宅竊盜,2,12700,year_end_registered_population,15.7480314961
2017,金門縣,烈嶼鄉,汽車竊盜,1,12700,year_end_registered_population,7.874015748
2017,金門縣,烏坵鄉,毒品,1,685,year_end_registered_population,145.9854014599
2017,金門縣,金城鎮,住宅竊盜,5,43285,year_end_registered_population,11.5513457318
2017,金門縣,金城鎮,強制性交,3,43285,year_end_registered_population,6.9308074391
2017,金門縣,金城鎮,強盜,1,43285,year_end_registered_population,2.3102691464
2017,金門縣,金城鎮,搶奪,1,43285,year_end_registered_population,2.3102691464
2017,金門縣,金城鎮,機車竊盜,1,43285,year_end_registered_population,2.3102691464
2017,金門縣,金城鎮,毒品,14,43285,year_end_registered_population,32.343768049
2017,金門縣,金城鎮,汽車竊盜,1,43285,year_end_registered_population,2.3102691464
2017,金門縣,金寧鄉,住宅竊盜,5,30838,year_end_registered_population,16.2137622414
2017,金門縣,金寧鄉,毒品,6,30838,year_end_registered_population,19.4565146897
2017,金門縣,金沙鎮,住宅竊盜,3,20535,year_end_registered_population,14.6092037984
2017,金門縣,金沙鎮,強制性交,1,20535,year_end_registered_population,4.8697345995
2017,金門縣,金沙鎮,機車竊盜,1,20535,year_end_registered_population,4.8697345995
2017,金門縣,金沙鎮,毒品,5,20535,year_end_registered_population,24.3486729973
2017,金門縣,金湖鎮,住宅竊盜,4,29413,year_end_registered_population,13.599428824
2017,金門縣,金湖鎮,強制性交,1,29413,year_end_registered_population,3.399857206
2017,金門縣,金湖鎮,機車竊盜,1,29413,year_end_registered_population,3.399857206
2017,金門縣,金湖鎮,毒品,22,29413,year_end_registered_population,74.7968585319
2017,雲林縣,二崙鄉,住宅竊盜,5,27255,year_end_registered_population,18.3452577509
2017,雲林縣,二崙鄉,機車竊盜,1,27255,year_end_registered_population,3.6690515502
2017,雲林縣,二崙鄉,毒品,27,27255,year_end_registered_population,99.0643918547
2017,雲林縣,二崙鄉,汽車竊盜,1,27255,year_end_registered_population,3.6690515502
2017,雲林縣,元長鄉,住宅竊盜,2,25980,year_end_registered_population,7.6982294072
2017,雲林縣,元長鄉,毒品,30,25980,year_end_registered_population,115.4734411085
2017,雲林縣,元長鄉,汽車竊盜,2,25980,year_end_registered_population,7.6982294072
2017,雲林縣,北港鎮,住宅竊盜,8,40278,year_end_registered_population,19.8619593823
2017,雲林縣,北港鎮,搶奪,1,40278,year_end_registered_population,2.4827449228
2017,雲林縣,北港鎮,機車竊盜,2,40278,year_end_registered_population,4.9654898456
2017,雲林縣,北港鎮,毒品,61,40278,year_end_registered_population,151.44744029
2017,雲林縣,北港鎮,汽車竊盜,2,40278,year_end_registered_population,4.9654898456
2017,雲林縣,口湖鄉,住宅竊盜,5,27653,year_end_registered_population,18.081220844
2017,雲林縣,口湖鄉,機車竊盜,2,27653,year_end_registered_population,7.2324883376
2017,雲林縣,口湖鄉,毒品,49,27653,year_end_registered_population,177.1959642715
2017,雲林縣,口湖鄉,汽車竊盜,1,27653,year_end_registered_population,3.6162441688
2017,雲林縣,古坑鄉,住宅竊盜,6,31708,year_end_registered_population,18.9226693579
2017,雲林縣,古坑鄉,強盜,1,31708,year_end_registered_population,3.1537782263
2017,雲林縣,古坑鄉,機車竊盜,1,31708,year_end_registered_population,3.1537782263
2017,雲林縣,古坑鄉,毒品,63,31708,year_end_registered_population,198.6880282579
2017,雲林縣,古坑鄉,汽車竊盜,1,31708,year_end_registered_population,3.1537782263
2017,雲林縣,四湖鄉,住宅竊盜,3,23667,year_end_registered_population,12.6758778045
2017,雲林縣,四湖鄉,強盜,2,23667,year_end_registered_population,8.450585203
2017,雲林縣,四湖鄉,機車竊盜,5,23667,year_end_registered_population,21.1264630076
2017,雲林縣,四湖鄉,毒品,40,23667,year_end_registered_population,169.0117040605
2017,雲林縣,四湖鄉,汽車竊盜,5,23667,year_end_registered_population,21.1264630076
2017,雲林縣,土庫鎮,住宅竊盜,3,28932,year_end_registered_population,10.3691414351
2017,雲林縣,土庫鎮,強盜,1,28932,year_end_registered_population,3.4563804784
2017,雲林縣,土庫鎮,機車竊盜,4,28932,year_end_registered_population,13.8255219135
2017,雲林縣,土庫鎮,毒品,23,28932,year_end_registered_population,79.4967510024
2017,雲林縣,土庫鎮,汽車竊盜,1,28932,year_end_registered_population,3.4563804784
2017,雲林縣,大埤鄉,住宅竊盜,2,19263,year_end_registered_population,10.3825987645
2017,雲林縣,大埤鄉,毒品,28,19263,year_end_registered_population,145.3563827026
2017,雲林縣,大埤鄉,汽車竊盜,1,19263,year_end_registered_population,5.1912993822
2017,雲林縣,崙背鄉,住宅竊盜,2,24678,year_end_registered_population,8.104384472
2017,雲林縣,崙背鄉,毒品,12,24678,year_end_registered_population,48.626306832
2017,雲林縣,崙背鄉,汽車竊盜,2,24678,year_end_registered_population,8.104384472
2017,雲林縣,斗六市,住宅竊盜,20,108567,year_end_registered_population,18.4218040473
2017,雲林縣,斗六市,強制性交,4,108567,year_end_registered_population,3.6843608095
2017,雲林縣,斗六市,強盜,1,108567,year_end_registered_population,0.9210902024
2017,雲林縣,斗六市,搶奪,1,108567,year_end_registered_population,0.9210902024
2017,雲林縣,斗六市,機車竊盜,21,108567,year_end_registered_population,19.3428942496
2017,雲林縣,斗六市,毒品,185,108567,year_end_registered_population,170.4016874373
2017,雲林縣,斗六市,汽車竊盜,12,108567,year_end_registered_population,11.0530824284
2017,雲林縣,斗南鎮,住宅竊盜,10,44941,year_end_registered_population,22.2513962751
2017,雲林縣,斗南鎮,機車竊盜,7,44941,year_end_registered_population,15.5759773926
2017,雲林縣,斗南鎮,毒品,37,44941,year_end_registered_population,82.3301662179
2017,雲林縣,斗南鎮,汽車竊盜,5,44941,year_end_registered_population,11.1256981376
2017,雲林縣,東勢鄉,住宅竊盜,2,14893,year_end_registered_population,13.4291277782
2017,雲林縣,東勢鄉,搶奪,1,14893,year_end_registered_population,6.7145638891
2017,雲林縣,東勢鄉,機車竊盜,1,14893,year_end_registered_population,6.7145638891
2017,雲林縣,東勢鄉,毒品,14,14893,year_end_registered_population,94.0038944471
2017,雲林縣,東勢鄉,汽車竊盜,4,14893,year_end_registered_population,26.8582555563
2017,雲林縣,林內鄉,住宅竊盜,4,18230,year_end_registered_population,21.9418540867
2017,雲林縣,林內鄉,毒品,30,18230,year_end_registered_population,164.56390565
2017,雲林縣,林內鄉,汽車竊盜,1,18230,year_end_registered_population,5.4854635217
2017,雲林縣,水林鄉,住宅竊盜,6,25624,year_end_registered_population,23.4155479238
2017,雲林縣,水林鄉,強盜,1,25624,year_end_registered_population,3.9025913206
2017,雲林縣,水林鄉,機車竊盜,2,25624,year_end_registered_population,7.8051826413
2017,雲林縣,水林鄉,毒品,34,25624,year_end_registered_population,132.6881049017
2017,雲林縣,水林鄉,汽車竊盜,2,25624,year_end_registered_population,7.8051826413
2017,雲林縣,臺西鄉,住宅竊盜,6,23954,year_end_registered_population,25.0480086833
2017,雲林縣,臺西鄉,機車竊盜,1,23954,year_end_registered_population,4.1746681139
2017,雲林縣,臺西鄉,毒品,20,23954,year_end_registered_population,83.4933622777
2017,雲林縣,臺西鄉,汽車竊盜,3,23954,year_end_registered_population,12.5240043417
2017,雲林縣,莿桐鄉,住宅竊盜,7,28939,year_end_registered_population,24.1888109472
2017,雲林縣,莿桐鄉,強盜,1,28939,year_end_registered_population,3.455544421
2017,雲林縣,莿桐鄉,毒品,38,28939,year_end_registered_population,131.3106879989
2017,雲林縣,虎尾鎮,住宅竊盜,21,70892,year_end_registered_population,29.6225244033
2017,雲林縣,虎尾鎮,強盜,3,70892,year_end_registered_population,4.2317892005
2017,雲林縣,虎尾鎮,機車竊盜,16,70892,year_end_registered_population,22.5695424025
2017,雲林縣,虎尾鎮,毒品,82,70892,year_end_registered_population,115.668904813
2017,雲林縣,虎尾鎮,汽車竊盜,10,70892,year_end_registered_population,14.1059640016
2017,雲林縣,褒忠鄉,住宅竊盜,1,13010,year_end_registered_population,7.6863950807
2017,雲林縣,褒忠鄉,毒品,21,13010,year_end_registered_population,161.4142966949
2017,雲林縣,褒忠鄉,汽車竊盜,1,13010,year_end_registered_population,7.6863950807
2017,雲林縣,西螺鎮,住宅竊盜,6,46244,year_end_registered_population,12.9746561716
2017,雲林縣,西螺鎮,強制性交,1,46244,year_end_registered_population,2.1624426953
2017,雲林縣,西螺鎮,搶奪,1,46244,year_end_registered_population,2.1624426953
2017,雲林縣,西螺鎮,機車竊盜,3,46244,year_end_registered_population,6.4873280858
2017,雲林縣,西螺鎮,毒品,54,46244,year_end_registered_population,116.7719055445
2017,雲林縣,西螺鎮,汽車竊盜,3,46244,year_end_registered_population,6.4873280858
2017,雲林縣,麥寮鄉,住宅竊盜,12,45665,year_end_registered_population,26.278331326
2017,雲林縣,麥寮鄉,強盜,2,45665,year_end_registered_population,4.3797218877
2017,雲林縣,麥寮鄉,機車竊盜,5,45665,year_end_registered_population,10.9493047192
2017,雲林縣,麥寮鄉,毒品,63,45665,year_end_registered_population,137.9612394613
2017,雲林縣,麥寮鄉,汽車竊盜,9,45665,year_end_registered_population,19.7087484945
2017,高雄市,三民區,住宅竊盜,5,343243,year_end_registered_population,1.4566939457
2017,高雄市,三民區,強制性交,2,343243,year_end_registered_population,0.5826775783
2017,高雄市,三民區,強盜,3,343243,year_end_registered_population,0.8740163674
2017,高雄市,三民區,搶奪,7,343243,year_end_registered_population,2.039371524
2017,高雄市,三民區,機車竊盜,90,343243,year_end_registered_population,26.2204910224
2017,高雄市,三民區,毒品,499,343243,year_end_registered_population,145.3780557797
2017,高雄市,三民區,汽車竊盜,44,343243,year_end_registered_population,12.8189067221
2017,高雄市,仁武區,住宅竊盜,4,85894,year_end_registered_population,4.656902694
2017,高雄市,仁武區,搶奪,1,85894,year_end_registered_population,1.1642256735
2017,高雄市,仁武區,機車竊盜,15,85894,year_end_registered_population,17.4633851026
2017,高雄市,仁武區,毒品,85,85894,year_end_registered_population,98.9591822479
2017,高雄市,仁武區,汽車竊盜,40,85894,year_end_registered_population,46.5690269402
2017,高雄市,內門區,住宅竊盜,7,14540,year_end_registered_population,48.1430536451
2017,高雄市,內門區,毒品,7,14540,year_end_registered_population,48.1430536451
2017,高雄市,六龜區,機車竊盜,3,13016,year_end_registered_population,23.0485556238
2017,高雄市,六龜區,毒品,26,13016,year_end_registered_population,199.75414874
2017,高雄市,六龜區,汽車竊盜,2,13016,year_end_registered_population,15.3657037492
2017,高雄市,前金區,住宅竊盜,1,26991,year_end_registered_population,3.7049386833
2017,高雄市,前金區,機車竊盜,13,26991,year_end_registered_population,48.1642028824
2017,高雄市,前金區,毒品,60,26991,year_end_registered_population,222.2963209959
2017,高雄市,前金區,汽車竊盜,2,26991,year_end_registered_population,7.4098773665
2017,高雄市,前鎮區,住宅竊盜,1,189839,year_end_registered_population,0.5267621511
2017,高雄市,前鎮區,強盜,5,189839,year_end_registered_population,2.6338107554
2017,高雄市,前鎮區,搶奪,4,189839,year_end_registered_population,2.1070486043
2017,高雄市,前鎮區,機車竊盜,47,189839,year_end_registered_population,24.757821101
2017,高雄市,前鎮區,毒品,173,189839,year_end_registered_population,91.1298521379
2017,高雄市,前鎮區,汽車竊盜,23,189839,year_end_registered_population,12.115529475
2017,高雄市,大寮區,住宅竊盜,3,112397,year_end_registered_population,2.6691103855
2017,高雄市,大寮區,強制性交,4,112397,year_end_registered_population,3.5588138473
2017,高雄市,大寮區,強盜,1,112397,year_end_registered_population,0.8897034618
2017,高雄市,大寮區,搶奪,2,112397,year_end_registered_population,1.7794069237
2017,高雄市,大寮區,機車竊盜,39,112397,year_end_registered_population,34.6984350116
2017,高雄市,大寮區,毒品,114,112397,year_end_registered_population,101.4261946493
2017,高雄市,大寮區,汽車竊盜,26,112397,year_end_registered_population,23.1322900077
2017,高雄市,大樹區,機車竊盜,5,42757,year_end_registered_population,11.6939916271
2017,高雄市,大樹區,毒品,49,42757,year_end_registered_population,114.6011179456
2017,高雄市,大樹區,汽車竊盜,8,42757,year_end_registered_population,18.7103866034
2017,高雄市,大社區,住宅竊盜,4,34577,year_end_registered_population,11.5683836076
2017,高雄市,大社區,強盜,1,34577,year_end_registered_population,2.8920959019
2017,高雄市,大社區,搶奪,1,34577,year_end_registered_population,2.8920959019
2017,高雄市,大社區,機車竊盜,16,34577,year_end_registered_population,46.2735344304
2017,高雄市,大社區,毒品,48,34577,year_end_registered_population,138.8206032912
2017,高雄市,大社區,汽車竊盜,15,34577,year_end_registered_population,43.3814385285
2017,高雄市,小港區,住宅竊盜,2,157475,year_end_registered_population,1.2700428639
2017,高雄市,小港區,強盜,2,157475,year_end_registered_population,1.2700428639
2017,高雄市,小港區,機車竊盜,29,157475,year_end_registered_population,18.4156215272
2017,高雄市,小港區,毒品,143,157475,year_end_registered_population,90.8080647722
2017,高雄市,小港區,汽車竊盜,20,157475,year_end_registered_population,12.7004286395
2017,高雄市,岡山區,強盜,1,97329,year_end_registered_population,1.0274430026
2017,高雄市,岡山區,搶奪,3,97329,year_end_registered_population,3.0823290078
2017,高雄市,岡山區,機車竊盜,36,97329,year_end_registered_population,36.9879480936
2017,高雄市,岡山區,毒品,97,97329,year_end_registered_population,99.6619712521
2017,高雄市,岡山區,汽車竊盜,27,97329,year_end_registered_population,27.7409610702
2017,高雄市,左營區,住宅竊盜,13,197072,year_end_registered_population,6.596573841
2017,高雄市,左營區,強制性交,4,197072,year_end_registered_population,2.029715028
2017,高雄市,左營區,強盜,1,197072,year_end_registered_population,0.507428757
2017,高雄市,左營區,搶奪,5,197072,year_end_registered_population,2.537143785
2017,高雄市,左營區,機車竊盜,42,197072,year_end_registered_population,21.3120077941
2017,高雄市,左營區,毒品,177,197072,year_end_registered_population,89.8148899894
2017,高雄市,左營區,汽車竊盜,32,197072,year_end_registered_population,16.2377202241
2017,高雄市,彌陀區,機車竊盜,2,19383,year_end_registered_population,10.3183201775
2017,高雄市,彌陀區,毒品,25,19383,year_end_registered_population,128.9790022184
2017,高雄市,新興區,搶奪,1,51153,year_end_registered_population,1.9549195551
2017,高雄市,新興區,機車竊盜,17,51153,year_end_registered_population,33.233632436
2017,高雄市,新興區,毒品,187,51153,year_end_registered_population,365.5699567963
2017,高雄市,新興區,汽車竊盜,3,51153,year_end_registered_population,5.8647586652
2017,高雄市,旗山區,住宅竊盜,6,36940,year_end_registered_population,16.2425554954
2017,高雄市,旗山區,機車竊盜,3,36940,year_end_registered_population,8.1212777477
2017,高雄市,旗山區,毒品,41,36940,year_end_registered_population,110.9907958852
2017,高雄市,旗山區,汽車竊盜,7,36940,year_end_registered_population,18.949648078
2017,高雄市,旗津區,住宅竊盜,3,28763,year_end_registered_population,10.4300664048
2017,高雄市,旗津區,機車竊盜,2,28763,year_end_registered_population,6.9533776032
2017,高雄市,旗津區,毒品,27,28763,year_end_registered_population,93.8705976428
2017,高雄市,旗津區,汽車竊盜,1,28763,year_end_registered_population,3.4766888016
2017,高雄市,杉林區,住宅竊盜,4,12038,year_end_registered_population,33.2281109819
2017,高雄市,杉林區,毒品,23,12038,year_end_registered_population,191.0616381459
2017,高雄市,林園區,住宅竊盜,2,69990,year_end_registered_population,2.8575510787
2017,高雄市,林園區,強盜,1,69990,year_end_registered_population,1.4287755394
2017,高雄市,林園區,搶奪,2,69990,year_end_registered_population,2.8575510787
2017,高雄市,林園區,機車竊盜,17,69990,year_end_registered_population,24.2891841692
2017,高雄市,林園區,毒品,72,69990,year_end_registered_population,102.8718388341
2017,高雄市,林園區,汽車竊盜,16,69990,year_end_registered_population,22.8604086298
2017,高雄市,桃源區,毒品,2,4246,year_end_registered_population,47.1031559114
2017,高雄市,梓官區,強盜,1,36116,year_end_registered_population,2.7688559087
2017,高雄市,梓官區,搶奪,1,36116,year_end_registered_population,2.7688559087
2017,高雄市,梓官區,機車竊盜,3,36116,year_end_registered_population,8.3065677262
2017,高雄市,梓官區,毒品,55,36116,year_end_registered_population,152.2870749806
2017,高雄市,梓官區,汽車竊盜,2,36116,year_end_registered_population,5.5377118175
2017,高雄市,楠梓區,住宅竊盜,5,183751,year_end_registered_population,2.7210736268
2017,高雄市,楠梓區,強盜,1,183751,year_end_registered_population,0.5442147254
2017,高雄市,楠梓區,搶奪,5,183751,year_end_registered_population,2.7210736268
2017,高雄市,楠梓區,機車竊盜,26,183751,year_end_registered_population,14.1495828594
2017,高雄市,楠梓區,毒品,159,183751,year_end_registered_population,86.5301413326
2017,高雄市,楠梓區,汽車竊盜,42,183751,year_end_registered_population,22.8570184652
2017,高雄市,橋頭區,住宅竊盜,1,37579,year_end_registered_population,2.6610606988
2017,高雄市,橋頭區,搶奪,2,37579,year_end_registered_population,5.3221213976
2017,高雄市,橋頭區,機車竊盜,12,37579,year_end_registered_population,31.9327283855
2017,高雄市,橋頭區,毒品,46,37579,year_end_registered_population,122.4087921445
2017,高雄市,橋頭區,汽車竊盜,8,37579,year_end_registered_population,21.2884855904
2017,高雄市,永安區,機車竊盜,1,13980,year_end_registered_population,7.1530758226
2017,高雄市,永安區,毒品,8,13980,year_end_registered_population,57.2246065808
2017,高雄市,永安區,汽車竊盜,1,13980,year_end_registered_population,7.1530758226
2017,高雄市,湖內區,住宅竊盜,7,29803,year_end_registered_population,23.4875683656
2017,高雄市,湖內區,強盜,1,29803,year_end_registered_population,3.3553669094
2017,高雄市,湖內區,搶奪,1,29803,year_end_registered_population,3.3553669094
2017,高雄市,湖內區,機車竊盜,5,29803,year_end_registered_population,16.7768345469
2017,高雄市,湖內區,毒品,34,29803,year_end_registered_population,114.0824749186
2017,高雄市,湖內區,汽車竊盜,1,29803,year_end_registered_population,3.3553669094
2017,高雄市,燕巢區,住宅竊盜,1,29922,year_end_registered_population,3.3420225921
2017,高雄市,燕巢區,強盜,1,29922,year_end_registered_population,3.3420225921
2017,高雄市,燕巢區,搶奪,1,29922,year_end_registered_population,3.3420225921
2017,高雄市,燕巢區,機車竊盜,11,29922,year_end_registered_population,36.7622485128
2017,高雄市,燕巢區,毒品,46,29922,year_end_registered_population,153.7330392353
2017,高雄市,燕巢區,汽車竊盜,19,29922,year_end_registered_population,63.4984292494
2017,高雄市,田寮區,機車竊盜,3,7245,year_end_registered_population,41.4078674948
2017,高雄市,田寮區,毒品,4,7245,year_end_registered_population,55.2104899931
2017,高雄市,甲仙區,住宅竊盜,1,6107,year_end_registered_population,16.3746520386
2017,高雄市,甲仙區,機車竊盜,2,6107,year_end_registered_population,32.7493040773
2017,高雄市,甲仙區,毒品,7,6107,year_end_registered_population,114.6225642705
2017,高雄市,美濃區,住宅竊盜,16,39973,year_end_registered_population,40.0270182373
2017,高雄市,美濃區,機車竊盜,2,39973,year_end_registered_population,5.0033772797
2017,高雄市,美濃區,毒品,78,39973,year_end_registered_population,195.1317139069
2017,高雄市,美濃區,汽車竊盜,4,39973,year_end_registered_population,10.0067545593
2017,高雄市,苓雅區,住宅竊盜,23,171033,year_end_registered_population,13.447697228
2017,高雄市,苓雅區,強盜,2,171033,year_end_registered_population,1.1693649763
2017,高雄市,苓雅區,搶奪,3,171033,year_end_registered_population,1.7540474645
2017,高雄市,苓雅區,機車竊盜,30,171033,year_end_registered_population,17.5404746452
2017,高雄市,苓雅區,毒品,233,171033,year_end_registered_population,136.2310197447
2017,高雄市,苓雅區,汽車竊盜,14,171033,year_end_registered_population,8.1855548344
2017,高雄市,茂林區,毒品,3,1924,year_end_registered_population,155.9251559252
2017,高雄市,茄萣區,住宅竊盜,3,30217,year_end_registered_population,9.9281861204
2017,高雄市,茄萣區,強盜,2,30217,year_end_registered_population,6.6187907469
2017,高雄市,茄萣區,機車竊盜,2,30217,year_end_registered_population,6.6187907469
2017,高雄市,茄萣區,毒品,52,30217,year_end_registered_population,172.0885594202
2017,高雄市,路竹區,住宅竊盜,5,52761,year_end_registered_population,9.4766968026
2017,高雄市,路竹區,強制性交,1,52761,year_end_registered_population,1.8953393605
2017,高雄市,路竹區,機車竊盜,4,52761,year_end_registered_population,7.581357442
2017,高雄市,路竹區,毒品,64,52761,year_end_registered_population,121.3017190728
2017,高雄市,路竹區,汽車竊盜,4,52761,year_end_registered_population,7.581357442
2017,高雄市,阿蓮區,住宅竊盜,1,28844,year_end_registered_population,3.4669255304
2017,高雄市,阿蓮區,搶奪,1,28844,year_end_registered_population,3.4669255304
2017,高雄市,阿蓮區,機車竊盜,4,28844,year_end_registered_population,13.8677021218
2017,高雄市,阿蓮區,毒品,68,28844,year_end_registered_population,235.7509360699
2017,高雄市,阿蓮區,汽車竊盜,1,28844,year_end_registered_population,3.4669255304
2017,高雄市,鳥松區,住宅竊盜,6,44291,year_end_registered_population,13.5467702242
2017,高雄市,鳥松區,強制性交,1,44291,year_end_registered_population,2.2577950374
2017,高雄市,鳥松區,機車竊盜,6,44291,year_end_registered_population,13.5467702242
2017,高雄市,鳥松區,毒品,64,44291,year_end_registered_population,144.4988823915
2017,高雄市,鳥松區,汽車竊盜,13,44291,year_end_registered_population,29.3513354858
2017,高雄市,鳳山區,住宅竊盜,27,359120,year_end_registered_population,7.518378258
2017,高雄市,鳳山區,強制性交,1,359120,year_end_registered_population,0.278458454
2017,高雄市,鳳山區,強盜,7,359120,year_end_registered_population,1.949209178
2017,高雄市,鳳山區,搶奪,13,359120,year_end_registered_population,3.619959902
2017,高雄市,鳳山區,毒品,245,359120,year_end_registered_population,68.2223212297
2017,高雄市,鳳山區,汽車竊盜,64,359120,year_end_registered_population,17.8213410559
2017,高雄市,鹽埕區,機車竊盜,7,24219,year_end_registered_population,28.9029274537
2017,高雄市,鹽埕區,毒品,32,24219,year_end_registered_population,132.1276683596
2017,高雄市,鹽埕區,汽車竊盜,1,24219,year_end_registered_population,4.1289896362
2017,高雄市,鼓山區,住宅竊盜,2,139259,year_end_registered_population,1.4361728865
2017,高雄市,鼓山區,搶奪,3,139259,year_end_registered_population,2.1542593297
2017,高雄市,鼓山區,機車竊盜,12,139259,year_end_registered_population,8.617037319
2017,高雄市,鼓山區,毒品,180,139259,year_end_registered_population,129.2555597843
2017,高雄市,鼓山區,汽車竊盜,7,139259,year_end_registered_population,5.0266051027
2018,南投縣,中寮鄉,住宅竊盜,1,14680,year_end_registered_population,6.8119891008
2018,南投縣,中寮鄉,毒品,6,14680,year_end_registered_population,40.8719346049
2018,南投縣,仁愛鄉,住宅竊盜,6,15969,year_end_registered_population,37.5727972948
2018,南投縣,仁愛鄉,強制性交,1,15969,year_end_registered_population,6.2621328825
2018,南投縣,仁愛鄉,機車竊盜,3,15969,year_end_registered_population,18.7863986474
2018,南投縣,仁愛鄉,毒品,12,15969,year_end_registered_population,75.1455945895
2018,南投縣,仁愛鄉,汽車竊盜,1,15969,year_end_registered_population,6.2621328825
2018,南投縣,信義鄉,住宅竊盜,2,16230,year_end_registered_population,12.3228589033
2018,南投縣,信義鄉,強制性交,1,16230,year_end_registered_population,6.1614294516
2018,南投縣,信義鄉,機車竊盜,1,16230,year_end_registered_population,6.1614294516
2018,南投縣,信義鄉,毒品,11,16230,year_end_registered_population,67.775723968
2018,南投縣,信義鄉,汽車竊盜,3,16230,year_end_registered_population,18.4842883549
2018,南投縣,南投市,住宅竊盜,15,99519,year_end_registered_population,15.0724987188
2018,南投縣,南投市,強制性交,4,99519,year_end_registered_population,4.0193329917
2018,南投縣,南投市,強盜,1,99519,year_end_registered_population,1.0048332479
2018,南投縣,南投市,搶奪,2,99519,year_end_registered_population,2.0096664958
2018,南投縣,南投市,機車竊盜,19,99519,year_end_registered_population,19.0918317105
2018,南投縣,南投市,毒品,127,99519,year_end_registered_population,127.6138224862
2018,南投縣,南投市,汽車竊盜,4,99519,year_end_registered_population,4.0193329917
2018,南投縣,名間鄉,住宅竊盜,14,38265,year_end_registered_population,36.5869593623
2018,南投縣,名間鄉,強制性交,2,38265,year_end_registered_population,5.2267084803
2018,南投縣,名間鄉,機車竊盜,2,38265,year_end_registered_population,5.2267084803
2018,南投縣,名間鄉,毒品,30,38265,year_end_registered_population,78.400627205
2018,南投縣,名間鄉,汽車竊盜,2,38265,year_end_registered_population,5.2267084803
2018,南投縣,國姓鄉,機車竊盜,3,18629,year_end_registered_population,16.1039239895
2018,南投縣,國姓鄉,毒品,25,18629,year_end_registered_population,134.199366579
2018,南投縣,國姓鄉,汽車竊盜,2,18629,year_end_registered_population,10.7359493263
2018,南投縣,埔里鎮,住宅竊盜,11,80340,year_end_registered_population,13.6918098083
2018,南投縣,埔里鎮,強制性交,2,80340,year_end_registered_population,2.4894199651
2018,南投縣,埔里鎮,搶奪,5,80340,year_end_registered_population,6.2235499129
2018,南投縣,埔里鎮,機車竊盜,34,80340,year_end_registered_population,42.3201394075
2018,南投縣,埔里鎮,毒品,136,80340,year_end_registered_population,169.2805576301
2018,南投縣,埔里鎮,汽車竊盜,20,80340,year_end_registered_population,24.8941996515
2018,南投縣,水里鄉,住宅竊盜,2,17496,year_end_registered_population,11.4311842707
2018,南投縣,水里鄉,機車竊盜,2,17496,year_end_registered_population,11.4311842707
2018,南投縣,水里鄉,毒品,29,17496,year_end_registered_population,165.752171925
2018,南投縣,水里鄉,汽車竊盜,3,17496,year_end_registered_population,17.146776406
2018,南投縣,竹山鎮,住宅竊盜,4,54540,year_end_registered_population,7.33406674
2018,南投縣,竹山鎮,強制性交,2,54540,year_end_registered_population,3.66703337
2018,南投縣,竹山鎮,強盜,1,54540,year_end_registered_population,1.833516685
2018,南投縣,竹山鎮,機車竊盜,5,54540,year_end_registered_population,9.167583425
2018,南投縣,竹山鎮,毒品,60,54540,year_end_registered_population,110.0110011001
2018,南投縣,竹山鎮,汽車竊盜,6,54540,year_end_registered_population,11.00110011
2018,南投縣,草屯鎮,住宅竊盜,25,97119,year_end_registered_population,25.7416159557
2018,南投縣,草屯鎮,強制性交,3,97119,year_end_registered_population,3.0889939147
2018,南投縣,草屯鎮,強盜,2,97119,year_end_registered_population,2.0593292765
2018,南投縣,草屯鎮,搶奪,2,97119,year_end_registered_population,2.0593292765
2018,南投縣,草屯鎮,機車竊盜,15,97119,year_end_registered_population,15.4449695734
2018,南投縣,草屯鎮,毒品,101,97119,year_end_registered_population,103.996128461
2018,南投縣,草屯鎮,汽車竊盜,12,97119,year_end_registered_population,12.3559756587
2018,南投縣,集集鎮,住宅竊盜,2,10804,year_end_registered_population,18.5116623473
2018,南投縣,集集鎮,毒品,12,10804,year_end_registered_population,111.0699740837
2018,南投縣,魚池鄉,住宅竊盜,3,15753,year_end_registered_population,19.0439916206
2018,南投縣,魚池鄉,強制性交,1,15753,year_end_registered_population,6.3479972069
2018,南投縣,魚池鄉,毒品,20,15753,year_end_registered_population,126.9599441376
2018,南投縣,魚池鄉,汽車竊盜,2,15753,year_end_registered_population,12.6959944138
2018,南投縣,鹿谷鄉,住宅竊盜,5,17687,year_end_registered_population,28.2693503703
2018,南投縣,鹿谷鄉,強盜,1,17687,year_end_registered_population,5.6538700741
2018,南投縣,鹿谷鄉,毒品,16,17687,year_end_registered_population,90.4619211851
2018,嘉義市,東區,住宅竊盜,3,121162,year_end_registered_population,2.4760238359
2018,嘉義市,東區,強制性交,5,121162,year_end_registered_population,4.1267063931
2018,嘉義市,東區,強盜,2,121162,year_end_registered_population,1.6506825572
2018,嘉義市,東區,搶奪,1,121162,year_end_registered_population,0.8253412786
2018,嘉義市,東區,機車竊盜,8,121162,year_end_registered_population,6.6027302289
2018,嘉義市,東區,毒品,137,121162,year_end_registered_population,113.0717551708
2018,嘉義市,東區,汽車竊盜,7,121162,year_end_registered_population,5.7773889503
2018,嘉義市,西區,住宅竊盜,15,147460,year_end_registered_population,10.1722501017
2018,嘉義市,西區,強制性交,10,147460,year_end_registered_population,6.7815000678
2018,嘉義市,西區,強盜,1,147460,year_end_registered_population,0.6781500068
2018,嘉義市,西區,機車竊盜,12,147460,year_end_registered_population,8.1378000814
2018,嘉義市,西區,毒品,303,147460,year_end_registered_population,205.4794520548
2018,嘉義市,西區,汽車竊盜,15,147460,year_end_registered_population,10.1722501017
2018,嘉義縣,中埔鄉,強盜,1,44584,year_end_registered_population,2.2429571147
2018,嘉義縣,中埔鄉,搶奪,1,44584,year_end_registered_population,2.2429571147
2018,嘉義縣,中埔鄉,機車竊盜,3,44584,year_end_registered_population,6.728871344
2018,嘉義縣,中埔鄉,毒品,76,44584,year_end_registered_population,170.4647407142
2018,嘉義縣,中埔鄉,汽車竊盜,5,44584,year_end_registered_population,11.2147855733
2018,嘉義縣,六腳鄉,住宅竊盜,3,22960,year_end_registered_population,13.0662020906
2018,嘉義縣,六腳鄉,機車竊盜,1,22960,year_end_registered_population,4.3554006969
2018,嘉義縣,六腳鄉,毒品,24,22960,year_end_registered_population,104.5296167247
2018,嘉義縣,大埔鄉,毒品,1,4603,year_end_registered_population,21.7249619813
2018,嘉義縣,大林鎮,機車竊盜,4,30896,year_end_registered_population,12.9466597618
2018,嘉義縣,大林鎮,毒品,21,30896,year_end_registered_population,67.9699637494
2018,嘉義縣,大林鎮,汽車竊盜,3,30896,year_end_registered_population,9.7099948213
2018,嘉義縣,太保市,住宅竊盜,1,38069,year_end_registered_population,2.6268092148
2018,嘉義縣,太保市,搶奪,1,38069,year_end_registered_population,2.6268092148
2018,嘉義縣,太保市,機車竊盜,1,38069,year_end_registered_population,2.6268092148
2018,嘉義縣,太保市,毒品,45,38069,year_end_registered_population,118.2064146681
2018,嘉義縣,太保市,汽車竊盜,5,38069,year_end_registered_population,13.1340460742
2018,嘉義縣,布袋鎮,住宅竊盜,3,26773,year_end_registered_population,11.2053187913
2018,嘉義縣,布袋鎮,搶奪,1,26773,year_end_registered_population,3.7351062638
2018,嘉義縣,布袋鎮,機車竊盜,3,26773,year_end_registered_population,11.2053187913
2018,嘉義縣,布袋鎮,毒品,11,26773,year_end_registered_population,41.0861689015
2018,嘉義縣,布袋鎮,汽車竊盜,2,26773,year_end_registered_population,7.4702125275
2018,嘉義縣,新港鄉,住宅竊盜,1,31723,year_end_registered_population,3.1522869842
2018,嘉義縣,新港鄉,毒品,29,31723,year_end_registered_population,91.416322542
2018,嘉義縣,新港鄉,汽車竊盜,3,31723,year_end_registered_population,9.4568609526
2018,嘉義縣,朴子市,住宅竊盜,4,42112,year_end_registered_population,9.4984802432
2018,嘉義縣,朴子市,強制性交,1,42112,year_end_registered_population,2.3746200608
2018,嘉義縣,朴子市,搶奪,1,42112,year_end_registered_population,2.3746200608
2018,嘉義縣,朴子市,機車竊盜,4,42112,year_end_registered_population,9.4984802432
2018,嘉義縣,朴子市,毒品,37,42112,year_end_registered_population,87.8609422492
2018,嘉義縣,朴子市,汽車竊盜,5,42112,year_end_registered_population,11.873100304
2018,嘉義縣,東石鄉,住宅竊盜,3,24580,year_end_registered_population,12.2050447518
2018,嘉義縣,東石鄉,機車竊盜,2,24580,year_end_registered_population,8.1366965012
2018,嘉義縣,東石鄉,毒品,17,24580,year_end_registered_population,69.1619202604
2018,嘉義縣,東石鄉,汽車竊盜,2,24580,year_end_registered_population,8.1366965012
2018,嘉義縣,梅山鄉,強盜,1,19282,year_end_registered_population,5.1861840058
2018,嘉義縣,梅山鄉,毒品,19,19282,year_end_registered_population,98.5374961104
2018,嘉義縣,梅山鄉,汽車竊盜,2,19282,year_end_registered_population,10.3723680116
2018,嘉義縣,民雄鄉,住宅竊盜,1,71367,year_end_registered_population,1.4012078412
2018,嘉義縣,民雄鄉,搶奪,1,71367,year_end_registered_population,1.4012078412
2018,嘉義縣,民雄鄉,機車竊盜,5,71367,year_end_registered_population,7.0060392058
2018,嘉義縣,民雄鄉,毒品,63,71367,year_end_registered_population,88.276093993
2018,嘉義縣,民雄鄉,汽車竊盜,13,71367,year_end_registered_population,18.2157019351
2018,嘉義縣,水上鄉,強制性交,2,49316,year_end_registered_population,4.0554789521
2018,嘉義縣,水上鄉,機車竊盜,1,49316,year_end_registered_population,2.027739476
2018,嘉義縣,水上鄉,毒品,72,49316,year_end_registered_population,145.9972422743
2018,嘉義縣,水上鄉,汽車竊盜,6,49316,year_end_registered_population,12.1664368562
2018,嘉義縣,溪口鄉,住宅竊盜,1,14592,year_end_registered_population,6.8530701754
2018,嘉義縣,溪口鄉,毒品,10,14592,year_end_registered_population,68.5307017544
2018,嘉義縣,溪口鄉,汽車竊盜,3,14592,year_end_registered_population,20.5592105263
2018,嘉義縣,番路鄉,強盜,1,11430,year_end_registered_population,8.7489063867
2018,嘉義縣,番路鄉,毒品,13,11430,year_end_registered_population,113.7357830271
2018,嘉義縣,番路鄉,汽車竊盜,1,11430,year_end_registered_population,8.7489063867
2018,嘉義縣,竹崎鄉,住宅竊盜,3,35584,year_end_registered_population,8.4307553957
2018,嘉義縣,竹崎鄉,毒品,34,35584,year_end_registered_population,95.5485611511
2018,嘉義縣,竹崎鄉,汽車竊盜,1,35584,year_end_registered_population,2.8102517986
2018,嘉義縣,義竹鄉,住宅竊盜,3,18242,year_end_registered_population,16.4455651793
2018,嘉義縣,義竹鄉,機車竊盜,3,18242,year_end_registered_population,16.4455651793
2018,嘉義縣,義竹鄉,毒品,22,18242,year_end_registered_population,120.6008113145
2018,嘉義縣,義竹鄉,汽車竊盜,2,18242,year_end_registered_population,10.9637101195
2018,嘉義縣,阿里山鄉,住宅竊盜,1,5597,year_end_registered_population,17.8667143112
2018,嘉義縣,阿里山鄉,毒品,1,5597,year_end_registered_population,17.8667143112
2018,嘉義縣,鹿草鄉,住宅竊盜,1,15358,year_end_registered_population,6.5112644876
2018,嘉義縣,鹿草鄉,強盜,1,15358,year_end_registered_population,6.5112644876
2018,嘉義縣,鹿草鄉,機車竊盜,1,15358,year_end_registered_population,6.5112644876
2018,嘉義縣,鹿草鄉,毒品,19,15358,year_end_registered_population,123.7140252637
2018,基隆市,七堵區,住宅竊盜,8,53782,year_end_registered_population,14.8748651965
2018,基隆市,七堵區,機車竊盜,12,53782,year_end_registered_population,22.3122977948
2018,基隆市,七堵區,毒品,133,53782,year_end_registered_population,247.2946338924
2018,基隆市,七堵區,汽車竊盜,7,53782,year_end_registered_population,13.015507047
2018,基隆市,中山區,住宅竊盜,9,47398,year_end_registered_population,18.9881429596
2018,基隆市,中山區,強制性交,5,47398,year_end_registered_population,10.5489683109
2018,基隆市,中山區,搶奪,1,47398,year_end_registered_population,2.1097936622
2018,基隆市,中山區,機車竊盜,8,47398,year_end_registered_population,16.8783492974
2018,基隆市,中山區,毒品,211,47398,year_end_registered_population,445.1664627199
2018,基隆市,中山區,汽車竊盜,2,47398,year_end_registered_population,4.2195873244
2018,基隆市,中正區,住宅竊盜,12,51670,year_end_registered_population,23.2243081092
2018,基隆市,中正區,強制性交,3,51670,year_end_registered_population,5.8060770273
2018,基隆市,中正區,強盜,1,51670,year_end_registered_population,1.9353590091
2018,基隆市,中正區,機車竊盜,3,51670,year_end_registered_population,5.8060770273
2018,基隆市,中正區,毒品,207,51670,year_end_registered_population,400.6193148829
2018,基隆市,仁愛區,住宅竊盜,8,43730,year_end_registered_population,18.2940772925
2018,基隆市,仁愛區,強制性交,3,43730,year_end_registered_population,6.8602789847
2018,基隆市,仁愛區,強盜,4,43730,year_end_registered_population,9.1470386462
2018,基隆市,仁愛區,搶奪,3,43730,year_end_registered_population,6.8602789847
2018,基隆市,仁愛區,機車竊盜,14,43730,year_end_registered_population,32.0146352618
2018,基隆市,仁愛區,毒品,317,43730,year_end_registered_population,724.9028127144
2018,基隆市,仁愛區,汽車竊盜,2,43730,year_end_registered_population,4.5735193231
2018,基隆市,信義區,住宅竊盜,12,52662,year_end_registered_population,22.7868292127
2018,基隆市,信義區,機車竊盜,10,52662,year_end_registered_population,18.9890243439
2018,基隆市,信義區,毒品,134,52662,year_end_registered_population,254.4529262087
2018,基隆市,信義區,汽車竊盜,1,52662,year_end_registered_population,1.8989024344
2018,基隆市,安樂區,住宅竊盜,6,82294,year_end_registered_population,7.2909325103
2018,基隆市,安樂區,搶奪,1,82294,year_end_registered_population,1.2151554184
2018,基隆市,安樂區,機車竊盜,4,82294,year_end_registered_population,4.8606216735
2018,基隆市,安樂區,毒品,220,82294,year_end_registered_population,267.3341920432
2018,基隆市,安樂區,汽車竊盜,3,82294,year_end_registered_population,3.6454662551
2018,基隆市,暖暖區,住宅竊盜,4,38619,year_end_registered_population,10.357596002
2018,基隆市,暖暖區,機車竊盜,2,38619,year_end_registered_population,5.178798001
2018,基隆市,暖暖區,毒品,91,38619,year_end_registered_population,235.6353090448
2018,基隆市,暖暖區,汽車竊盜,1,38619,year_end_registered_population,2.5893990005
2018,宜蘭縣,三星鄉,住宅竊盜,2,21359,year_end_registered_population,9.3637342572
2018,宜蘭縣,三星鄉,強制性交,1,21359,year_end_registered_population,4.6818671286
2018,宜蘭縣,三星鄉,強盜,1,21359,year_end_registered_population,4.6818671286
2018,宜蘭縣,三星鄉,毒品,16,21359,year_end_registered_population,74.9098740578
2018,宜蘭縣,三星鄉,汽車竊盜,1,21359,year_end_registered_population,4.6818671286
2018,宜蘭縣,五結鄉,強制性交,1,39543,year_end_registered_population,2.5288925979
2018,宜蘭縣,五結鄉,強盜,2,39543,year_end_registered_population,5.0577851959
2018,宜蘭縣,五結鄉,機車竊盜,11,39543,year_end_registered_population,27.8178185772
2018,宜蘭縣,五結鄉,毒品,48,39543,year_end_registered_population,121.3868447007
2018,宜蘭縣,五結鄉,汽車竊盜,4,39543,year_end_registered_population,10.1155703917
2018,宜蘭縣,冬山鄉,機車竊盜,6,52880,year_end_registered_population,11.3464447806
2018,宜蘭縣,冬山鄉,毒品,46,52880,year_end_registered_population,86.9894099849
2018,宜蘭縣,冬山鄉,汽車竊盜,3,52880,year_end_registered_population,5.6732223903
2018,宜蘭縣,南澳鄉,毒品,9,6015,year_end_registered_population,149.6259351621
2018,宜蘭縣,員山鄉,住宅竊盜,3,32281,year_end_registered_population,9.293392398
2018,宜蘭縣,員山鄉,搶奪,1,32281,year_end_registered_population,3.097797466
2018,宜蘭縣,員山鄉,機車竊盜,5,32281,year_end_registered_population,15.48898733
2018,宜蘭縣,員山鄉,毒品,50,32281,year_end_registered_population,154.8898733001
2018,宜蘭縣,員山鄉,汽車竊盜,2,32281,year_end_registered_population,6.195594932
2018,宜蘭縣,壯圍鄉,住宅竊盜,2,24302,year_end_registered_population,8.2297753271
2018,宜蘭縣,壯圍鄉,機車竊盜,1,24302,year_end_registered_population,4.1148876636
2018,宜蘭縣,壯圍鄉,毒品,31,24302,year_end_registered_population,127.5615175706
2018,宜蘭縣,壯圍鄉,汽車竊盜,1,24302,year_end_registered_population,4.1148876636
2018,宜蘭縣,大同鄉,住宅竊盜,1,6242,year_end_registered_population,16.020506248
2018,宜蘭縣,大同鄉,強制性交,1,6242,year_end_registered_population,16.020506248
2018,宜蘭縣,大同鄉,毒品,8,6242,year_end_registered_population,128.164049984
2018,宜蘭縣,宜蘭市,住宅竊盜,5,95732,year_end_registered_population,5.2229139682
2018,宜蘭縣,宜蘭市,強盜,2,95732,year_end_registered_population,2.0891655873
2018,宜蘭縣,宜蘭市,搶奪,2,95732,year_end_registered_population,2.0891655873
2018,宜蘭縣,宜蘭市,機車竊盜,12,95732,year_end_registered_population,12.5349935236
2018,宜蘭縣,宜蘭市,毒品,123,95732,year_end_registered_population,128.4836836168
2018,宜蘭縣,宜蘭市,汽車竊盜,19,95732,year_end_registered_population,19.847073079
2018,宜蘭縣,礁溪鄉,住宅竊盜,12,35619,year_end_registered_population,33.6898846121
2018,宜蘭縣,礁溪鄉,機車竊盜,5,35619,year_end_registered_population,14.0374519217
2018,宜蘭縣,礁溪鄉,毒品,90,35619,year_end_registered_population,252.6741345911
2018,宜蘭縣,礁溪鄉,汽車竊盜,6,35619,year_end_registered_population,16.8449423061
2018,宜蘭縣,羅東鎮,住宅竊盜,7,72433,year_end_registered_population,9.6641033783
2018,宜蘭縣,羅東鎮,強制性交,2,72433,year_end_registered_population,2.7611723938
2018,宜蘭縣,羅東鎮,機車竊盜,15,72433,year_end_registered_population,20.7087929535
2018,宜蘭縣,羅東鎮,毒品,115,72433,year_end_registered_population,158.7674126434
2018,宜蘭縣,羅東鎮,汽車竊盜,12,72433,year_end_registered_population,16.5670343628
2018,宜蘭縣,蘇澳鎮,住宅竊盜,2,39682,year_end_registered_population,5.0400685449
2018,宜蘭縣,蘇澳鎮,強盜,1,39682,year_end_registered_population,2.5200342725
2018,宜蘭縣,蘇澳鎮,機車竊盜,4,39682,year_end_registered_population,10.0801370899
2018,宜蘭縣,蘇澳鎮,毒品,106,39682,year_end_registered_population,267.1236328814
2018,宜蘭縣,蘇澳鎮,汽車竊盜,6,39682,year_end_registered_population,15.1202056348
2018,宜蘭縣,頭城鎮,住宅竊盜,4,29133,year_end_registered_population,13.7301342121
2018,宜蘭縣,頭城鎮,強盜,1,29133,year_end_registered_population,3.432533553
2018,宜蘭縣,頭城鎮,機車竊盜,6,29133,year_end_registered_population,20.5952013181
2018,宜蘭縣,頭城鎮,毒品,51,29133,year_end_registered_population,175.0592112038
2018,宜蘭縣,頭城鎮,汽車竊盜,3,29133,year_end_registered_population,10.297600659
2018,屏東縣,三地門鄉,毒品,8,7697,year_end_registered_population,103.9365986748
2018,屏東縣,九如鄉,毒品,30,22061,year_end_registered_population,135.9865826572
2018,屏東縣,佳冬鄉,機車竊盜,4,19121,year_end_registered_population,20.9194079808
2018,屏東縣,佳冬鄉,毒品,32,19121,year_end_registered_population,167.355263846
2018,屏東縣,來義鄉,毒品,4,7433,year_end_registered_population,53.8140723799
2018,屏東縣,內埔鄉,強盜,2,54115,year_end_registered_population,3.6958329484
2018,屏東縣,內埔鄉,機車竊盜,4,54115,year_end_registered_population,7.3916658967
2018,屏東縣,內埔鄉,毒品,125,54115,year_end_registered_population,230.9895592719
2018,屏東縣,內埔鄉,汽車竊盜,6,54115,year_end_registered_population,11.0874988451
2018,屏東縣,南州鄉,住宅竊盜,1,10639,year_end_registered_population,9.3993796409
2018,屏東縣,南州鄉,機車竊盜,2,10639,year_end_registered_population,18.7987592819
2018,屏東縣,南州鄉,毒品,14,10639,year_end_registered_population,131.5913149732
2018,屏東縣,南州鄉,汽車竊盜,2,10639,year_end_registered_population,18.7987592819
2018,屏東縣,屏東市,住宅竊盜,15,199606,year_end_registered_population,7.5148041642
2018,屏東縣,屏東市,強制性交,2,199606,year_end_registered_population,1.0019738886
2018,屏東縣,屏東市,強盜,1,199606,year_end_registered_population,0.5009869443
2018,屏東縣,屏東市,搶奪,2,199606,year_end_registered_population,1.0019738886
2018,屏東縣,屏東市,機車竊盜,18,199606,year_end_registered_population,9.017764997
2018,屏東縣,屏東市,毒品,344,199606,year_end_registered_population,172.3395088324
2018,屏東縣,屏東市,汽車竊盜,15,199606,year_end_registered_population,7.5148041642
2018,屏東縣,崁頂鄉,機車竊盜,3,15519,year_end_registered_population,19.3311424705
2018,屏東縣,崁頂鄉,毒品,6,15519,year_end_registered_population,38.662284941
2018,屏東縣,崁頂鄉,汽車竊盜,2,15519,year_end_registered_population,12.8874283137
2018,屏東縣,恆春鎮,機車竊盜,7,30818,year_end_registered_population,22.7139983127
2018,屏東縣,恆春鎮,毒品,69,30818,year_end_registered_population,223.8951262249
2018,屏東縣,恆春鎮,汽車竊盜,4,30818,year_end_registered_population,12.9794276072
2018,屏東縣,新園鄉,搶奪,1,34880,year_end_registered_population,2.8669724771
2018,屏東縣,新園鄉,機車竊盜,2,34880,year_end_registered_population,5.7339449541
2018,屏東縣,新園鄉,毒品,52,34880,year_end_registered_population,149.0825688073
2018,屏東縣,新園鄉,汽車竊盜,3,34880,year_end_registered_population,8.6009174312
2018,屏東縣,新埤鄉,毒品,12,9981,year_end_registered_population,120.2284340246
2018,屏東縣,新埤鄉,汽車竊盜,1,9981,year_end_registered_population,10.0190361687
2018,屏東縣,春日鄉,毒品,10,4909,year_end_registered_population,203.7074760644
2018,屏東縣,東港鎮,住宅竊盜,6,47613,year_end_registered_population,12.6016004033
2018,屏東縣,東港鎮,強制性交,1,47613,year_end_registered_population,2.1002667339
2018,屏東縣,東港鎮,搶奪,2,47613,year_end_registered_population,4.2005334678
2018,屏東縣,東港鎮,機車竊盜,7,47613,year_end_registered_population,14.7018671371
2018,屏東縣,東港鎮,毒品,97,47613,year_end_registered_population,203.7258731859
2018,屏東縣,東港鎮,汽車竊盜,8,47613,year_end_registered_population,16.802133871
2018,屏東縣,枋寮鄉,住宅竊盜,1,24323,year_end_registered_population,4.1113349505
2018,屏東縣,枋寮鄉,搶奪,1,24323,year_end_registered_population,4.1113349505
2018,屏東縣,枋寮鄉,機車竊盜,7,24323,year_end_registered_population,28.7793446532
2018,屏東縣,枋寮鄉,毒品,53,24323,year_end_registered_population,217.9007523743
2018,屏東縣,枋寮鄉,汽車竊盜,5,24323,year_end_registered_population,20.5566747523
2018,屏東縣,枋山鄉,機車竊盜,1,5498,year_end_registered_population,18.1884321571
2018,屏東縣,枋山鄉,毒品,12,5498,year_end_registered_population,218.2611858858
2018,屏東縣,林邊鄉,住宅竊盜,1,17795,year_end_registered_population,5.6195560551
2018,屏東縣,林邊鄉,機車竊盜,2,17795,year_end_registered_population,11.2391121101
2018,屏東縣,林邊鄉,毒品,32,17795,year_end_registered_population,179.8257937623
2018,屏東縣,林邊鄉,汽車竊盜,1,17795,year_end_registered_population,5.6195560551
2018,屏東縣,泰武鄉,毒品,2,5392,year_end_registered_population,37.0919881306
2018,屏東縣,泰武鄉,汽車竊盜,1,5392,year_end_registered_population,18.5459940653
2018,屏東縣,滿州鄉,機車竊盜,4,7968,year_end_registered_population,50.2008032129
2018,屏東縣,滿州鄉,毒品,2,7968,year_end_registered_population,25.1004016064
2018,屏東縣,滿州鄉,汽車竊盜,1,7968,year_end_registered_population,12.5502008032
2018,屏東縣,潮州鎮,住宅竊盜,4,53893,year_end_registered_population,7.4221141892
2018,屏東縣,潮州鎮,強盜,1,53893,year_end_registered_population,1.8555285473
2018,屏東縣,潮州鎮,機車竊盜,7,53893,year_end_registered_population,12.9886998311
2018,屏東縣,潮州鎮,毒品,122,53893,year_end_registered_population,226.3744827714
2018,屏東縣,潮州鎮,汽車竊盜,2,53893,year_end_registered_population,3.7110570946
2018,屏東縣,牡丹鄉,機車竊盜,1,4981,year_end_registered_population,20.0762899016
2018,屏東縣,獅子鄉,強制性交,1,4954,year_end_registered_population,20.1857085184
2018,屏東縣,琉球鄉,毒品,4,12364,year_end_registered_population,32.3519896474
2018,屏東縣,瑪家鄉,強制性交,1,6829,year_end_registered_population,14.6434324206
2018,屏東縣,瑪家鄉,毒品,13,6829,year_end_registered_population,190.3646214673
2018,屏東縣,竹田鄉,住宅竊盜,2,17119,year_end_registered_population,11.6829254045
2018,屏東縣,竹田鄉,毒品,35,17119,year_end_registered_population,204.4511945791
2018,屏東縣,竹田鄉,汽車竊盜,4,17119,year_end_registered_population,23.365850809
2018,屏東縣,萬丹鄉,搶奪,1,50514,year_end_registered_population,1.9796492062
2018,屏東縣,萬丹鄉,機車竊盜,5,50514,year_end_registered_population,9.8982460308
2018,屏東縣,萬丹鄉,毒品,73,50514,year_end_registered_population,144.5143920497
2018,屏東縣,萬丹鄉,汽車竊盜,11,50514,year_end_registered_population,21.7761412678
2018,屏東縣,萬巒鄉,機車竊盜,5,20593,year_end_registered_population,24.280095178
2018,屏東縣,萬巒鄉,毒品,70,20593,year_end_registered_population,339.9213324916
2018,屏東縣,萬巒鄉,汽車竊盜,1,20593,year_end_registered_population,4.8560190356
2018,屏東縣,車城鄉,機車竊盜,1,8577,year_end_registered_population,11.6590882593
2018,屏東縣,車城鄉,毒品,17,8577,year_end_registered_population,198.2045004081
2018,屏東縣,車城鄉,汽車竊盜,5,8577,year_end_registered_population,58.2954412965
2018,屏東縣,里港鄉,機車竊盜,3,26044,year_end_registered_population,11.5189679005
2018,屏東縣,里港鄉,毒品,37,26044,year_end_registered_population,142.0672707725
2018,屏東縣,里港鄉,汽車竊盜,1,26044,year_end_registered_population,3.8396559668
2018,屏東縣,長治鄉,住宅竊盜,2,29677,year_end_registered_population,6.739225663
2018,屏東縣,長治鄉,強制性交,1,29677,year_end_registered_population,3.3696128315
2018,屏東縣,長治鄉,機車竊盜,2,29677,year_end_registered_population,6.739225663
2018,屏東縣,長治鄉,毒品,53,29677,year_end_registered_population,178.5894800687
2018,屏東縣,長治鄉,汽車竊盜,1,29677,year_end_registered_population,3.3696128315
2018,屏東縣,霧臺鄉,毒品,2,3354,year_end_registered_population,59.6302921884
2018,屏東縣,高樹鄉,機車竊盜,4,24384,year_end_registered_population,16.4041994751
2018,屏東縣,高樹鄉,毒品,46,24384,year_end_registered_population,188.6482939633
2018,屏東縣,鹽埔鄉,強盜,3,25719,year_end_registered_population,11.6645281698
2018,屏東縣,鹽埔鄉,機車竊盜,6,25719,year_end_registered_population,23.3290563397
2018,屏東縣,鹽埔鄉,毒品,69,25719,year_end_registered_population,268.2841479062
2018,屏東縣,麟洛鄉,機車竊盜,4,11036,year_end_registered_population,36.2450163103
2018,屏東縣,麟洛鄉,毒品,22,11036,year_end_registered_population,199.3475897064
2018,彰化縣,二林鎮,住宅竊盜,5,50536,year_end_registered_population,9.8939369954
2018,彰化縣,二林鎮,強盜,1,50536,year_end_registered_population,1.9787873991
2018,彰化縣,二林鎮,機車竊盜,6,50536,year_end_registered_population,11.8727243945
2018,彰化縣,二林鎮,毒品,24,50536,year_end_registered_population,47.490897578
2018,彰化縣,二林鎮,汽車竊盜,10,50536,year_end_registered_population,19.7878739908
2018,彰化縣,二水鄉,機車竊盜,7,15153,year_end_registered_population,46.1954728437
2018,彰化縣,二水鄉,毒品,17,15153,year_end_registered_population,112.1890054775
2018,彰化縣,伸港鄉,住宅竊盜,5,37121,year_end_registered_population,13.4694647235
2018,彰化縣,伸港鄉,強盜,1,37121,year_end_registered_population,2.6938929447
2018,彰化縣,伸港鄉,機車竊盜,3,37121,year_end_registered_population,8.0816788341
2018,彰化縣,伸港鄉,毒品,45,37121,year_end_registered_population,121.2251825112
2018,彰化縣,伸港鄉,汽車竊盜,4,37121,year_end_registered_population,10.7755717788
2018,彰化縣,北斗鎮,住宅竊盜,2,33321,year_end_registered_population,6.0022208217
2018,彰化縣,北斗鎮,機車竊盜,7,33321,year_end_registered_population,21.007772876
2018,彰化縣,北斗鎮,毒品,33,33321,year_end_registered_population,99.0366435581
2018,彰化縣,北斗鎮,汽車竊盜,5,33321,year_end_registered_population,15.0055520543
2018,彰化縣,和美鎮,住宅竊盜,6,90782,year_end_registered_population,6.6092397171
2018,彰化縣,和美鎮,強制性交,1,90782,year_end_registered_population,1.1015399529
2018,彰化縣,和美鎮,強盜,1,90782,year_end_registered_population,1.1015399529
2018,彰化縣,和美鎮,機車竊盜,2,90782,year_end_registered_population,2.2030799057
2018,彰化縣,和美鎮,毒品,85,90782,year_end_registered_population,93.6308959926
2018,彰化縣,和美鎮,汽車竊盜,6,90782,year_end_registered_population,6.6092397171
2018,彰化縣,員林市,住宅竊盜,6,124890,year_end_registered_population,4.8042277204
2018,彰化縣,員林市,強制性交,1,124890,year_end_registered_population,0.8007046201
2018,彰化縣,員林市,強盜,1,124890,year_end_registered_population,0.8007046201
2018,彰化縣,員林市,機車竊盜,19,124890,year_end_registered_population,15.2133877812
2018,彰化縣,員林市,毒品,164,124890,year_end_registered_population,131.3155576908
2018,彰化縣,員林市,汽車竊盜,3,124890,year_end_registered_population,2.4021138602
2018,彰化縣,埔心鄉,住宅竊盜,1,34745,year_end_registered_population,2.8781119586
2018,彰化縣,埔心鄉,強盜,1,34745,year_end_registered_population,2.8781119586
2018,彰化縣,埔心鄉,機車竊盜,4,34745,year_end_registered_population,11.5124478342
2018,彰化縣,埔心鄉,毒品,47,34745,year_end_registered_population,135.2712620521
2018,彰化縣,埔心鄉,汽車竊盜,1,34745,year_end_registered_population,2.8781119586
2018,彰化縣,埔鹽鄉,住宅竊盜,2,32460,year_end_registered_population,6.1614294516
2018,彰化縣,埔鹽鄉,機車竊盜,6,32460,year_end_registered_population,18.4842883549
2018,彰化縣,埔鹽鄉,毒品,37,32460,year_end_registered_population,113.9864448552
2018,彰化縣,埤頭鄉,住宅竊盜,1,30508,year_end_registered_population,3.2778287662
2018,彰化縣,埤頭鄉,強盜,1,30508,year_end_registered_population,3.2778287662
2018,彰化縣,埤頭鄉,機車竊盜,6,30508,year_end_registered_population,19.6669725974
2018,彰化縣,埤頭鄉,毒品,17,30508,year_end_registered_population,55.7230890258
2018,彰化縣,埤頭鄉,汽車竊盜,3,30508,year_end_registered_population,9.8334862987
2018,彰化縣,大城鄉,住宅竊盜,3,16717,year_end_registered_population,17.9458036729
2018,彰化縣,大城鄉,強制性交,1,16717,year_end_registered_population,5.9819345576
2018,彰化縣,大城鄉,機車竊盜,1,16717,year_end_registered_population,5.9819345576
2018,彰化縣,大村鄉,住宅竊盜,3,36968,year_end_registered_population,8.115126596
2018,彰化縣,大村鄉,強制性交,1,36968,year_end_registered_population,2.7050421987
2018,彰化縣,大村鄉,機車竊盜,1,36968,year_end_registered_population,2.7050421987
2018,彰化縣,大村鄉,毒品,59,36968,year_end_registered_population,159.5974897208
2018,彰化縣,大村鄉,組織犯罪防制條例,1,36968,year_end_registered_population,2.7050421987
2018,彰化縣,彰化市,住宅竊盜,4,232729,year_end_registered_population,1.7187372437
2018,彰化縣,彰化市,強制性交,4,232729,year_end_registered_population,1.7187372437
2018,彰化縣,彰化市,強盜,4,232729,year_end_registered_population,1.7187372437
2018,彰化縣,彰化市,搶奪,1,232729,year_end_registered_population,0.4296843109
2018,彰化縣,彰化市,機車竊盜,26,232729,year_end_registered_population,11.1717920844
2018,彰化縣,彰化市,毒品,202,232729,year_end_registered_population,86.7962308092
2018,彰化縣,彰化市,汽車竊盜,8,232729,year_end_registered_population,3.4374744875
2018,彰化縣,永靖鄉,機車竊盜,2,36962,year_end_registered_population,5.4109626102
2018,彰化縣,永靖鄉,毒品,33,36962,year_end_registered_population,89.2808830691
2018,彰化縣,溪州鄉,強盜,1,29760,year_end_registered_population,3.3602150538
2018,彰化縣,溪州鄉,機車竊盜,1,29760,year_end_registered_population,3.3602150538
2018,彰化縣,溪州鄉,毒品,26,29760,year_end_registered_population,87.3655913978
2018,彰化縣,溪州鄉,汽車竊盜,1,29760,year_end_registered_population,3.3602150538
2018,彰化縣,溪湖鎮,住宅竊盜,2,55365,year_end_registered_population,3.6123904994
2018,彰化縣,溪湖鎮,強盜,1,55365,year_end_registered_population,1.8061952497
2018,彰化縣,溪湖鎮,搶奪,1,55365,year_end_registered_population,1.8061952497
2018,彰化縣,溪湖鎮,機車竊盜,4,55365,year_end_registered_population,7.2247809988
2018,彰化縣,溪湖鎮,毒品,43,55365,year_end_registered_population,77.6663957374
2018,彰化縣,溪湖鎮,汽車竊盜,7,55365,year_end_registered_population,12.6433667479
2018,彰化縣,田中鎮,機車竊盜,5,41541,year_end_registered_population,12.0363014853
2018,彰化縣,田中鎮,毒品,27,41541,year_end_registered_population,64.9960280205
2018,彰化縣,田中鎮,汽車竊盜,3,41541,year_end_registered_population,7.2217808912
2018,彰化縣,田尾鄉,住宅竊盜,2,27336,year_end_registered_population,7.3163593796
2018,彰化縣,田尾鄉,強制性交,1,27336,year_end_registered_population,3.6581796898
2018,彰化縣,田尾鄉,機車竊盜,4,27336,year_end_registered_population,14.6327187591
2018,彰化縣,田尾鄉,毒品,23,27336,year_end_registered_population,84.1381328651
2018,彰化縣,田尾鄉,汽車竊盜,1,27336,year_end_registered_population,3.6581796898
2018,彰化縣,社頭鄉,住宅竊盜,1,42882,year_end_registered_population,2.3319807845
2018,彰化縣,社頭鄉,強制性交,2,42882,year_end_registered_population,4.663961569
2018,彰化縣,社頭鄉,機車竊盜,2,42882,year_end_registered_population,4.663961569
2018,彰化縣,社頭鄉,毒品,38,42882,year_end_registered_population,88.6152698102
2018,彰化縣,社頭鄉,汽車竊盜,2,42882,year_end_registered_population,4.663961569
2018,彰化縣,福興鄉,住宅竊盜,5,47059,year_end_registered_population,10.6249601564
2018,彰化縣,福興鄉,搶奪,1,47059,year_end_registered_population,2.1249920313
2018,彰化縣,福興鄉,機車竊盜,1,47059,year_end_registered_population,2.1249920313
2018,彰化縣,福興鄉,毒品,36,47059,year_end_registered_population,76.4997131261
2018,彰化縣,福興鄉,汽車竊盜,6,47059,year_end_registered_population,12.7499521877
2018,彰化縣,秀水鄉,住宅竊盜,1,39291,year_end_registered_population,2.5451121122
2018,彰化縣,秀水鄉,強制性交,1,39291,year_end_registered_population,2.5451121122
2018,彰化縣,秀水鄉,機車竊盜,1,39291,year_end_registered_population,2.5451121122
2018,彰化縣,秀水鄉,毒品,22,39291,year_end_registered_population,55.9924664681
2018,彰化縣,秀水鄉,汽車竊盜,3,39291,year_end_registered_population,7.6353363366
2018,彰化縣,竹塘鄉,住宅竊盜,1,15095,year_end_registered_population,6.6247101689
2018,彰化縣,竹塘鄉,毒品,2,15095,year_end_registered_population,13.2494203379
2018,彰化縣,竹塘鄉,汽車竊盜,1,15095,year_end_registered_population,6.6247101689
2018,彰化縣,線西鄉,住宅竊盜,1,16860,year_end_registered_population,5.931198102
2018,彰化縣,線西鄉,強制性交,1,16860,year_end_registered_population,5.931198102
2018,彰化縣,線西鄉,搶奪,1,16860,year_end_registered_population,5.931198102
2018,彰化縣,線西鄉,毒品,15,16860,year_end_registered_population,88.9679715302
2018,彰化縣,線西鄉,汽車竊盜,2,16860,year_end_registered_population,11.862396204
2018,彰化縣,芬園鄉,住宅竊盜,1,23583,year_end_registered_population,4.2403426197
2018,彰化縣,芬園鄉,機車竊盜,1,23583,year_end_registered_population,4.2403426197
2018,彰化縣,芬園鄉,毒品,17,23583,year_end_registered_population,72.0858245346
2018,彰化縣,花壇鄉,機車竊盜,5,45853,year_end_registered_population,10.9044119251
2018,彰化縣,花壇鄉,毒品,38,45853,year_end_registered_population,82.8735306305
2018,彰化縣,花壇鄉,汽車竊盜,6,45853,year_end_registered_population,13.0852943101
2018,彰化縣,芳苑鄉,住宅竊盜,2,33489,year_end_registered_population,5.9721102452
2018,彰化縣,芳苑鄉,機車竊盜,6,33489,year_end_registered_population,17.9163307355
2018,彰化縣,芳苑鄉,毒品,13,33489,year_end_registered_population,38.8187165935
2018,彰化縣,芳苑鄉,汽車竊盜,1,33489,year_end_registered_population,2.9860551226
2018,彰化縣,鹿港鎮,住宅竊盜,7,86818,year_end_registered_population,8.0628441107
2018,彰化縣,鹿港鎮,搶奪,2,86818,year_end_registered_population,2.3036697459
2018,彰化縣,鹿港鎮,機車竊盜,5,86818,year_end_registered_population,5.7591743648
2018,彰化縣,鹿港鎮,毒品,62,86818,year_end_registered_population,71.4137621231
2018,彰化縣,鹿港鎮,汽車竊盜,14,86818,year_end_registered_population,16.1256882213
2018,新北市,三峽區,住宅竊盜,5,115820,year_end_registered_population,4.3170436885
2018,新北市,三峽區,強制性交,2,115820,year_end_registered_population,1.7268174754
2018,新北市,三峽區,強盜,2,115820,year_end_registered_population,1.7268174754
2018,新北市,三峽區,搶奪,1,115820,year_end_registered_population,0.8634087377
2018,新北市,三峽區,機車竊盜,57,115820,year_end_registered_population,49.2142980487
2018,新北市,三峽區,毒品,115,115820,year_end_registered_population,99.2920048351
2018,新北市,三峽區,汽車竊盜,29,115820,year_end_registered_population,25.0388533932
2018,新北市,三芝區,強制性交,1,22978,year_end_registered_population,4.3519888589
2018,新北市,三芝區,機車竊盜,3,22978,year_end_registered_population,13.0559665767
2018,新北市,三芝區,毒品,23,22978,year_end_registered_population,100.0957437549
2018,新北市,三重區,住宅竊盜,52,385826,year_end_registered_population,13.4775779756
2018,新北市,三重區,強制性交,1,385826,year_end_registered_population,0.2591841918
2018,新北市,三重區,強盜,2,385826,year_end_registered_population,0.5183683837
2018,新北市,三重區,搶奪,2,385826,year_end_registered_population,0.5183683837
2018,新北市,三重區,機車竊盜,80,385826,year_end_registered_population,20.734735347
2018,新北市,三重區,毒品,1266,385826,year_end_registered_population,328.1271868666
2018,新北市,三重區,汽車竊盜,31,385826,year_end_registered_population,8.034709947
2018,新北市,中和區,住宅竊盜,39,412486,year_end_registered_population,9.454866347
2018,新北市,中和區,強盜,2,412486,year_end_registered_population,0.4848649409
2018,新北市,中和區,搶奪,5,412486,year_end_registered_population,1.2121623522
2018,新北市,中和區,機車竊盜,52,412486,year_end_registered_population,12.6064884626
2018,新北市,中和區,毒品,589,412486,year_end_registered_population,142.7927250864
2018,新北市,中和區,汽車竊盜,5,412486,year_end_registered_population,1.2121623522
2018,新北市,五股區,住宅竊盜,4,86329,year_end_registered_population,4.6334371996
2018,新北市,五股區,強制性交,2,86329,year_end_registered_population,2.3167185998
2018,新北市,五股區,強盜,1,86329,year_end_registered_population,1.1583592999
2018,新北市,五股區,搶奪,1,86329,year_end_registered_population,1.1583592999
2018,新北市,五股區,機車竊盜,14,86329,year_end_registered_population,16.2170301984
2018,新北市,五股區,毒品,191,86329,year_end_registered_population,221.2466262785
2018,新北市,五股區,汽車竊盜,13,86329,year_end_registered_population,15.0586708985
2018,新北市,八里區,住宅竊盜,2,38906,year_end_registered_population,5.1405952809
2018,新北市,八里區,強制性交,1,38906,year_end_registered_population,2.5702976405
2018,新北市,八里區,搶奪,1,38906,year_end_registered_population,2.5702976405
2018,新北市,八里區,機車竊盜,5,38906,year_end_registered_population,12.8514882023
2018,新北市,八里區,毒品,75,38906,year_end_registered_population,192.772323035
2018,新北市,八里區,汽車竊盜,7,38906,year_end_registered_population,17.9920834833
2018,新北市,土城區,住宅竊盜,24,236901,year_end_registered_population,10.1308141376
2018,新北市,土城區,強制性交,2,236901,year_end_registered_population,0.8442345115
2018,新北市,土城區,強盜,4,236901,year_end_registered_population,1.6884690229
2018,新北市,土城區,搶奪,3,236901,year_end_registered_population,1.2663517672
2018,新北市,土城區,機車竊盜,42,236901,year_end_registered_population,17.7289247407
2018,新北市,土城區,毒品,394,236901,year_end_registered_population,166.3141987581
2018,新北市,土城區,汽車竊盜,12,236901,year_end_registered_population,5.0654070688
2018,新北市,坪林區,毒品,2,6612,year_end_registered_population,30.2480338778
2018,新北市,平溪區,毒品,11,4666,year_end_registered_population,235.7479639949
2018,新北市,新店區,住宅竊盜,22,302231,year_end_registered_population,7.2792003468
2018,新北市,新店區,強制性交,1,302231,year_end_registered_population,0.330872743
2018,新北市,新店區,強盜,1,302231,year_end_registered_population,0.330872743
2018,新北市,新店區,搶奪,1,302231,year_end_registered_population,0.330872743
2018,新北市,新店區,機車竊盜,29,302231,year_end_registered_population,9.595309548
2018,新北市,新店區,毒品,422,302231,year_end_registered_population,139.6282975605
2018,新北市,新店區,汽車竊盜,6,302231,year_end_registered_population,1.9852364582
2018,新北市,新莊區,住宅竊盜,29,417754,year_end_registered_population,6.9418844583
2018,新北市,新莊區,強盜,1,417754,year_end_registered_population,0.2393753261
2018,新北市,新莊區,搶奪,4,417754,year_end_registered_population,0.9575013046
2018,新北市,新莊區,機車竊盜,57,417754,year_end_registered_population,13.6443935905
2018,新北市,新莊區,毒品,559,417754,year_end_registered_population,133.8108073172
2018,新北市,新莊區,汽車竊盜,11,417754,year_end_registered_population,2.6331285876
2018,新北市,板橋區,住宅竊盜,47,554742,year_end_registered_population,8.4724069928
2018,新北市,板橋區,強制性交,1,554742,year_end_registered_population,0.1802639786
2018,新北市,板橋區,強盜,8,554742,year_end_registered_population,1.4421118286
2018,新北市,板橋區,搶奪,9,554742,year_end_registered_population,1.6223758071
2018,新北市,板橋區,機車竊盜,100,554742,year_end_registered_population,18.026397857
2018,新北市,板橋區,毒品,1108,554742,year_end_registered_population,199.7324882558
2018,新北市,板橋區,汽車竊盜,15,554742,year_end_registered_population,2.7039596786
2018,新北市,林口區,住宅竊盜,5,110081,year_end_registered_population,4.5421099009
2018,新北市,林口區,強盜,1,110081,year_end_registered_population,0.9084219802
2018,新北市,林口區,機車竊盜,9,110081,year_end_registered_population,8.1757978216
2018,新北市,林口區,毒品,74,110081,year_end_registered_population,67.2232265332
2018,新北市,林口區,汽車竊盜,23,110081,year_end_registered_population,20.8937055441
2018,新北市,樹林區,住宅竊盜,24,183946,year_end_registered_population,13.0473073619
2018,新北市,樹林區,強制性交,1,183946,year_end_registered_population,0.5436378067
2018,新北市,樹林區,強盜,1,183946,year_end_registered_population,0.5436378067
2018,新北市,樹林區,搶奪,1,183946,year_end_registered_population,0.5436378067
2018,新北市,樹林區,機車竊盜,46,183946,year_end_registered_population,25.0073391104
2018,新北市,樹林區,毒品,341,183946,year_end_registered_population,185.3804921009
2018,新北市,樹林區,汽車竊盜,12,183946,year_end_registered_population,6.523653681
2018,新北市,永和區,住宅竊盜,23,221098,year_end_registered_population,10.4026268894
2018,新北市,永和區,強制性交,1,221098,year_end_registered_population,0.4522881256
2018,新北市,永和區,搶奪,1,221098,year_end_registered_population,0.4522881256
2018,新北市,永和區,機車竊盜,22,221098,year_end_registered_population,9.9503387638
2018,新北市,永和區,毒品,228,221098,year_end_registered_population,103.1216926431
2018,新北市,永和區,汽車竊盜,5,221098,year_end_registered_population,2.2614406281
2018,新北市,汐止區,住宅竊盜,28,200535,year_end_registered_population,13.9626499115
2018,新北市,汐止區,強制性交,4,200535,year_end_registered_population,1.9946642731
2018,新北市,汐止區,機車竊盜,26,200535,year_end_registered_population,12.965317775
2018,新北市,汐止區,毒品,169,200535,year_end_registered_population,84.2745655372
2018,新北市,汐止區,汽車竊盜,16,200535,year_end_registered_population,7.9786570923
2018,新北市,泰山區,住宅竊盜,5,78708,year_end_registered_population,6.3525943996
2018,新北市,泰山區,強盜,1,78708,year_end_registered_population,1.2705188799
2018,新北市,泰山區,搶奪,1,78708,year_end_registered_population,1.2705188799
2018,新北市,泰山區,機車竊盜,10,78708,year_end_registered_population,12.7051887991
2018,新北市,泰山區,毒品,81,78708,year_end_registered_population,102.9120292728
2018,新北市,泰山區,汽車竊盜,10,78708,year_end_registered_population,12.7051887991
2018,新北市,淡水區,住宅竊盜,5,173502,year_end_registered_population,2.8818111607
2018,新北市,淡水區,強制性交,1,173502,year_end_registered_population,0.5763622321
2018,新北市,淡水區,強盜,1,173502,year_end_registered_population,0.5763622321
2018,新北市,淡水區,搶奪,4,173502,year_end_registered_population,2.3054489285
2018,新北市,淡水區,機車竊盜,35,173502,year_end_registered_population,20.1726781247
2018,新北市,淡水區,毒品,155,173502,year_end_registered_population,89.336145981
2018,新北市,淡水區,汽車竊盜,3,173502,year_end_registered_population,1.7290866964
2018,新北市,深坑區,住宅竊盜,4,23634,year_end_registered_population,16.9247694
2018,新北市,深坑區,機車竊盜,1,23634,year_end_registered_population,4.23119235
2018,新北市,深坑區,毒品,24,23634,year_end_registered_population,101.5486164001
2018,新北市,烏來區,住宅竊盜,1,6438,year_end_registered_population,15.5327741535
2018,新北市,烏來區,毒品,8,6438,year_end_registered_population,124.2621932277
2018,新北市,瑞芳區,住宅竊盜,8,39982,year_end_registered_population,20.0090040518
2018,新北市,瑞芳區,強制性交,1,39982,year_end_registered_population,2.5011255065
2018,新北市,瑞芳區,機車竊盜,6,39982,year_end_registered_population,15.0067530389
2018,新北市,瑞芳區,毒品,127,39982,year_end_registered_population,317.6429393227
2018,新北市,瑞芳區,汽車竊盜,1,39982,year_end_registered_population,2.5011255065
2018,新北市,石碇區,機車竊盜,2,7731,year_end_registered_population,25.8698745311
2018,新北市,石碇區,毒品,4,7731,year_end_registered_population,51.7397490622
2018,新北市,石門區,毒品,22,12115,year_end_registered_population,181.5930664466
2018,新北市,萬里區,住宅竊盜,3,22068,year_end_registered_population,13.5943447526
2018,新北市,萬里區,強制性交,1,22068,year_end_registered_population,4.5314482509
2018,新北市,萬里區,毒品,35,22068,year_end_registered_population,158.6006887801
2018,新北市,蘆洲區,住宅竊盜,22,201332,year_end_registered_population,10.9272246836
2018,新北市,蘆洲區,強制性交,2,201332,year_end_registered_population,0.9933840621
2018,新北市,蘆洲區,強盜,1,201332,year_end_registered_population,0.4966920311
2018,新北市,蘆洲區,搶奪,1,201332,year_end_registered_population,0.4966920311
2018,新北市,蘆洲區,機車竊盜,38,201332,year_end_registered_population,18.8742971808
2018,新北市,蘆洲區,毒品,303,201332,year_end_registered_population,150.4976854151
2018,新北市,蘆洲區,汽車竊盜,3,201332,year_end_registered_population,1.4900760932
2018,新北市,貢寮區,住宅竊盜,1,12301,year_end_registered_population,8.1294203723
2018,新北市,貢寮區,機車竊盜,1,12301,year_end_registered_population,8.1294203723
2018,新北市,貢寮區,毒品,13,12301,year_end_registered_population,105.6824648403
2018,新北市,金山區,住宅竊盜,2,21774,year_end_registered_population,9.185266832
2018,新北市,金山區,搶奪,2,21774,year_end_registered_population,9.185266832
2018,新北市,金山區,機車竊盜,2,21774,year_end_registered_population,9.185266832
2018,新北市,金山區,毒品,23,21774,year_end_registered_population,105.630568568
2018,新北市,金山區,汽車竊盜,1,21774,year_end_registered_population,4.592633416
2018,新北市,雙溪區,強盜,1,8860,year_end_registered_population,11.2866817156
2018,新北市,雙溪區,機車竊盜,1,8860,year_end_registered_population,11.2866817156
2018,新北市,雙溪區,毒品,7,8860,year_end_registered_population,79.006772009
2018,新北市,雙溪區,汽車竊盜,1,8860,year_end_registered_population,11.2866817156
2018,新北市,鶯歌區,住宅竊盜,6,86361,year_end_registered_population,6.9475805051
2018,新北市,鶯歌區,機車竊盜,44,86361,year_end_registered_population,50.948923704
2018,新北市,鶯歌區,毒品,104,86361,year_end_registered_population,120.4247287549
2018,新北市,鶯歌區,汽車竊盜,12,86361,year_end_registered_population,13.8951610102
2018,新竹市,北區,強制性交,1,151679,year_end_registered_population,0.659287047
2018,新竹市,北區,強盜,1,151679,year_end_registered_population,0.659287047
2018,新竹市,北區,機車竊盜,29,151679,year_end_registered_population,19.1193243626
2018,新竹市,北區,毒品,144,151679,year_end_registered_population,94.9373347662
2018,新竹市,北區,汽車竊盜,17,151679,year_end_registered_population,11.2078797988
2018,新竹市,東區,住宅竊盜,20,215566,year_end_registered_population,9.2779009677
2018,新竹市,東區,強制性交,3,215566,year_end_registered_population,1.3916851452
2018,新竹市,東區,機車竊盜,30,215566,year_end_registered_population,13.9168514515
2018,新竹市,東區,毒品,137,215566,year_end_registered_population,63.5536216286
2018,新竹市,東區,汽車竊盜,19,215566,year_end_registered_population,8.8140059193
2018,新竹市,香山區,住宅竊盜,10,78390,year_end_registered_population,12.7567291746
2018,新竹市,香山區,強制性交,1,78390,year_end_registered_population,1.2756729175
2018,新竹市,香山區,機車竊盜,6,78390,year_end_registered_population,7.6540375048
2018,新竹市,香山區,毒品,61,78390,year_end_registered_population,77.8160479653
2018,新竹市,香山區,汽車竊盜,3,78390,year_end_registered_population,3.8270187524
2018,新竹縣,五峰鄉,毒品,20,4774,year_end_registered_population,418.9359028069
2018,新竹縣,北埔鄉,住宅竊盜,1,9335,year_end_registered_population,10.7123727906
2018,新竹縣,北埔鄉,機車竊盜,5,9335,year_end_registered_population,53.5618639529
2018,新竹縣,北埔鄉,毒品,6,9335,year_end_registered_population,64.2742367434
2018,新竹縣,北埔鄉,汽車竊盜,1,9335,year_end_registered_population,10.7123727906
2018,新竹縣,寶山鄉,住宅竊盜,2,14647,year_end_registered_population,13.6546733119
2018,新竹縣,寶山鄉,強制性交,1,14647,year_end_registered_population,6.827336656
2018,新竹縣,寶山鄉,機車竊盜,1,14647,year_end_registered_population,6.827336656
2018,新竹縣,寶山鄉,毒品,17,14647,year_end_registered_population,116.0647231515
2018,新竹縣,寶山鄉,汽車竊盜,1,14647,year_end_registered_population,6.827336656
2018,新竹縣,尖石鄉,機車竊盜,1,9695,year_end_registered_population,10.3145951521
2018,新竹縣,尖石鄉,毒品,15,9695,year_end_registered_population,154.7189272821
2018,新竹縣,尖石鄉,汽車竊盜,1,9695,year_end_registered_population,10.3145951521
2018,新竹縣,峨眉鄉,住宅竊盜,6,5587,year_end_registered_population,107.3921603723
2018,新竹縣,峨眉鄉,機車竊盜,1,5587,year_end_registered_population,17.8986933954
2018,新竹縣,峨眉鄉,毒品,7,5587,year_end_registered_population,125.2908537677
2018,新竹縣,峨眉鄉,汽車竊盜,3,5587,year_end_registered_population,53.6960801861
2018,新竹縣,新埔鎮,住宅竊盜,1,33104,year_end_registered_population,3.020782987
2018,新竹縣,新埔鎮,機車竊盜,3,33104,year_end_registered_population,9.0623489609
2018,新竹縣,新埔鎮,毒品,24,33104,year_end_registered_population,72.4987916868
2018,新竹縣,新埔鎮,汽車竊盜,9,33104,year_end_registered_population,27.1870468826
2018,新竹縣,新豐鄉,住宅竊盜,1,56980,year_end_registered_population,1.755001755
2018,新竹縣,新豐鄉,強盜,1,56980,year_end_registered_population,1.755001755
2018,新竹縣,新豐鄉,機車竊盜,21,56980,year_end_registered_population,36.855036855
2018,新竹縣,新豐鄉,毒品,31,56980,year_end_registered_population,54.4050544051
2018,新竹縣,新豐鄉,汽車竊盜,35,56980,year_end_registered_population,61.4250614251
2018,新竹縣,橫山鄉,住宅竊盜,4,12942,year_end_registered_population,30.9071240921
2018,新竹縣,橫山鄉,機車竊盜,4,12942,year_end_registered_population,30.9071240921
2018,新竹縣,橫山鄉,毒品,12,12942,year_end_registered_population,92.7213722763
2018,新竹縣,橫山鄉,汽車竊盜,1,12942,year_end_registered_population,7.726781023
2018,新竹縣,湖口鄉,住宅竊盜,8,77668,year_end_registered_population,10.3002523562
2018,新竹縣,湖口鄉,搶奪,2,77668,year_end_registered_population,2.575063089
2018,新竹縣,湖口鄉,機車竊盜,20,77668,year_end_registered_population,25.7506308905
2018,新竹縣,湖口鄉,毒品,112,77668,year_end_registered_population,144.2035329866
2018,新竹縣,湖口鄉,汽車竊盜,60,77668,year_end_registered_population,77.2518926714
2018,新竹縣,竹北市,住宅竊盜,11,187336,year_end_registered_population,5.8718025366
2018,新竹縣,竹北市,搶奪,1,187336,year_end_registered_population,0.5338002306
2018,新竹縣,竹北市,機車竊盜,21,187336,year_end_registered_population,11.2098048426
2018,新竹縣,竹北市,毒品,138,187336,year_end_registered_population,73.664431823
2018,新竹縣,竹北市,汽車竊盜,50,187336,year_end_registered_population,26.6900115301
2018,新竹縣,竹東鎮,住宅竊盜,14,96380,year_end_registered_population,14.5258352355
2018,新竹縣,竹東鎮,強制性交,1,96380,year_end_registered_population,1.0375596597
2018,新竹縣,竹東鎮,搶奪,1,96380,year_end_registered_population,1.0375596597
2018,新竹縣,竹東鎮,機車竊盜,49,96380,year_end_registered_population,50.8404233243
2018,新竹縣,竹東鎮,毒品,120,96380,year_end_registered_population,124.5071591617
2018,新竹縣,竹東鎮,汽車竊盜,21,96380,year_end_registered_population,21.7887528533
2018,新竹縣,芎林鄉,住宅竊盜,1,20025,year_end_registered_population,4.9937578027
2018,新竹縣,芎林鄉,機車竊盜,6,20025,year_end_registered_population,29.9625468165
2018,新竹縣,芎林鄉,毒品,32,20025,year_end_registered_population,159.8002496879
2018,新竹縣,芎林鄉,汽車竊盜,6,20025,year_end_registered_population,29.9625468165
2018,新竹縣,關西鎮,住宅竊盜,4,28537,year_end_registered_population,14.0168903529
2018,新竹縣,關西鎮,搶奪,1,28537,year_end_registered_population,3.5042225882
2018,新竹縣,關西鎮,機車竊盜,9,28537,year_end_registered_population,31.538003294
2018,新竹縣,關西鎮,毒品,39,28537,year_end_registered_population,136.6646809405
2018,新竹縣,關西鎮,汽車竊盜,10,28537,year_end_registered_population,35.0422258822
2018,桃園市,中壢區,住宅竊盜,18,412063,year_end_registered_population,4.3682640761
2018,桃園市,中壢區,強制性交,1,412063,year_end_registered_population,0.2426813376
2018,桃園市,中壢區,強盜,3,412063,year_end_registered_population,0.7280440127
2018,桃園市,中壢區,搶奪,3,412063,year_end_registered_population,0.7280440127
2018,桃園市,中壢區,機車竊盜,178,412063,year_end_registered_population,43.1972780861
2018,桃園市,中壢區,毒品,1181,412063,year_end_registered_population,286.6066596613
2018,桃園市,中壢區,汽車竊盜,61,412063,year_end_registered_population,14.8035615913
2018,桃園市,八德區,住宅竊盜,10,202198,year_end_registered_population,4.9456473358
2018,桃園市,八德區,強制性交,1,202198,year_end_registered_population,0.4945647336
2018,桃園市,八德區,強盜,1,202198,year_end_registered_population,0.4945647336
2018,桃園市,八德區,搶奪,2,202198,year_end_registered_population,0.9891294672
2018,桃園市,八德區,機車竊盜,48,202198,year_end_registered_population,23.7391072117
2018,桃園市,八德區,毒品,539,202198,year_end_registered_population,266.5703913985
2018,桃園市,八德區,汽車竊盜,29,202198,year_end_registered_population,14.3423772738
2018,桃園市,大園區,住宅竊盜,1,90888,year_end_registered_population,1.1002552592
2018,桃園市,大園區,強制性交,3,90888,year_end_registered_population,3.3007657777
2018,桃園市,大園區,強盜,2,90888,year_end_registered_population,2.2005105184
2018,桃園市,大園區,機車竊盜,15,90888,year_end_registered_population,16.5038288883
2018,桃園市,大園區,毒品,241,90888,year_end_registered_population,265.1615174721
2018,桃園市,大園區,汽車竊盜,15,90888,year_end_registered_population,16.5038288883
2018,桃園市,大溪區,住宅竊盜,3,94885,year_end_registered_population,3.1617220846
2018,桃園市,大溪區,機車竊盜,14,94885,year_end_registered_population,14.7547030616
2018,桃園市,大溪區,毒品,180,94885,year_end_registered_population,189.7033250777
2018,桃園市,大溪區,汽車竊盜,35,94885,year_end_registered_population,36.886757654
2018,桃園市,平鎮區,住宅竊盜,4,226412,year_end_registered_population,1.7666908114
2018,桃園市,平鎮區,強盜,1,226412,year_end_registered_population,0.4416727029
2018,桃園市,平鎮區,搶奪,1,226412,year_end_registered_population,0.4416727029
2018,桃園市,平鎮區,機車竊盜,50,226412,year_end_registered_population,22.083635143
2018,桃園市,平鎮區,毒品,415,226412,year_end_registered_population,183.294171687
2018,桃園市,平鎮區,汽車竊盜,44,226412,year_end_registered_population,19.4335989259
2018,桃園市,復興區,強制性交,1,12026,year_end_registered_population,8.3153168136
2018,桃園市,復興區,機車竊盜,2,12026,year_end_registered_population,16.6306336271
2018,桃園市,復興區,毒品,36,12026,year_end_registered_population,299.3514052885
2018,桃園市,復興區,汽車竊盜,5,12026,year_end_registered_population,41.5765840679
2018,桃園市,新屋區,機車竊盜,12,49210,year_end_registered_population,24.3852875432
2018,桃園市,新屋區,毒品,64,49210,year_end_registered_population,130.054866897
2018,桃園市,新屋區,汽車竊盜,10,49210,year_end_registered_population,20.3210729527
2018,桃園市,桃園區,住宅竊盜,23,447302,year_end_registered_population,5.1419398974
2018,桃園市,桃園區,強盜,4,447302,year_end_registered_population,0.8942504169
2018,桃園市,桃園區,搶奪,3,447302,year_end_registered_population,0.6706878127
2018,桃園市,桃園區,機車竊盜,169,447302,year_end_registered_population,37.7820801159
2018,桃園市,桃園區,毒品,1421,447302,year_end_registered_population,317.6824606194
2018,桃園市,桃園區,汽車竊盜,33,447302,year_end_registered_population,7.3775659398
2018,桃園市,楊梅區,住宅竊盜,1,170380,year_end_registered_population,0.5869233478
2018,桃園市,楊梅區,機車竊盜,37,170380,year_end_registered_population,21.716163869
2018,桃園市,楊梅區,毒品,246,170380,year_end_registered_population,144.3831435615
2018,桃園市,楊梅區,汽車竊盜,53,170380,year_end_registered_population,31.106937434
2018,桃園市,蘆竹區,住宅竊盜,10,164384,year_end_registered_population,6.0833171112
2018,桃園市,蘆竹區,強盜,1,164384,year_end_registered_population,0.6083317111
2018,桃園市,蘆竹區,機車竊盜,22,164384,year_end_registered_population,13.3832976445
2018,桃園市,蘆竹區,毒品,179,164384,year_end_registered_population,108.8913762897
2018,桃園市,蘆竹區,汽車竊盜,23,164384,year_end_registered_population,13.9916293557
2018,桃園市,觀音區,強盜,1,67358,year_end_registered_population,1.4846046498
2018,桃園市,觀音區,機車竊盜,7,67358,year_end_registered_population,10.3922325485
2018,桃園市,觀音區,毒品,135,67358,year_end_registered_population,200.4216277205
2018,桃園市,觀音區,汽車竊盜,18,67358,year_end_registered_population,26.7228836961
2018,桃園市,龍潭區,住宅竊盜,10,123175,year_end_registered_population,8.118530546
2018,桃園市,龍潭區,強盜,2,123175,year_end_registered_population,1.6237061092
2018,桃園市,龍潭區,搶奪,3,123175,year_end_registered_population,2.4355591638
2018,桃園市,龍潭區,機車竊盜,28,123175,year_end_registered_population,22.7318855287
2018,桃園市,龍潭區,毒品,251,123175,year_end_registered_population,203.7751167039
2018,桃園市,龍潭區,汽車竊盜,50,123175,year_end_registered_population,40.5926527299
2018,桃園市,龜山區,住宅竊盜,26,160591,year_end_registered_population,16.1901974581
2018,桃園市,龜山區,搶奪,1,160591,year_end_registered_population,0.6226999022
2018,桃園市,龜山區,機車竊盜,46,160591,year_end_registered_population,28.6441955029
2018,桃園市,龜山區,毒品,419,160591,year_end_registered_population,260.9112590369
2018,桃園市,龜山區,汽車竊盜,51,160591,year_end_registered_population,31.757695014
2018,澎湖縣,湖西鄉,住宅竊盜,3,14594,year_end_registered_population,20.5563930382
2018,澎湖縣,湖西鄉,強制性交,1,14594,year_end_registered_population,6.8521310127
2018,澎湖縣,湖西鄉,機車竊盜,2,14594,year_end_registered_population,13.7042620255
2018,澎湖縣,湖西鄉,毒品,3,14594,year_end_registered_population,20.5563930382
2018,澎湖縣,白沙鄉,毒品,1,9827,year_end_registered_population,10.1760455887
2018,澎湖縣,西嶼鄉,住宅竊盜,2,8349,year_end_registered_population,23.9549646664
2018,澎湖縣,西嶼鄉,機車竊盜,1,8349,year_end_registered_population,11.9774823332
2018,澎湖縣,馬公市,住宅竊盜,21,62610,year_end_registered_population,33.5409678965
2018,澎湖縣,馬公市,強制性交,2,62610,year_end_registered_population,3.1943778949
2018,澎湖縣,馬公市,機車竊盜,6,62610,year_end_registered_population,9.5831336847
2018,澎湖縣,馬公市,毒品,19,62610,year_end_registered_population,30.3465900016
2018,臺中市,中區,強盜,1,18514,year_end_registered_population,5.4013179216
2018,臺中市,中區,搶奪,1,18514,year_end_registered_population,5.4013179216
2018,臺中市,中區,機車竊盜,12,18514,year_end_registered_population,64.8158150589
2018,臺中市,中區,毒品,171,18514,year_end_registered_population,923.625364589
2018,臺中市,中區,汽車竊盜,2,18514,year_end_registered_population,10.8026358431
2018,臺中市,北區,住宅竊盜,15,147557,year_end_registered_population,10.1655631383
2018,臺中市,北區,強盜,1,147557,year_end_registered_population,0.6777042092
2018,臺中市,北區,搶奪,4,147557,year_end_registered_population,2.7108168369
2018,臺中市,北區,機車竊盜,24,147557,year_end_registered_population,16.2649010213
2018,臺中市,北區,毒品,468,147557,year_end_registered_population,317.1655699154
2018,臺中市,北區,汽車竊盜,5,147557,year_end_registered_population,3.3885210461
2018,臺中市,北屯區,住宅竊盜,16,279297,year_end_registered_population,5.7286687648
2018,臺中市,北屯區,強制性交,2,279297,year_end_registered_population,0.7160835956
2018,臺中市,北屯區,強盜,1,279297,year_end_registered_population,0.3580417978
2018,臺中市,北屯區,搶奪,3,279297,year_end_registered_population,1.0741253934
2018,臺中市,北屯區,機車竊盜,27,279297,year_end_registered_population,9.6671285406
2018,臺中市,北屯區,毒品,343,279297,year_end_registered_population,122.8083366452
2018,臺中市,北屯區,汽車竊盜,14,279297,year_end_registered_population,5.0125851692
2018,臺中市,南區,住宅竊盜,3,125874,year_end_registered_population,2.3833357167
2018,臺中市,南區,強制性交,2,125874,year_end_registered_population,1.5888904778
2018,臺中市,南區,搶奪,4,125874,year_end_registered_population,3.1777809556
2018,臺中市,南區,機車竊盜,21,125874,year_end_registered_population,16.6833500167
2018,臺中市,南區,毒品,68,125874,year_end_registered_population,54.0222762445
2018,臺中市,南區,汽車竊盜,1,125874,year_end_registered_population,0.7944452389
2018,臺中市,南屯區,住宅竊盜,7,170618,year_end_registered_population,4.1027324198
2018,臺中市,南屯區,強制性交,3,170618,year_end_registered_population,1.7583138942
2018,臺中市,南屯區,強盜,1,170618,year_end_registered_population,0.5861046314
2018,臺中市,南屯區,機車竊盜,4,170618,year_end_registered_population,2.3444185256
2018,臺中市,南屯區,毒品,113,170618,year_end_registered_population,66.2298233481
2018,臺中市,南屯區,汽車竊盜,5,170618,year_end_registered_population,2.930523157
2018,臺中市,后里區,機車竊盜,7,54775,year_end_registered_population,12.7795527157
2018,臺中市,后里區,毒品,53,54775,year_end_registered_population,96.7594705614
2018,臺中市,后里區,汽車竊盜,2,54775,year_end_registered_population,3.6513007759
2018,臺中市,和平區,機車竊盜,1,11015,year_end_registered_population,9.0785292783
2018,臺中市,和平區,毒品,3,11015,year_end_registered_population,27.2355878348
2018,臺中市,外埔區,機車竊盜,2,32230,year_end_registered_population,6.2053986969
2018,臺中市,外埔區,毒品,28,32230,year_end_registered_population,86.8755817561
2018,臺中市,外埔區,汽車竊盜,2,32230,year_end_registered_population,6.2053986969
2018,臺中市,大安區,毒品,18,19267,year_end_registered_population,93.4239892043
2018,臺中市,大甲區,住宅竊盜,2,77625,year_end_registered_population,2.576489533
2018,臺中市,大甲區,強制性交,1,77625,year_end_registered_population,1.2882447665
2018,臺中市,大甲區,機車竊盜,8,77625,year_end_registered_population,10.305958132
2018,臺中市,大甲區,毒品,75,77625,year_end_registered_population,96.6183574879
2018,臺中市,大甲區,汽車竊盜,4,77625,year_end_registered_population,5.152979066
2018,臺中市,大肚區,住宅竊盜,1,57324,year_end_registered_population,1.74447003
2018,臺中市,大肚區,強制性交,1,57324,year_end_registered_population,1.74447003
2018,臺中市,大肚區,機車竊盜,5,57324,year_end_registered_population,8.72235015
2018,臺中市,大肚區,毒品,44,57324,year_end_registered_population,76.7566813202
2018,臺中市,大肚區,汽車竊盜,1,57324,year_end_registered_population,1.74447003
2018,臺中市,大里區,強制性交,1,212104,year_end_registered_population,0.4714668276
2018,臺中市,大里區,強盜,1,212104,year_end_registered_population,0.4714668276
2018,臺中市,大里區,搶奪,1,212104,year_end_registered_population,0.4714668276
2018,臺中市,大里區,機車竊盜,20,212104,year_end_registered_population,9.4293365519
2018,臺中市,大里區,毒品,151,212104,year_end_registered_population,71.1914909667
2018,臺中市,大里區,汽車竊盜,7,212104,year_end_registered_population,3.3002677932
2018,臺中市,大雅區,住宅竊盜,6,95815,year_end_registered_population,6.262067526
2018,臺中市,大雅區,強盜,1,95815,year_end_registered_population,1.043677921
2018,臺中市,大雅區,機車竊盜,11,95815,year_end_registered_population,11.4804571309
2018,臺中市,大雅區,毒品,78,95815,year_end_registered_population,81.4068778375
2018,臺中市,大雅區,汽車竊盜,3,95815,year_end_registered_population,3.131033763
2018,臺中市,太平區,強制性交,1,191752,year_end_registered_population,0.5215069465
2018,臺中市,太平區,強盜,2,191752,year_end_registered_population,1.0430138929
2018,臺中市,太平區,機車竊盜,18,191752,year_end_registered_population,9.3871250365
2018,臺中市,太平區,毒品,158,191752,year_end_registered_population,82.3980975427
2018,臺中市,太平區,汽車竊盜,12,191752,year_end_registered_population,6.2580833577
2018,臺中市,新社區,機車竊盜,5,24576,year_end_registered_population,20.3450520833
2018,臺中市,新社區,毒品,8,24576,year_end_registered_population,32.5520833333
2018,臺中市,東勢區,住宅竊盜,2,50256,year_end_registered_population,3.9796243235
2018,臺中市,東勢區,機車竊盜,3,50256,year_end_registered_population,5.9694364852
2018,臺中市,東勢區,毒品,40,50256,year_end_registered_population,79.5924864693
2018,臺中市,東勢區,汽車竊盜,2,50256,year_end_registered_population,3.9796243235
2018,臺中市,東區,住宅竊盜,3,76175,year_end_registered_population,3.9382999672
2018,臺中市,東區,強制性交,2,76175,year_end_registered_population,2.6255333115
2018,臺中市,東區,強盜,1,76175,year_end_registered_population,1.3127666557
2018,臺中市,東區,機車竊盜,16,76175,year_end_registered_population,21.0042664916
2018,臺中市,東區,毒品,109,76175,year_end_registered_population,143.0915654742
2018,臺中市,東區,汽車竊盜,6,76175,year_end_registered_population,7.8765999344
2018,臺中市,梧棲區,住宅竊盜,2,58218,year_end_registered_population,3.4353636332
2018,臺中市,梧棲區,強盜,1,58218,year_end_registered_population,1.7176818166
2018,臺中市,梧棲區,機車竊盜,6,58218,year_end_registered_population,10.3060908997
2018,臺中市,梧棲區,毒品,65,58218,year_end_registered_population,111.6493180803
2018,臺中市,梧棲區,汽車竊盜,5,58218,year_end_registered_population,8.5884090831
2018,臺中市,沙鹿區,住宅竊盜,1,94079,year_end_registered_population,1.0629364683
2018,臺中市,沙鹿區,強盜,1,94079,year_end_registered_population,1.0629364683
2018,臺中市,沙鹿區,機車竊盜,6,94079,year_end_registered_population,6.3776188097
2018,臺中市,沙鹿區,毒品,106,94079,year_end_registered_population,112.6712656385
2018,臺中市,沙鹿區,汽車竊盜,7,94079,year_end_registered_population,7.440555278
2018,臺中市,清水區,住宅竊盜,2,86862,year_end_registered_population,2.3025028206
2018,臺中市,清水區,強制性交,1,86862,year_end_registered_population,1.1512514103
2018,臺中市,清水區,強盜,2,86862,year_end_registered_population,2.3025028206
2018,臺中市,清水區,機車竊盜,7,86862,year_end_registered_population,8.058759872
2018,臺中市,清水區,毒品,62,86862,year_end_registered_population,71.3775874375
2018,臺中市,清水區,汽車竊盜,6,86862,year_end_registered_population,6.9075084617
2018,臺中市,潭子區,住宅竊盜,4,108952,year_end_registered_population,3.6713415082
2018,臺中市,潭子區,機車竊盜,7,108952,year_end_registered_population,6.4248476393
2018,臺中市,潭子區,毒品,76,108952,year_end_registered_population,69.7554886556
2018,臺中市,潭子區,汽車竊盜,8,108952,year_end_registered_population,7.3426830164
2018,臺中市,烏日區,強盜,1,75372,year_end_registered_population,1.3267526402
2018,臺中市,烏日區,機車竊盜,8,75372,year_end_registered_population,10.6140211219
2018,臺中市,烏日區,毒品,73,75372,year_end_registered_population,96.8529427374
2018,臺中市,烏日區,汽車竊盜,2,75372,year_end_registered_population,2.6535052805
2018,臺中市,石岡區,住宅竊盜,1,14956,year_end_registered_population,6.6862797539
2018,臺中市,石岡區,機車竊盜,1,14956,year_end_registered_population,6.6862797539
2018,臺中市,石岡區,毒品,9,14956,year_end_registered_population,60.1765177855
2018,臺中市,神岡區,住宅竊盜,7,65711,year_end_registered_population,10.6527065484
2018,臺中市,神岡區,強盜,1,65711,year_end_registered_population,1.5218152212
2018,臺中市,神岡區,搶奪,2,65711,year_end_registered_population,3.0436304424
2018,臺中市,神岡區,機車竊盜,11,65711,year_end_registered_population,16.7399674332
2018,臺中市,神岡區,毒品,48,65711,year_end_registered_population,73.0471306174
2018,臺中市,神岡區,汽車竊盜,4,65711,year_end_registered_population,6.0872608848
2018,臺中市,西區,住宅竊盜,3,115698,year_end_registered_population,2.5929575274
2018,臺中市,西區,強盜,1,115698,year_end_registered_population,0.8643191758
2018,臺中市,西區,搶奪,1,115698,year_end_registered_population,0.8643191758
2018,臺中市,西區,機車竊盜,15,115698,year_end_registered_population,12.9647876368
2018,臺中市,西區,毒品,107,115698,year_end_registered_population,92.482151809
2018,臺中市,西區,汽車竊盜,2,115698,year_end_registered_population,1.7286383516
2018,臺中市,西屯區,住宅竊盜,12,228630,year_end_registered_population,5.2486550321
2018,臺中市,西屯區,強制性交,1,228630,year_end_registered_population,0.4373879193
2018,臺中市,西屯區,強盜,6,228630,year_end_registered_population,2.6243275161
2018,臺中市,西屯區,搶奪,1,228630,year_end_registered_population,0.4373879193
2018,臺中市,西屯區,機車竊盜,25,228630,year_end_registered_population,10.9346979836
2018,臺中市,西屯區,毒品,392,228630,year_end_registered_population,171.4560643835
2018,臺中市,西屯區,汽車竊盜,4,228630,year_end_registered_population,1.7495516774
2018,臺中市,豐原區,住宅竊盜,11,167025,year_end_registered_population,6.585840443
2018,臺中市,豐原區,強制性交,1,167025,year_end_registered_population,0.5987127675
2018,臺中市,豐原區,強盜,2,167025,year_end_registered_population,1.1974255351
2018,臺中市,豐原區,機車竊盜,22,167025,year_end_registered_population,13.1716808861
2018,臺中市,豐原區,毒品,159,167025,year_end_registered_population,95.1953300404
2018,臺中市,豐原區,汽車竊盜,22,167025,year_end_registered_population,13.1716808861
2018,臺中市,霧峰區,機車竊盜,7,65619,year_end_registered_population,10.6676419939
2018,臺中市,霧峰區,毒品,56,65619,year_end_registered_population,85.3411359515
2018,臺中市,霧峰區,汽車竊盜,4,65619,year_end_registered_population,6.0957954251
2018,臺中市,龍井區,住宅竊盜,6,77998,year_end_registered_population,7.692504936
2018,臺中市,龍井區,強制性交,2,77998,year_end_registered_population,2.564168312
2018,臺中市,龍井區,機車竊盜,4,77998,year_end_registered_population,5.128336624
2018,臺中市,龍井區,毒品,55,77998,year_end_registered_population,70.5146285802
2018,臺中市,龍井區,汽車竊盜,4,77998,year_end_registered_population,5.128336624
2018,臺中市,龍井區,組織犯罪防制條例,1,77998,year_end_registered_population,1.282084156
2018,臺北市,中山區,住宅竊盜,40,229456,year_end_registered_population,17.4325360853
2018,臺北市,中山區,強制性交,4,229456,year_end_registered_population,1.7432536085
2018,臺北市,中山區,強盜,4,229456,year_end_registered_population,1.7432536085
2018,臺北市,中山區,搶奪,2,229456,year_end_registered_population,0.8716268043
2018,臺北市,中山區,機車竊盜,25,229456,year_end_registered_population,10.8953350533
2018,臺北市,中山區,毒品,619,229456,year_end_registered_population,269.7684959208
2018,臺北市,中山區,汽車竊盜,8,229456,year_end_registered_population,3.4865072171
2018,臺北市,中正區,住宅竊盜,23,159000,year_end_registered_population,14.465408805
2018,臺北市,中正區,搶奪,2,159000,year_end_registered_population,1.2578616352
2018,臺北市,中正區,機車竊盜,16,159000,year_end_registered_population,10.0628930818
2018,臺北市,中正區,毒品,130,159000,year_end_registered_population,81.7610062893
2018,臺北市,中正區,汽車竊盜,5,159000,year_end_registered_population,3.1446540881
2018,臺北市,信義區,住宅竊盜,20,223406,year_end_registered_population,8.9523110391
2018,臺北市,信義區,強制性交,1,223406,year_end_registered_population,0.447615552
2018,臺北市,信義區,強盜,2,223406,year_end_registered_population,0.8952311039
2018,臺北市,信義區,機車竊盜,17,223406,year_end_registered_population,7.6094643832
2018,臺北市,信義區,毒品,252,223406,year_end_registered_population,112.7991190926
2018,臺北市,信義區,汽車竊盜,5,223406,year_end_registered_population,2.2380777598
2018,臺北市,內湖區,住宅竊盜,30,287429,year_end_registered_population,10.4373601829
2018,臺北市,內湖區,強盜,1,287429,year_end_registered_population,0.3479120061
2018,臺北市,內湖區,搶奪,2,287429,year_end_registered_population,0.6958240122
2018,臺北市,內湖區,機車竊盜,11,287429,year_end_registered_population,3.827032067
2018,臺北市,內湖區,毒品,150,287429,year_end_registered_population,52.1868009143
2018,臺北市,內湖區,汽車竊盜,4,287429,year_end_registered_population,1.3916480244
2018,臺北市,北投區,住宅竊盜,48,255532,year_end_registered_population,18.7843401218
2018,臺北市,北投區,強制性交,7,255532,year_end_registered_population,2.7393829344
2018,臺北市,北投區,強盜,2,255532,year_end_registered_population,0.7826808384
2018,臺北市,北投區,搶奪,2,255532,year_end_registered_population,0.7826808384
2018,臺北市,北投區,機車竊盜,29,255532,year_end_registered_population,11.3488721569
2018,臺北市,北投區,毒品,184,255532,year_end_registered_population,72.0066371335
2018,臺北市,北投區,汽車竊盜,19,255532,year_end_registered_population,7.4354679649
2018,臺北市,南港區,住宅竊盜,29,121670,year_end_registered_population,23.8349634257
2018,臺北市,南港區,強制性交,1,121670,year_end_registered_population,0.8218952905
2018,臺北市,南港區,機車竊盜,10,121670,year_end_registered_population,8.2189529054
2018,臺北市,南港區,毒品,103,121670,year_end_registered_population,84.6552149256
2018,臺北市,南港區,汽車竊盜,5,121670,year_end_registered_population,4.1094764527
2018,臺北市,士林區,住宅竊盜,34,286544,year_end_registered_population,11.8655424647
2018,臺北市,士林區,強制性交,2,286544,year_end_registered_population,0.6979730862
2018,臺北市,士林區,強盜,3,286544,year_end_registered_population,1.0469596292
2018,臺北市,士林區,搶奪,1,286544,year_end_registered_population,0.3489865431
2018,臺北市,士林區,機車竊盜,33,286544,year_end_registered_population,11.5165559216
2018,臺北市,士林區,毒品,250,286544,year_end_registered_population,87.2466357697
2018,臺北市,士林區,汽車竊盜,7,286544,year_end_registered_population,2.4429058016
2018,臺北市,大同區,住宅竊盜,23,127625,year_end_registered_population,18.0215475024
2018,臺北市,大同區,強制性交,2,127625,year_end_registered_population,1.5670910872
2018,臺北市,大同區,搶奪,2,127625,year_end_registered_population,1.5670910872
2018,臺北市,大同區,機車竊盜,26,127625,year_end_registered_population,20.3721841332
2018,臺北市,大同區,毒品,253,127625,year_end_registered_population,198.2370225269
2018,臺北市,大同區,汽車竊盜,4,127625,year_end_registered_population,3.1341821743
2018,臺北市,大安區,住宅竊盜,32,308843,year_end_registered_population,10.3612515097
2018,臺北市,大安區,強制性交,1,308843,year_end_registered_population,0.3237891097
2018,臺北市,大安區,強盜,1,308843,year_end_registered_population,0.3237891097
2018,臺北市,大安區,機車竊盜,28,308843,year_end_registered_population,9.066095071
2018,臺北市,大安區,毒品,552,308843,year_end_registered_population,178.7315885418
2018,臺北市,大安區,汽車竊盜,11,308843,year_end_registered_population,3.5616802064
2018,臺北市,文山區,住宅竊盜,24,273762,year_end_registered_population,8.7667389923
2018,臺北市,文山區,強盜,1,273762,year_end_registered_population,0.3652807913
2018,臺北市,文山區,機車竊盜,15,273762,year_end_registered_population,5.4792118702
2018,臺北市,文山區,毒品,241,273762,year_end_registered_population,88.032670714
2018,臺北市,文山區,汽車竊盜,5,273762,year_end_registered_population,1.8264039567
2018,臺北市,松山區,住宅竊盜,11,205702,year_end_registered_population,5.3475415893
2018,臺北市,松山區,強制性交,2,205702,year_end_registered_population,0.972280289
2018,臺北市,松山區,機車竊盜,7,205702,year_end_registered_population,3.4029810114
2018,臺北市,松山區,毒品,331,205702,year_end_registered_population,160.9123878232
2018,臺北市,松山區,汽車竊盜,3,205702,year_end_registered_population,1.4584204334
2018,臺北市,萬華區,住宅竊盜,38,189603,year_end_registered_population,20.0418769745
2018,臺北市,萬華區,強制性交,2,189603,year_end_registered_population,1.0548356302
2018,臺北市,萬華區,強盜,2,189603,year_end_registered_population,1.0548356302
2018,臺北市,萬華區,搶奪,2,189603,year_end_registered_population,1.0548356302
2018,臺北市,萬華區,機車竊盜,27,189603,year_end_registered_population,14.2402810082
2018,臺北市,萬華區,毒品,761,189603,year_end_registered_population,401.3649573055
2018,臺北市,萬華區,汽車竊盜,15,189603,year_end_registered_population,7.9112672268
2018,臺南市,七股區,住宅竊盜,3,22732,year_end_registered_population,13.197254971
2018,臺南市,七股區,機車竊盜,1,22732,year_end_registered_population,4.3990849903
2018,臺南市,七股區,毒品,6,22732,year_end_registered_population,26.3945099419
2018,臺南市,下營區,住宅竊盜,3,23916,year_end_registered_population,12.5439036628
2018,臺南市,下營區,強制性交,1,23916,year_end_registered_population,4.1813012209
2018,臺南市,下營區,機車竊盜,2,23916,year_end_registered_population,8.3626024419
2018,臺南市,下營區,毒品,11,23916,year_end_registered_population,45.9943134303
2018,臺南市,中西區,住宅竊盜,22,78167,year_end_registered_population,28.1448693183
2018,臺南市,中西區,強制性交,1,78167,year_end_registered_population,1.2793122417
2018,臺南市,中西區,強盜,4,78167,year_end_registered_population,5.117248967
2018,臺南市,中西區,搶奪,1,78167,year_end_registered_population,1.2793122417
2018,臺南市,中西區,機車竊盜,15,78167,year_end_registered_population,19.1896836261
2018,臺南市,中西區,毒品,162,78167,year_end_registered_population,207.2485831617
2018,臺南市,中西區,汽車竊盜,2,78167,year_end_registered_population,2.5586244835
2018,臺南市,仁德區,住宅竊盜,13,75878,year_end_registered_population,17.1327657556
2018,臺南市,仁德區,強盜,3,75878,year_end_registered_population,3.9537151744
2018,臺南市,仁德區,搶奪,1,75878,year_end_registered_population,1.3179050581
2018,臺南市,仁德區,機車竊盜,10,75878,year_end_registered_population,13.1790505812
2018,臺南市,仁德區,毒品,103,75878,year_end_registered_population,135.7442209863
2018,臺南市,仁德區,汽車竊盜,8,75878,year_end_registered_population,10.543240465
2018,臺南市,佳里區,住宅竊盜,12,59083,year_end_registered_population,20.3104107781
2018,臺南市,佳里區,機車竊盜,3,59083,year_end_registered_population,5.0776026945
2018,臺南市,佳里區,毒品,42,59083,year_end_registered_population,71.0864377232
2018,臺南市,佳里區,汽車竊盜,5,59083,year_end_registered_population,8.4626711575
2018,臺南市,六甲區,住宅竊盜,1,22148,year_end_registered_population,4.5150803684
2018,臺南市,六甲區,毒品,43,22148,year_end_registered_population,194.1484558425
2018,臺南市,北區,住宅竊盜,55,132112,year_end_registered_population,41.6313431028
2018,臺南市,北區,強盜,1,132112,year_end_registered_population,0.756933511
2018,臺南市,北區,機車竊盜,9,132112,year_end_registered_population,6.8124015986
2018,臺南市,北區,毒品,216,132112,year_end_registered_population,163.4976383674
2018,臺南市,北區,汽車竊盜,7,132112,year_end_registered_population,5.2985345767
2018,臺南市,北門區,住宅竊盜,1,11051,year_end_registered_population,9.0489548457
2018,臺南市,北門區,毒品,22,11051,year_end_registered_population,199.0770066057
2018,臺南市,南化區,住宅竊盜,1,8724,year_end_registered_population,11.4626318203
2018,臺南市,南化區,機車竊盜,1,8724,year_end_registered_population,11.4626318203
2018,臺南市,南化區,毒品,6,8724,year_end_registered_population,68.7757909216
2018,臺南市,南化區,汽車竊盜,1,8724,year_end_registered_population,11.4626318203
2018,臺南市,南區,住宅竊盜,5,124824,year_end_registered_population,4.005639941
2018,臺南市,南區,強制性交,3,124824,year_end_registered_population,2.4033839646
2018,臺南市,南區,強盜,2,124824,year_end_registered_population,1.6022559764
2018,臺南市,南區,搶奪,2,124824,year_end_registered_population,1.6022559764
2018,臺南市,南區,機車竊盜,6,124824,year_end_registered_population,4.8067679292
2018,臺南市,南區,毒品,171,124824,year_end_registered_population,136.9928859835
2018,臺南市,南區,汽車竊盜,3,124824,year_end_registered_population,2.4033839646
2018,臺南市,善化區,住宅竊盜,8,48968,year_end_registered_population,16.337199804
2018,臺南市,善化區,機車竊盜,4,48968,year_end_registered_population,8.168599902
2018,臺南市,善化區,毒品,37,48968,year_end_registered_population,75.5595490933
2018,臺南市,善化區,汽車竊盜,1,48968,year_end_registered_population,2.0421499755
2018,臺南市,大內區,毒品,4,9605,year_end_registered_population,41.6449765747
2018,臺南市,學甲區,住宅竊盜,7,25665,year_end_registered_population,27.274498344
2018,臺南市,學甲區,強制性交,1,25665,year_end_registered_population,3.8963569063
2018,臺南市,學甲區,強盜,1,25665,year_end_registered_population,3.8963569063
2018,臺南市,學甲區,機車竊盜,1,25665,year_end_registered_population,3.8963569063
2018,臺南市,學甲區,毒品,32,25665,year_end_registered_population,124.6834210014
2018,臺南市,學甲區,汽車竊盜,1,25665,year_end_registered_population,3.8963569063
2018,臺南市,安南區,住宅竊盜,5,193438,year_end_registered_population,2.5848075352
2018,臺南市,安南區,機車竊盜,11,193438,year_end_registered_population,5.6865765775
2018,臺南市,安南區,毒品,242,193438,year_end_registered_population,125.1046847052
2018,臺南市,安南區,汽車竊盜,13,193438,year_end_registered_population,6.7204995916
2018,臺南市,安定區,住宅竊盜,4,30483,year_end_registered_population,13.1220680379
2018,臺南市,安定區,強制性交,2,30483,year_end_registered_population,6.561034019
2018,臺南市,安定區,機車竊盜,4,30483,year_end_registered_population,13.1220680379
2018,臺南市,安定區,毒品,47,30483,year_end_registered_population,154.1842994456
2018,臺南市,安定區,汽車竊盜,6,30483,year_end_registered_population,19.6831020569
2018,臺南市,安平區,住宅竊盜,8,66775,year_end_registered_population,11.9805316361
2018,臺南市,安平區,強制性交,1,66775,year_end_registered_population,1.4975664545
2018,臺南市,安平區,機車竊盜,4,66775,year_end_registered_population,5.990265818
2018,臺南市,安平區,毒品,48,66775,year_end_registered_population,71.8831898165
2018,臺南市,安平區,汽車竊盜,4,66775,year_end_registered_population,5.990265818
2018,臺南市,官田區,機車竊盜,2,21314,year_end_registered_population,9.3835038003
2018,臺南市,官田區,毒品,19,21314,year_end_registered_population,89.143286103
2018,臺南市,將軍區,住宅竊盜,1,19664,year_end_registered_population,5.0854353133
2018,臺南市,將軍區,強制性交,1,19664,year_end_registered_population,5.0854353133
2018,臺南市,將軍區,機車竊盜,1,19664,year_end_registered_population,5.0854353133
2018,臺南市,將軍區,毒品,26,19664,year_end_registered_population,132.2213181448
2018,臺南市,山上區,住宅竊盜,1,7317,year_end_registered_population,13.6668033347
2018,臺南市,山上區,毒品,5,7317,year_end_registered_population,68.3340166735
2018,臺南市,左鎮區,毒品,8,4781,year_end_registered_population,167.3290106672
2018,臺南市,後壁區,住宅竊盜,9,23346,year_end_registered_population,38.5505011565
2018,臺南市,後壁區,機車竊盜,3,23346,year_end_registered_population,12.8501670522
2018,臺南市,後壁區,毒品,29,23346,year_end_registered_population,124.2182815043
2018,臺南市,新化區,住宅竊盜,4,43456,year_end_registered_population,9.204712813
2018,臺南市,新化區,強制性交,1,43456,year_end_registered_population,2.3011782032
2018,臺南市,新化區,強盜,1,43456,year_end_registered_population,2.3011782032
2018,臺南市,新化區,機車竊盜,1,43456,year_end_registered_population,2.3011782032
2018,臺南市,新化區,毒品,41,43456,year_end_registered_population,94.3483063328
2018,臺南市,新化區,汽車竊盜,1,43456,year_end_registered_population,2.3011782032
2018,臺南市,新市區,住宅竊盜,5,36898,year_end_registered_population,13.5508699659
2018,臺南市,新市區,強盜,2,36898,year_end_registered_population,5.4203479863
2018,臺南市,新市區,搶奪,1,36898,year_end_registered_population,2.7101739932
2018,臺南市,新市區,毒品,41,36898,year_end_registered_population,111.11713372
2018,臺南市,新市區,汽車竊盜,1,36898,year_end_registered_population,2.7101739932
2018,臺南市,新營區,住宅竊盜,7,77617,year_end_registered_population,9.0186428231
2018,臺南市,新營區,強制性交,1,77617,year_end_registered_population,1.2883775462
2018,臺南市,新營區,強盜,2,77617,year_end_registered_population,2.5767550923
2018,臺南市,新營區,機車竊盜,5,77617,year_end_registered_population,6.4418877308
2018,臺南市,新營區,毒品,80,77617,year_end_registered_population,103.0702036925
2018,臺南市,新營區,汽車竊盜,9,77617,year_end_registered_population,11.5953979154
2018,臺南市,東區,住宅竊盜,23,186250,year_end_registered_population,12.3489932886
2018,臺南市,東區,強制性交,1,186250,year_end_registered_population,0.5369127517
2018,臺南市,東區,強盜,2,186250,year_end_registered_population,1.0738255034
2018,臺南市,東區,機車竊盜,10,186250,year_end_registered_population,5.3691275168
2018,臺南市,東區,毒品,145,186250,year_end_registered_population,77.8523489933
2018,臺南市,東區,汽車竊盜,5,186250,year_end_registered_population,2.6845637584
2018,臺南市,東山區,住宅竊盜,6,20788,year_end_registered_population,28.8628054647
2018,臺南市,東山區,強盜,1,20788,year_end_registered_population,4.8104675774
2018,臺南市,東山區,機車竊盜,3,20788,year_end_registered_population,14.4314027323
2018,臺南市,東山區,毒品,21,20788,year_end_registered_population,101.0198191264
2018,臺南市,柳營區,住宅竊盜,4,21205,year_end_registered_population,18.8634755954
2018,臺南市,柳營區,機車竊盜,2,21205,year_end_registered_population,9.4317377977
2018,臺南市,柳營區,毒品,25,21205,year_end_registered_population,117.8967224711
2018,臺南市,柳營區,汽車竊盜,1,21205,year_end_registered_population,4.7158688988
2018,臺南市,楠西區,毒品,7,9537,year_end_registered_population,73.3983432945
2018,臺南市,歸仁區,住宅竊盜,20,68403,year_end_registered_population,29.2384836922
2018,臺南市,歸仁區,強制性交,1,68403,year_end_registered_population,1.4619241846
2018,臺南市,歸仁區,機車竊盜,2,68403,year_end_registered_population,2.9238483692
2018,臺南市,歸仁區,毒品,67,68403,year_end_registered_population,97.948920369
2018,臺南市,歸仁區,汽車竊盜,5,68403,year_end_registered_population,7.3096209231
2018,臺南市,永康區,住宅竊盜,41,234891,year_end_registered_population,17.4549046153
2018,臺南市,永康區,強制性交,2,234891,year_end_registered_population,0.8514587617
2018,臺南市,永康區,強盜,5,234891,year_end_registered_population,2.1286469043
2018,臺南市,永康區,搶奪,1,234891,year_end_registered_population,0.4257293809
2018,臺南市,永康區,機車竊盜,17,234891,year_end_registered_population,7.2373994746
2018,臺南市,永康區,毒品,410,234891,year_end_registered_population,174.5490461533
2018,臺南市,永康區,汽車竊盜,11,234891,year_end_registered_population,4.6830231895
2018,臺南市,玉井區,住宅竊盜,1,13997,year_end_registered_population,7.1443880832
2018,臺南市,玉井區,機車竊盜,1,13997,year_end_registered_population,7.1443880832
2018,臺南市,玉井區,毒品,17,13997,year_end_registered_population,121.4545974137
2018,臺南市,白河區,住宅竊盜,7,28105,year_end_registered_population,24.9066002491
2018,臺南市,白河區,機車竊盜,2,28105,year_end_registered_population,7.1161714997
2018,臺南市,白河區,毒品,23,28105,year_end_registered_population,81.8359722469
2018,臺南市,西港區,住宅竊盜,4,24690,year_end_registered_population,16.200891049
2018,臺南市,西港區,毒品,29,24690,year_end_registered_population,117.4564601053
2018,臺南市,西港區,汽車竊盜,1,24690,year_end_registered_population,4.0502227623
2018,臺南市,關廟區,住宅竊盜,6,34353,year_end_registered_population,17.4657235176
2018,臺南市,關廟區,強盜,1,34353,year_end_registered_population,2.9109539196
2018,臺南市,關廟區,機車竊盜,1,34353,year_end_registered_population,2.9109539196
2018,臺南市,關廟區,毒品,43,34353,year_end_registered_population,125.1710185428
2018,臺南市,鹽水區,住宅竊盜,5,25395,year_end_registered_population,19.6889151408
2018,臺南市,鹽水區,強盜,2,25395,year_end_registered_population,7.8755660563
2018,臺南市,鹽水區,搶奪,3,25395,year_end_registered_population,11.8133490845
2018,臺南市,鹽水區,毒品,29,25395,year_end_registered_population,114.1957078165
2018,臺南市,鹽水區,汽車竊盜,2,25395,year_end_registered_population,7.8755660563
2018,臺南市,麻豆區,住宅竊盜,3,44260,year_end_registered_population,6.7781292363
2018,臺南市,麻豆區,強盜,2,44260,year_end_registered_population,4.5187528242
2018,臺南市,麻豆區,機車竊盜,3,44260,year_end_registered_population,6.7781292363
2018,臺南市,麻豆區,毒品,31,44260,year_end_registered_population,70.0406687754
2018,臺南市,麻豆區,汽車竊盜,1,44260,year_end_registered_population,2.2593764121
2018,臺南市,龍崎區,住宅竊盜,1,3995,year_end_registered_population,25.0312891114
2018,臺南市,龍崎區,機車竊盜,1,3995,year_end_registered_population,25.0312891114
2018,臺南市,龍崎區,毒品,3,3995,year_end_registered_population,75.0938673342
2018,臺東縣,卑南鄉,毒品,33,17269,year_end_registered_population,191.0938676241
2018,臺東縣,大武鄉,毒品,7,6046,year_end_registered_population,115.7790274562
2018,臺東縣,太麻里鄉,住宅竊盜,1,11147,year_end_registered_population,8.9710235938
2018,臺東縣,太麻里鄉,毒品,7,11147,year_end_registered_population,62.7971651565
2018,臺東縣,太麻里鄉,汽車竊盜,1,11147,year_end_registered_population,8.9710235938
2018,臺東縣,延平鄉,毒品,1,3628,year_end_registered_population,27.5633958104
2018,臺東縣,成功鎮,毒品,8,14059,year_end_registered_population,56.9030514261
2018,臺東縣,東河鄉,搶奪,1,8479,year_end_registered_population,11.7938436136
2018,臺東縣,東河鄉,毒品,2,8479,year_end_registered_population,23.5876872273
2018,臺東縣,池上鄉,毒品,5,8199,year_end_registered_population,60.983046713
2018,臺東縣,臺東市,住宅竊盜,1,105573,year_end_registered_population,0.9472118818
2018,臺東縣,臺東市,機車竊盜,14,105573,year_end_registered_population,13.2609663456
2018,臺東縣,臺東市,毒品,195,105573,year_end_registered_population,184.706316956
2018,臺東縣,蘭嶼鄉,機車竊盜,1,5157,year_end_registered_population,19.3911188676
2018,臺東縣,達仁鄉,毒品,1,3580,year_end_registered_population,27.9329608939
2018,臺東縣,長濱鄉,毒品,2,7182,year_end_registered_population,27.8473962684
2018,臺東縣,關山鎮,機車竊盜,2,8703,year_end_registered_population,22.9805814087
2018,臺東縣,關山鎮,毒品,2,8703,year_end_registered_population,22.9805814087
2018,臺東縣,關山鎮,汽車竊盜,1,8703,year_end_registered_population,11.4902907044
2018,臺東縣,鹿野鄉,住宅竊盜,1,7875,year_end_registered_population,12.6984126984
2018,臺東縣,鹿野鄉,機車竊盜,1,7875,year_end_registered_population,12.6984126984
2018,臺東縣,鹿野鄉,毒品,6,7875,year_end_registered_population,76.1904761905
2018,臺東縣,鹿野鄉,汽車竊盜,1,7875,year_end_registered_population,12.6984126984
2018,花蓮縣,光復鄉,住宅竊盜,3,12789,year_end_registered_population,23.4576589256
2018,花蓮縣,光復鄉,毒品,8,12789,year_end_registered_population,62.553757135
2018,花蓮縣,光復鄉,汽車竊盜,4,12789,year_end_registered_population,31.2768785675
2018,花蓮縣,卓溪鄉,毒品,1,6101,year_end_registered_population,16.3907556138
2018,花蓮縣,吉安鄉,住宅竊盜,6,83221,year_end_registered_population,7.2097187008
2018,花蓮縣,吉安鄉,強制性交,1,83221,year_end_registered_population,1.2016197835
2018,花蓮縣,吉安鄉,搶奪,2,83221,year_end_registered_population,2.4032395669
2018,花蓮縣,吉安鄉,機車竊盜,6,83221,year_end_registered_population,7.2097187008
2018,花蓮縣,吉安鄉,毒品,150,83221,year_end_registered_population,180.2429675202
2018,花蓮縣,吉安鄉,汽車竊盜,6,83221,year_end_registered_population,7.2097187008
2018,花蓮縣,壽豐鄉,住宅竊盜,2,17949,year_end_registered_population,11.1426820436
2018,花蓮縣,壽豐鄉,機車竊盜,2,17949,year_end_registered_population,11.1426820436
2018,花蓮縣,壽豐鄉,毒品,12,17949,year_end_registered_population,66.8560922614
2018,花蓮縣,富里鄉,毒品,7,10277,year_end_registered_population,68.1132626253
2018,花蓮縣,新城鄉,住宅竊盜,5,20159,year_end_registered_population,24.8028176001
2018,花蓮縣,新城鄉,強制性交,2,20159,year_end_registered_population,9.92112704
2018,花蓮縣,新城鄉,強盜,1,20159,year_end_registered_population,4.96056352
2018,花蓮縣,新城鄉,搶奪,1,20159,year_end_registered_population,4.96056352
2018,花蓮縣,新城鄉,機車竊盜,3,20159,year_end_registered_population,14.88169056
2018,花蓮縣,新城鄉,毒品,49,20159,year_end_registered_population,243.0676124808
2018,花蓮縣,新城鄉,汽車竊盜,2,20159,year_end_registered_population,9.92112704
2018,花蓮縣,玉里鎮,強盜,1,24007,year_end_registered_population,4.1654517432
2018,花蓮縣,玉里鎮,機車竊盜,2,24007,year_end_registered_population,8.3309034865
2018,花蓮縣,玉里鎮,毒品,55,24007,year_end_registered_population,229.0998458783
2018,花蓮縣,玉里鎮,汽車竊盜,2,24007,year_end_registered_population,8.3309034865
2018,花蓮縣,瑞穗鄉,強制性交,1,11668,year_end_registered_population,8.5704490915
2018,花蓮縣,瑞穗鄉,機車竊盜,1,11668,year_end_registered_population,8.5704490915
2018,花蓮縣,瑞穗鄉,毒品,12,11668,year_end_registered_population,102.8453890984
2018,花蓮縣,瑞穗鄉,汽車竊盜,1,11668,year_end_registered_population,8.5704490915
2018,花蓮縣,秀林鄉,住宅竊盜,7,15939,year_end_registered_population,43.9174352218
2018,花蓮縣,秀林鄉,強制性交,1,15939,year_end_registered_population,6.2739193174
2018,花蓮縣,秀林鄉,機車竊盜,1,15939,year_end_registered_population,6.2739193174
2018,花蓮縣,秀林鄉,毒品,32,15939,year_end_registered_population,200.7654181567
2018,花蓮縣,花蓮市,住宅竊盜,17,103841,year_end_registered_population,16.3711828661
2018,花蓮縣,花蓮市,強制性交,2,103841,year_end_registered_population,1.9260215137
2018,花蓮縣,花蓮市,強盜,1,103841,year_end_registered_population,0.9630107568
2018,花蓮縣,花蓮市,搶奪,1,103841,year_end_registered_population,0.9630107568
2018,花蓮縣,花蓮市,機車竊盜,10,103841,year_end_registered_population,9.6301075683
2018,花蓮縣,花蓮市,毒品,160,103841,year_end_registered_population,154.0817210928
2018,花蓮縣,花蓮市,汽車竊盜,23,103841,year_end_registered_population,22.1492474071
2018,花蓮縣,萬榮鄉,住宅竊盜,1,6419,year_end_registered_population,15.5787505842
2018,花蓮縣,萬榮鄉,毒品,7,6419,year_end_registered_population,109.0512540894
2018,花蓮縣,鳳林鎮,住宅竊盜,3,10846,year_end_registered_population,27.659966808
2018,花蓮縣,鳳林鎮,毒品,19,10846,year_end_registered_population,175.1797897843
2018,花蓮縣,鳳林鎮,汽車竊盜,1,10846,year_end_registered_population,9.219988936
2018,苗栗縣,三灣鄉,住宅竊盜,1,6613,year_end_registered_population,15.1217299259
2018,苗栗縣,三灣鄉,毒品,3,6613,year_end_registered_population,45.3651897777
2018,苗栗縣,三灣鄉,汽車竊盜,2,6613,year_end_registered_population,30.2434598518
2018,苗栗縣,三義鄉,強盜,1,16204,year_end_registered_population,6.1713157245
2018,苗栗縣,三義鄉,機車竊盜,1,16204,year_end_registered_population,6.1713157245
2018,苗栗縣,三義鄉,毒品,38,16204,year_end_registered_population,234.5099975315
2018,苗栗縣,三義鄉,汽車竊盜,3,16204,year_end_registered_population,18.5139471735
2018,苗栗縣,公館鄉,強盜,1,33261,year_end_registered_population,3.0065241574
2018,苗栗縣,公館鄉,機車竊盜,1,33261,year_end_registered_population,3.0065241574
2018,苗栗縣,公館鄉,毒品,37,33261,year_end_registered_population,111.2413938246
2018,苗栗縣,公館鄉,汽車竊盜,2,33261,year_end_registered_population,6.0130483148
2018,苗栗縣,卓蘭鎮,機車竊盜,1,16732,year_end_registered_population,5.9765718384
2018,苗栗縣,卓蘭鎮,毒品,18,16732,year_end_registered_population,107.5782930911
2018,苗栗縣,卓蘭鎮,汽車竊盜,1,16732,year_end_registered_population,5.9765718384
2018,苗栗縣,南庄鄉,住宅竊盜,1,10042,year_end_registered_population,9.9581756622
2018,苗栗縣,南庄鄉,毒品,8,10042,year_end_registered_population,79.6654052977
2018,苗栗縣,大湖鄉,住宅竊盜,2,14482,year_end_registered_population,13.8102472034
2018,苗栗縣,大湖鄉,機車竊盜,1,14482,year_end_registered_population,6.9051236017
2018,苗栗縣,大湖鄉,毒品,14,14482,year_end_registered_population,96.671730424
2018,苗栗縣,大湖鄉,汽車竊盜,2,14482,year_end_registered_population,13.8102472034
2018,苗栗縣,後龍鎮,住宅竊盜,21,36257,year_end_registered_population,57.91984996
2018,苗栗縣,後龍鎮,機車竊盜,1,36257,year_end_registered_population,2.7580880933
2018,苗栗縣,後龍鎮,毒品,24,36257,year_end_registered_population,66.19411424
2018,苗栗縣,後龍鎮,汽車竊盜,2,36257,year_end_registered_population,5.5161761867
2018,苗栗縣,泰安鄉,住宅竊盜,1,6039,year_end_registered_population,16.5590329525
2018,苗栗縣,泰安鄉,毒品,6,6039,year_end_registered_population,99.3541977149
2018,苗栗縣,獅潭鄉,機車竊盜,1,4331,year_end_registered_population,23.089355807
2018,苗栗縣,獅潭鄉,毒品,8,4331,year_end_registered_population,184.7148464558
2018,苗栗縣,獅潭鄉,汽車竊盜,1,4331,year_end_registered_population,23.089355807
2018,苗栗縣,竹南鎮,住宅竊盜,21,86130,year_end_registered_population,24.3817485197
2018,苗栗縣,竹南鎮,強盜,2,86130,year_end_registered_population,2.3220712876
2018,苗栗縣,竹南鎮,搶奪,1,86130,year_end_registered_population,1.1610356438
2018,苗栗縣,竹南鎮,機車竊盜,4,86130,year_end_registered_population,4.6441425752
2018,苗栗縣,竹南鎮,毒品,104,86130,year_end_registered_population,120.7477069546
2018,苗栗縣,竹南鎮,汽車竊盜,12,86130,year_end_registered_population,13.9324277255
2018,苗栗縣,苑裡鎮,住宅竊盜,6,45211,year_end_registered_population,13.2711065891
2018,苗栗縣,苑裡鎮,強制性交,1,45211,year_end_registered_population,2.2118510982
2018,苗栗縣,苑裡鎮,搶奪,1,45211,year_end_registered_population,2.2118510982
2018,苗栗縣,苑裡鎮,機車竊盜,2,45211,year_end_registered_population,4.4237021964
2018,苗栗縣,苑裡鎮,毒品,25,45211,year_end_registered_population,55.2962774546
2018,苗栗縣,苑裡鎮,汽車竊盜,1,45211,year_end_registered_population,2.2118510982
2018,苗栗縣,苗栗市,住宅竊盜,3,88216,year_end_registered_population,3.4007436293
2018,苗栗縣,苗栗市,機車竊盜,12,88216,year_end_registered_population,13.6029745171
2018,苗栗縣,苗栗市,毒品,130,88216,year_end_registered_population,147.3655572685
2018,苗栗縣,苗栗市,汽車竊盜,9,88216,year_end_registered_population,10.2022308878
2018,苗栗縣,西湖鄉,毒品,3,7033,year_end_registered_population,42.6560500498
2018,苗栗縣,通霄鎮,住宅竊盜,6,33992,year_end_registered_population,17.6512120499
2018,苗栗縣,通霄鎮,毒品,33,33992,year_end_registered_population,97.0816662744
2018,苗栗縣,通霄鎮,汽車竊盜,1,33992,year_end_registered_population,2.941868675
2018,苗栗縣,造橋鄉,強盜,1,12701,year_end_registered_population,7.8733957956
2018,苗栗縣,造橋鄉,毒品,9,12701,year_end_registered_population,70.8605621605
2018,苗栗縣,銅鑼鄉,住宅竊盜,1,17871,year_end_registered_population,5.5956577696
2018,苗栗縣,銅鑼鄉,毒品,14,17871,year_end_registered_population,78.339208774
2018,苗栗縣,頭份市,住宅竊盜,12,103081,year_end_registered_population,11.6413306041
2018,苗栗縣,頭份市,強盜,2,103081,year_end_registered_population,1.9402217673
2018,苗栗縣,頭份市,搶奪,1,103081,year_end_registered_population,0.9701108837
2018,苗栗縣,頭份市,機車竊盜,3,103081,year_end_registered_population,2.910332651
2018,苗栗縣,頭份市,毒品,185,103081,year_end_registered_population,179.4705134797
2018,苗栗縣,頭份市,汽車竊盜,17,103081,year_end_registered_population,16.4918850225
2018,苗栗縣,頭屋鄉,住宅竊盜,2,10667,year_end_registered_population,18.7494140808
2018,苗栗縣,頭屋鄉,機車竊盜,2,10667,year_end_registered_population,18.7494140808
2018,苗栗縣,頭屋鄉,毒品,12,10667,year_end_registered_population,112.4964844849
2018,連江縣,南竿鄉,住宅竊盜,1,7663,year_end_registered_population,13.049719431
2018,連江縣,南竿鄉,毒品,9,7663,year_end_registered_population,117.4474748793
2018,連江縣,東引鄉,毒品,1,1350,year_end_registered_population,74.0740740741
2018,金門縣,烈嶼鄉,住宅竊盜,2,12861,year_end_registered_population,15.5508902885
2018,金門縣,烈嶼鄉,強制性交,1,12861,year_end_registered_population,7.7754451442
2018,金門縣,烏坵鄉,住宅竊盜,1,682,year_end_registered_population,146.6275659824
2018,金門縣,金城鎮,住宅竊盜,8,43325,year_end_registered_population,18.4650894403
2018,金門縣,金城鎮,強制性交,2,43325,year_end_registered_population,4.6162723601
2018,金門縣,金城鎮,機車竊盜,2,43325,year_end_registered_population,4.6162723601
2018,金門縣,金城鎮,毒品,8,43325,year_end_registered_population,18.4650894403
2018,金門縣,金寧鄉,住宅竊盜,3,31765,year_end_registered_population,9.4443569967
2018,金門縣,金寧鄉,強制性交,1,31765,year_end_registered_population,3.1481189989
2018,金門縣,金寧鄉,機車竊盜,1,31765,year_end_registered_population,3.1481189989
2018,金門縣,金寧鄉,毒品,5,31765,year_end_registered_population,15.7405949945
2018,金門縣,金沙鎮,住宅竊盜,2,20784,year_end_registered_population,9.622786759
2018,金門縣,金沙鎮,毒品,2,20784,year_end_registered_population,9.622786759
2018,金門縣,金湖鎮,住宅竊盜,9,29856,year_end_registered_population,30.1446945338
2018,金門縣,金湖鎮,強制性交,2,29856,year_end_registered_population,6.6988210075
2018,金門縣,金湖鎮,機車竊盜,1,29856,year_end_registered_population,3.3494105038
2018,金門縣,金湖鎮,毒品,8,29856,year_end_registered_population,26.79528403
2018,雲林縣,二崙鄉,住宅竊盜,4,26855,year_end_registered_population,14.8948054366
2018,雲林縣,二崙鄉,毒品,10,26855,year_end_registered_population,37.2370135915
2018,雲林縣,二崙鄉,汽車竊盜,2,26855,year_end_registered_population,7.4474027183
2018,雲林縣,元長鄉,住宅竊盜,2,25643,year_end_registered_population,7.7993994462
2018,雲林縣,元長鄉,機車竊盜,1,25643,year_end_registered_population,3.8996997231
2018,雲林縣,元長鄉,毒品,23,25643,year_end_registered_population,89.6930936318
2018,雲林縣,元長鄉,汽車竊盜,1,25643,year_end_registered_population,3.8996997231
2018,雲林縣,北港鎮,住宅竊盜,10,39905,year_end_registered_population,25.0595163513
2018,雲林縣,北港鎮,機車竊盜,5,39905,year_end_registered_population,12.5297581757
2018,雲林縣,北港鎮,毒品,61,39905,year_end_registered_population,152.8630497431
2018,雲林縣,北港鎮,汽車竊盜,6,39905,year_end_registered_population,15.0357098108
2018,雲林縣,口湖鄉,住宅竊盜,6,27276,year_end_registered_population,21.9973603168
2018,雲林縣,口湖鄉,毒品,36,27276,year_end_registered_population,131.9841619006
2018,雲林縣,口湖鄉,汽車竊盜,4,27276,year_end_registered_population,14.6649068778
2018,雲林縣,古坑鄉,住宅竊盜,1,31358,year_end_registered_population,3.188978889
2018,雲林縣,古坑鄉,強制性交,1,31358,year_end_registered_population,3.188978889
2018,雲林縣,古坑鄉,機車竊盜,1,31358,year_end_registered_population,3.188978889
2018,雲林縣,古坑鄉,毒品,44,31358,year_end_registered_population,140.3150711142
2018,雲林縣,古坑鄉,汽車竊盜,2,31358,year_end_registered_population,6.3779577779
2018,雲林縣,四湖鄉,住宅竊盜,2,23209,year_end_registered_population,8.6173467189
2018,雲林縣,四湖鄉,機車竊盜,3,23209,year_end_registered_population,12.9260200784
2018,雲林縣,四湖鄉,毒品,22,23209,year_end_registered_population,94.7908139084
2018,雲林縣,四湖鄉,汽車竊盜,2,23209,year_end_registered_population,8.6173467189
2018,雲林縣,土庫鎮,住宅竊盜,3,28794,year_end_registered_population,10.4188372578
2018,雲林縣,土庫鎮,機車竊盜,1,28794,year_end_registered_population,3.4729457526
2018,雲林縣,土庫鎮,毒品,23,28794,year_end_registered_population,79.8777523095
2018,雲林縣,土庫鎮,汽車竊盜,1,28794,year_end_registered_population,3.4729457526
2018,雲林縣,大埤鄉,住宅竊盜,4,19030,year_end_registered_population,21.0194429848
2018,雲林縣,大埤鄉,毒品,22,19030,year_end_registered_population,115.6069364162
2018,雲林縣,大埤鄉,汽車竊盜,1,19030,year_end_registered_population,5.2548607462
2018,雲林縣,崙背鄉,機車竊盜,2,24345,year_end_registered_population,8.2152392688
2018,雲林縣,崙背鄉,毒品,14,24345,year_end_registered_population,57.5066748819
2018,雲林縣,崙背鄉,汽車竊盜,6,24345,year_end_registered_population,24.6457178065
2018,雲林縣,斗六市,住宅竊盜,23,108542,year_end_registered_population,21.1899541191
2018,雲林縣,斗六市,強制性交,5,108542,year_end_registered_population,4.606511765
2018,雲林縣,斗六市,強盜,1,108542,year_end_registered_population,0.921302353
2018,雲林縣,斗六市,機車竊盜,9,108542,year_end_registered_population,8.2917211771
2018,雲林縣,斗六市,毒品,201,108542,year_end_registered_population,185.1817729542
2018,雲林縣,斗六市,汽車竊盜,14,108542,year_end_registered_population,12.8982329421
2018,雲林縣,斗南鎮,住宅竊盜,10,44547,year_end_registered_population,22.4482007767
2018,雲林縣,斗南鎮,強制性交,1,44547,year_end_registered_population,2.2448200777
2018,雲林縣,斗南鎮,機車竊盜,4,44547,year_end_registered_population,8.9792803107
2018,雲林縣,斗南鎮,毒品,33,44547,year_end_registered_population,74.0790625631
2018,雲林縣,斗南鎮,汽車竊盜,4,44547,year_end_registered_population,8.9792803107
2018,雲林縣,東勢鄉,住宅竊盜,1,14766,year_end_registered_population,6.7723147772
2018,雲林縣,東勢鄉,毒品,20,14766,year_end_registered_population,135.4462955438
2018,雲林縣,東勢鄉,汽車竊盜,1,14766,year_end_registered_population,6.7723147772
2018,雲林縣,林內鄉,住宅竊盜,3,17995,year_end_registered_population,16.6712975827
2018,雲林縣,林內鄉,機車竊盜,3,17995,year_end_registered_population,16.6712975827
2018,雲林縣,林內鄉,毒品,33,17995,year_end_registered_population,183.3842734093
2018,雲林縣,林內鄉,汽車竊盜,1,17995,year_end_registered_population,5.5570991942
2018,雲林縣,水林鄉,住宅竊盜,2,25308,year_end_registered_population,7.9026394816
2018,雲林縣,水林鄉,機車竊盜,3,25308,year_end_registered_population,11.8539592224
2018,雲林縣,水林鄉,毒品,30,25308,year_end_registered_population,118.5395922238
2018,雲林縣,臺西鄉,住宅竊盜,3,23730,year_end_registered_population,12.6422250316
2018,雲林縣,臺西鄉,毒品,31,23730,year_end_registered_population,130.6363253266
2018,雲林縣,臺西鄉,汽車竊盜,1,23730,year_end_registered_population,4.2140750105
2018,雲林縣,莿桐鄉,住宅竊盜,4,28703,year_end_registered_population,13.9358255235
2018,雲林縣,莿桐鄉,毒品,21,28703,year_end_registered_population,73.1630839982
2018,雲林縣,莿桐鄉,汽車竊盜,3,28703,year_end_registered_population,10.4518691426
2018,雲林縣,虎尾鎮,住宅竊盜,6,70844,year_end_registered_population,8.4693128564
2018,雲林縣,虎尾鎮,強盜,1,70844,year_end_registered_population,1.4115521427
2018,雲林縣,虎尾鎮,搶奪,1,70844,year_end_registered_population,1.4115521427
2018,雲林縣,虎尾鎮,機車竊盜,16,70844,year_end_registered_population,22.5848342838
2018,雲林縣,虎尾鎮,毒品,97,70844,year_end_registered_population,136.9205578454
2018,雲林縣,虎尾鎮,汽車竊盜,7,70844,year_end_registered_population,9.8808649992
2018,雲林縣,褒忠鄉,住宅竊盜,1,12912,year_end_registered_population,7.7447335812
2018,雲林縣,褒忠鄉,毒品,9,12912,year_end_registered_population,69.7026022305
2018,雲林縣,西螺鎮,住宅竊盜,5,46064,year_end_registered_population,10.8544633553
2018,雲林縣,西螺鎮,機車竊盜,5,46064,year_end_registered_population,10.8544633553
2018,雲林縣,西螺鎮,毒品,24,46064,year_end_registered_population,52.1014241056
2018,雲林縣,西螺鎮,汽車竊盜,3,46064,year_end_registered_population,6.5126780132
2018,雲林縣,麥寮鄉,住宅竊盜,5,46196,year_end_registered_population,10.8234479176
2018,雲林縣,麥寮鄉,強盜,1,46196,year_end_registered_population,2.1646895835
2018,雲林縣,麥寮鄉,機車竊盜,9,46196,year_end_registered_population,19.4822062516
2018,雲林縣,麥寮鄉,毒品,107,46196,year_end_registered_population,231.621785436
2018,雲林縣,麥寮鄉,汽車竊盜,7,46196,year_end_registered_population,15.1528270846
2018,高雄市,三民區,住宅竊盜,3,340913,year_end_registered_population,0.8799899094
2018,高雄市,三民區,強制性交,1,340913,year_end_registered_population,0.2933299698
2018,高雄市,三民區,強盜,4,340913,year_end_registered_population,1.1733198793
2018,高雄市,三民區,搶奪,9,340913,year_end_registered_population,2.6399697283
2018,高雄市,三民區,機車竊盜,52,340913,year_end_registered_population,15.2531584304
2018,高雄市,三民區,毒品,368,340913,year_end_registered_population,107.9454288924
2018,高雄市,三民區,汽車竊盜,12,340913,year_end_registered_population,3.5199596378
2018,高雄市,仁武區,搶奪,1,87694,year_end_registered_population,1.1403288708
2018,高雄市,仁武區,機車竊盜,11,87694,year_end_registered_population,12.5436175793
2018,高雄市,仁武區,毒品,57,87694,year_end_registered_population,64.9987456382
2018,高雄市,仁武區,汽車竊盜,12,87694,year_end_registered_population,13.6839464502
2018,高雄市,內門區,機車竊盜,1,14437,year_end_registered_population,6.9266468103
2018,高雄市,內門區,毒品,15,14437,year_end_registered_population,103.8997021542
2018,高雄市,六龜區,毒品,29,12939,year_end_registered_population,224.1286034469
2018,高雄市,六龜區,汽車竊盜,1,12939,year_end_registered_population,7.7285725327
2018,高雄市,前金區,強制性交,1,26831,year_end_registered_population,3.7270321643
2018,高雄市,前金區,搶奪,2,26831,year_end_registered_population,7.4540643286
2018,高雄市,前金區,機車竊盜,5,26831,year_end_registered_population,18.6351608214
2018,高雄市,前金區,毒品,65,26831,year_end_registered_population,242.2570906787
2018,高雄市,前鎮區,強制性交,1,188340,year_end_registered_population,0.5309546565
2018,高雄市,前鎮區,搶奪,6,188340,year_end_registered_population,3.1857279388
2018,高雄市,前鎮區,機車竊盜,46,188340,year_end_registered_population,24.4239141977
2018,高雄市,前鎮區,毒品,161,188340,year_end_registered_population,85.483699692
2018,高雄市,前鎮區,汽車竊盜,14,188340,year_end_registered_population,7.4333651906
2018,高雄市,大寮區,搶奪,3,112421,year_end_registered_population,2.6685405752
2018,高雄市,大寮區,機車竊盜,19,112421,year_end_registered_population,16.900756976
2018,高雄市,大寮區,毒品,99,112421,year_end_registered_population,88.0618389803
2018,高雄市,大寮區,汽車竊盜,23,112421,year_end_registered_population,20.4588110762
2018,高雄市,大樹區,搶奪,1,42390,year_end_registered_population,2.359046945
2018,高雄市,大樹區,機車竊盜,5,42390,year_end_registered_population,11.7952347252
2018,高雄市,大樹區,毒品,53,42390,year_end_registered_population,125.0294880868
2018,高雄市,大樹區,汽車竊盜,4,42390,year_end_registered_population,9.4361877801
2018,高雄市,大社區,強盜,1,34604,year_end_registered_population,2.8898393249
2018,高雄市,大社區,機車竊盜,9,34604,year_end_registered_population,26.0085539244
2018,高雄市,大社區,毒品,39,34604,year_end_registered_population,112.7037336724
2018,高雄市,大社區,汽車竊盜,4,34604,year_end_registered_population,11.5593572997
2018,高雄市,小港區,強盜,1,157742,year_end_registered_population,0.633946571
2018,高雄市,小港區,機車竊盜,15,157742,year_end_registered_population,9.5091985647
2018,高雄市,小港區,毒品,167,157742,year_end_registered_population,105.8690773542
2018,高雄市,小港區,汽車竊盜,15,157742,year_end_registered_population,9.5091985647
2018,高雄市,岡山區,住宅竊盜,2,97103,year_end_registered_population,2.0596685993
2018,高雄市,岡山區,強盜,1,97103,year_end_registered_population,1.0298342997
2018,高雄市,岡山區,機車竊盜,10,97103,year_end_registered_population,10.2983429966
2018,高雄市,岡山區,毒品,170,97103,year_end_registered_population,175.0718309424
2018,高雄市,岡山區,汽車竊盜,6,97103,year_end_registered_population,6.179005798
2018,高雄市,左營區,住宅竊盜,1,196872,year_end_registered_population,0.507944248
2018,高雄市,左營區,強制性交,2,196872,year_end_registered_population,1.0158884961
2018,高雄市,左營區,強盜,1,196872,year_end_registered_population,0.507944248
2018,高雄市,左營區,搶奪,4,196872,year_end_registered_population,2.0317769922
2018,高雄市,左營區,機車竊盜,15,196872,year_end_registered_population,7.6191637206
2018,高雄市,左營區,毒品,166,196872,year_end_registered_population,84.3187451745
2018,高雄市,左營區,汽車竊盜,17,196872,year_end_registered_population,8.6350522167
2018,高雄市,彌陀區,住宅竊盜,1,19252,year_end_registered_population,5.1942655309
2018,高雄市,彌陀區,強制性交,1,19252,year_end_registered_population,5.1942655309
2018,高雄市,彌陀區,毒品,11,19252,year_end_registered_population,57.1369208394
2018,高雄市,新興區,強盜,1,51032,year_end_registered_population,1.9595547892
2018,高雄市,新興區,機車竊盜,8,51032,year_end_registered_population,15.6764383132
2018,高雄市,新興區,毒品,107,51032,year_end_registered_population,209.6723624393
2018,高雄市,新興區,汽車竊盜,1,51032,year_end_registered_population,1.9595547892
2018,高雄市,旗山區,住宅竊盜,4,36652,year_end_registered_population,10.9134562916
2018,高雄市,旗山區,搶奪,1,36652,year_end_registered_population,2.7283640729
2018,高雄市,旗山區,機車竊盜,1,36652,year_end_registered_population,2.7283640729
2018,高雄市,旗山區,毒品,31,36652,year_end_registered_population,84.57928626
2018,高雄市,旗山區,汽車竊盜,4,36652,year_end_registered_population,10.9134562916
2018,高雄市,旗津區,機車竊盜,6,28506,year_end_registered_population,21.0482003789
2018,高雄市,旗津區,毒品,72,28506,year_end_registered_population,252.5784045464
2018,高雄市,杉林區,住宅竊盜,3,11795,year_end_registered_population,25.4345061467
2018,高雄市,杉林區,強制性交,1,11795,year_end_registered_population,8.4781687156
2018,高雄市,杉林區,毒品,32,11795,year_end_registered_population,271.3013988978
2018,高雄市,林園區,強制性交,1,69870,year_end_registered_population,1.4312294261
2018,高雄市,林園區,機車竊盜,12,69870,year_end_registered_population,17.1747531129
2018,高雄市,林園區,毒品,88,69870,year_end_registered_population,125.9481894948
2018,高雄市,林園區,汽車竊盜,3,69870,year_end_registered_population,4.2936882782
2018,高雄市,桃源區,毒品,2,4311,year_end_registered_population,46.3929482719
2018,高雄市,梓官區,強盜,1,35940,year_end_registered_population,2.7824151363
2018,高雄市,梓官區,機車竊盜,3,35940,year_end_registered_population,8.347245409
2018,高雄市,梓官區,毒品,27,35940,year_end_registered_population,75.1252086811
2018,高雄市,梓官區,汽車竊盜,1,35940,year_end_registered_population,2.7824151363
2018,高雄市,楠梓區,住宅竊盜,1,185687,year_end_registered_population,0.5385406625
2018,高雄市,楠梓區,搶奪,4,185687,year_end_registered_population,2.1541626501
2018,高雄市,楠梓區,機車竊盜,32,185687,year_end_registered_population,17.2333012004
2018,高雄市,楠梓區,毒品,136,185687,year_end_registered_population,73.2415301017
2018,高雄市,楠梓區,汽車竊盜,17,185687,year_end_registered_population,9.1551912627
2018,高雄市,橋頭區,住宅竊盜,1,37650,year_end_registered_population,2.6560424967
2018,高雄市,橋頭區,機車竊盜,4,37650,year_end_registered_population,10.6241699867
2018,高雄市,橋頭區,毒品,40,37650,year_end_registered_population,106.2416998672
2018,高雄市,橋頭區,汽車竊盜,3,37650,year_end_registered_population,7.96812749
2018,高雄市,永安區,強盜,1,13909,year_end_registered_population,7.1895894744
2018,高雄市,永安區,機車竊盜,2,13909,year_end_registered_population,14.3791789489
2018,高雄市,永安區,毒品,14,13909,year_end_registered_population,100.6542526422
2018,高雄市,湖內區,住宅竊盜,2,29794,year_end_registered_population,6.7127609586
2018,高雄市,湖內區,強盜,1,29794,year_end_registered_population,3.3563804793
2018,高雄市,湖內區,機車竊盜,2,29794,year_end_registered_population,6.7127609586
2018,高雄市,湖內區,毒品,45,29794,year_end_registered_population,151.0371215681
2018,高雄市,湖內區,汽車竊盜,5,29794,year_end_registered_population,16.7819023965
2018,高雄市,燕巢區,住宅竊盜,1,29820,year_end_registered_population,3.3534540577
2018,高雄市,燕巢區,機車竊盜,1,29820,year_end_registered_population,3.3534540577
2018,高雄市,燕巢區,毒品,34,29820,year_end_registered_population,114.0174379611
2018,高雄市,燕巢區,汽車竊盜,7,29820,year_end_registered_population,23.4741784038
2018,高雄市,田寮區,毒品,7,7159,year_end_registered_population,97.7790194161
2018,高雄市,甲仙區,住宅竊盜,1,6026,year_end_registered_population,16.5947560571
2018,高雄市,甲仙區,毒品,5,6026,year_end_registered_population,82.9737802854
2018,高雄市,甲仙區,汽車竊盜,1,6026,year_end_registered_population,16.5947560571
2018,高雄市,美濃區,住宅竊盜,4,39589,year_end_registered_population,10.1038167168
2018,高雄市,美濃區,機車竊盜,5,39589,year_end_registered_population,12.629770896
2018,高雄市,美濃區,毒品,56,39589,year_end_registered_population,141.4534340347
2018,高雄市,美濃區,汽車竊盜,3,39589,year_end_registered_population,7.5778625376
2018,高雄市,苓雅區,住宅竊盜,7,169648,year_end_registered_population,4.1261907007
2018,高雄市,苓雅區,強制性交,1,169648,year_end_registered_population,0.5894558144
2018,高雄市,苓雅區,強盜,2,169648,year_end_registered_population,1.1789116288
2018,高雄市,苓雅區,搶奪,2,169648,year_end_registered_population,1.1789116288
2018,高雄市,苓雅區,機車竊盜,21,169648,year_end_registered_population,12.3785721022
2018,高雄市,苓雅區,毒品,186,169648,year_end_registered_population,109.6387814769
2018,高雄市,苓雅區,汽車竊盜,12,169648,year_end_registered_population,7.0734697727
2018,高雄市,茂林區,汽車竊盜,1,1994,year_end_registered_population,50.1504513541
2018,高雄市,茄萣區,住宅竊盜,1,30089,year_end_registered_population,3.3234736947
2018,高雄市,茄萣區,機車竊盜,2,30089,year_end_registered_population,6.6469473894
2018,高雄市,茄萣區,毒品,35,30089,year_end_registered_population,116.3215793147
2018,高雄市,茄萣區,汽車竊盜,2,30089,year_end_registered_population,6.6469473894
2018,高雄市,路竹區,住宅竊盜,1,52538,year_end_registered_population,1.9033842171
2018,高雄市,路竹區,強盜,1,52538,year_end_registered_population,1.9033842171
2018,高雄市,路竹區,機車竊盜,2,52538,year_end_registered_population,3.8067684343
2018,高雄市,路竹區,毒品,78,52538,year_end_registered_population,148.4639689368
2018,高雄市,路竹區,汽車竊盜,4,52538,year_end_registered_population,7.6135368686
2018,高雄市,阿蓮區,住宅竊盜,1,28658,year_end_registered_population,3.4894270361
2018,高雄市,阿蓮區,機車竊盜,1,28658,year_end_registered_population,3.4894270361
2018,高雄市,阿蓮區,毒品,50,28658,year_end_registered_population,174.471351804
2018,高雄市,鳥松區,住宅竊盜,1,44469,year_end_registered_population,2.2487575614
2018,高雄市,鳥松區,強制性交,1,44469,year_end_registered_population,2.2487575614
2018,高雄市,鳥松區,機車竊盜,3,44469,year_end_registered_population,6.7462726843
2018,高雄市,鳥松區,毒品,70,44469,year_end_registered_population,157.4130293013
2018,高雄市,鳥松區,汽車竊盜,4,44469,year_end_registered_population,8.9950302458
2018,高雄市,鳳山區,住宅竊盜,22,359519,year_end_registered_population,6.1192871587
2018,高雄市,鳳山區,強盜,2,359519,year_end_registered_population,0.5562988326
2018,高雄市,鳳山區,搶奪,7,359519,year_end_registered_population,1.9470459141
2018,高雄市,鳳山區,毒品,305,359519,year_end_registered_population,84.8355719726
2018,高雄市,鳳山區,汽車竊盜,39,359519,year_end_registered_population,10.8478272358
2018,高雄市,鹽埕區,住宅竊盜,4,24059,year_end_registered_population,16.6257949208
2018,高雄市,鹽埕區,機車竊盜,1,24059,year_end_registered_population,4.1564487302
2018,高雄市,鹽埕區,毒品,27,24059,year_end_registered_population,112.2241157155
2018,高雄市,鹽埕區,汽車竊盜,2,24059,year_end_registered_population,8.3128974604
2018,高雄市,鼓山區,強制性交,1,140133,year_end_registered_population,0.7136077869
2018,高雄市,鼓山區,搶奪,1,140133,year_end_registered_population,0.7136077869
2018,高雄市,鼓山區,機車竊盜,6,140133,year_end_registered_population,4.2816467213
2018,高雄市,鼓山區,毒品,140,140133,year_end_registered_population,99.9050901643
2018,高雄市,鼓山區,汽車竊盜,3,140133,year_end_registered_population,2.1408233607
2019,南投縣,中寮鄉,住宅竊盜,6,14495,year_end_registered_population,41.3935839945
2019,南投縣,中寮鄉,搶奪,1,14495,year_end_registered_population,6.8989306657
2019,南投縣,中寮鄉,毒品,13,14495,year_end_registered_population,89.6860986547
2019,南投縣,仁愛鄉,強制性交,3,15905,year_end_registered_population,18.8619930839
2019,南投縣,仁愛鄉,機車竊盜,2,15905,year_end_registered_population,12.574662056
2019,南投縣,仁愛鄉,毒品,13,15905,year_end_registered_population,81.7353033637
2019,南投縣,信義鄉,住宅竊盜,3,16006,year_end_registered_population,18.7429713857
2019,南投縣,信義鄉,強制性交,2,16006,year_end_registered_population,12.4953142572
2019,南投縣,信義鄉,搶奪,1,16006,year_end_registered_population,6.2476571286
2019,南投縣,信義鄉,機車竊盜,3,16006,year_end_registered_population,18.7429713857
2019,南投縣,信義鄉,毒品,7,16006,year_end_registered_population,43.7335999
2019,南投縣,信義鄉,汽車竊盜,2,16006,year_end_registered_population,12.4953142572
2019,南投縣,南投市,住宅竊盜,23,99199,year_end_registered_population,23.185717598
2019,南投縣,南投市,強制性交,4,99199,year_end_registered_population,4.0322987127
2019,南投縣,南投市,強盜,2,99199,year_end_registered_population,2.0161493563
2019,南投縣,南投市,機車竊盜,11,99199,year_end_registered_population,11.0888214599
2019,南投縣,南投市,毒品,120,99199,year_end_registered_population,120.9689613807
2019,南投縣,南投市,汽車竊盜,9,99199,year_end_registered_population,9.0726721035
2019,南投縣,名間鄉,住宅竊盜,9,37951,year_end_registered_population,23.7147901241
2019,南投縣,名間鄉,強制性交,1,37951,year_end_registered_population,2.6349766805
2019,南投縣,名間鄉,搶奪,1,37951,year_end_registered_population,2.6349766805
2019,南投縣,名間鄉,機車竊盜,4,37951,year_end_registered_population,10.5399067218
2019,南投縣,名間鄉,毒品,30,37951,year_end_registered_population,79.0493004137
2019,南投縣,名間鄉,汽車竊盜,5,37951,year_end_registered_population,13.1748834023
2019,南投縣,國姓鄉,住宅竊盜,5,18245,year_end_registered_population,27.4047684297
2019,南投縣,國姓鄉,機車竊盜,2,18245,year_end_registered_population,10.9619073719
2019,南投縣,國姓鄉,毒品,37,18245,year_end_registered_population,202.7952863798
2019,南投縣,埔里鎮,住宅竊盜,10,79789,year_end_registered_population,12.533055935
2019,南投縣,埔里鎮,強制性交,6,79789,year_end_registered_population,7.519833561
2019,南投縣,埔里鎮,強盜,1,79789,year_end_registered_population,1.2533055935
2019,南投縣,埔里鎮,機車竊盜,20,79789,year_end_registered_population,25.0661118701
2019,南投縣,埔里鎮,毒品,92,79789,year_end_registered_population,115.3041146023
2019,南投縣,埔里鎮,汽車竊盜,17,79789,year_end_registered_population,21.3061950895
2019,南投縣,水里鄉,住宅竊盜,1,17247,year_end_registered_population,5.7981098162
2019,南投縣,水里鄉,強制性交,1,17247,year_end_registered_population,5.7981098162
2019,南投縣,水里鄉,機車竊盜,4,17247,year_end_registered_population,23.1924392648
2019,南投縣,水里鄉,毒品,27,17247,year_end_registered_population,156.5489650374
2019,南投縣,水里鄉,汽車竊盜,3,17247,year_end_registered_population,17.3943294486
2019,南投縣,水里鄉,組織犯罪防制條例,1,17247,year_end_registered_population,5.7981098162
2019,南投縣,竹山鎮,住宅竊盜,7,53932,year_end_registered_population,12.9793072758
2019,南投縣,竹山鎮,搶奪,1,53932,year_end_registered_population,1.8541867537
2019,南投縣,竹山鎮,機車竊盜,4,53932,year_end_registered_population,7.4167470148
2019,南投縣,竹山鎮,毒品,48,53932,year_end_registered_population,89.0009641771
2019,南投縣,竹山鎮,汽車竊盜,5,53932,year_end_registered_population,9.2709337684
2019,南投縣,草屯鎮,住宅竊盜,23,97608,year_end_registered_population,23.5636423244
2019,南投縣,草屯鎮,強制性交,3,97608,year_end_registered_population,3.0735185641
2019,南投縣,草屯鎮,強盜,1,97608,year_end_registered_population,1.024506188
2019,南投縣,草屯鎮,機車竊盜,16,97608,year_end_registered_population,16.3920990083
2019,南投縣,草屯鎮,毒品,89,97608,year_end_registered_population,91.1810507335
2019,南投縣,草屯鎮,汽車竊盜,9,97608,year_end_registered_population,9.2205556922
2019,南投縣,集集鎮,住宅竊盜,4,10615,year_end_registered_population,37.6825247292
2019,南投縣,集集鎮,強盜,1,10615,year_end_registered_population,9.4206311823
2019,南投縣,集集鎮,毒品,16,10615,year_end_registered_population,150.7300989166
2019,南投縣,魚池鄉,住宅竊盜,2,15611,year_end_registered_population,12.8114790853
2019,南投縣,魚池鄉,毒品,26,15611,year_end_registered_population,166.5492281084
2019,南投縣,魚池鄉,汽車竊盜,1,15611,year_end_registered_population,6.4057395426
2019,南投縣,鹿谷鄉,住宅竊盜,2,17509,year_end_registered_population,11.4226968987
2019,南投縣,鹿谷鄉,毒品,13,17509,year_end_registered_population,74.2475298418
2019,嘉義市,東區,住宅竊盜,2,120825,year_end_registered_population,1.6552865715
2019,嘉義市,東區,強制性交,7,120825,year_end_registered_population,5.7935030002
2019,嘉義市,東區,強盜,2,120825,year_end_registered_population,1.6552865715
2019,嘉義市,東區,搶奪,1,120825,year_end_registered_population,0.8276432857
2019,嘉義市,東區,機車竊盜,4,120825,year_end_registered_population,3.310573143
2019,嘉義市,東區,毒品,144,120825,year_end_registered_population,119.1806331471
2019,嘉義市,東區,汽車竊盜,6,120825,year_end_registered_population,4.9658597145
2019,嘉義市,西區,住宅竊盜,7,146865,year_end_registered_population,4.7662819596
2019,嘉義市,西區,強制性交,4,146865,year_end_registered_population,2.7235896912
2019,嘉義市,西區,強盜,1,146865,year_end_registered_population,0.6808974228
2019,嘉義市,西區,搶奪,2,146865,year_end_registered_population,1.3617948456
2019,嘉義市,西區,機車竊盜,8,146865,year_end_registered_population,5.4471793824
2019,嘉義市,西區,毒品,248,146865,year_end_registered_population,168.8625608552
2019,嘉義市,西區,汽車竊盜,10,146865,year_end_registered_population,6.808974228
2019,嘉義縣,中埔鄉,毒品,48,44325,year_end_registered_population,108.2910321489
2019,嘉義縣,中埔鄉,汽車竊盜,2,44325,year_end_registered_population,4.5121263395
2019,嘉義縣,六腳鄉,住宅竊盜,3,22540,year_end_registered_population,13.3096716948
2019,嘉義縣,六腳鄉,毒品,20,22540,year_end_registered_population,88.7311446318
2019,嘉義縣,六腳鄉,汽車竊盜,1,22540,year_end_registered_population,4.4365572316
2019,嘉義縣,大埔鄉,毒品,1,4596,year_end_registered_population,21.7580504787
2019,嘉義縣,大林鎮,機車竊盜,5,30684,year_end_registered_population,16.295137531
2019,嘉義縣,大林鎮,毒品,35,30684,year_end_registered_population,114.0659627167
2019,嘉義縣,大林鎮,汽車竊盜,2,30684,year_end_registered_population,6.5180550124
2019,嘉義縣,太保市,強制性交,3,38301,year_end_registered_population,7.8326936634
2019,嘉義縣,太保市,機車竊盜,2,38301,year_end_registered_population,5.2217957756
2019,嘉義縣,太保市,毒品,31,38301,year_end_registered_population,80.9378345213
2019,嘉義縣,太保市,汽車竊盜,3,38301,year_end_registered_population,7.8326936634
2019,嘉義縣,布袋鎮,機車竊盜,2,26381,year_end_registered_population,7.5812137523
2019,嘉義縣,布袋鎮,毒品,9,26381,year_end_registered_population,34.1154618854
2019,嘉義縣,新港鄉,機車竊盜,1,31420,year_end_registered_population,3.1826861871
2019,嘉義縣,新港鄉,毒品,13,31420,year_end_registered_population,41.3749204328
2019,嘉義縣,新港鄉,汽車竊盜,2,31420,year_end_registered_population,6.3653723743
2019,嘉義縣,朴子市,住宅竊盜,1,41855,year_end_registered_population,2.3892008123
2019,嘉義縣,朴子市,強制性交,1,41855,year_end_registered_population,2.3892008123
2019,嘉義縣,朴子市,機車竊盜,3,41855,year_end_registered_population,7.167602437
2019,嘉義縣,朴子市,毒品,18,41855,year_end_registered_population,43.0056146219
2019,嘉義縣,朴子市,汽車竊盜,4,41855,year_end_registered_population,9.5568032493
2019,嘉義縣,東石鄉,住宅竊盜,2,24194,year_end_registered_population,8.2665123584
2019,嘉義縣,東石鄉,機車竊盜,2,24194,year_end_registered_population,8.2665123584
2019,嘉義縣,東石鄉,毒品,11,24194,year_end_registered_population,45.4658179714
2019,嘉義縣,梅山鄉,住宅竊盜,3,18963,year_end_registered_population,15.820281601
2019,嘉義縣,梅山鄉,毒品,38,18963,year_end_registered_population,200.3902336128
2019,嘉義縣,民雄鄉,機車竊盜,2,71362,year_end_registered_population,2.8026120344
2019,嘉義縣,民雄鄉,毒品,46,71362,year_end_registered_population,64.4600767916
2019,嘉義縣,民雄鄉,汽車竊盜,4,71362,year_end_registered_population,5.6052240688
2019,嘉義縣,水上鄉,強盜,3,49195,year_end_registered_population,6.0981807094
2019,嘉義縣,水上鄉,機車竊盜,4,49195,year_end_registered_population,8.1309076126
2019,嘉義縣,水上鄉,毒品,62,49195,year_end_registered_population,126.0290679947
2019,嘉義縣,水上鄉,汽車竊盜,1,49195,year_end_registered_population,2.0327269031
2019,嘉義縣,溪口鄉,毒品,4,14283,year_end_registered_population,28.005321011
2019,嘉義縣,番路鄉,毒品,5,11262,year_end_registered_population,44.3970875511
2019,嘉義縣,竹崎鄉,住宅竊盜,3,35207,year_end_registered_population,8.5210327492
2019,嘉義縣,竹崎鄉,毒品,27,35207,year_end_registered_population,76.6892947425
2019,嘉義縣,竹崎鄉,汽車竊盜,2,35207,year_end_registered_population,5.6806884994
2019,嘉義縣,義竹鄉,住宅竊盜,1,17883,year_end_registered_population,5.5919029246
2019,嘉義縣,義竹鄉,毒品,8,17883,year_end_registered_population,44.7352233965
2019,嘉義縣,阿里山鄉,毒品,1,5544,year_end_registered_population,18.0375180375
2019,嘉義縣,鹿草鄉,強制性交,1,15118,year_end_registered_population,6.614631565
2019,嘉義縣,鹿草鄉,機車竊盜,3,15118,year_end_registered_population,19.8438946951
2019,嘉義縣,鹿草鄉,毒品,2,15118,year_end_registered_population,13.22926313
2019,基隆市,七堵區,住宅竊盜,11,53732,year_end_registered_population,20.4719720092
2019,基隆市,七堵區,強制性交,1,53732,year_end_registered_population,1.8610883645
2019,基隆市,七堵區,機車竊盜,7,53732,year_end_registered_population,13.0276185513
2019,基隆市,七堵區,毒品,167,53732,year_end_registered_population,310.8017568674
2019,基隆市,七堵區,汽車竊盜,2,53732,year_end_registered_population,3.722176729
2019,基隆市,中山區,住宅竊盜,9,46897,year_end_registered_population,19.1909930273
2019,基隆市,中山區,強制性交,2,46897,year_end_registered_population,4.2646651172
2019,基隆市,中山區,強盜,1,46897,year_end_registered_population,2.1323325586
2019,基隆市,中山區,搶奪,1,46897,year_end_registered_population,2.1323325586
2019,基隆市,中山區,機車竊盜,4,46897,year_end_registered_population,8.5293302343
2019,基隆市,中山區,毒品,102,46897,year_end_registered_population,217.4979209758
2019,基隆市,中山區,汽車竊盜,3,46897,year_end_registered_population,6.3969976758
2019,基隆市,中正區,住宅竊盜,11,51483,year_end_registered_population,21.3662762465
2019,基隆市,中正區,強制性交,2,51483,year_end_registered_population,3.8847774994
2019,基隆市,中正區,機車竊盜,5,51483,year_end_registered_population,9.7119437484
2019,基隆市,中正區,毒品,137,51483,year_end_registered_population,266.1072587068
2019,基隆市,中正區,組織犯罪防制條例,1,51483,year_end_registered_population,1.9423887497
2019,基隆市,仁愛區,住宅竊盜,7,43201,year_end_registered_population,16.2033286267
2019,基隆市,仁愛區,強制性交,1,43201,year_end_registered_population,2.3147612324
2019,基隆市,仁愛區,強盜,2,43201,year_end_registered_population,4.6295224648
2019,基隆市,仁愛區,搶奪,2,43201,year_end_registered_population,4.6295224648
2019,基隆市,仁愛區,機車竊盜,2,43201,year_end_registered_population,4.6295224648
2019,基隆市,仁愛區,毒品,207,43201,year_end_registered_population,479.1555751024
2019,基隆市,仁愛區,汽車竊盜,2,43201,year_end_registered_population,4.6295224648
2019,基隆市,信義區,住宅竊盜,9,52778,year_end_registered_population,17.0525597787
2019,基隆市,信義區,強制性交,1,52778,year_end_registered_population,1.8947288643
2019,基隆市,信義區,機車竊盜,4,52778,year_end_registered_population,7.5789154572
2019,基隆市,信義區,毒品,89,52778,year_end_registered_population,168.6308689227
2019,基隆市,信義區,汽車竊盜,1,52778,year_end_registered_population,1.8947288643
2019,基隆市,安樂區,住宅竊盜,11,82267,year_end_registered_population,13.3710965515
2019,基隆市,安樂區,強制性交,5,82267,year_end_registered_population,6.0777711598
2019,基隆市,安樂區,機車竊盜,2,82267,year_end_registered_population,2.4311084639
2019,基隆市,安樂區,毒品,133,82267,year_end_registered_population,161.6687128496
2019,基隆市,安樂區,汽車竊盜,3,82267,year_end_registered_population,3.6466626959
2019,基隆市,暖暖區,住宅竊盜,9,38535,year_end_registered_population,23.3553912028
2019,基隆市,暖暖區,機車竊盜,3,38535,year_end_registered_population,7.7851304009
2019,基隆市,暖暖區,毒品,68,38535,year_end_registered_population,176.4629557545
2019,宜蘭縣,三星鄉,住宅竊盜,6,21278,year_end_registered_population,28.1981389228
2019,宜蘭縣,三星鄉,機車竊盜,1,21278,year_end_registered_population,4.6996898205
2019,宜蘭縣,三星鄉,毒品,25,21278,year_end_registered_population,117.4922455118
2019,宜蘭縣,三星鄉,汽車竊盜,5,21278,year_end_registered_population,23.4984491024
2019,宜蘭縣,五結鄉,住宅竊盜,2,39959,year_end_registered_population,5.0051302585
2019,宜蘭縣,五結鄉,機車竊盜,7,39959,year_end_registered_population,17.5179559048
2019,宜蘭縣,五結鄉,毒品,43,39959,year_end_registered_population,107.6103005581
2019,宜蘭縣,五結鄉,汽車竊盜,5,39959,year_end_registered_population,12.5128256463
2019,宜蘭縣,冬山鄉,強制性交,1,53103,year_end_registered_population,1.8831327797
2019,宜蘭縣,冬山鄉,強盜,1,53103,year_end_registered_population,1.8831327797
2019,宜蘭縣,冬山鄉,機車竊盜,9,53103,year_end_registered_population,16.9481950172
2019,宜蘭縣,冬山鄉,毒品,41,53103,year_end_registered_population,77.2084439674
2019,宜蘭縣,冬山鄉,汽車竊盜,8,53103,year_end_registered_population,15.0650622375
2019,宜蘭縣,南澳鄉,毒品,3,5970,year_end_registered_population,50.2512562814
2019,宜蘭縣,員山鄉,住宅竊盜,6,32284,year_end_registered_population,18.5850576137
2019,宜蘭縣,員山鄉,強制性交,1,32284,year_end_registered_population,3.0975096023
2019,宜蘭縣,員山鄉,搶奪,1,32284,year_end_registered_population,3.0975096023
2019,宜蘭縣,員山鄉,機車竊盜,1,32284,year_end_registered_population,3.0975096023
2019,宜蘭縣,員山鄉,毒品,54,32284,year_end_registered_population,167.2655185231
2019,宜蘭縣,員山鄉,汽車竊盜,1,32284,year_end_registered_population,3.0975096023
2019,宜蘭縣,壯圍鄉,住宅竊盜,1,24424,year_end_registered_population,4.0943334425
2019,宜蘭縣,壯圍鄉,搶奪,1,24424,year_end_registered_population,4.0943334425
2019,宜蘭縣,壯圍鄉,機車竊盜,1,24424,year_end_registered_population,4.0943334425
2019,宜蘭縣,壯圍鄉,毒品,19,24424,year_end_registered_population,77.7923354078
2019,宜蘭縣,壯圍鄉,汽車竊盜,4,24424,year_end_registered_population,16.3773337701
2019,宜蘭縣,大同鄉,毒品,6,6143,year_end_registered_population,97.6721471594
2019,宜蘭縣,宜蘭市,住宅竊盜,5,95562,year_end_registered_population,5.2322052699
2019,宜蘭縣,宜蘭市,強制性交,2,95562,year_end_registered_population,2.092882108
2019,宜蘭縣,宜蘭市,強盜,1,95562,year_end_registered_population,1.046441054
2019,宜蘭縣,宜蘭市,搶奪,1,95562,year_end_registered_population,1.046441054
2019,宜蘭縣,宜蘭市,機車竊盜,20,95562,year_end_registered_population,20.9288210795
2019,宜蘭縣,宜蘭市,毒品,95,95562,year_end_registered_population,99.4119001277
2019,宜蘭縣,宜蘭市,汽車竊盜,12,95562,year_end_registered_population,12.5572926477
2019,宜蘭縣,礁溪鄉,住宅竊盜,8,35417,year_end_registered_population,22.588022701
2019,宜蘭縣,礁溪鄉,強盜,1,35417,year_end_registered_population,2.8235028376
2019,宜蘭縣,礁溪鄉,機車竊盜,3,35417,year_end_registered_population,8.4705085129
2019,宜蘭縣,礁溪鄉,毒品,51,35417,year_end_registered_population,143.9986447186
2019,宜蘭縣,礁溪鄉,汽車竊盜,3,35417,year_end_registered_population,8.4705085129
2019,宜蘭縣,羅東鎮,住宅竊盜,1,71898,year_end_registered_population,1.3908592729
2019,宜蘭縣,羅東鎮,強制性交,4,71898,year_end_registered_population,5.5634370914
2019,宜蘭縣,羅東鎮,機車竊盜,21,71898,year_end_registered_population,29.20804473
2019,宜蘭縣,羅東鎮,毒品,110,71898,year_end_registered_population,152.9945200145
2019,宜蘭縣,羅東鎮,汽車竊盜,16,71898,year_end_registered_population,22.2537483657
2019,宜蘭縣,蘇澳鎮,住宅竊盜,3,39155,year_end_registered_population,7.6618567233
2019,宜蘭縣,蘇澳鎮,強盜,1,39155,year_end_registered_population,2.5539522411
2019,宜蘭縣,蘇澳鎮,機車竊盜,3,39155,year_end_registered_population,7.6618567233
2019,宜蘭縣,蘇澳鎮,毒品,65,39155,year_end_registered_population,166.0068956711
2019,宜蘭縣,頭城鎮,住宅竊盜,2,28985,year_end_registered_population,6.9001207521
2019,宜蘭縣,頭城鎮,強制性交,1,28985,year_end_registered_population,3.4500603761
2019,宜蘭縣,頭城鎮,機車竊盜,3,28985,year_end_registered_population,10.3501811282
2019,宜蘭縣,頭城鎮,毒品,25,28985,year_end_registered_population,86.2515094014
2019,宜蘭縣,頭城鎮,汽車竊盜,2,28985,year_end_registered_population,6.9001207521
2019,屏東縣,三地門鄉,毒品,4,7673,year_end_registered_population,52.1308484296
2019,屏東縣,九如鄉,住宅竊盜,1,21989,year_end_registered_population,4.5477284097
2019,屏東縣,九如鄉,強盜,1,21989,year_end_registered_population,4.5477284097
2019,屏東縣,九如鄉,機車竊盜,2,21989,year_end_registered_population,9.0954568193
2019,屏東縣,九如鄉,毒品,24,21989,year_end_registered_population,109.1454818318
2019,屏東縣,九如鄉,汽車竊盜,2,21989,year_end_registered_population,9.0954568193
2019,屏東縣,佳冬鄉,毒品,29,18846,year_end_registered_population,153.8788071739
2019,屏東縣,佳冬鄉,汽車竊盜,3,18846,year_end_registered_population,15.9184972939
2019,屏東縣,來義鄉,住宅竊盜,1,7427,year_end_registered_population,13.4643866972
2019,屏東縣,來義鄉,毒品,8,7427,year_end_registered_population,107.7150935775
2019,屏東縣,內埔鄉,住宅竊盜,1,53583,year_end_registered_population,1.8662635537
2019,屏東縣,內埔鄉,強盜,1,53583,year_end_registered_population,1.8662635537
2019,屏東縣,內埔鄉,機車竊盜,5,53583,year_end_registered_population,9.3313177687
2019,屏東縣,內埔鄉,毒品,106,53583,year_end_registered_population,197.8239366963
2019,屏東縣,內埔鄉,汽車竊盜,1,53583,year_end_registered_population,1.8662635537
2019,屏東縣,南州鄉,強制性交,2,10513,year_end_registered_population,19.0240654428
2019,屏東縣,南州鄉,毒品,12,10513,year_end_registered_population,114.1443926567
2019,屏東縣,南州鄉,汽車竊盜,1,10513,year_end_registered_population,9.5120327214
2019,屏東縣,屏東市,住宅竊盜,8,198990,year_end_registered_population,4.0203025278
2019,屏東縣,屏東市,搶奪,1,198990,year_end_registered_population,0.502537816
2019,屏東縣,屏東市,機車竊盜,16,198990,year_end_registered_population,8.0406050555
2019,屏東縣,屏東市,毒品,296,198990,year_end_registered_population,148.7511935273
2019,屏東縣,屏東市,汽車竊盜,11,198990,year_end_registered_population,5.5279159757
2019,屏東縣,屏東市,組織犯罪防制條例,1,198990,year_end_registered_population,0.502537816
2019,屏東縣,崁頂鄉,住宅竊盜,1,15419,year_end_registered_population,6.4855048966
2019,屏東縣,崁頂鄉,強盜,1,15419,year_end_registered_population,6.4855048966
2019,屏東縣,崁頂鄉,搶奪,1,15419,year_end_registered_population,6.4855048966
2019,屏東縣,崁頂鄉,毒品,5,15419,year_end_registered_population,32.4275244828
2019,屏東縣,崁頂鄉,汽車竊盜,1,15419,year_end_registered_population,6.4855048966
2019,屏東縣,恆春鎮,住宅竊盜,1,30662,year_end_registered_population,3.26136586
2019,屏東縣,恆春鎮,機車竊盜,1,30662,year_end_registered_population,3.26136586
2019,屏東縣,恆春鎮,毒品,41,30662,year_end_registered_population,133.7160002609
2019,屏東縣,恆春鎮,汽車竊盜,2,30662,year_end_registered_population,6.52273172
2019,屏東縣,新園鄉,住宅竊盜,2,34468,year_end_registered_population,5.8024834629
2019,屏東縣,新園鄉,機車竊盜,2,34468,year_end_registered_population,5.8024834629
2019,屏東縣,新園鄉,毒品,47,34468,year_end_registered_population,136.3583613787
2019,屏東縣,新園鄉,汽車竊盜,2,34468,year_end_registered_population,5.8024834629
2019,屏東縣,新埤鄉,強制性交,1,9737,year_end_registered_population,10.270103728
2019,屏東縣,新埤鄉,毒品,15,9737,year_end_registered_population,154.0515559207
2019,屏東縣,春日鄉,住宅竊盜,2,4944,year_end_registered_population,40.4530744337
2019,屏東縣,春日鄉,毒品,9,4944,year_end_registered_population,182.0388349515
2019,屏東縣,東港鎮,住宅竊盜,2,47161,year_end_registered_population,4.24079218
2019,屏東縣,東港鎮,搶奪,1,47161,year_end_registered_population,2.12039609
2019,屏東縣,東港鎮,機車竊盜,3,47161,year_end_registered_population,6.36118827
2019,屏東縣,東港鎮,毒品,66,47161,year_end_registered_population,139.9461419393
2019,屏東縣,東港鎮,汽車竊盜,3,47161,year_end_registered_population,6.36118827
2019,屏東縣,枋寮鄉,住宅竊盜,2,24023,year_end_registered_population,8.3253548683
2019,屏東縣,枋寮鄉,機車竊盜,2,24023,year_end_registered_population,8.3253548683
2019,屏東縣,枋寮鄉,毒品,61,24023,year_end_registered_population,253.9233234817
2019,屏東縣,枋寮鄉,汽車竊盜,3,24023,year_end_registered_population,12.4880323024
2019,屏東縣,枋山鄉,機車竊盜,1,5349,year_end_registered_population,18.6950831931
2019,屏東縣,枋山鄉,毒品,19,5349,year_end_registered_population,355.2065806693
2019,屏東縣,林邊鄉,住宅竊盜,1,17583,year_end_registered_population,5.6873116078
2019,屏東縣,林邊鄉,強制性交,1,17583,year_end_registered_population,5.6873116078
2019,屏東縣,林邊鄉,機車竊盜,1,17583,year_end_registered_population,5.6873116078
2019,屏東縣,林邊鄉,毒品,16,17583,year_end_registered_population,90.9969857248
2019,屏東縣,林邊鄉,汽車竊盜,1,17583,year_end_registered_population,5.6873116078
2019,屏東縣,泰武鄉,毒品,3,5408,year_end_registered_population,55.4733727811
2019,屏東縣,泰武鄉,汽車竊盜,1,5408,year_end_registered_population,18.4911242604
2019,屏東縣,滿州鄉,機車竊盜,1,7686,year_end_registered_population,13.0106687484
2019,屏東縣,滿州鄉,毒品,1,7686,year_end_registered_population,13.0106687484
2019,屏東縣,滿州鄉,汽車竊盜,1,7686,year_end_registered_population,13.0106687484
2019,屏東縣,潮州鎮,住宅竊盜,3,53831,year_end_registered_population,5.572996972
2019,屏東縣,潮州鎮,搶奪,2,53831,year_end_registered_population,3.7153313147
2019,屏東縣,潮州鎮,機車竊盜,9,53831,year_end_registered_population,16.718990916
2019,屏東縣,潮州鎮,毒品,83,53831,year_end_registered_population,154.1862495588
2019,屏東縣,潮州鎮,汽車竊盜,5,53831,year_end_registered_population,9.2883282867
2019,屏東縣,牡丹鄉,機車竊盜,1,4867,year_end_registered_population,20.5465379084
2019,屏東縣,琉球鄉,毒品,5,12232,year_end_registered_population,40.8763897973
2019,屏東縣,瑪家鄉,機車竊盜,1,6787,year_end_registered_population,14.7340503905
2019,屏東縣,瑪家鄉,毒品,7,6787,year_end_registered_population,103.1383527332
2019,屏東縣,竹田鄉,毒品,22,16863,year_end_registered_population,130.4631441618
2019,屏東縣,竹田鄉,汽車竊盜,1,16863,year_end_registered_population,5.9301429164
2019,屏東縣,萬丹鄉,住宅竊盜,3,50427,year_end_registered_population,5.9491938842
2019,屏東縣,萬丹鄉,強盜,1,50427,year_end_registered_population,1.9830646281
2019,屏東縣,萬丹鄉,機車竊盜,1,50427,year_end_registered_population,1.9830646281
2019,屏東縣,萬丹鄉,毒品,72,50427,year_end_registered_population,142.7806532215
2019,屏東縣,萬丹鄉,汽車竊盜,4,50427,year_end_registered_population,7.9322585123
2019,屏東縣,萬巒鄉,機車竊盜,7,20473,year_end_registered_population,34.1913740048
2019,屏東縣,萬巒鄉,毒品,48,20473,year_end_registered_population,234.4551360328
2019,屏東縣,萬巒鄉,汽車竊盜,1,20473,year_end_registered_population,4.8844820007
2019,屏東縣,車城鄉,機車竊盜,1,8403,year_end_registered_population,11.900511722
2019,屏東縣,車城鄉,毒品,15,8403,year_end_registered_population,178.5076758301
2019,屏東縣,車城鄉,汽車竊盜,1,8403,year_end_registered_population,11.900511722
2019,屏東縣,里港鄉,機車竊盜,3,25853,year_end_registered_population,11.6040691603
2019,屏東縣,里港鄉,毒品,26,25853,year_end_registered_population,100.5685993889
2019,屏東縣,長治鄉,強制性交,1,29536,year_end_registered_population,3.3856988082
2019,屏東縣,長治鄉,強盜,1,29536,year_end_registered_population,3.3856988082
2019,屏東縣,長治鄉,機車竊盜,2,29536,year_end_registered_population,6.7713976165
2019,屏東縣,長治鄉,毒品,37,29536,year_end_registered_population,125.2708559047
2019,屏東縣,長治鄉,汽車竊盜,3,29536,year_end_registered_population,10.1570964247
2019,屏東縣,高樹鄉,住宅竊盜,1,24006,year_end_registered_population,4.1656252604
2019,屏東縣,高樹鄉,機車竊盜,2,24006,year_end_registered_population,8.3312505207
2019,屏東縣,高樹鄉,毒品,60,24006,year_end_registered_population,249.9375156211
2019,屏東縣,高樹鄉,汽車竊盜,3,24006,year_end_registered_population,12.4968757811
2019,屏東縣,鹽埔鄉,機車竊盜,2,25332,year_end_registered_population,7.8951523764
2019,屏東縣,鹽埔鄉,毒品,52,25332,year_end_registered_population,205.2739617875
2019,屏東縣,鹽埔鄉,汽車竊盜,2,25332,year_end_registered_population,7.8951523764
2019,屏東縣,麟洛鄉,機車竊盜,2,10906,year_end_registered_population,18.33852925
2019,屏東縣,麟洛鄉,毒品,29,10906,year_end_registered_population,265.9086741243
2019,屏東縣,麟洛鄉,汽車竊盜,5,10906,year_end_registered_population,45.8463231249
2019,彰化縣,二林鎮,住宅竊盜,4,50075,year_end_registered_population,7.988017973
2019,彰化縣,二林鎮,強盜,1,50075,year_end_registered_population,1.9970044933
2019,彰化縣,二林鎮,機車竊盜,1,50075,year_end_registered_population,1.9970044933
2019,彰化縣,二林鎮,毒品,28,50075,year_end_registered_population,55.9161258113
2019,彰化縣,二林鎮,汽車竊盜,3,50075,year_end_registered_population,5.9910134798
2019,彰化縣,二水鄉,住宅竊盜,1,14843,year_end_registered_population,6.7371825103
2019,彰化縣,二水鄉,搶奪,1,14843,year_end_registered_population,6.7371825103
2019,彰化縣,二水鄉,機車竊盜,3,14843,year_end_registered_population,20.2115475308
2019,彰化縣,二水鄉,毒品,23,14843,year_end_registered_population,154.9551977363
2019,彰化縣,伸港鄉,住宅竊盜,1,37449,year_end_registered_population,2.6702982723
2019,彰化縣,伸港鄉,強制性交,1,37449,year_end_registered_population,2.6702982723
2019,彰化縣,伸港鄉,搶奪,1,37449,year_end_registered_population,2.6702982723
2019,彰化縣,伸港鄉,毒品,48,37449,year_end_registered_population,128.1743170712
2019,彰化縣,伸港鄉,汽車竊盜,3,37449,year_end_registered_population,8.010894817
2019,彰化縣,北斗鎮,住宅竊盜,2,33348,year_end_registered_population,5.9973611611
2019,彰化縣,北斗鎮,機車竊盜,7,33348,year_end_registered_population,20.9907640638
2019,彰化縣,北斗鎮,毒品,28,33348,year_end_registered_population,83.9630562552
2019,彰化縣,北斗鎮,汽車竊盜,2,33348,year_end_registered_population,5.9973611611
2019,彰化縣,和美鎮,住宅竊盜,7,90530,year_end_registered_population,7.7322434552
2019,彰化縣,和美鎮,強盜,1,90530,year_end_registered_population,1.1046062079
2019,彰化縣,和美鎮,機車竊盜,5,90530,year_end_registered_population,5.5230310394
2019,彰化縣,和美鎮,毒品,59,90530,year_end_registered_population,65.1717662653
2019,彰化縣,和美鎮,汽車竊盜,2,90530,year_end_registered_population,2.2092124158
2019,彰化縣,員林市,住宅竊盜,2,125008,year_end_registered_population,1.5998976066
2019,彰化縣,員林市,強制性交,1,125008,year_end_registered_population,0.7999488033
2019,彰化縣,員林市,強盜,1,125008,year_end_registered_population,0.7999488033
2019,彰化縣,員林市,機車竊盜,12,125008,year_end_registered_population,9.5993856393
2019,彰化縣,員林市,毒品,137,125008,year_end_registered_population,109.5929860489
2019,彰化縣,員林市,汽車竊盜,6,125008,year_end_registered_population,4.7996928197
2019,彰化縣,埔心鄉,住宅竊盜,3,34734,year_end_registered_population,8.6370703058
2019,彰化縣,埔心鄉,強盜,1,34734,year_end_registered_population,2.8790234353
2019,彰化縣,埔心鄉,機車竊盜,3,34734,year_end_registered_population,8.6370703058
2019,彰化縣,埔心鄉,毒品,55,34734,year_end_registered_population,158.3462889388
2019,彰化縣,埔鹽鄉,住宅竊盜,1,32183,year_end_registered_population,3.1072305254
2019,彰化縣,埔鹽鄉,毒品,22,32183,year_end_registered_population,68.3590715595
2019,彰化縣,埔鹽鄉,汽車竊盜,1,32183,year_end_registered_population,3.1072305254
2019,彰化縣,埤頭鄉,住宅竊盜,3,30394,year_end_registered_population,9.8703691518
2019,彰化縣,埤頭鄉,毒品,29,30394,year_end_registered_population,95.4135684675
2019,彰化縣,大城鄉,毒品,7,16359,year_end_registered_population,42.7899015832
2019,彰化縣,大村鄉,住宅竊盜,2,37124,year_end_registered_population,5.387350501
2019,彰化縣,大村鄉,強盜,1,37124,year_end_registered_population,2.6936752505
2019,彰化縣,大村鄉,搶奪,1,37124,year_end_registered_population,2.6936752505
2019,彰化縣,大村鄉,機車竊盜,2,37124,year_end_registered_population,5.387350501
2019,彰化縣,大村鄉,毒品,51,37124,year_end_registered_population,137.3774377761
2019,彰化縣,彰化市,住宅竊盜,2,232259,year_end_registered_population,0.8611076428
2019,彰化縣,彰化市,強盜,2,232259,year_end_registered_population,0.8611076428
2019,彰化縣,彰化市,搶奪,1,232259,year_end_registered_population,0.4305538214
2019,彰化縣,彰化市,機車竊盜,18,232259,year_end_registered_population,7.7499687848
2019,彰化縣,彰化市,毒品,124,232259,year_end_registered_population,53.3886738512
2019,彰化縣,彰化市,汽車竊盜,4,232259,year_end_registered_population,1.7222152855
2019,彰化縣,永靖鄉,搶奪,1,36651,year_end_registered_population,2.7284385146
2019,彰化縣,永靖鄉,機車竊盜,3,36651,year_end_registered_population,8.1853155439
2019,彰化縣,永靖鄉,毒品,36,36651,year_end_registered_population,98.223786527
2019,彰化縣,永靖鄉,汽車竊盜,4,36651,year_end_registered_population,10.9137540586
2019,彰化縣,溪州鄉,住宅竊盜,1,29411,year_end_registered_population,3.4000884023
2019,彰化縣,溪州鄉,強制性交,1,29411,year_end_registered_population,3.4000884023
2019,彰化縣,溪州鄉,強盜,1,29411,year_end_registered_population,3.4000884023
2019,彰化縣,溪州鄉,機車竊盜,2,29411,year_end_registered_population,6.8001768046
2019,彰化縣,溪州鄉,毒品,27,29411,year_end_registered_population,91.8023868621
2019,彰化縣,溪州鄉,汽車竊盜,3,29411,year_end_registered_population,10.2002652069
2019,彰化縣,溪湖鎮,住宅竊盜,1,55185,year_end_registered_population,1.8120866177
2019,彰化縣,溪湖鎮,搶奪,1,55185,year_end_registered_population,1.8120866177
2019,彰化縣,溪湖鎮,機車竊盜,9,55185,year_end_registered_population,16.3087795597
2019,彰化縣,溪湖鎮,毒品,56,55185,year_end_registered_population,101.4768505935
2019,彰化縣,溪湖鎮,汽車竊盜,3,55185,year_end_registered_population,5.4362598532
2019,彰化縣,田中鎮,住宅竊盜,1,41244,year_end_registered_population,2.4245950926
2019,彰化縣,田中鎮,強制性交,1,41244,year_end_registered_population,2.4245950926
2019,彰化縣,田中鎮,強盜,1,41244,year_end_registered_population,2.4245950926
2019,彰化縣,田中鎮,機車竊盜,4,41244,year_end_registered_population,9.6983803705
2019,彰化縣,田中鎮,毒品,36,41244,year_end_registered_population,87.2854233343
2019,彰化縣,田尾鄉,機車竊盜,1,26993,year_end_registered_population,3.7046641722
2019,彰化縣,田尾鄉,毒品,26,26993,year_end_registered_population,96.321268477
2019,彰化縣,田尾鄉,汽車竊盜,2,26993,year_end_registered_population,7.4093283444
2019,彰化縣,社頭鄉,住宅竊盜,1,42573,year_end_registered_population,2.348906584
2019,彰化縣,社頭鄉,強盜,1,42573,year_end_registered_population,2.348906584
2019,彰化縣,社頭鄉,搶奪,1,42573,year_end_registered_population,2.348906584
2019,彰化縣,社頭鄉,機車竊盜,2,42573,year_end_registered_population,4.697813168
2019,彰化縣,社頭鄉,毒品,48,42573,year_end_registered_population,112.7475160313
2019,彰化縣,社頭鄉,汽車竊盜,2,42573,year_end_registered_population,4.697813168
2019,彰化縣,福興鄉,住宅竊盜,2,46748,year_end_registered_population,4.2782578934
2019,彰化縣,福興鄉,強制性交,1,46748,year_end_registered_population,2.1391289467
2019,彰化縣,福興鄉,機車竊盜,3,46748,year_end_registered_population,6.4173868401
2019,彰化縣,福興鄉,毒品,24,46748,year_end_registered_population,51.3390947206
2019,彰化縣,福興鄉,汽車竊盜,1,46748,year_end_registered_population,2.1391289467
2019,彰化縣,秀水鄉,機車竊盜,1,39068,year_end_registered_population,2.5596396027
2019,彰化縣,秀水鄉,毒品,18,39068,year_end_registered_population,46.0735128494
2019,彰化縣,竹塘鄉,機車竊盜,1,14926,year_end_registered_population,6.6997186118
2019,彰化縣,竹塘鄉,毒品,13,14926,year_end_registered_population,87.0963419536
2019,彰化縣,線西鄉,住宅竊盜,1,16733,year_end_registered_population,5.9762146656
2019,彰化縣,線西鄉,毒品,13,16733,year_end_registered_population,77.6907906532
2019,彰化縣,線西鄉,汽車竊盜,1,16733,year_end_registered_population,5.9762146656
2019,彰化縣,芬園鄉,住宅竊盜,1,23383,year_end_registered_population,4.2766112133
2019,彰化縣,芬園鄉,機車竊盜,2,23383,year_end_registered_population,8.5532224265
2019,彰化縣,芬園鄉,毒品,14,23383,year_end_registered_population,59.8725569858
2019,彰化縣,花壇鄉,住宅竊盜,1,45566,year_end_registered_population,2.1946187947
2019,彰化縣,花壇鄉,機車竊盜,2,45566,year_end_registered_population,4.3892375894
2019,彰化縣,花壇鄉,毒品,35,45566,year_end_registered_population,76.811657815
2019,彰化縣,花壇鄉,汽車竊盜,2,45566,year_end_registered_population,4.3892375894
2019,彰化縣,芳苑鄉,住宅竊盜,1,33084,year_end_registered_population,3.0226091162
2019,彰化縣,芳苑鄉,強盜,1,33084,year_end_registered_population,3.0226091162
2019,彰化縣,芳苑鄉,機車竊盜,4,33084,year_end_registered_population,12.0904364648
2019,彰化縣,芳苑鄉,毒品,13,33084,year_end_registered_population,39.2939185105
2019,彰化縣,芳苑鄉,汽車竊盜,3,33084,year_end_registered_population,9.0678273486
2019,彰化縣,鹿港鎮,住宅竊盜,4,86931,year_end_registered_population,4.6013504964
2019,彰化縣,鹿港鎮,機車竊盜,5,86931,year_end_registered_population,5.7516881205
2019,彰化縣,鹿港鎮,毒品,49,86931,year_end_registered_population,56.3665435805
2019,彰化縣,鹿港鎮,汽車竊盜,2,86931,year_end_registered_population,2.3006752482
2019,新北市,三峽區,住宅竊盜,5,116478,year_end_registered_population,4.2926561239
2019,新北市,三峽區,強制性交,2,116478,year_end_registered_population,1.7170624496
2019,新北市,三峽區,強盜,1,116478,year_end_registered_population,0.8585312248
2019,新北市,三峽區,搶奪,1,116478,year_end_registered_population,0.8585312248
2019,新北市,三峽區,機車竊盜,36,116478,year_end_registered_population,30.9071240921
2019,新北市,三峽區,毒品,156,116478,year_end_registered_population,133.9308710658
2019,新北市,三峽區,汽車竊盜,5,116478,year_end_registered_population,4.2926561239
2019,新北市,三芝區,強制性交,1,22768,year_end_registered_population,4.3921293043
2019,新北市,三芝區,機車竊盜,1,22768,year_end_registered_population,4.3921293043
2019,新北市,三芝區,毒品,9,22768,year_end_registered_population,39.5291637386
2019,新北市,三芝區,汽車竊盜,1,22768,year_end_registered_population,4.3921293043
2019,新北市,三重區,住宅竊盜,74,386336,year_end_registered_population,19.1543112731
2019,新北市,三重區,強盜,1,386336,year_end_registered_population,0.2588420442
2019,新北市,三重區,搶奪,7,386336,year_end_registered_population,1.8118943096
2019,新北市,三重區,機車竊盜,74,386336,year_end_registered_population,19.1543112731
2019,新北市,三重區,毒品,902,386336,year_end_registered_population,233.4755238963
2019,新北市,三重區,汽車竊盜,15,386336,year_end_registered_population,3.8826306635
2019,新北市,中和區,住宅竊盜,33,413069,year_end_registered_population,7.9889800493
2019,新北市,中和區,強制性交,1,413069,year_end_registered_population,0.2420903045
2019,新北市,中和區,強盜,1,413069,year_end_registered_population,0.2420903045
2019,新北市,中和區,搶奪,1,413069,year_end_registered_population,0.2420903045
2019,新北市,中和區,機車竊盜,50,413069,year_end_registered_population,12.1045152263
2019,新北市,中和區,毒品,457,413069,year_end_registered_population,110.6352691681
2019,新北市,中和區,汽車竊盜,7,413069,year_end_registered_population,1.6946321317
2019,新北市,五股區,住宅竊盜,8,88000,year_end_registered_population,9.0909090909
2019,新北市,五股區,強制性交,1,88000,year_end_registered_population,1.1363636364
2019,新北市,五股區,機車竊盜,21,88000,year_end_registered_population,23.8636363636
2019,新北市,五股區,毒品,102,88000,year_end_registered_population,115.9090909091
2019,新北市,五股區,汽車竊盜,6,88000,year_end_registered_population,6.8181818182
2019,新北市,八里區,住宅竊盜,2,39531,year_end_registered_population,5.0593205333
2019,新北市,八里區,機車竊盜,1,39531,year_end_registered_population,2.5296602666
2019,新北市,八里區,毒品,38,39531,year_end_registered_population,96.1270901318
2019,新北市,八里區,汽車竊盜,6,39531,year_end_registered_population,15.1779615998
2019,新北市,土城區,住宅竊盜,22,237696,year_end_registered_population,9.2555196554
2019,新北市,土城區,搶奪,1,237696,year_end_registered_population,0.4207054389
2019,新北市,土城區,機車竊盜,45,237696,year_end_registered_population,18.9317447496
2019,新北市,土城區,毒品,268,237696,year_end_registered_population,112.7490576198
2019,新北市,土城區,汽車竊盜,6,237696,year_end_registered_population,2.5242326333
2019,新北市,平溪區,住宅竊盜,1,4546,year_end_registered_population,21.9973603168
2019,新北市,平溪區,毒品,4,4546,year_end_registered_population,87.989441267
2019,新北市,新店區,住宅竊盜,18,303445,year_end_registered_population,5.9318822192
2019,新北市,新店區,強盜,1,303445,year_end_registered_population,0.3295490122
2019,新北市,新店區,機車竊盜,23,303445,year_end_registered_population,7.5796272801
2019,新北市,新店區,毒品,214,303445,year_end_registered_population,70.5234886058
2019,新北市,新店區,汽車竊盜,8,303445,year_end_registered_population,2.6363920974
2019,新北市,新莊區,住宅竊盜,19,420473,year_end_registered_population,4.5187205837
2019,新北市,新莊區,強盜,2,420473,year_end_registered_population,0.4756547983
2019,新北市,新莊區,搶奪,7,420473,year_end_registered_population,1.664791794
2019,新北市,新莊區,機車竊盜,52,420473,year_end_registered_population,12.3670247555
2019,新北市,新莊區,毒品,381,420473,year_end_registered_population,90.6122390736
2019,新北市,新莊區,汽車竊盜,10,420473,year_end_registered_population,2.3782739914
2019,新北市,板橋區,住宅竊盜,25,556897,year_end_registered_population,4.4891604731
2019,新北市,板橋區,強盜,7,556897,year_end_registered_population,1.2569649325
2019,新北市,板橋區,搶奪,7,556897,year_end_registered_population,1.2569649325
2019,新北市,板橋區,機車竊盜,78,556897,year_end_registered_population,14.0061806761
2019,新北市,板橋區,毒品,757,556897,year_end_registered_population,135.9317791261
2019,新北市,板橋區,汽車竊盜,8,556897,year_end_registered_population,1.4365313514
2019,新北市,林口區,住宅竊盜,5,115582,year_end_registered_population,4.3259331038
2019,新北市,林口區,強盜,1,115582,year_end_registered_population,0.8651866208
2019,新北市,林口區,機車竊盜,5,115582,year_end_registered_population,4.3259331038
2019,新北市,林口區,毒品,47,115582,year_end_registered_population,40.6637711754
2019,新北市,林口區,汽車竊盜,7,115582,year_end_registered_population,6.0563063453
2019,新北市,樹林區,住宅竊盜,22,183926,year_end_registered_population,11.9613322749
2019,新北市,樹林區,強制性交,1,183926,year_end_registered_population,0.5436969216
2019,新北市,樹林區,強盜,3,183926,year_end_registered_population,1.6310907648
2019,新北市,樹林區,機車竊盜,43,183926,year_end_registered_population,23.3789676283
2019,新北市,樹林區,毒品,252,183926,year_end_registered_population,137.0116242402
2019,新北市,樹林區,汽車竊盜,16,183926,year_end_registered_population,8.6991507454
2019,新北市,永和區,住宅竊盜,23,220595,year_end_registered_population,10.4263469254
2019,新北市,永和區,強盜,2,220595,year_end_registered_population,0.9066388631
2019,新北市,永和區,搶奪,2,220595,year_end_registered_population,0.9066388631
2019,新北市,永和區,機車竊盜,26,220595,year_end_registered_population,11.78630522
2019,新北市,永和區,毒品,144,220595,year_end_registered_population,65.2779981414
2019,新北市,永和區,汽車竊盜,5,220595,year_end_registered_population,2.2665971577
2019,新北市,汐止區,住宅竊盜,15,203429,year_end_registered_population,7.3735799714
2019,新北市,汐止區,強制性交,1,203429,year_end_registered_population,0.4915719981
2019,新北市,汐止區,機車竊盜,17,203429,year_end_registered_population,8.3567239676
2019,新北市,汐止區,毒品,149,203429,year_end_registered_population,73.2442277158
2019,新北市,汐止區,汽車竊盜,8,203429,year_end_registered_population,3.9325759847
2019,新北市,泰山區,住宅竊盜,2,78751,year_end_registered_population,2.5396502902
2019,新北市,泰山區,搶奪,1,78751,year_end_registered_population,1.2698251451
2019,新北市,泰山區,機車竊盜,7,78751,year_end_registered_population,8.8887760155
2019,新北市,泰山區,毒品,62,78751,year_end_registered_population,78.7291589948
2019,新北市,泰山區,汽車竊盜,7,78751,year_end_registered_population,8.8887760155
2019,新北市,淡水區,住宅竊盜,3,178610,year_end_registered_population,1.6796371984
2019,新北市,淡水區,強盜,2,178610,year_end_registered_population,1.1197581322
2019,新北市,淡水區,機車竊盜,29,178610,year_end_registered_population,16.2364929175
2019,新北市,淡水區,毒品,114,178610,year_end_registered_population,63.8262135379
2019,新北市,淡水區,汽車竊盜,4,178610,year_end_registered_population,2.2395162645
2019,新北市,深坑區,機車竊盜,2,23725,year_end_registered_population,8.4299262381
2019,新北市,深坑區,毒品,26,23725,year_end_registered_population,109.5890410959
2019,新北市,烏來區,毒品,16,6433,year_end_registered_population,248.7175501321
2019,新北市,瑞芳區,強盜,2,39536,year_end_registered_population,5.0586806961
2019,新北市,瑞芳區,機車竊盜,4,39536,year_end_registered_population,10.1173613921
2019,新北市,瑞芳區,毒品,87,39536,year_end_registered_population,220.0526102792
2019,新北市,石碇區,住宅竊盜,1,7629,year_end_registered_population,13.1078778346
2019,新北市,石碇區,機車竊盜,1,7629,year_end_registered_population,13.1078778346
2019,新北市,石碇區,毒品,4,7629,year_end_registered_population,52.4315113383
2019,新北市,石碇區,汽車竊盜,2,7629,year_end_registered_population,26.2157556692
2019,新北市,石門區,住宅竊盜,1,11834,year_end_registered_population,8.4502281562
2019,新北市,石門區,強制性交,1,11834,year_end_registered_population,8.4502281562
2019,新北市,石門區,機車竊盜,1,11834,year_end_registered_population,8.4502281562
2019,新北市,石門區,毒品,12,11834,year_end_registered_population,101.4027378739
2019,新北市,萬里區,住宅竊盜,5,21872,year_end_registered_population,22.860277981
2019,新北市,萬里區,機車竊盜,1,21872,year_end_registered_population,4.5720555962
2019,新北市,萬里區,毒品,35,21872,year_end_registered_population,160.0219458669
2019,新北市,蘆洲區,住宅竊盜,11,201883,year_end_registered_population,5.4487004849
2019,新北市,蘆洲區,強制性交,1,201883,year_end_registered_population,0.4953364077
2019,新北市,蘆洲區,強盜,2,201883,year_end_registered_population,0.9906728154
2019,新北市,蘆洲區,機車竊盜,13,201883,year_end_registered_population,6.4393733004
2019,新北市,蘆洲區,毒品,223,201883,year_end_registered_population,110.4600189219
2019,新北市,貢寮區,強制性交,1,12033,year_end_registered_population,8.3104795147
2019,新北市,貢寮區,毒品,12,12033,year_end_registered_population,99.725754176
2019,新北市,金山區,住宅竊盜,3,21396,year_end_registered_population,14.0213123948
2019,新北市,金山區,機車竊盜,3,21396,year_end_registered_population,14.0213123948
2019,新北市,金山區,毒品,37,21396,year_end_registered_population,172.9295195364
2019,新北市,雙溪區,毒品,4,8665,year_end_registered_population,46.1627236007
2019,新北市,鶯歌區,住宅竊盜,2,86869,year_end_registered_population,2.3023172823
2019,新北市,鶯歌區,強制性交,1,86869,year_end_registered_population,1.1511586412
2019,新北市,鶯歌區,搶奪,1,86869,year_end_registered_population,1.1511586412
2019,新北市,鶯歌區,機車竊盜,37,86869,year_end_registered_population,42.5928697234
2019,新北市,鶯歌區,毒品,108,86869,year_end_registered_population,124.3251332466
2019,新北市,鶯歌區,汽車竊盜,7,86869,year_end_registered_population,8.0581104882
2019,新竹市,北區,強盜,1,152351,year_end_registered_population,0.6563790195
2019,新竹市,北區,機車竊盜,15,152351,year_end_registered_population,9.8456852925
2019,新竹市,北區,毒品,149,152351,year_end_registered_population,97.8004739057
2019,新竹市,北區,汽車竊盜,6,152351,year_end_registered_population,3.938274117
2019,新竹市,北區,組織犯罪防制條例,1,152351,year_end_registered_population,0.6563790195
2019,新竹市,東區,住宅竊盜,16,217841,year_end_registered_population,7.3448065332
2019,新竹市,東區,強制性交,2,217841,year_end_registered_population,0.9181008167
2019,新竹市,東區,搶奪,1,217841,year_end_registered_population,0.4590504083
2019,新竹市,東區,機車竊盜,23,217841,year_end_registered_population,10.5581593915
2019,新竹市,東區,毒品,125,217841,year_end_registered_population,57.3813010407
2019,新竹市,東區,汽車竊盜,9,217841,year_end_registered_population,4.1314536749
2019,新竹市,香山區,住宅竊盜,5,78611,year_end_registered_population,6.3604330183
2019,新竹市,香山區,機車竊盜,7,78611,year_end_registered_population,8.9046062256
2019,新竹市,香山區,毒品,61,78611,year_end_registered_population,77.597282823
2019,新竹市,香山區,汽車竊盜,2,78611,year_end_registered_population,2.5441732073
2019,新竹縣,五峰鄉,毒品,9,4593,year_end_registered_population,195.9503592423
2019,新竹縣,北埔鄉,住宅竊盜,3,9178,year_end_registered_population,32.6868598823
2019,新竹縣,北埔鄉,強盜,2,9178,year_end_registered_population,21.7912399216
2019,新竹縣,北埔鄉,機車竊盜,2,9178,year_end_registered_population,21.7912399216
2019,新竹縣,北埔鄉,毒品,7,9178,year_end_registered_population,76.2693397254
2019,新竹縣,寶山鄉,搶奪,1,14626,year_end_registered_population,6.8371393409
2019,新竹縣,寶山鄉,機車竊盜,2,14626,year_end_registered_population,13.6742786818
2019,新竹縣,寶山鄉,毒品,14,14626,year_end_registered_population,95.7199507726
2019,新竹縣,尖石鄉,住宅竊盜,1,9638,year_end_registered_population,10.3755965968
2019,新竹縣,尖石鄉,毒品,10,9638,year_end_registered_population,103.755965968
2019,新竹縣,尖石鄉,汽車竊盜,2,9638,year_end_registered_population,20.7511931936
2019,新竹縣,峨眉鄉,住宅竊盜,1,5479,year_end_registered_population,18.2515057492
2019,新竹縣,峨眉鄉,毒品,6,5479,year_end_registered_population,109.5090344953
2019,新竹縣,新埔鎮,住宅竊盜,7,32798,year_end_registered_population,21.3427648027
2019,新竹縣,新埔鎮,強盜,1,32798,year_end_registered_population,3.0489664004
2019,新竹縣,新埔鎮,機車竊盜,4,32798,year_end_registered_population,12.1958656016
2019,新竹縣,新埔鎮,毒品,17,32798,year_end_registered_population,51.8324288066
2019,新竹縣,新埔鎮,汽車竊盜,6,32798,year_end_registered_population,18.2937984023
2019,新竹縣,新豐鄉,住宅竊盜,18,57292,year_end_registered_population,31.4179990226
2019,新竹縣,新豐鄉,機車竊盜,10,57292,year_end_registered_population,17.4544439014
2019,新竹縣,新豐鄉,毒品,32,57292,year_end_registered_population,55.8542204845
2019,新竹縣,新豐鄉,汽車竊盜,18,57292,year_end_registered_population,31.4179990226
2019,新竹縣,橫山鄉,住宅竊盜,6,12789,year_end_registered_population,46.9153178513
2019,新竹縣,橫山鄉,機車竊盜,2,12789,year_end_registered_population,15.6384392838
2019,新竹縣,橫山鄉,毒品,13,12789,year_end_registered_population,101.6498553444
2019,新竹縣,橫山鄉,汽車竊盜,3,12789,year_end_registered_population,23.4576589256
2019,新竹縣,湖口鄉,住宅竊盜,5,77908,year_end_registered_population,6.4178261539
2019,新竹縣,湖口鄉,搶奪,1,77908,year_end_registered_population,1.2835652308
2019,新竹縣,湖口鄉,機車竊盜,16,77908,year_end_registered_population,20.5370436926
2019,新竹縣,湖口鄉,毒品,102,77908,year_end_registered_population,130.9236535401
2019,新竹縣,湖口鄉,汽車竊盜,20,77908,year_end_registered_population,25.6713046157
2019,新竹縣,竹北市,住宅竊盜,5,194516,year_end_registered_population,2.5704826338
2019,新竹縣,竹北市,強制性交,2,194516,year_end_registered_population,1.0281930535
2019,新竹縣,竹北市,搶奪,1,194516,year_end_registered_population,0.5140965268
2019,新竹縣,竹北市,機車竊盜,24,194516,year_end_registered_population,12.3383166423
2019,新竹縣,竹北市,毒品,121,194516,year_end_registered_population,62.2056797384
2019,新竹縣,竹北市,汽車竊盜,34,194516,year_end_registered_population,17.47928191
2019,新竹縣,竹東鎮,住宅竊盜,10,97127,year_end_registered_population,10.2957982847
2019,新竹縣,竹東鎮,強盜,1,97127,year_end_registered_population,1.0295798285
2019,新竹縣,竹東鎮,機車竊盜,17,97127,year_end_registered_population,17.502857084
2019,新竹縣,竹東鎮,毒品,69,97127,year_end_registered_population,71.0410081646
2019,新竹縣,竹東鎮,汽車竊盜,16,97127,year_end_registered_population,16.4732772556
2019,新竹縣,芎林鄉,住宅竊盜,4,19934,year_end_registered_population,20.0662185211
2019,新竹縣,芎林鄉,搶奪,1,19934,year_end_registered_population,5.0165546303
2019,新竹縣,芎林鄉,機車竊盜,3,19934,year_end_registered_population,15.0496638908
2019,新竹縣,芎林鄉,毒品,39,19934,year_end_registered_population,195.6456305809
2019,新竹縣,芎林鄉,汽車竊盜,7,19934,year_end_registered_population,35.115882412
2019,新竹縣,關西鎮,住宅竊盜,2,28055,year_end_registered_population,7.1288540367
2019,新竹縣,關西鎮,強制性交,1,28055,year_end_registered_population,3.5644270184
2019,新竹縣,關西鎮,機車竊盜,2,28055,year_end_registered_population,7.1288540367
2019,新竹縣,關西鎮,毒品,57,28055,year_end_registered_population,203.1723400463
2019,新竹縣,關西鎮,汽車竊盜,12,28055,year_end_registered_population,42.7731242203
2019,桃園市,中壢區,住宅竊盜,5,417380,year_end_registered_population,1.1979491111
2019,桃園市,中壢區,強制性交,2,417380,year_end_registered_population,0.4791796444
2019,桃園市,中壢區,強盜,3,417380,year_end_registered_population,0.7187694667
2019,桃園市,中壢區,機車竊盜,84,417380,year_end_registered_population,20.1255450668
2019,桃園市,中壢區,毒品,1011,417380,year_end_registered_population,242.2253102688
2019,桃園市,中壢區,汽車竊盜,35,417380,year_end_registered_population,8.3856437779
2019,桃園市,八德區,住宅竊盜,3,205974,year_end_registered_population,1.456494509
2019,桃園市,八德區,強制性交,1,205974,year_end_registered_population,0.4854981697
2019,桃園市,八德區,強盜,1,205974,year_end_registered_population,0.4854981697
2019,桃園市,八德區,搶奪,1,205974,year_end_registered_population,0.4854981697
2019,桃園市,八德區,機車竊盜,28,205974,year_end_registered_population,13.5939487508
2019,桃園市,八德區,毒品,534,205974,year_end_registered_population,259.2560226048
2019,桃園市,八德區,汽車竊盜,19,205974,year_end_registered_population,9.2244652238
2019,桃園市,大園區,住宅竊盜,2,93078,year_end_registered_population,2.1487354692
2019,桃園市,大園區,強制性交,1,93078,year_end_registered_population,1.0743677346
2019,桃園市,大園區,強盜,1,93078,year_end_registered_population,1.0743677346
2019,桃園市,大園區,搶奪,1,93078,year_end_registered_population,1.0743677346
2019,桃園市,大園區,機車竊盜,10,93078,year_end_registered_population,10.7436773459
2019,桃園市,大園區,毒品,208,93078,year_end_registered_population,223.4684887943
2019,桃園市,大園區,汽車竊盜,10,93078,year_end_registered_population,10.7436773459
2019,桃園市,大溪區,住宅竊盜,2,95550,year_end_registered_population,2.0931449503
2019,桃園市,大溪區,機車竊盜,7,95550,year_end_registered_population,7.326007326
2019,桃園市,大溪區,毒品,205,95550,year_end_registered_population,214.5473574045
2019,桃園市,大溪區,汽車竊盜,12,95550,year_end_registered_population,12.5588697017
2019,桃園市,平鎮區,住宅竊盜,2,228436,year_end_registered_population,0.8755187449
2019,桃園市,平鎮區,強制性交,1,228436,year_end_registered_population,0.4377593724
2019,桃園市,平鎮區,強盜,2,228436,year_end_registered_population,0.8755187449
2019,桃園市,平鎮區,機車竊盜,27,228436,year_end_registered_population,11.8195030556
2019,桃園市,平鎮區,毒品,446,228436,year_end_registered_population,195.240680103
2019,桃園市,平鎮區,汽車竊盜,15,228436,year_end_registered_population,6.5663905864
2019,桃園市,復興區,毒品,18,12176,year_end_registered_population,147.8318002628
2019,桃園市,復興區,汽車竊盜,1,12176,year_end_registered_population,8.2128777924
2019,桃園市,新屋區,機車竊盜,3,49256,year_end_registered_population,6.0906285529
2019,桃園市,新屋區,毒品,57,49256,year_end_registered_population,115.7219425045
2019,桃園市,新屋區,汽車竊盜,6,49256,year_end_registered_population,12.1812571057
2019,桃園市,桃園區,住宅竊盜,22,452824,year_end_registered_population,4.8583997315
2019,桃園市,桃園區,強制性交,1,452824,year_end_registered_population,0.2208363514
2019,桃園市,桃園區,強盜,8,452824,year_end_registered_population,1.7666908114
2019,桃園市,桃園區,搶奪,1,452824,year_end_registered_population,0.2208363514
2019,桃園市,桃園區,機車竊盜,91,452824,year_end_registered_population,20.0961079801
2019,桃園市,桃園區,毒品,1342,452824,year_end_registered_population,296.3623836192
2019,桃園市,桃園區,汽車竊盜,15,452824,year_end_registered_population,3.3125452715
2019,桃園市,楊梅區,機車竊盜,31,173049,year_end_registered_population,17.9140012366
2019,桃園市,楊梅區,毒品,212,173049,year_end_registered_population,122.5086536183
2019,桃園市,楊梅區,汽車竊盜,25,173049,year_end_registered_population,14.4467751908
2019,桃園市,蘆竹區,住宅竊盜,8,166406,year_end_registered_population,4.8075189597
2019,桃園市,蘆竹區,機車竊盜,16,166406,year_end_registered_population,9.6150379193
2019,桃園市,蘆竹區,毒品,142,166406,year_end_registered_population,85.3334615338
2019,桃園市,蘆竹區,汽車竊盜,25,166406,year_end_registered_population,15.0234967489
2019,桃園市,觀音區,住宅竊盜,2,67956,year_end_registered_population,2.943080817
2019,桃園市,觀音區,強制性交,1,67956,year_end_registered_population,1.4715404085
2019,桃園市,觀音區,機車竊盜,6,67956,year_end_registered_population,8.829242451
2019,桃園市,觀音區,毒品,141,67956,year_end_registered_population,207.4871975984
2019,桃園市,觀音區,汽車竊盜,15,67956,year_end_registered_population,22.0731061275
2019,桃園市,龍潭區,住宅竊盜,6,124031,year_end_registered_population,4.8375003023
2019,桃園市,龍潭區,強盜,1,124031,year_end_registered_population,0.8062500504
2019,桃園市,龍潭區,搶奪,1,124031,year_end_registered_population,0.8062500504
2019,桃園市,龍潭區,機車竊盜,14,124031,year_end_registered_population,11.2875007055
2019,桃園市,龍潭區,毒品,235,124031,year_end_registered_population,189.4687618418
2019,桃園市,龍潭區,汽車竊盜,22,124031,year_end_registered_population,17.7375011086
2019,桃園市,龜山區,住宅竊盜,10,162921,year_end_registered_population,6.137944157
2019,桃園市,龜山區,強制性交,1,162921,year_end_registered_population,0.6137944157
2019,桃園市,龜山區,強盜,1,162921,year_end_registered_population,0.6137944157
2019,桃園市,龜山區,搶奪,1,162921,year_end_registered_population,0.6137944157
2019,桃園市,龜山區,機車竊盜,37,162921,year_end_registered_population,22.7103933808
2019,桃園市,龜山區,毒品,338,162921,year_end_registered_population,207.4625125061
2019,桃園市,龜山區,汽車竊盜,22,162921,year_end_registered_population,13.5034771454
2019,澎湖縣,七美鄉,住宅竊盜,1,3799,year_end_registered_population,26.3227165043
2019,澎湖縣,七美鄉,毒品,2,3799,year_end_registered_population,52.6454330087
2019,澎湖縣,湖西鄉,強盜,1,14997,year_end_registered_population,6.6680002667
2019,澎湖縣,湖西鄉,毒品,3,14997,year_end_registered_population,20.0040008002
2019,澎湖縣,白沙鄉,住宅竊盜,3,9833,year_end_registered_population,30.5095087969
2019,澎湖縣,西嶼鄉,住宅竊盜,3,8306,year_end_registered_population,36.1184685769
2019,澎湖縣,馬公市,住宅竊盜,27,62999,year_end_registered_population,42.85782314
2019,澎湖縣,馬公市,強制性交,4,62999,year_end_registered_population,6.3493071319
2019,澎湖縣,馬公市,強盜,2,62999,year_end_registered_population,3.1746535659
2019,澎湖縣,馬公市,機車竊盜,1,62999,year_end_registered_population,1.587326783
2019,澎湖縣,馬公市,毒品,12,62999,year_end_registered_population,19.0479213956
2019,澎湖縣,馬公市,汽車竊盜,2,62999,year_end_registered_population,3.1746535659
2019,臺中市,中區,住宅竊盜,2,18390,year_end_registered_population,10.8754758021
2019,臺中市,中區,搶奪,3,18390,year_end_registered_population,16.3132137031
2019,臺中市,中區,機車竊盜,11,18390,year_end_registered_population,59.8151169114
2019,臺中市,中區,毒品,124,18390,year_end_registered_population,674.2794997281
2019,臺中市,北區,住宅竊盜,12,147391,year_end_registered_population,8.1416097319
2019,臺中市,北區,強盜,1,147391,year_end_registered_population,0.6784674777
2019,臺中市,北區,搶奪,2,147391,year_end_registered_population,1.3569349553
2019,臺中市,北區,機車竊盜,19,147391,year_end_registered_population,12.8908820756
2019,臺中市,北區,毒品,263,147391,year_end_registered_population,178.436946625
2019,臺中市,北區,汽車竊盜,5,147391,year_end_registered_population,3.3923373883
2019,臺中市,北屯區,住宅竊盜,7,283621,year_end_registered_population,2.4680824057
2019,臺中市,北屯區,強盜,3,283621,year_end_registered_population,1.0577496025
2019,臺中市,北屯區,搶奪,1,283621,year_end_registered_population,0.3525832008
2019,臺中市,北屯區,機車竊盜,17,283621,year_end_registered_population,5.993914414
2019,臺中市,北屯區,毒品,517,283621,year_end_registered_population,182.2855148244
2019,臺中市,北屯區,汽車竊盜,8,283621,year_end_registered_population,2.8206656066
2019,臺中市,南區,住宅竊盜,5,126571,year_end_registered_population,3.9503519764
2019,臺中市,南區,搶奪,1,126571,year_end_registered_population,0.7900703953
2019,臺中市,南區,機車竊盜,16,126571,year_end_registered_population,12.6411263244
2019,臺中市,南區,毒品,96,126571,year_end_registered_population,75.8467579461
2019,臺中市,南區,汽車竊盜,6,126571,year_end_registered_population,4.7404223716
2019,臺中市,南屯區,住宅竊盜,1,173532,year_end_registered_population,0.5762625913
2019,臺中市,南屯區,強盜,1,173532,year_end_registered_population,0.5762625913
2019,臺中市,南屯區,機車竊盜,9,173532,year_end_registered_population,5.186363322
2019,臺中市,南屯區,毒品,113,173532,year_end_registered_population,65.1176728212
2019,臺中市,南屯區,汽車竊盜,5,173532,year_end_registered_population,2.8813129567
2019,臺中市,后里區,住宅竊盜,2,54666,year_end_registered_population,3.6585812022
2019,臺中市,后里區,機車竊盜,4,54666,year_end_registered_population,7.3171624044
2019,臺中市,后里區,毒品,50,54666,year_end_registered_population,91.4645300552
2019,臺中市,后里區,汽車竊盜,1,54666,year_end_registered_population,1.8292906011
2019,臺中市,和平區,機車竊盜,1,10902,year_end_registered_population,9.1726288754
2019,臺中市,外埔區,機車竊盜,2,32224,year_end_registered_population,6.2065541212
2019,臺中市,外埔區,毒品,17,32224,year_end_registered_population,52.7557100298
2019,臺中市,大安區,機車竊盜,1,19111,year_end_registered_population,5.2325885616
2019,臺中市,大安區,毒品,8,19111,year_end_registered_population,41.8607084925
2019,臺中市,大甲區,強盜,1,76822,year_end_registered_population,1.3017104475
2019,臺中市,大甲區,機車竊盜,8,76822,year_end_registered_population,10.4136835802
2019,臺中市,大甲區,毒品,49,76822,year_end_registered_population,63.7838119289
2019,臺中市,大甲區,汽車竊盜,4,76822,year_end_registered_population,5.2068417901
2019,臺中市,大肚區,住宅竊盜,1,57085,year_end_registered_population,1.7517736708
2019,臺中市,大肚區,機車竊盜,1,57085,year_end_registered_population,1.7517736708
2019,臺中市,大肚區,毒品,32,57085,year_end_registered_population,56.0567574669
2019,臺中市,大肚區,汽車竊盜,3,57085,year_end_registered_population,5.2553210125
2019,臺中市,大里區,住宅竊盜,2,212711,year_end_registered_population,0.9402428647
2019,臺中市,大里區,強盜,1,212711,year_end_registered_population,0.4701214324
2019,臺中市,大里區,機車竊盜,12,212711,year_end_registered_population,5.6414571884
2019,臺中市,大里區,毒品,120,212711,year_end_registered_population,56.4145718839
2019,臺中市,大里區,汽車竊盜,4,212711,year_end_registered_population,1.8804857295
2019,臺中市,大雅區,住宅竊盜,7,95772,year_end_registered_population,7.3090256025
2019,臺中市,大雅區,機車竊盜,14,95772,year_end_registered_population,14.6180512049
2019,臺中市,大雅區,毒品,59,95772,year_end_registered_population,61.6046443637
2019,臺中市,大雅區,汽車竊盜,5,95772,year_end_registered_population,5.2207325732
2019,臺中市,太平區,住宅竊盜,3,193729,year_end_registered_population,1.5485549401
2019,臺中市,太平區,強盜,1,193729,year_end_registered_population,0.51618498
2019,臺中市,太平區,機車竊盜,14,193729,year_end_registered_population,7.2265897207
2019,臺中市,太平區,毒品,144,193729,year_end_registered_population,74.3306371271
2019,臺中市,太平區,汽車竊盜,5,193729,year_end_registered_population,2.5809249002
2019,臺中市,新社區,機車竊盜,1,24289,year_end_registered_population,4.1170900408
2019,臺中市,新社區,毒品,8,24289,year_end_registered_population,32.9367203261
2019,臺中市,新社區,汽車竊盜,1,24289,year_end_registered_population,4.1170900408
2019,臺中市,東勢區,搶奪,1,49773,year_end_registered_population,2.0091214112
2019,臺中市,東勢區,機車竊盜,5,49773,year_end_registered_population,10.045607056
2019,臺中市,東勢區,毒品,33,49773,year_end_registered_population,66.3010065698
2019,臺中市,東勢區,汽車竊盜,4,49773,year_end_registered_population,8.0364856448
2019,臺中市,東區,住宅竊盜,2,75943,year_end_registered_population,2.633554113
2019,臺中市,東區,搶奪,1,75943,year_end_registered_population,1.3167770565
2019,臺中市,東區,機車竊盜,10,75943,year_end_registered_population,13.1677705648
2019,臺中市,東區,毒品,103,75943,year_end_registered_population,135.6280368171
2019,臺中市,東區,汽車竊盜,3,75943,year_end_registered_population,3.9503311694
2019,臺中市,梧棲區,強盜,1,58921,year_end_registered_population,1.6971877599
2019,臺中市,梧棲區,機車竊盜,6,58921,year_end_registered_population,10.1831265593
2019,臺中市,梧棲區,毒品,40,58921,year_end_registered_population,67.8875103953
2019,臺中市,梧棲區,汽車竊盜,2,58921,year_end_registered_population,3.3943755198
2019,臺中市,沙鹿區,住宅竊盜,1,94755,year_end_registered_population,1.0553532795
2019,臺中市,沙鹿區,強盜,1,94755,year_end_registered_population,1.0553532795
2019,臺中市,沙鹿區,機車竊盜,12,94755,year_end_registered_population,12.6642393541
2019,臺中市,沙鹿區,毒品,69,94755,year_end_registered_population,72.8193762862
2019,臺中市,沙鹿區,汽車竊盜,6,94755,year_end_registered_population,6.3321196771
2019,臺中市,沙鹿區,組織犯罪防制條例,1,94755,year_end_registered_population,1.0553532795
2019,臺中市,清水區,機車竊盜,4,87587,year_end_registered_population,4.5668877802
2019,臺中市,清水區,毒品,47,87587,year_end_registered_population,53.6609314168
2019,臺中市,清水區,汽車竊盜,2,87587,year_end_registered_population,2.2834438901
2019,臺中市,潭子區,住宅竊盜,5,109324,year_end_registered_population,4.5735611577
2019,臺中市,潭子區,強盜,1,109324,year_end_registered_population,0.9147122315
2019,臺中市,潭子區,搶奪,1,109324,year_end_registered_population,0.9147122315
2019,臺中市,潭子區,機車竊盜,6,109324,year_end_registered_population,5.4882733892
2019,臺中市,潭子區,毒品,68,109324,year_end_registered_population,62.2004317442
2019,臺中市,潭子區,汽車竊盜,2,109324,year_end_registered_population,1.8294244631
2019,臺中市,烏日區,住宅竊盜,2,75610,year_end_registered_population,2.6451527576
2019,臺中市,烏日區,強盜,1,75610,year_end_registered_population,1.3225763788
2019,臺中市,烏日區,機車竊盜,3,75610,year_end_registered_population,3.9677291364
2019,臺中市,烏日區,毒品,41,75610,year_end_registered_population,54.2256315302
2019,臺中市,烏日區,汽車竊盜,8,75610,year_end_registered_population,10.5806110303
2019,臺中市,石岡區,機車竊盜,1,14758,year_end_registered_population,6.7759859059
2019,臺中市,石岡區,毒品,5,14758,year_end_registered_population,33.8799295297
2019,臺中市,神岡區,住宅竊盜,3,65679,year_end_registered_population,4.5676700315
2019,臺中市,神岡區,強盜,1,65679,year_end_registered_population,1.5225566772
2019,臺中市,神岡區,搶奪,1,65679,year_end_registered_population,1.5225566772
2019,臺中市,神岡區,機車竊盜,1,65679,year_end_registered_population,1.5225566772
2019,臺中市,神岡區,毒品,35,65679,year_end_registered_population,53.289483701
2019,臺中市,神岡區,汽車竊盜,2,65679,year_end_registered_population,3.0451133543
2019,臺中市,西區,強盜,1,115273,year_end_registered_population,0.867505834
2019,臺中市,西區,機車竊盜,15,115273,year_end_registered_population,13.0125875097
2019,臺中市,西區,毒品,101,115273,year_end_registered_population,87.6180892317
2019,臺中市,西區,汽車竊盜,4,115273,year_end_registered_population,3.4700233359
2019,臺中市,西屯區,住宅竊盜,11,230501,year_end_registered_population,4.7722135696
2019,臺中市,西屯區,強盜,1,230501,year_end_registered_population,0.4338375972
2019,臺中市,西屯區,搶奪,1,230501,year_end_registered_population,0.4338375972
2019,臺中市,西屯區,機車竊盜,34,230501,year_end_registered_population,14.750478306
2019,臺中市,西屯區,毒品,389,230501,year_end_registered_population,168.762825324
2019,臺中市,西屯區,汽車竊盜,8,230501,year_end_registered_population,3.4707007779
2019,臺中市,豐原區,住宅竊盜,10,166875,year_end_registered_population,5.9925093633
2019,臺中市,豐原區,強盜,2,166875,year_end_registered_population,1.1985018727
2019,臺中市,豐原區,搶奪,3,166875,year_end_registered_population,1.797752809
2019,臺中市,豐原區,機車竊盜,17,166875,year_end_registered_population,10.1872659176
2019,臺中市,豐原區,毒品,118,166875,year_end_registered_population,70.7116104869
2019,臺中市,豐原區,汽車竊盜,10,166875,year_end_registered_population,5.9925093633
2019,臺中市,霧峰區,搶奪,1,65419,year_end_registered_population,1.5286078968
2019,臺中市,霧峰區,機車竊盜,9,65419,year_end_registered_population,13.7574710711
2019,臺中市,霧峰區,毒品,32,65419,year_end_registered_population,48.9154526972
2019,臺中市,霧峰區,汽車竊盜,2,65419,year_end_registered_population,3.0572157936
2019,臺中市,龍井區,住宅竊盜,2,78027,year_end_registered_population,2.5632152973
2019,臺中市,龍井區,機車竊盜,4,78027,year_end_registered_population,5.1264305945
2019,臺中市,龍井區,毒品,41,78027,year_end_registered_population,52.545913594
2019,臺中市,龍井區,汽車竊盜,2,78027,year_end_registered_population,2.5632152973
2019,臺北市,中山區,住宅竊盜,40,227387,year_end_registered_population,17.5911551672
2019,臺北市,中山區,強制性交,2,227387,year_end_registered_population,0.8795577584
2019,臺北市,中山區,強盜,1,227387,year_end_registered_population,0.4397788792
2019,臺北市,中山區,搶奪,1,227387,year_end_registered_population,0.4397788792
2019,臺北市,中山區,機車竊盜,9,227387,year_end_registered_population,3.9580099126
2019,臺北市,中山區,毒品,539,227387,year_end_registered_population,237.0408158778
2019,臺北市,中山區,汽車竊盜,1,227387,year_end_registered_population,0.4397788792
2019,臺北市,中正區,住宅竊盜,19,158014,year_end_registered_population,12.0242510157
2019,臺北市,中正區,搶奪,6,158014,year_end_registered_population,3.7971318997
2019,臺北市,中正區,機車竊盜,10,158014,year_end_registered_population,6.3285531662
2019,臺北市,中正區,毒品,114,158014,year_end_registered_population,72.1455060944
2019,臺北市,中正區,汽車竊盜,2,158014,year_end_registered_population,1.2657106332
2019,臺北市,信義區,住宅竊盜,14,220021,year_end_registered_population,6.3630289836
2019,臺北市,信義區,強制性交,1,220021,year_end_registered_population,0.4545020703
2019,臺北市,信義區,強盜,3,220021,year_end_registered_population,1.3635062108
2019,臺北市,信義區,搶奪,1,220021,year_end_registered_population,0.4545020703
2019,臺北市,信義區,機車竊盜,21,220021,year_end_registered_population,9.5445434754
2019,臺北市,信義區,毒品,210,220021,year_end_registered_population,95.445434754
2019,臺北市,信義區,汽車竊盜,4,220021,year_end_registered_population,1.818008281
2019,臺北市,內湖區,住宅竊盜,24,285795,year_end_registered_population,8.3976276702
2019,臺北市,內湖區,強制性交,1,285795,year_end_registered_population,0.3499011529
2019,臺北市,內湖區,強盜,1,285795,year_end_registered_population,0.3499011529
2019,臺北市,內湖區,機車竊盜,7,285795,year_end_registered_population,2.4493080705
2019,臺北市,內湖區,毒品,157,285795,year_end_registered_population,54.9344810091
2019,臺北市,內湖區,汽車竊盜,1,285795,year_end_registered_population,0.3499011529
2019,臺北市,北投區,住宅竊盜,45,253319,year_end_registered_population,17.7641629724
2019,臺北市,北投區,強制性交,4,253319,year_end_registered_population,1.5790367087
2019,臺北市,北投區,強盜,5,253319,year_end_registered_population,1.9737958858
2019,臺北市,北投區,機車竊盜,24,253319,year_end_registered_population,9.4742202519
2019,臺北市,北投區,毒品,201,253319,year_end_registered_population,79.34659461
2019,臺北市,北投區,汽車竊盜,4,253319,year_end_registered_population,1.5790367087
2019,臺北市,南港區,住宅竊盜,21,120297,year_end_registered_population,17.4567944338
2019,臺北市,南港區,強制性交,1,120297,year_end_registered_population,0.8312759254
2019,臺北市,南港區,機車竊盜,8,120297,year_end_registered_population,6.6502074033
2019,臺北市,南港區,毒品,96,120297,year_end_registered_population,79.8024888401
2019,臺北市,南港區,汽車竊盜,4,120297,year_end_registered_population,3.3251037017
2019,臺北市,士林區,住宅竊盜,31,283459,year_end_registered_population,10.9363258884
2019,臺北市,士林區,搶奪,2,283459,year_end_registered_population,0.7055694122
2019,臺北市,士林區,機車竊盜,37,283459,year_end_registered_population,13.0530341249
2019,臺北市,士林區,毒品,198,283459,year_end_registered_population,69.8513718033
2019,臺北市,士林區,汽車竊盜,5,283459,year_end_registered_population,1.7639235304
2019,臺北市,大同區,住宅竊盜,19,126043,year_end_registered_population,15.0742207025
2019,臺北市,大同區,強制性交,1,126043,year_end_registered_population,0.793380037
2019,臺北市,大同區,強盜,2,126043,year_end_registered_population,1.5867600739
2019,臺北市,大同區,搶奪,1,126043,year_end_registered_population,0.793380037
2019,臺北市,大同區,機車竊盜,17,126043,year_end_registered_population,13.4874606285
2019,臺北市,大同區,毒品,208,126043,year_end_registered_population,165.0230476901
2019,臺北市,大同區,汽車竊盜,2,126043,year_end_registered_population,1.5867600739
2019,臺北市,大同區,組織犯罪防制條例,1,126043,year_end_registered_population,0.793380037
2019,臺北市,大安區,住宅竊盜,43,307631,year_end_registered_population,13.9777850737
2019,臺北市,大安區,機車竊盜,7,307631,year_end_registered_population,2.2754533841
2019,臺北市,大安區,毒品,550,307631,year_end_registered_population,178.7856230354
2019,臺北市,大安區,汽車竊盜,4,307631,year_end_registered_population,1.3002590766
2019,臺北市,文山區,住宅竊盜,19,271806,year_end_registered_population,6.9902798319
2019,臺北市,文山區,強制性交,2,271806,year_end_registered_population,0.7358189297
2019,臺北市,文山區,強盜,1,271806,year_end_registered_population,0.3679094648
2019,臺北市,文山區,機車竊盜,9,271806,year_end_registered_population,3.3111851836
2019,臺北市,文山區,毒品,166,271806,year_end_registered_population,61.0729711633
2019,臺北市,文山區,汽車竊盜,6,271806,year_end_registered_population,2.207456789
2019,臺北市,松山區,住宅竊盜,12,204193,year_end_registered_population,5.876793034
2019,臺北市,松山區,機車竊盜,6,204193,year_end_registered_population,2.938396517
2019,臺北市,松山區,毒品,396,204193,year_end_registered_population,193.9341701234
2019,臺北市,松山區,汽車竊盜,1,204193,year_end_registered_population,0.4897327528
2019,臺北市,萬華區,住宅竊盜,31,187076,year_end_registered_population,16.5708054481
2019,臺北市,萬華區,強制性交,2,187076,year_end_registered_population,1.0690842225
2019,臺北市,萬華區,強盜,1,187076,year_end_registered_population,0.5345421112
2019,臺北市,萬華區,搶奪,4,187076,year_end_registered_population,2.1381684449
2019,臺北市,萬華區,機車竊盜,30,187076,year_end_registered_population,16.0362633368
2019,臺北市,萬華區,毒品,672,187076,year_end_registered_population,359.2122987449
2019,臺北市,萬華區,汽車竊盜,11,187076,year_end_registered_population,5.8799632235
2019,臺南市,七股區,住宅竊盜,6,22299,year_end_registered_population,26.90703619
2019,臺南市,七股區,機車竊盜,1,22299,year_end_registered_population,4.4845060317
2019,臺南市,七股區,毒品,9,22299,year_end_registered_population,40.3605542849
2019,臺南市,七股區,汽車竊盜,1,22299,year_end_registered_population,4.4845060317
2019,臺南市,下營區,住宅竊盜,3,23686,year_end_registered_population,12.6657097019
2019,臺南市,下營區,機車竊盜,1,23686,year_end_registered_population,4.221903234
2019,臺南市,下營區,毒品,17,23686,year_end_registered_population,71.7723549776
2019,臺南市,下營區,汽車竊盜,1,23686,year_end_registered_population,4.221903234
2019,臺南市,中西區,住宅竊盜,7,78493,year_end_registered_population,8.9179926872
2019,臺南市,中西區,強制性交,1,78493,year_end_registered_population,1.2739989553
2019,臺南市,中西區,強盜,1,78493,year_end_registered_population,1.2739989553
2019,臺南市,中西區,機車竊盜,5,78493,year_end_registered_population,6.3699947766
2019,臺南市,中西區,毒品,160,78493,year_end_registered_population,203.8398328513
2019,臺南市,中西區,汽車竊盜,2,78493,year_end_registered_population,2.5479979106
2019,臺南市,仁德區,住宅竊盜,15,76094,year_end_registered_population,19.7124609036
2019,臺南市,仁德區,強盜,1,76094,year_end_registered_population,1.3141640602
2019,臺南市,仁德區,搶奪,1,76094,year_end_registered_population,1.3141640602
2019,臺南市,仁德區,機車竊盜,10,76094,year_end_registered_population,13.1416406024
2019,臺南市,仁德區,毒品,105,76094,year_end_registered_population,137.9872263253
2019,臺南市,仁德區,汽車竊盜,8,76094,year_end_registered_population,10.5133124819
2019,臺南市,佳里區,住宅竊盜,7,59089,year_end_registered_population,11.8465365804
2019,臺南市,佳里區,機車竊盜,1,59089,year_end_registered_population,1.6923623686
2019,臺南市,佳里區,毒品,34,59089,year_end_registered_population,57.5403205334
2019,臺南市,佳里區,汽車竊盜,1,59089,year_end_registered_population,1.6923623686
2019,臺南市,六甲區,住宅竊盜,1,21886,year_end_registered_population,4.5691309513
2019,臺南市,六甲區,強盜,1,21886,year_end_registered_population,4.5691309513
2019,臺南市,六甲區,毒品,34,21886,year_end_registered_population,155.350452344
2019,臺南市,六甲區,汽車竊盜,1,21886,year_end_registered_population,4.5691309513
2019,臺南市,北區,住宅竊盜,36,131480,year_end_registered_population,27.3805902038
2019,臺南市,北區,強制性交,1,131480,year_end_registered_population,0.7605719501
2019,臺南市,北區,強盜,1,131480,year_end_registered_population,0.7605719501
2019,臺南市,北區,機車竊盜,10,131480,year_end_registered_population,7.6057195011
2019,臺南市,北區,毒品,191,131480,year_end_registered_population,145.2692424703
2019,臺南市,北區,汽車竊盜,6,131480,year_end_registered_population,4.5634317006
2019,臺南市,北門區,住宅竊盜,1,10830,year_end_registered_population,9.2336103416
2019,臺南市,北門區,機車竊盜,1,10830,year_end_registered_population,9.2336103416
2019,臺南市,北門區,毒品,11,10830,year_end_registered_population,101.5697137581
2019,臺南市,南化區,住宅竊盜,1,8583,year_end_registered_population,11.6509379005
2019,臺南市,南化區,毒品,11,8583,year_end_registered_population,128.1603169055
2019,臺南市,南區,住宅竊盜,6,124696,year_end_registered_population,4.8117020594
2019,臺南市,南區,強制性交,2,124696,year_end_registered_population,1.6039006865
2019,臺南市,南區,強盜,1,124696,year_end_registered_population,0.8019503432
2019,臺南市,南區,搶奪,1,124696,year_end_registered_population,0.8019503432
2019,臺南市,南區,機車竊盜,6,124696,year_end_registered_population,4.8117020594
2019,臺南市,南區,毒品,88,124696,year_end_registered_population,70.5716302047
2019,臺南市,南區,汽車竊盜,8,124696,year_end_registered_population,6.4156027459
2019,臺南市,善化區,住宅竊盜,5,50018,year_end_registered_population,9.9964012955
2019,臺南市,善化區,搶奪,1,50018,year_end_registered_population,1.9992802591
2019,臺南市,善化區,機車竊盜,1,50018,year_end_registered_population,1.9992802591
2019,臺南市,善化區,毒品,35,50018,year_end_registered_population,69.9748090687
2019,臺南市,善化區,汽車竊盜,1,50018,year_end_registered_population,1.9992802591
2019,臺南市,大內區,住宅竊盜,2,9391,year_end_registered_population,21.2969864764
2019,臺南市,大內區,毒品,16,9391,year_end_registered_population,170.3758918113
2019,臺南市,學甲區,住宅竊盜,12,25501,year_end_registered_population,47.0569781577
2019,臺南市,學甲區,強盜,2,25501,year_end_registered_population,7.842829693
2019,臺南市,學甲區,毒品,24,25501,year_end_registered_population,94.1139563154
2019,臺南市,學甲區,汽車竊盜,1,25501,year_end_registered_population,3.9214148465
2019,臺南市,安南區,住宅竊盜,7,194228,year_end_registered_population,3.60401178
2019,臺南市,安南區,強制性交,1,194228,year_end_registered_population,0.5148588257
2019,臺南市,安南區,強盜,1,194228,year_end_registered_population,0.5148588257
2019,臺南市,安南區,機車竊盜,12,194228,year_end_registered_population,6.1783059085
2019,臺南市,安南區,毒品,200,194228,year_end_registered_population,102.971765142
2019,臺南市,安南區,汽車竊盜,4,194228,year_end_registered_population,2.0594353028
2019,臺南市,安定區,住宅竊盜,3,30413,year_end_registered_population,9.864202808
2019,臺南市,安定區,機車竊盜,2,30413,year_end_registered_population,6.5761352053
2019,臺南市,安定區,毒品,30,30413,year_end_registered_population,98.6420280801
2019,臺南市,安平區,住宅竊盜,5,67119,year_end_registered_population,7.4494554448
2019,臺南市,安平區,強制性交,2,67119,year_end_registered_population,2.9797821779
2019,臺南市,安平區,強盜,1,67119,year_end_registered_population,1.489891089
2019,臺南市,安平區,機車竊盜,5,67119,year_end_registered_population,7.4494554448
2019,臺南市,安平區,毒品,36,67119,year_end_registered_population,53.6360792026
2019,臺南市,安平區,汽車竊盜,8,67119,year_end_registered_population,11.9191287117
2019,臺南市,官田區,住宅竊盜,4,21371,year_end_registered_population,18.7169528801
2019,臺南市,官田區,強制性交,1,21371,year_end_registered_population,4.67923822
2019,臺南市,官田區,機車竊盜,2,21371,year_end_registered_population,9.35847644
2019,臺南市,官田區,毒品,32,21371,year_end_registered_population,149.7356230406
2019,臺南市,官田區,汽車竊盜,3,21371,year_end_registered_population,14.0377146601
2019,臺南市,將軍區,毒品,20,19353,year_end_registered_population,103.3431509327
2019,臺南市,山上區,毒品,7,7199,year_end_registered_population,97.2357271843
2019,臺南市,左鎮區,毒品,3,4676,year_end_registered_population,64.1573994867
2019,臺南市,左鎮區,汽車竊盜,1,4676,year_end_registered_population,21.3857998289
2019,臺南市,後壁區,住宅竊盜,5,23001,year_end_registered_population,21.7381852963
2019,臺南市,後壁區,毒品,16,23001,year_end_registered_population,69.5621929481
2019,臺南市,新化區,住宅竊盜,6,43254,year_end_registered_population,13.8715494521
2019,臺南市,新化區,強制性交,1,43254,year_end_registered_population,2.3119249087
2019,臺南市,新化區,機車竊盜,1,43254,year_end_registered_population,2.3119249087
2019,臺南市,新化區,毒品,30,43254,year_end_registered_population,69.3577472604
2019,臺南市,新化區,汽車竊盜,5,43254,year_end_registered_population,11.5596245434
2019,臺南市,新市區,住宅竊盜,5,37269,year_end_registered_population,13.4159757439
2019,臺南市,新市區,機車竊盜,1,37269,year_end_registered_population,2.6831951488
2019,臺南市,新市區,毒品,35,37269,year_end_registered_population,93.9118302074
2019,臺南市,新營區,住宅竊盜,20,76969,year_end_registered_population,25.9844872611
2019,臺南市,新營區,強制性交,1,76969,year_end_registered_population,1.2992243631
2019,臺南市,新營區,強盜,4,76969,year_end_registered_population,5.1968974522
2019,臺南市,新營區,搶奪,1,76969,year_end_registered_population,1.2992243631
2019,臺南市,新營區,機車竊盜,5,76969,year_end_registered_population,6.4961218153
2019,臺南市,新營區,毒品,68,76969,year_end_registered_population,88.3472566878
2019,臺南市,新營區,汽車竊盜,2,76969,year_end_registered_population,2.5984487261
2019,臺南市,東區,住宅竊盜,13,186009,year_end_registered_population,6.9889091388
2019,臺南市,東區,強制性交,3,186009,year_end_registered_population,1.6128251859
2019,臺南市,東區,強盜,3,186009,year_end_registered_population,1.6128251859
2019,臺南市,東區,搶奪,1,186009,year_end_registered_population,0.5376083953
2019,臺南市,東區,機車竊盜,15,186009,year_end_registered_population,8.0641259294
2019,臺南市,東區,毒品,111,186009,year_end_registered_population,59.6745318775
2019,臺南市,東區,汽車竊盜,6,186009,year_end_registered_population,3.2256503718
2019,臺南市,東山區,住宅竊盜,3,20449,year_end_registered_population,14.6706440413
2019,臺南市,東山區,機車竊盜,3,20449,year_end_registered_population,14.6706440413
2019,臺南市,東山區,毒品,12,20449,year_end_registered_population,58.6825761651
2019,臺南市,東山區,汽車竊盜,1,20449,year_end_registered_population,4.8902146804
2019,臺南市,柳營區,住宅竊盜,4,21068,year_end_registered_population,18.9861401177
2019,臺南市,柳營區,毒品,18,21068,year_end_registered_population,85.4376305297
2019,臺南市,柳營區,汽車竊盜,1,21068,year_end_registered_population,4.7465350294
2019,臺南市,楠西區,住宅竊盜,1,9319,year_end_registered_population,10.7307651036
2019,臺南市,楠西區,毒品,2,9319,year_end_registered_population,21.4615302071
2019,臺南市,歸仁區,住宅竊盜,10,68135,year_end_registered_population,14.676744698
2019,臺南市,歸仁區,強盜,2,68135,year_end_registered_population,2.9353489396
2019,臺南市,歸仁區,機車竊盜,4,68135,year_end_registered_population,5.8706978792
2019,臺南市,歸仁區,毒品,53,68135,year_end_registered_population,77.7867468995
2019,臺南市,歸仁區,汽車竊盜,6,68135,year_end_registered_population,8.8060468188
2019,臺南市,永康區,住宅竊盜,22,235699,year_end_registered_population,9.3339386251
2019,臺南市,永康區,強盜,1,235699,year_end_registered_population,0.4242699375
2019,臺南市,永康區,搶奪,2,235699,year_end_registered_population,0.848539875
2019,臺南市,永康區,機車竊盜,11,235699,year_end_registered_population,4.6669693126
2019,臺南市,永康區,毒品,374,235699,year_end_registered_population,158.6769566269
2019,臺南市,永康區,汽車竊盜,19,235699,year_end_registered_population,8.0611288126
2019,臺南市,玉井區,住宅竊盜,5,13769,year_end_registered_population,36.3134577674
2019,臺南市,玉井區,毒品,9,13769,year_end_registered_population,65.3642239814
2019,臺南市,玉井區,汽車竊盜,2,13769,year_end_registered_population,14.525383107
2019,臺南市,白河區,住宅竊盜,7,27688,year_end_registered_population,25.2817104883
2019,臺南市,白河區,毒品,27,27688,year_end_registered_population,97.5151690263
2019,臺南市,白河區,汽車竊盜,2,27688,year_end_registered_population,7.2233458538
2019,臺南市,西港區,住宅竊盜,2,24554,year_end_registered_population,8.1453123727
2019,臺南市,西港區,毒品,21,24554,year_end_registered_population,85.5257799137
2019,臺南市,西港區,汽車竊盜,2,24554,year_end_registered_population,8.1453123727
2019,臺南市,關廟區,住宅竊盜,5,34202,year_end_registered_population,14.619028127
2019,臺南市,關廟區,機車竊盜,14,34202,year_end_registered_population,40.9332787556
2019,臺南市,關廟區,毒品,31,34202,year_end_registered_population,90.6379743875
2019,臺南市,關廟區,汽車竊盜,3,34202,year_end_registered_population,8.7714168762
2019,臺南市,鹽水區,住宅竊盜,1,25223,year_end_registered_population,3.9646354518
2019,臺南市,鹽水區,搶奪,1,25223,year_end_registered_population,3.9646354518
2019,臺南市,鹽水區,機車竊盜,1,25223,year_end_registered_population,3.9646354518
2019,臺南市,鹽水區,毒品,11,25223,year_end_registered_population,43.6109899695
2019,臺南市,麻豆區,住宅竊盜,2,43993,year_end_registered_population,4.546177801
2019,臺南市,麻豆區,強盜,2,43993,year_end_registered_population,4.546177801
2019,臺南市,麻豆區,機車竊盜,1,43993,year_end_registered_population,2.2730889005
2019,臺南市,麻豆區,毒品,11,43993,year_end_registered_population,25.0039779056
2019,臺南市,麻豆區,汽車竊盜,1,43993,year_end_registered_population,2.2730889005
2019,臺南市,龍崎區,住宅竊盜,1,3900,year_end_registered_population,25.641025641
2019,臺南市,龍崎區,機車竊盜,1,3900,year_end_registered_population,25.641025641
2019,臺南市,龍崎區,毒品,2,3900,year_end_registered_population,51.2820512821
2019,臺東縣,卑南鄉,機車竊盜,2,17132,year_end_registered_population,11.6740602382
2019,臺東縣,卑南鄉,毒品,17,17132,year_end_registered_population,99.2295120243
2019,臺東縣,大武鄉,毒品,8,5851,year_end_registered_population,136.7287643138
2019,臺東縣,太麻里鄉,機車竊盜,1,10984,year_end_registered_population,9.1041514931
2019,臺東縣,太麻里鄉,毒品,5,10984,year_end_registered_population,45.5207574654
2019,臺東縣,成功鎮,毒品,7,13748,year_end_registered_population,50.916496945
2019,臺東縣,東河鄉,機車竊盜,1,8349,year_end_registered_population,11.9774823332
2019,臺東縣,東河鄉,毒品,6,8349,year_end_registered_population,71.8648939993
2019,臺東縣,池上鄉,毒品,8,8141,year_end_registered_population,98.268026041
2019,臺東縣,臺東市,住宅竊盜,3,105202,year_end_registered_population,2.8516568126
2019,臺東縣,臺東市,強盜,1,105202,year_end_registered_population,0.9505522709
2019,臺東縣,臺東市,機車竊盜,4,105202,year_end_registered_population,3.8022090835
2019,臺東縣,臺東市,毒品,206,105202,year_end_registered_population,195.8137677991
2019,臺東縣,臺東市,汽車竊盜,1,105202,year_end_registered_population,0.9505522709
2019,臺東縣,蘭嶼鄉,毒品,2,5127,year_end_registered_population,39.0091671543
2019,臺東縣,金峰鄉,毒品,1,3703,year_end_registered_population,27.0051309749
2019,臺東縣,長濱鄉,毒品,1,7021,year_end_registered_population,14.2429853297
2019,臺東縣,關山鎮,毒品,1,8575,year_end_registered_population,11.6618075802
2019,臺東縣,鹿野鄉,機車竊盜,2,7744,year_end_registered_population,25.826446281
2019,臺東縣,鹿野鄉,毒品,4,7744,year_end_registered_population,51.652892562
2019,花蓮縣,光復鄉,住宅竊盜,1,12536,year_end_registered_population,7.9770261646
2019,花蓮縣,光復鄉,機車竊盜,1,12536,year_end_registered_population,7.9770261646
2019,花蓮縣,光復鄉,毒品,14,12536,year_end_registered_population,111.678366305
2019,花蓮縣,光復鄉,汽車竊盜,1,12536,year_end_registered_population,7.9770261646
2019,花蓮縣,吉安鄉,住宅竊盜,10,83583,year_end_registered_population,11.9641553905
2019,花蓮縣,吉安鄉,強盜,1,83583,year_end_registered_population,1.196415539
2019,花蓮縣,吉安鄉,搶奪,1,83583,year_end_registered_population,1.196415539
2019,花蓮縣,吉安鄉,機車竊盜,3,83583,year_end_registered_population,3.5892466171
2019,花蓮縣,吉安鄉,毒品,125,83583,year_end_registered_population,149.5519423806
2019,花蓮縣,吉安鄉,汽車竊盜,1,83583,year_end_registered_population,1.196415539
2019,花蓮縣,壽豐鄉,住宅竊盜,2,17820,year_end_registered_population,11.2233445567
2019,花蓮縣,壽豐鄉,強盜,1,17820,year_end_registered_population,5.6116722783
2019,花蓮縣,壽豐鄉,機車竊盜,1,17820,year_end_registered_population,5.6116722783
2019,花蓮縣,壽豐鄉,毒品,23,17820,year_end_registered_population,129.0684624018
2019,花蓮縣,富里鄉,毒品,9,10161,year_end_registered_population,88.573959256
2019,花蓮縣,新城鄉,住宅竊盜,6,20083,year_end_registered_population,29.8760145397
2019,花蓮縣,新城鄉,機車竊盜,5,20083,year_end_registered_population,24.8966787831
2019,花蓮縣,新城鄉,毒品,42,20083,year_end_registered_population,209.1321017776
2019,花蓮縣,新城鄉,汽車竊盜,1,20083,year_end_registered_population,4.9793357566
2019,花蓮縣,玉里鎮,住宅竊盜,1,23648,year_end_registered_population,4.2286874154
2019,花蓮縣,玉里鎮,強盜,1,23648,year_end_registered_population,4.2286874154
2019,花蓮縣,玉里鎮,機車竊盜,6,23648,year_end_registered_population,25.3721244926
2019,花蓮縣,玉里鎮,毒品,33,23648,year_end_registered_population,139.5466847091
2019,花蓮縣,玉里鎮,汽車竊盜,3,23648,year_end_registered_population,12.6860622463
2019,花蓮縣,瑞穗鄉,住宅竊盜,1,11433,year_end_registered_population,8.7466106884
2019,花蓮縣,瑞穗鄉,機車竊盜,1,11433,year_end_registered_population,8.7466106884
2019,花蓮縣,瑞穗鄉,毒品,18,11433,year_end_registered_population,157.4389923904
2019,花蓮縣,秀林鄉,住宅竊盜,3,15953,year_end_registered_population,18.8052403937
2019,花蓮縣,秀林鄉,強制性交,2,15953,year_end_registered_population,12.5368269291
2019,花蓮縣,秀林鄉,毒品,31,15953,year_end_registered_population,194.3208174011
2019,花蓮縣,秀林鄉,汽車竊盜,1,15953,year_end_registered_population,6.2684134646
2019,花蓮縣,花蓮市,住宅竊盜,19,103404,year_end_registered_population,18.3745309659
2019,花蓮縣,花蓮市,強盜,2,103404,year_end_registered_population,1.9341611543
2019,花蓮縣,花蓮市,搶奪,4,103404,year_end_registered_population,3.8683223086
2019,花蓮縣,花蓮市,機車竊盜,8,103404,year_end_registered_population,7.7366446172
2019,花蓮縣,花蓮市,毒品,171,103404,year_end_registered_population,165.3707786933
2019,花蓮縣,花蓮市,汽車竊盜,2,103404,year_end_registered_population,1.9341611543
2019,花蓮縣,萬榮鄉,住宅竊盜,1,6313,year_end_registered_population,15.8403294789
2019,花蓮縣,萬榮鄉,機車竊盜,1,6313,year_end_registered_population,15.8403294789
2019,花蓮縣,萬榮鄉,毒品,2,6313,year_end_registered_population,31.6806589577
2019,花蓮縣,豐濱鄉,機車竊盜,1,4476,year_end_registered_population,22.3413762288
2019,花蓮縣,豐濱鄉,毒品,1,4476,year_end_registered_population,22.3413762288
2019,花蓮縣,鳳林鎮,毒品,13,10802,year_end_registered_population,120.3480836882
2019,苗栗縣,三灣鄉,毒品,1,6532,year_end_registered_population,15.3092467851
2019,苗栗縣,三義鄉,住宅竊盜,2,15970,year_end_registered_population,12.5234815279
2019,苗栗縣,三義鄉,毒品,20,15970,year_end_registered_population,125.2348152786
2019,苗栗縣,三義鄉,汽車竊盜,1,15970,year_end_registered_population,6.2617407639
2019,苗栗縣,公館鄉,毒品,30,32754,year_end_registered_population,91.5918666422
2019,苗栗縣,公館鄉,汽車竊盜,1,32754,year_end_registered_population,3.0530622214
2019,苗栗縣,卓蘭鎮,機車竊盜,1,16448,year_end_registered_population,6.079766537
2019,苗栗縣,卓蘭鎮,毒品,15,16448,year_end_registered_population,91.1964980545
2019,苗栗縣,南庄鄉,毒品,16,9813,year_end_registered_population,163.0490166106
2019,苗栗縣,大湖鄉,住宅竊盜,1,14194,year_end_registered_population,7.045230379
2019,苗栗縣,大湖鄉,機車竊盜,2,14194,year_end_registered_population,14.0904607581
2019,苗栗縣,大湖鄉,毒品,20,14194,year_end_registered_population,140.9046075807
2019,苗栗縣,後龍鎮,住宅竊盜,14,35675,year_end_registered_population,39.2431674842
2019,苗栗縣,後龍鎮,強盜,1,35675,year_end_registered_population,2.8030833917
2019,苗栗縣,後龍鎮,毒品,32,35675,year_end_registered_population,89.6986685354
2019,苗栗縣,後龍鎮,汽車竊盜,2,35675,year_end_registered_population,5.6061667835
2019,苗栗縣,泰安鄉,毒品,6,5888,year_end_registered_population,101.902173913
2019,苗栗縣,泰安鄉,汽車竊盜,1,5888,year_end_registered_population,16.9836956522
2019,苗栗縣,獅潭鄉,毒品,9,4231,year_end_registered_population,212.7156700544
2019,苗栗縣,竹南鎮,住宅竊盜,6,86565,year_end_registered_population,6.931207763
2019,苗栗縣,竹南鎮,強盜,1,86565,year_end_registered_population,1.1552012938
2019,苗栗縣,竹南鎮,搶奪,1,86565,year_end_registered_population,1.1552012938
2019,苗栗縣,竹南鎮,機車竊盜,5,86565,year_end_registered_population,5.7760064691
2019,苗栗縣,竹南鎮,毒品,104,86565,year_end_registered_population,120.1409345578
2019,苗栗縣,竹南鎮,汽車竊盜,7,86565,year_end_registered_population,8.0864090568
2019,苗栗縣,苑裡鎮,住宅竊盜,3,44848,year_end_registered_population,6.6892615055
2019,苗栗縣,苑裡鎮,強盜,1,44848,year_end_registered_population,2.2297538352
2019,苗栗縣,苑裡鎮,機車竊盜,1,44848,year_end_registered_population,2.2297538352
2019,苗栗縣,苑裡鎮,毒品,34,44848,year_end_registered_population,75.811630396
2019,苗栗縣,苑裡鎮,汽車竊盜,1,44848,year_end_registered_population,2.2297538352
2019,苗栗縣,苗栗市,住宅竊盜,10,87976,year_end_registered_population,11.3667363826
2019,苗栗縣,苗栗市,機車竊盜,3,87976,year_end_registered_population,3.4100209148
2019,苗栗縣,苗栗市,毒品,128,87976,year_end_registered_population,145.4942256979
2019,苗栗縣,苗栗市,汽車竊盜,4,87976,year_end_registered_population,4.5466945531
2019,苗栗縣,西湖鄉,毒品,3,6877,year_end_registered_population,43.6236731133
2019,苗栗縣,通霄鎮,住宅竊盜,5,33471,year_end_registered_population,14.9383048012
2019,苗栗縣,通霄鎮,毒品,36,33471,year_end_registered_population,107.5557945684
2019,苗栗縣,通霄鎮,汽車竊盜,1,33471,year_end_registered_population,2.9876609602
2019,苗栗縣,造橋鄉,住宅竊盜,3,12473,year_end_registered_population,24.0519522168
2019,苗栗縣,造橋鄉,強盜,1,12473,year_end_registered_population,8.0173174056
2019,苗栗縣,造橋鄉,毒品,15,12473,year_end_registered_population,120.2597610839
2019,苗栗縣,造橋鄉,汽車竊盜,1,12473,year_end_registered_population,8.0173174056
2019,苗栗縣,銅鑼鄉,住宅竊盜,1,17588,year_end_registered_population,5.6856947919
2019,苗栗縣,銅鑼鄉,毒品,25,17588,year_end_registered_population,142.1423697976
2019,苗栗縣,頭份市,住宅竊盜,4,103701,year_end_registered_population,3.857243421
2019,苗栗縣,頭份市,強制性交,1,103701,year_end_registered_population,0.9643108552
2019,苗栗縣,頭份市,機車竊盜,2,103701,year_end_registered_population,1.9286217105
2019,苗栗縣,頭份市,毒品,176,103701,year_end_registered_population,169.7187105235
2019,苗栗縣,頭份市,汽車竊盜,8,103701,year_end_registered_population,7.714486842
2019,苗栗縣,頭屋鄉,毒品,14,10455,year_end_registered_population,133.9072214252
2019,連江縣,北竿鄉,住宅竊盜,1,2595,year_end_registered_population,38.5356454721
2019,連江縣,南竿鄉,毒品,5,7599,year_end_registered_population,65.7981313331
2019,金門縣,烈嶼鄉,住宅竊盜,2,12749,year_end_registered_population,15.6875049023
2019,金門縣,烈嶼鄉,毒品,2,12749,year_end_registered_population,15.6875049023
2019,金門縣,金城鎮,住宅竊盜,6,43253,year_end_registered_population,13.8718701593
2019,金門縣,金城鎮,強制性交,1,43253,year_end_registered_population,2.3119783599
2019,金門縣,金城鎮,機車竊盜,2,43253,year_end_registered_population,4.6239567198
2019,金門縣,金城鎮,毒品,10,43253,year_end_registered_population,23.1197835988
2019,金門縣,金寧鄉,住宅竊盜,2,32531,year_end_registered_population,6.1479819249
2019,金門縣,金寧鄉,強制性交,2,32531,year_end_registered_population,6.1479819249
2019,金門縣,金寧鄉,毒品,11,32531,year_end_registered_population,33.8139005871
2019,金門縣,金寧鄉,汽車竊盜,1,32531,year_end_registered_population,3.0739909625
2019,金門縣,金沙鎮,住宅竊盜,7,20802,year_end_registered_population,33.6506105182
2019,金門縣,金沙鎮,毒品,2,20802,year_end_registered_population,9.6144601481
2019,金門縣,金沙鎮,組織犯罪防制條例,1,20802,year_end_registered_population,4.807230074
2019,金門縣,金湖鎮,住宅竊盜,10,30171,year_end_registered_population,33.1444101952
2019,金門縣,金湖鎮,強制性交,1,30171,year_end_registered_population,3.3144410195
2019,金門縣,金湖鎮,毒品,8,30171,year_end_registered_population,26.5155281562
2019,金門縣,金湖鎮,汽車竊盜,1,30171,year_end_registered_population,3.3144410195
2019,雲林縣,二崙鄉,住宅竊盜,6,26371,year_end_registered_population,22.7522657465
2019,雲林縣,二崙鄉,毒品,10,26371,year_end_registered_population,37.9204429108
2019,雲林縣,元長鄉,住宅竊盜,5,25118,year_end_registered_population,19.9060434748
2019,雲林縣,元長鄉,機車竊盜,3,25118,year_end_registered_population,11.9436260849
2019,雲林縣,元長鄉,毒品,30,25118,year_end_registered_population,119.4362608488
2019,雲林縣,北港鎮,住宅竊盜,3,39397,year_end_registered_population,7.6147930045
2019,雲林縣,北港鎮,機車竊盜,2,39397,year_end_registered_population,5.0765286697
2019,雲林縣,北港鎮,毒品,54,39397,year_end_registered_population,137.0662740818
2019,雲林縣,北港鎮,汽車竊盜,1,39397,year_end_registered_population,2.5382643348
2019,雲林縣,口湖鄉,住宅竊盜,4,26830,year_end_registered_population,14.9086843086
2019,雲林縣,口湖鄉,機車竊盜,2,26830,year_end_registered_population,7.4543421543
2019,雲林縣,口湖鄉,毒品,26,26830,year_end_registered_population,96.906448006
2019,雲林縣,口湖鄉,汽車竊盜,1,26830,year_end_registered_population,3.7271710772
2019,雲林縣,古坑鄉,住宅竊盜,4,31202,year_end_registered_population,12.8196910454
2019,雲林縣,古坑鄉,強制性交,1,31202,year_end_registered_population,3.2049227614
2019,雲林縣,古坑鄉,毒品,54,31202,year_end_registered_population,173.0658291135
2019,雲林縣,四湖鄉,住宅竊盜,3,22749,year_end_registered_population,13.1873928524
2019,雲林縣,四湖鄉,機車竊盜,2,22749,year_end_registered_population,8.791595235
2019,雲林縣,四湖鄉,毒品,21,22749,year_end_registered_population,92.311749967
2019,雲林縣,土庫鎮,住宅竊盜,4,28544,year_end_registered_population,14.0134529148
2019,雲林縣,土庫鎮,機車竊盜,1,28544,year_end_registered_population,3.5033632287
2019,雲林縣,土庫鎮,毒品,33,28544,year_end_registered_population,115.6109865471
2019,雲林縣,大埤鄉,機車竊盜,1,18801,year_end_registered_population,5.3188660178
2019,雲林縣,大埤鄉,毒品,22,18801,year_end_registered_population,117.0150523908
2019,雲林縣,大埤鄉,汽車竊盜,1,18801,year_end_registered_population,5.3188660178
2019,雲林縣,崙背鄉,住宅竊盜,1,24025,year_end_registered_population,4.1623309053
2019,雲林縣,崙背鄉,機車竊盜,2,24025,year_end_registered_population,8.3246618106
2019,雲林縣,崙背鄉,毒品,11,24025,year_end_registered_population,45.7856399584
2019,雲林縣,斗六市,住宅竊盜,35,108606,year_end_registered_population,32.2265804836
2019,雲林縣,斗六市,強制性交,2,108606,year_end_registered_population,1.8415188848
2019,雲林縣,斗六市,強盜,1,108606,year_end_registered_population,0.9207594424
2019,雲林縣,斗六市,機車竊盜,9,108606,year_end_registered_population,8.2868349815
2019,雲林縣,斗六市,毒品,170,108606,year_end_registered_population,156.529105206
2019,雲林縣,斗六市,汽車竊盜,13,108606,year_end_registered_population,11.969872751
2019,雲林縣,斗南鎮,住宅竊盜,7,44296,year_end_registered_population,15.8027812895
2019,雲林縣,斗南鎮,強盜,2,44296,year_end_registered_population,4.5150803684
2019,雲林縣,斗南鎮,機車竊盜,2,44296,year_end_registered_population,4.5150803684
2019,雲林縣,斗南鎮,毒品,44,44296,year_end_registered_population,99.3317681055
2019,雲林縣,斗南鎮,汽車竊盜,3,44296,year_end_registered_population,6.7726205526
2019,雲林縣,東勢鄉,住宅竊盜,5,14416,year_end_registered_population,34.6836847947
2019,雲林縣,東勢鄉,機車竊盜,1,14416,year_end_registered_population,6.9367369589
2019,雲林縣,東勢鄉,毒品,18,14416,year_end_registered_population,124.8612652608
2019,雲林縣,林內鄉,強制性交,1,17776,year_end_registered_population,5.6255625563
2019,雲林縣,林內鄉,毒品,14,17776,year_end_registered_population,78.7578757876
2019,雲林縣,水林鄉,住宅竊盜,6,24744,year_end_registered_population,24.2483026188
2019,雲林縣,水林鄉,機車竊盜,1,24744,year_end_registered_population,4.0413837698
2019,雲林縣,水林鄉,毒品,50,24744,year_end_registered_population,202.0691884901
2019,雲林縣,臺西鄉,機車竊盜,1,23312,year_end_registered_population,4.2896362388
2019,雲林縣,臺西鄉,毒品,32,23312,year_end_registered_population,137.2683596431
2019,雲林縣,莿桐鄉,住宅竊盜,7,28524,year_end_registered_population,24.5407376245
2019,雲林縣,莿桐鄉,機車竊盜,1,28524,year_end_registered_population,3.5058196606
2019,雲林縣,莿桐鄉,毒品,16,28524,year_end_registered_population,56.0931145702
2019,雲林縣,莿桐鄉,汽車竊盜,1,28524,year_end_registered_population,3.5058196606
2019,雲林縣,虎尾鎮,住宅竊盜,20,70994,year_end_registered_population,28.1713947658
2019,雲林縣,虎尾鎮,機車竊盜,7,70994,year_end_registered_population,9.859988168
2019,雲林縣,虎尾鎮,毒品,117,70994,year_end_registered_population,164.8026593797
2019,雲林縣,虎尾鎮,汽車竊盜,5,70994,year_end_registered_population,7.0428486914
2019,雲林縣,褒忠鄉,住宅竊盜,2,12682,year_end_registered_population,15.7703832203
2019,雲林縣,褒忠鄉,機車竊盜,1,12682,year_end_registered_population,7.8851916102
2019,雲林縣,褒忠鄉,毒品,17,12682,year_end_registered_population,134.0482573727
2019,雲林縣,褒忠鄉,汽車竊盜,1,12682,year_end_registered_population,7.8851916102
2019,雲林縣,西螺鎮,住宅竊盜,6,45723,year_end_registered_population,13.1224985237
2019,雲林縣,西螺鎮,強制性交,1,45723,year_end_registered_population,2.1870830873
2019,雲林縣,西螺鎮,強盜,1,45723,year_end_registered_population,2.1870830873
2019,雲林縣,西螺鎮,機車竊盜,7,45723,year_end_registered_population,15.309581611
2019,雲林縣,西螺鎮,毒品,36,45723,year_end_registered_population,78.7349911423
2019,雲林縣,西螺鎮,汽車竊盜,6,45723,year_end_registered_population,13.1224985237
2019,雲林縣,麥寮鄉,住宅竊盜,11,47196,year_end_registered_population,23.3070599203
2019,雲林縣,麥寮鄉,強制性交,1,47196,year_end_registered_population,2.1188236291
2019,雲林縣,麥寮鄉,機車竊盜,4,47196,year_end_registered_population,8.4752945165
2019,雲林縣,麥寮鄉,毒品,102,47196,year_end_registered_population,216.1200101704
2019,雲林縣,麥寮鄉,汽車竊盜,3,47196,year_end_registered_population,6.3564708874
2019,高雄市,三民區,住宅竊盜,1,339269,year_end_registered_population,0.2947513625
2019,高雄市,三民區,強制性交,2,339269,year_end_registered_population,0.589502725
2019,高雄市,三民區,強盜,5,339269,year_end_registered_population,1.4737568124
2019,高雄市,三民區,搶奪,3,339269,year_end_registered_population,0.8842540875
2019,高雄市,三民區,機車竊盜,27,339269,year_end_registered_population,7.9582867872
2019,高雄市,三民區,毒品,358,339269,year_end_registered_population,105.5209877708
2019,高雄市,三民區,汽車竊盜,6,339269,year_end_registered_population,1.7685081749
2019,高雄市,仁武區,搶奪,1,89595,year_end_registered_population,1.1161337128
2019,高雄市,仁武區,機車竊盜,3,89595,year_end_registered_population,3.3484011385
2019,高雄市,仁武區,毒品,51,89595,year_end_registered_population,56.9228193538
2019,高雄市,仁武區,汽車竊盜,21,89595,year_end_registered_population,23.4388079692
2019,高雄市,內門區,機車竊盜,2,14195,year_end_registered_population,14.0894681226
2019,高雄市,內門區,毒品,11,14195,year_end_registered_population,77.4920746742
2019,高雄市,六龜區,毒品,26,12633,year_end_registered_population,205.8101796881
2019,高雄市,前金區,強制性交,1,26879,year_end_registered_population,3.7203765021
2019,高雄市,前金區,強盜,1,26879,year_end_registered_population,3.7203765021
2019,高雄市,前金區,機車竊盜,8,26879,year_end_registered_population,29.7630120168
2019,高雄市,前金區,毒品,56,26879,year_end_registered_population,208.3410841177
2019,高雄市,前金區,汽車竊盜,1,26879,year_end_registered_population,3.7203765021
2019,高雄市,前鎮區,住宅竊盜,2,187524,year_end_registered_population,1.0665301508
2019,高雄市,前鎮區,強盜,2,187524,year_end_registered_population,1.0665301508
2019,高雄市,前鎮區,搶奪,1,187524,year_end_registered_population,0.5332650754
2019,高雄市,前鎮區,機車竊盜,19,187524,year_end_registered_population,10.1320364327
2019,高雄市,前鎮區,毒品,158,187524,year_end_registered_population,84.2558819138
2019,高雄市,前鎮區,汽車竊盜,4,187524,year_end_registered_population,2.1330603016
2019,高雄市,大寮區,強盜,3,112259,year_end_registered_population,2.6723915232
2019,高雄市,大寮區,機車竊盜,20,112259,year_end_registered_population,17.8159434878
2019,高雄市,大寮區,毒品,117,112259,year_end_registered_population,104.2232694038
2019,高雄市,大寮區,汽車竊盜,10,112259,year_end_registered_population,8.9079717439
2019,高雄市,大樹區,強制性交,1,42142,year_end_registered_population,2.3729296189
2019,高雄市,大樹區,機車竊盜,7,42142,year_end_registered_population,16.6105073324
2019,高雄市,大樹區,毒品,43,42142,year_end_registered_population,102.035973613
2019,高雄市,大樹區,汽車竊盜,3,42142,year_end_registered_population,7.1187888567
2019,高雄市,大社區,強盜,1,34410,year_end_registered_population,2.9061319384
2019,高雄市,大社區,機車竊盜,4,34410,year_end_registered_population,11.6245277536
2019,高雄市,大社區,毒品,61,34410,year_end_registered_population,177.2740482418
2019,高雄市,大社區,汽車竊盜,4,34410,year_end_registered_population,11.6245277536
2019,高雄市,小港區,強制性交,1,157793,year_end_registered_population,0.6337416742
2019,高雄市,小港區,搶奪,1,157793,year_end_registered_population,0.6337416742
2019,高雄市,小港區,機車竊盜,20,157793,year_end_registered_population,12.6748334844
2019,高雄市,小港區,毒品,113,157793,year_end_registered_population,71.6128091867
2019,高雄市,小港區,汽車竊盜,8,157793,year_end_registered_population,5.0699333938
2019,高雄市,岡山區,搶奪,2,97127,year_end_registered_population,2.0591596569
2019,高雄市,岡山區,機車竊盜,7,97127,year_end_registered_population,7.2070587993
2019,高雄市,岡山區,毒品,145,97127,year_end_registered_population,149.2890751284
2019,高雄市,岡山區,汽車竊盜,5,97127,year_end_registered_population,5.1478991424
2019,高雄市,左營區,住宅竊盜,2,197728,year_end_registered_population,1.0114905324
2019,高雄市,左營區,強制性交,2,197728,year_end_registered_population,1.0114905324
2019,高雄市,左營區,強盜,1,197728,year_end_registered_population,0.5057452662
2019,高雄市,左營區,搶奪,1,197728,year_end_registered_population,0.5057452662
2019,高雄市,左營區,機車竊盜,9,197728,year_end_registered_population,4.551707396
2019,高雄市,左營區,毒品,158,197728,year_end_registered_population,79.9077520634
2019,高雄市,左營區,汽車竊盜,4,197728,year_end_registered_population,2.0229810649
2019,高雄市,彌陀區,毒品,15,19049,year_end_registered_population,78.7442910389
2019,高雄市,彌陀區,汽車竊盜,1,19049,year_end_registered_population,5.2496194026
2019,高雄市,新興區,強制性交,1,51014,year_end_registered_population,1.9602462069
2019,高雄市,新興區,搶奪,2,51014,year_end_registered_population,3.9204924138
2019,高雄市,新興區,機車竊盜,13,51014,year_end_registered_population,25.48320069
2019,高雄市,新興區,毒品,143,51014,year_end_registered_population,280.3152075901
2019,高雄市,新興區,汽車竊盜,1,51014,year_end_registered_population,1.9602462069
2019,高雄市,旗山區,住宅竊盜,3,36313,year_end_registered_population,8.2615041445
2019,高雄市,旗山區,搶奪,1,36313,year_end_registered_population,2.7538347148
2019,高雄市,旗山區,機車竊盜,4,36313,year_end_registered_population,11.0153388594
2019,高雄市,旗山區,毒品,25,36313,year_end_registered_population,68.845867871
2019,高雄市,旗山區,汽車竊盜,7,36313,year_end_registered_population,19.2768430039
2019,高雄市,旗津區,強制性交,1,28129,year_end_registered_population,3.5550499485
2019,高雄市,旗津區,機車竊盜,1,28129,year_end_registered_population,3.5550499485
2019,高雄市,旗津區,毒品,54,28129,year_end_registered_population,191.9726972164
2019,高雄市,杉林區,住宅竊盜,2,11681,year_end_registered_population,17.1218217618
2019,高雄市,杉林區,毒品,24,11681,year_end_registered_population,205.461861142
2019,高雄市,林園區,住宅竊盜,1,69604,year_end_registered_population,1.4366990403
2019,高雄市,林園區,搶奪,2,69604,year_end_registered_population,2.8733980806
2019,高雄市,林園區,機車竊盜,2,69604,year_end_registered_population,2.8733980806
2019,高雄市,林園區,毒品,70,69604,year_end_registered_population,100.56893282
2019,高雄市,林園區,汽車竊盜,2,69604,year_end_registered_population,2.8733980806
2019,高雄市,桃源區,機車竊盜,1,4261,year_end_registered_population,23.4686693264
2019,高雄市,梓官區,強制性交,1,35750,year_end_registered_population,2.7972027972
2019,高雄市,梓官區,毒品,44,35750,year_end_registered_population,123.0769230769
2019,高雄市,梓官區,汽車竊盜,1,35750,year_end_registered_population,2.7972027972
2019,高雄市,楠梓區,住宅竊盜,1,187999,year_end_registered_population,0.531917723
2019,高雄市,楠梓區,強制性交,3,187999,year_end_registered_population,1.5957531689
2019,高雄市,楠梓區,搶奪,1,187999,year_end_registered_population,0.531917723
2019,高雄市,楠梓區,機車竊盜,25,187999,year_end_registered_population,13.2979430742
2019,高雄市,楠梓區,毒品,104,187999,year_end_registered_population,55.3194431885
2019,高雄市,楠梓區,汽車竊盜,7,187999,year_end_registered_population,3.7234240608
2019,高雄市,橋頭區,強制性交,1,38254,year_end_registered_population,2.6141057144
2019,高雄市,橋頭區,搶奪,1,38254,year_end_registered_population,2.6141057144
2019,高雄市,橋頭區,機車竊盜,2,38254,year_end_registered_population,5.2282114289
2019,高雄市,橋頭區,毒品,37,38254,year_end_registered_population,96.7219114341
2019,高雄市,橋頭區,汽車竊盜,4,38254,year_end_registered_population,10.4564228577
2019,高雄市,永安區,機車竊盜,1,13786,year_end_registered_population,7.2537356739
2019,高雄市,永安區,毒品,13,13786,year_end_registered_population,94.2985637603
2019,高雄市,永安區,汽車竊盜,1,13786,year_end_registered_population,7.2537356739
2019,高雄市,湖內區,住宅竊盜,1,29684,year_end_registered_population,3.3688182186
2019,高雄市,湖內區,機車竊盜,3,29684,year_end_registered_population,10.1064546557
2019,高雄市,湖內區,毒品,29,29684,year_end_registered_population,97.6957283385
2019,高雄市,湖內區,汽車竊盜,3,29684,year_end_registered_population,10.1064546557
2019,高雄市,燕巢區,搶奪,1,29686,year_end_registered_population,3.3685912551
2019,高雄市,燕巢區,機車竊盜,1,29686,year_end_registered_population,3.3685912551
2019,高雄市,燕巢區,毒品,29,29686,year_end_registered_population,97.689146399
2019,高雄市,燕巢區,汽車竊盜,3,29686,year_end_registered_population,10.1057737654
2019,高雄市,田寮區,毒品,2,7043,year_end_registered_population,28.3969899191
2019,高雄市,甲仙區,毒品,6,5943,year_end_registered_population,100.9591115598
2019,高雄市,美濃區,住宅竊盜,2,39074,year_end_registered_population,5.1184931156
2019,高雄市,美濃區,搶奪,1,39074,year_end_registered_population,2.5592465578
2019,高雄市,美濃區,機車竊盜,2,39074,year_end_registered_population,5.1184931156
2019,高雄市,美濃區,毒品,61,39074,year_end_registered_population,156.1140400266
2019,高雄市,美濃區,汽車竊盜,2,39074,year_end_registered_population,5.1184931156
2019,高雄市,苓雅區,住宅竊盜,2,168825,year_end_registered_population,1.1846586702
2019,高雄市,苓雅區,強制性交,1,168825,year_end_registered_population,0.5923293351
2019,高雄市,苓雅區,搶奪,2,168825,year_end_registered_population,1.1846586702
2019,高雄市,苓雅區,機車竊盜,26,168825,year_end_registered_population,15.4005627129
2019,高雄市,苓雅區,毒品,138,168825,year_end_registered_population,81.7414482452
2019,高雄市,苓雅區,汽車竊盜,3,168825,year_end_registered_population,1.7769880053
2019,高雄市,茂林區,毒品,1,1937,year_end_registered_population,51.6262261229
2019,高雄市,茄萣區,強盜,3,30006,year_end_registered_population,9.9980003999
2019,高雄市,茄萣區,毒品,31,30006,year_end_registered_population,103.3126707992
2019,高雄市,茄萣區,汽車竊盜,1,30006,year_end_registered_population,3.3326668
2019,高雄市,路竹區,強制性交,2,52185,year_end_registered_population,3.8325189231
2019,高雄市,路竹區,搶奪,1,52185,year_end_registered_population,1.9162594615
2019,高雄市,路竹區,機車竊盜,2,52185,year_end_registered_population,3.8325189231
2019,高雄市,路竹區,毒品,104,52185,year_end_registered_population,199.2909839992
2019,高雄市,路竹區,汽車竊盜,2,52185,year_end_registered_population,3.8325189231
2019,高雄市,那瑪夏區,機車竊盜,1,3146,year_end_registered_population,31.7863954228
2019,高雄市,阿蓮區,住宅竊盜,1,28489,year_end_registered_population,3.5101267156
2019,高雄市,阿蓮區,機車竊盜,2,28489,year_end_registered_population,7.0202534311
2019,高雄市,阿蓮區,毒品,32,28489,year_end_registered_population,112.3240548984
2019,高雄市,鳥松區,強盜,2,44960,year_end_registered_population,4.4483985765
2019,高雄市,鳥松區,機車竊盜,3,44960,year_end_registered_population,6.6725978648
2019,高雄市,鳥松區,毒品,63,44960,year_end_registered_population,140.1245551601
2019,高雄市,鳥松區,汽車竊盜,5,44960,year_end_registered_population,11.1209964413
2019,高雄市,鳳山區,住宅竊盜,25,359882,year_end_registered_population,6.9467214254
2019,高雄市,鳳山區,強制性交,4,359882,year_end_registered_population,1.1114754281
2019,高雄市,鳳山區,強盜,3,359882,year_end_registered_population,0.833606571
2019,高雄市,鳳山區,毒品,324,359882,year_end_registered_population,90.0295096726
2019,高雄市,鳳山區,汽車竊盜,18,359882,year_end_registered_population,5.0016394263
2019,高雄市,鹽埕區,強制性交,1,23889,year_end_registered_population,4.1860270417
2019,高雄市,鹽埕區,機車竊盜,1,23889,year_end_registered_population,4.1860270417
2019,高雄市,鹽埕區,毒品,17,23889,year_end_registered_population,71.1624597095
2019,高雄市,鹽埕區,汽車竊盜,1,23889,year_end_registered_population,4.1860270417
2019,高雄市,鼓山區,住宅竊盜,2,141055,year_end_registered_population,1.41788664
2019,高雄市,鼓山區,機車竊盜,6,141055,year_end_registered_population,4.2536599199
2019,高雄市,鼓山區,毒品,106,141055,year_end_registered_population,75.147991918
2019,高雄市,鼓山區,汽車竊盜,4,141055,year_end_registered_population,2.8357732799
2020,南投縣,中寮鄉,住宅竊盜,1,14301,year_end_registered_population,6.9925180057
2020,南投縣,中寮鄉,機車竊盜,1,14301,year_end_registered_population,6.9925180057
2020,南投縣,中寮鄉,毒品,5,14301,year_end_registered_population,34.9625900287
2020,南投縣,仁愛鄉,機車竊盜,3,15818,year_end_registered_population,18.9657352383
2020,南投縣,仁愛鄉,毒品,11,15818,year_end_registered_population,69.5410292072
2020,南投縣,仁愛鄉,汽車竊盜,1,15818,year_end_registered_population,6.3219117461
2020,南投縣,信義鄉,住宅竊盜,4,15878,year_end_registered_population,25.1920896838
2020,南投縣,信義鄉,強制性交,1,15878,year_end_registered_population,6.298022421
2020,南投縣,信義鄉,機車竊盜,3,15878,year_end_registered_population,18.8940672629
2020,南投縣,信義鄉,毒品,9,15878,year_end_registered_population,56.6822017886
2020,南投縣,南投市,住宅竊盜,17,99081,year_end_registered_population,17.1576790707
2020,南投縣,南投市,強制性交,2,99081,year_end_registered_population,2.0185504789
2020,南投縣,南投市,強盜,2,99081,year_end_registered_population,2.0185504789
2020,南投縣,南投市,機車竊盜,4,99081,year_end_registered_population,4.0371009578
2020,南投縣,南投市,毒品,128,99081,year_end_registered_population,129.1872306497
2020,南投縣,南投市,汽車竊盜,4,99081,year_end_registered_population,4.0371009578
2020,南投縣,名間鄉,住宅竊盜,4,37507,year_end_registered_population,10.6646759272
2020,南投縣,名間鄉,機車竊盜,5,37507,year_end_registered_population,13.330844909
2020,南投縣,名間鄉,毒品,36,37507,year_end_registered_population,95.9820833444
2020,南投縣,名間鄉,汽車竊盜,9,37507,year_end_registered_population,23.9955208361
2020,南投縣,國姓鄉,住宅竊盜,1,17965,year_end_registered_population,5.5663790704
2020,南投縣,國姓鄉,強制性交,1,17965,year_end_registered_population,5.5663790704
2020,南投縣,國姓鄉,強盜,1,17965,year_end_registered_population,5.5663790704
2020,南投縣,國姓鄉,毒品,19,17965,year_end_registered_population,105.7612023379
2020,南投縣,國姓鄉,汽車竊盜,1,17965,year_end_registered_population,5.5663790704
2020,南投縣,埔里鎮,住宅竊盜,15,79191,year_end_registered_population,18.9415463878
2020,南投縣,埔里鎮,強制性交,3,79191,year_end_registered_population,3.7883092776
2020,南投縣,埔里鎮,機車竊盜,14,79191,year_end_registered_population,17.6787766287
2020,南投縣,埔里鎮,毒品,110,79191,year_end_registered_population,138.9046735109
2020,南投縣,埔里鎮,汽車竊盜,4,79191,year_end_registered_population,5.0510790368
2020,南投縣,水里鄉,住宅竊盜,4,16980,year_end_registered_population,23.5571260306
2020,南投縣,水里鄉,搶奪,1,16980,year_end_registered_population,5.8892815077
2020,南投縣,水里鄉,機車竊盜,1,16980,year_end_registered_population,5.8892815077
2020,南投縣,水里鄉,毒品,17,16980,year_end_registered_population,100.1177856302
2020,南投縣,水里鄉,汽車竊盜,1,16980,year_end_registered_population,5.8892815077
2020,南投縣,竹山鎮,住宅竊盜,5,53464,year_end_registered_population,9.3520873859
2020,南投縣,竹山鎮,強制性交,2,53464,year_end_registered_population,3.7408349544
2020,南投縣,竹山鎮,機車竊盜,1,53464,year_end_registered_population,1.8704174772
2020,南投縣,竹山鎮,毒品,38,53464,year_end_registered_population,71.0758641329
2020,南投縣,竹山鎮,汽車竊盜,3,53464,year_end_registered_population,5.6112524315
2020,南投縣,草屯鎮,住宅竊盜,36,97489,year_end_registered_population,36.9272430736
2020,南投縣,草屯鎮,強制性交,2,97489,year_end_registered_population,2.0515135041
2020,南投縣,草屯鎮,機車竊盜,7,97489,year_end_registered_population,7.1802972643
2020,南投縣,草屯鎮,毒品,71,97489,year_end_registered_population,72.8287293951
2020,南投縣,草屯鎮,汽車竊盜,2,97489,year_end_registered_population,2.0515135041
2020,南投縣,集集鎮,毒品,11,10461,year_end_registered_population,105.1524710831
2020,南投縣,集集鎮,汽車竊盜,1,10461,year_end_registered_population,9.559315553
2020,南投縣,魚池鄉,住宅竊盜,3,15466,year_end_registered_population,19.3973878184
2020,南投縣,魚池鄉,機車竊盜,1,15466,year_end_registered_population,6.4657959395
2020,南投縣,魚池鄉,毒品,28,15466,year_end_registered_population,181.0422863054
2020,南投縣,魚池鄉,汽車竊盜,1,15466,year_end_registered_population,6.4657959395
2020,南投縣,鹿谷鄉,毒品,15,17231,year_end_registered_population,87.0524055481
2020,嘉義市,東區,住宅竊盜,2,119715,year_end_registered_population,1.6706344234
2020,嘉義市,東區,強制性交,1,119715,year_end_registered_population,0.8353172117
2020,嘉義市,東區,搶奪,1,119715,year_end_registered_population,0.8353172117
2020,嘉義市,東區,機車竊盜,5,119715,year_end_registered_population,4.1765860586
2020,嘉義市,東區,毒品,142,119715,year_end_registered_population,118.615044063
2020,嘉義市,東區,汽車竊盜,3,119715,year_end_registered_population,2.5059516351
2020,嘉義市,西區,住宅竊盜,5,146290,year_end_registered_population,3.4178686171
2020,嘉義市,西區,強制性交,5,146290,year_end_registered_population,3.4178686171
2020,嘉義市,西區,強盜,2,146290,year_end_registered_population,1.3671474469
2020,嘉義市,西區,搶奪,1,146290,year_end_registered_population,0.6835737234
2020,嘉義市,西區,機車竊盜,8,146290,year_end_registered_population,5.4685897874
2020,嘉義市,西區,毒品,244,146290,year_end_registered_population,166.791988516
2020,嘉義市,西區,汽車竊盜,9,146290,year_end_registered_population,6.1521635108
2020,嘉義縣,中埔鄉,機車竊盜,3,44131,year_end_registered_population,6.7979424894
2020,嘉義縣,中埔鄉,毒品,56,44131,year_end_registered_population,126.8949264689
2020,嘉義縣,中埔鄉,汽車竊盜,4,44131,year_end_registered_population,9.0639233192
2020,嘉義縣,六腳鄉,機車竊盜,2,22196,year_end_registered_population,9.0106325464
2020,嘉義縣,六腳鄉,毒品,26,22196,year_end_registered_population,117.1382231033
2020,嘉義縣,六腳鄉,汽車竊盜,1,22196,year_end_registered_population,4.5053162732
2020,嘉義縣,大埔鄉,機車竊盜,1,4560,year_end_registered_population,21.9298245614
2020,嘉義縣,大林鎮,強盜,1,30381,year_end_registered_population,3.291530891
2020,嘉義縣,大林鎮,毒品,38,30381,year_end_registered_population,125.0781738587
2020,嘉義縣,大林鎮,汽車竊盜,4,30381,year_end_registered_population,13.1661235641
2020,嘉義縣,太保市,強制性交,1,38536,year_end_registered_population,2.5949761262
2020,嘉義縣,太保市,搶奪,1,38536,year_end_registered_population,2.5949761262
2020,嘉義縣,太保市,機車竊盜,2,38536,year_end_registered_population,5.1899522524
2020,嘉義縣,太保市,毒品,43,38536,year_end_registered_population,111.5839734274
2020,嘉義縣,太保市,汽車竊盜,1,38536,year_end_registered_population,2.5949761262
2020,嘉義縣,布袋鎮,住宅竊盜,1,25990,year_end_registered_population,3.8476337053
2020,嘉義縣,布袋鎮,機車竊盜,1,25990,year_end_registered_population,3.8476337053
2020,嘉義縣,布袋鎮,毒品,6,25990,year_end_registered_population,23.0858022316
2020,嘉義縣,布袋鎮,汽車竊盜,1,25990,year_end_registered_population,3.8476337053
2020,嘉義縣,新港鄉,強盜,1,31162,year_end_registered_population,3.2090366472
2020,嘉義縣,新港鄉,機車竊盜,2,31162,year_end_registered_population,6.4180732944
2020,嘉義縣,新港鄉,毒品,17,31162,year_end_registered_population,54.5536230024
2020,嘉義縣,朴子市,毒品,34,41669,year_end_registered_population,81.5954306559
2020,嘉義縣,朴子市,汽車竊盜,2,41669,year_end_registered_population,4.7997312151
2020,嘉義縣,東石鄉,機車竊盜,2,23766,year_end_registered_population,8.4153833207
2020,嘉義縣,東石鄉,毒品,12,23766,year_end_registered_population,50.4922999243
2020,嘉義縣,梅山鄉,機車竊盜,1,18687,year_end_registered_population,5.3513137475
2020,嘉義縣,梅山鄉,毒品,21,18687,year_end_registered_population,112.377588698
2020,嘉義縣,民雄鄉,住宅竊盜,1,71317,year_end_registered_population,1.4021902211
2020,嘉義縣,民雄鄉,機車竊盜,4,71317,year_end_registered_population,5.6087608845
2020,嘉義縣,民雄鄉,毒品,72,71317,year_end_registered_population,100.957695921
2020,嘉義縣,水上鄉,強制性交,1,49012,year_end_registered_population,2.0403166571
2020,嘉義縣,水上鄉,機車竊盜,5,49012,year_end_registered_population,10.2015832857
2020,嘉義縣,水上鄉,毒品,65,49012,year_end_registered_population,132.6205827144
2020,嘉義縣,水上鄉,汽車竊盜,2,49012,year_end_registered_population,4.0806333143
2020,嘉義縣,溪口鄉,毒品,6,14055,year_end_registered_population,42.689434365
2020,嘉義縣,溪口鄉,汽車竊盜,2,14055,year_end_registered_population,14.229811455
2020,嘉義縣,番路鄉,毒品,1,11180,year_end_registered_population,8.9445438283
2020,嘉義縣,竹崎鄉,住宅竊盜,2,34797,year_end_registered_population,5.7476219214
2020,嘉義縣,竹崎鄉,強盜,1,34797,year_end_registered_population,2.8738109607
2020,嘉義縣,竹崎鄉,毒品,26,34797,year_end_registered_population,74.7190849786
2020,嘉義縣,竹崎鄉,汽車竊盜,1,34797,year_end_registered_population,2.8738109607
2020,嘉義縣,義竹鄉,毒品,9,17602,year_end_registered_population,51.1305533462
2020,嘉義縣,阿里山鄉,毒品,1,5527,year_end_registered_population,18.0929980098
2020,嘉義縣,鹿草鄉,強制性交,1,14913,year_end_registered_population,6.7055589083
2020,嘉義縣,鹿草鄉,機車竊盜,1,14913,year_end_registered_population,6.7055589083
2020,嘉義縣,鹿草鄉,毒品,15,14913,year_end_registered_population,100.583383625
2020,基隆市,七堵區,住宅竊盜,16,53615,year_end_registered_population,29.8423948522
2020,基隆市,七堵區,強制性交,1,53615,year_end_registered_population,1.8651496783
2020,基隆市,七堵區,強盜,2,53615,year_end_registered_population,3.7302993565
2020,基隆市,七堵區,搶奪,1,53615,year_end_registered_population,1.8651496783
2020,基隆市,七堵區,機車竊盜,6,53615,year_end_registered_population,11.1908980696
2020,基隆市,七堵區,毒品,121,53615,year_end_registered_population,225.6831110697
2020,基隆市,七堵區,汽車竊盜,2,53615,year_end_registered_population,3.7302993565
2020,基隆市,中山區,住宅竊盜,9,46459,year_end_registered_population,19.3719193267
2020,基隆市,中山區,強制性交,2,46459,year_end_registered_population,4.3048709615
2020,基隆市,中山區,機車竊盜,2,46459,year_end_registered_population,4.3048709615
2020,基隆市,中山區,毒品,74,46459,year_end_registered_population,159.2802255752
2020,基隆市,中山區,汽車竊盜,2,46459,year_end_registered_population,4.3048709615
2020,基隆市,中正區,住宅竊盜,10,51224,year_end_registered_population,19.5220990161
2020,基隆市,中正區,強制性交,1,51224,year_end_registered_population,1.9522099016
2020,基隆市,中正區,機車竊盜,5,51224,year_end_registered_population,9.761049508
2020,基隆市,中正區,毒品,119,51224,year_end_registered_population,232.3129782914
2020,基隆市,仁愛區,住宅竊盜,11,42787,year_end_registered_population,25.7087433099
2020,基隆市,仁愛區,強制性交,7,42787,year_end_registered_population,16.360109379
2020,基隆市,仁愛區,機車竊盜,11,42787,year_end_registered_population,25.7087433099
2020,基隆市,仁愛區,毒品,171,42787,year_end_registered_population,399.6541005446
2020,基隆市,仁愛區,汽車竊盜,2,42787,year_end_registered_population,4.6743169654
2020,基隆市,信義區,住宅竊盜,4,53168,year_end_registered_population,7.5233222991
2020,基隆市,信義區,強盜,1,53168,year_end_registered_population,1.8808305748
2020,基隆市,信義區,機車竊盜,4,53168,year_end_registered_population,7.5233222991
2020,基隆市,信義區,毒品,114,53168,year_end_registered_population,214.4146855251
2020,基隆市,信義區,汽車竊盜,1,53168,year_end_registered_population,1.8808305748
2020,基隆市,安樂區,住宅竊盜,6,81776,year_end_registered_population,7.3371160243
2020,基隆市,安樂區,強制性交,1,81776,year_end_registered_population,1.2228526707
2020,基隆市,安樂區,機車竊盜,1,81776,year_end_registered_population,1.2228526707
2020,基隆市,安樂區,毒品,104,81776,year_end_registered_population,127.1766777539
2020,基隆市,安樂區,汽車竊盜,1,81776,year_end_registered_population,1.2228526707
2020,基隆市,暖暖區,住宅竊盜,3,38548,year_end_registered_population,7.7825049289
2020,基隆市,暖暖區,機車竊盜,2,38548,year_end_registered_population,5.1883366193
2020,基隆市,暖暖區,毒品,101,38548,year_end_registered_population,262.0109992736
2020,基隆市,暖暖區,汽車竊盜,3,38548,year_end_registered_population,7.7825049289
2020,宜蘭縣,三星鄉,住宅竊盜,5,21215,year_end_registered_population,23.5682300259
2020,宜蘭縣,三星鄉,強制性交,1,21215,year_end_registered_population,4.7136460052
2020,宜蘭縣,三星鄉,機車竊盜,1,21215,year_end_registered_population,4.7136460052
2020,宜蘭縣,三星鄉,毒品,17,21215,year_end_registered_population,80.1319820881
2020,宜蘭縣,三星鄉,汽車竊盜,3,21215,year_end_registered_population,14.1409380156
2020,宜蘭縣,五結鄉,機車竊盜,3,40297,year_end_registered_population,7.4447229322
2020,宜蘭縣,五結鄉,毒品,43,40297,year_end_registered_population,106.7076953619
2020,宜蘭縣,五結鄉,汽車竊盜,6,40297,year_end_registered_population,14.8894458645
2020,宜蘭縣,冬山鄉,強制性交,1,53024,year_end_registered_population,1.885938443
2020,宜蘭縣,冬山鄉,強盜,1,53024,year_end_registered_population,1.885938443
2020,宜蘭縣,冬山鄉,機車竊盜,4,53024,year_end_registered_population,7.5437537719
2020,宜蘭縣,冬山鄉,毒品,53,53024,year_end_registered_population,99.9547374774
2020,宜蘭縣,冬山鄉,汽車竊盜,8,53024,year_end_registered_population,15.0875075438
2020,宜蘭縣,南澳鄉,毒品,11,5954,year_end_registered_population,184.7497480685
2020,宜蘭縣,南澳鄉,汽車竊盜,1,5954,year_end_registered_population,16.7954316426
2020,宜蘭縣,員山鄉,住宅竊盜,3,32258,year_end_registered_population,9.3000186
2020,宜蘭縣,員山鄉,機車竊盜,2,32258,year_end_registered_population,6.2000124
2020,宜蘭縣,員山鄉,毒品,37,32258,year_end_registered_population,114.7002294005
2020,宜蘭縣,員山鄉,汽車竊盜,2,32258,year_end_registered_population,6.2000124
2020,宜蘭縣,壯圍鄉,住宅竊盜,1,24366,year_end_registered_population,4.104079455
2020,宜蘭縣,壯圍鄉,毒品,15,24366,year_end_registered_population,61.5611918247
2020,宜蘭縣,壯圍鄉,汽車竊盜,3,24366,year_end_registered_population,12.3122383649
2020,宜蘭縣,大同鄉,機車竊盜,2,6137,year_end_registered_population,32.5892129705
2020,宜蘭縣,大同鄉,毒品,5,6137,year_end_registered_population,81.4730324263
2020,宜蘭縣,宜蘭市,住宅竊盜,4,95395,year_end_registered_population,4.1930918811
2020,宜蘭縣,宜蘭市,強制性交,1,95395,year_end_registered_population,1.0482729703
2020,宜蘭縣,宜蘭市,強盜,2,95395,year_end_registered_population,2.0965459406
2020,宜蘭縣,宜蘭市,搶奪,1,95395,year_end_registered_population,1.0482729703
2020,宜蘭縣,宜蘭市,機車竊盜,14,95395,year_end_registered_population,14.6758215839
2020,宜蘭縣,宜蘭市,毒品,103,95395,year_end_registered_population,107.972115939
2020,宜蘭縣,宜蘭市,汽車竊盜,18,95395,year_end_registered_population,18.8689134651
2020,宜蘭縣,礁溪鄉,強盜,1,35274,year_end_registered_population,2.8349492544
2020,宜蘭縣,礁溪鄉,機車竊盜,3,35274,year_end_registered_population,8.5048477632
2020,宜蘭縣,礁溪鄉,毒品,42,35274,year_end_registered_population,119.0678686852
2020,宜蘭縣,礁溪鄉,汽車竊盜,3,35274,year_end_registered_population,8.5048477632
2020,宜蘭縣,羅東鎮,強制性交,2,71484,year_end_registered_population,2.7978288848
2020,宜蘭縣,羅東鎮,強盜,2,71484,year_end_registered_population,2.7978288848
2020,宜蘭縣,羅東鎮,機車竊盜,26,71484,year_end_registered_population,36.3717755022
2020,宜蘭縣,羅東鎮,毒品,92,71484,year_end_registered_population,128.7001287001
2020,宜蘭縣,羅東鎮,汽車竊盜,1,71484,year_end_registered_population,1.3989144424
2020,宜蘭縣,蘇澳鎮,住宅竊盜,2,38864,year_end_registered_population,5.1461506793
2020,宜蘭縣,蘇澳鎮,強制性交,1,38864,year_end_registered_population,2.5730753396
2020,宜蘭縣,蘇澳鎮,機車竊盜,1,38864,year_end_registered_population,2.5730753396
2020,宜蘭縣,蘇澳鎮,毒品,67,38864,year_end_registered_population,172.3960477563
2020,宜蘭縣,蘇澳鎮,汽車竊盜,1,38864,year_end_registered_population,2.5730753396
2020,宜蘭縣,頭城鎮,機車竊盜,3,28819,year_end_registered_population,10.4097990909
2020,宜蘭縣,頭城鎮,毒品,10,28819,year_end_registered_population,34.6993303029
2020,宜蘭縣,頭城鎮,汽車竊盜,2,28819,year_end_registered_population,6.9398660606
2020,屏東縣,三地門鄉,機車竊盜,1,7689,year_end_registered_population,13.0055924047
2020,屏東縣,三地門鄉,毒品,5,7689,year_end_registered_population,65.0279620237
2020,屏東縣,九如鄉,機車竊盜,1,21962,year_end_registered_population,4.5533193698
2020,屏東縣,九如鄉,毒品,23,21962,year_end_registered_population,104.7263455059
2020,屏東縣,佳冬鄉,毒品,13,18620,year_end_registered_population,69.8174006445
2020,屏東縣,來義鄉,毒品,6,7448,year_end_registered_population,80.5585392052
2020,屏東縣,內埔鄉,機車竊盜,3,53330,year_end_registered_population,5.6253515845
2020,屏東縣,內埔鄉,毒品,130,53330,year_end_registered_population,243.7652353272
2020,屏東縣,內埔鄉,汽車竊盜,1,53330,year_end_registered_population,1.8751171948
2020,屏東縣,南州鄉,機車竊盜,1,10364,year_end_registered_population,9.6487842532
2020,屏東縣,南州鄉,毒品,6,10364,year_end_registered_population,57.8927055191
2020,屏東縣,屏東市,住宅竊盜,1,197647,year_end_registered_population,0.5059525315
2020,屏東縣,屏東市,強制性交,2,197647,year_end_registered_population,1.0119050631
2020,屏東縣,屏東市,搶奪,2,197647,year_end_registered_population,1.0119050631
2020,屏東縣,屏東市,機車竊盜,11,197647,year_end_registered_population,5.5654778469
2020,屏東縣,屏東市,毒品,290,197647,year_end_registered_population,146.7262341447
2020,屏東縣,屏東市,汽車竊盜,5,197647,year_end_registered_population,2.5297626577
2020,屏東縣,崁頂鄉,住宅竊盜,1,15378,year_end_registered_population,6.5027962024
2020,屏東縣,崁頂鄉,毒品,5,15378,year_end_registered_population,32.5139810118
2020,屏東縣,恆春鎮,毒品,49,30414,year_end_registered_population,161.1100151246
2020,屏東縣,恆春鎮,汽車竊盜,4,30414,year_end_registered_population,13.1518379694
2020,屏東縣,新園鄉,住宅竊盜,1,33939,year_end_registered_population,2.9464627714
2020,屏東縣,新園鄉,強盜,1,33939,year_end_registered_population,2.9464627714
2020,屏東縣,新園鄉,機車竊盜,1,33939,year_end_registered_population,2.9464627714
2020,屏東縣,新園鄉,毒品,37,33939,year_end_registered_population,109.0191225434
2020,屏東縣,新埤鄉,毒品,13,9561,year_end_registered_population,135.9690408953
2020,屏東縣,春日鄉,機車竊盜,1,4947,year_end_registered_population,20.2142712755
2020,屏東縣,春日鄉,毒品,7,4947,year_end_registered_population,141.4998989286
2020,屏東縣,東港鎮,住宅竊盜,1,46731,year_end_registered_population,2.139907128
2020,屏東縣,東港鎮,強制性交,1,46731,year_end_registered_population,2.139907128
2020,屏東縣,東港鎮,強盜,1,46731,year_end_registered_population,2.139907128
2020,屏東縣,東港鎮,機車竊盜,7,46731,year_end_registered_population,14.9793498962
2020,屏東縣,東港鎮,毒品,57,46731,year_end_registered_population,121.9747062977
2020,屏東縣,東港鎮,汽車竊盜,1,46731,year_end_registered_population,2.139907128
2020,屏東縣,枋寮鄉,住宅竊盜,1,23680,year_end_registered_population,4.222972973
2020,屏東縣,枋寮鄉,毒品,45,23680,year_end_registered_population,190.0337837838
2020,屏東縣,枋山鄉,毒品,11,5240,year_end_registered_population,209.9236641221
2020,屏東縣,林邊鄉,機車竊盜,1,17275,year_end_registered_population,5.7887120116
2020,屏東縣,林邊鄉,毒品,15,17275,year_end_registered_population,86.8306801737
2020,屏東縣,泰武鄉,毒品,1,5351,year_end_registered_population,18.688095683
2020,屏東縣,滿州鄉,機車竊盜,1,7471,year_end_registered_population,13.3850890108
2020,屏東縣,滿州鄉,毒品,2,7471,year_end_registered_population,26.7701780217
2020,屏東縣,潮州鎮,機車竊盜,2,53842,year_end_registered_population,3.714572267
2020,屏東縣,潮州鎮,毒品,124,53842,year_end_registered_population,230.3034805542
2020,屏東縣,潮州鎮,汽車竊盜,1,53842,year_end_registered_population,1.8572861335
2020,屏東縣,獅子鄉,毒品,3,4839,year_end_registered_population,61.9962802232
2020,屏東縣,琉球鄉,毒品,8,12121,year_end_registered_population,66.0011550202
2020,屏東縣,瑪家鄉,毒品,10,6768,year_end_registered_population,147.7541371158
2020,屏東縣,竹田鄉,機車竊盜,1,16615,year_end_registered_population,6.0186578393
2020,屏東縣,竹田鄉,毒品,29,16615,year_end_registered_population,174.5410773398
2020,屏東縣,竹田鄉,汽車竊盜,1,16615,year_end_registered_population,6.0186578393
2020,屏東縣,萬丹鄉,住宅竊盜,1,50126,year_end_registered_population,1.9949726689
2020,屏東縣,萬丹鄉,機車竊盜,2,50126,year_end_registered_population,3.9899453377
2020,屏東縣,萬丹鄉,毒品,89,50126,year_end_registered_population,177.5525675298
2020,屏東縣,萬丹鄉,汽車竊盜,4,50126,year_end_registered_population,7.9798906755
2020,屏東縣,萬巒鄉,強制性交,1,20189,year_end_registered_population,4.9531923325
2020,屏東縣,萬巒鄉,機車竊盜,2,20189,year_end_registered_population,9.9063846649
2020,屏東縣,萬巒鄉,毒品,40,20189,year_end_registered_population,198.1276932983
2020,屏東縣,萬巒鄉,汽車竊盜,1,20189,year_end_registered_population,4.9531923325
2020,屏東縣,車城鄉,機車竊盜,1,8278,year_end_registered_population,12.0802126117
2020,屏東縣,車城鄉,毒品,17,8278,year_end_registered_population,205.3636143996
2020,屏東縣,里港鄉,機車竊盜,2,25707,year_end_registered_population,7.779982106
2020,屏東縣,里港鄉,毒品,23,25707,year_end_registered_population,89.4697942195
2020,屏東縣,里港鄉,汽車竊盜,1,25707,year_end_registered_population,3.889991053
2020,屏東縣,長治鄉,毒品,48,29470,year_end_registered_population,162.877502545
2020,屏東縣,長治鄉,汽車竊盜,3,29470,year_end_registered_population,10.1798439091
2020,屏東縣,霧臺鄉,毒品,2,3247,year_end_registered_population,61.5953187558
2020,屏東縣,高樹鄉,機車竊盜,1,23775,year_end_registered_population,4.2060988433
2020,屏東縣,高樹鄉,毒品,50,23775,year_end_registered_population,210.3049421661
2020,屏東縣,鹽埔鄉,住宅竊盜,1,24999,year_end_registered_population,4.0001600064
2020,屏東縣,鹽埔鄉,機車竊盜,1,24999,year_end_registered_population,4.0001600064
2020,屏東縣,鹽埔鄉,毒品,26,24999,year_end_registered_population,104.0041601664
2020,屏東縣,鹽埔鄉,汽車竊盜,1,24999,year_end_registered_population,4.0001600064
2020,屏東縣,麟洛鄉,機車竊盜,1,10770,year_end_registered_population,9.2850510678
2020,屏東縣,麟洛鄉,毒品,25,10770,year_end_registered_population,232.1262766945
2020,彰化縣,二林鎮,住宅竊盜,1,49687,year_end_registered_population,2.0125988689
2020,彰化縣,二林鎮,搶奪,1,49687,year_end_registered_population,2.0125988689
2020,彰化縣,二林鎮,機車竊盜,3,49687,year_end_registered_population,6.0377966068
2020,彰化縣,二林鎮,毒品,56,49687,year_end_registered_population,112.7055366595
2020,彰化縣,二林鎮,汽車竊盜,2,49687,year_end_registered_population,4.0251977378
2020,彰化縣,二水鄉,毒品,19,14642,year_end_registered_population,129.7636934845
2020,彰化縣,伸港鄉,住宅竊盜,3,37740,year_end_registered_population,7.9491255962
2020,彰化縣,伸港鄉,搶奪,2,37740,year_end_registered_population,5.2994170641
2020,彰化縣,伸港鄉,毒品,25,37740,year_end_registered_population,66.2427133015
2020,彰化縣,伸港鄉,汽車竊盜,3,37740,year_end_registered_population,7.9491255962
2020,彰化縣,北斗鎮,搶奪,1,33358,year_end_registered_population,2.9977816416
2020,彰化縣,北斗鎮,機車竊盜,2,33358,year_end_registered_population,5.9955632832
2020,彰化縣,北斗鎮,毒品,28,33358,year_end_registered_population,83.9378859644
2020,彰化縣,北斗鎮,汽車竊盜,1,33358,year_end_registered_population,2.9977816416
2020,彰化縣,和美鎮,住宅竊盜,5,90095,year_end_registered_population,5.5496975415
2020,彰化縣,和美鎮,機車竊盜,6,90095,year_end_registered_population,6.6596370498
2020,彰化縣,和美鎮,毒品,58,90095,year_end_registered_population,64.3764914812
2020,彰化縣,和美鎮,汽車竊盜,2,90095,year_end_registered_population,2.2198790166
2020,彰化縣,員林市,住宅竊盜,4,124263,year_end_registered_population,3.2189791008
2020,彰化縣,員林市,強盜,1,124263,year_end_registered_population,0.8047447752
2020,彰化縣,員林市,搶奪,1,124263,year_end_registered_population,0.8047447752
2020,彰化縣,員林市,機車竊盜,8,124263,year_end_registered_population,6.4379582016
2020,彰化縣,員林市,毒品,123,124263,year_end_registered_population,98.9836073489
2020,彰化縣,員林市,汽車竊盜,5,124263,year_end_registered_population,4.023723876
2020,彰化縣,埔心鄉,住宅竊盜,1,34451,year_end_registered_population,2.9026733622
2020,彰化縣,埔心鄉,機車竊盜,4,34451,year_end_registered_population,11.6106934487
2020,彰化縣,埔心鄉,毒品,49,34451,year_end_registered_population,142.2309947462
2020,彰化縣,埔心鄉,汽車竊盜,2,34451,year_end_registered_population,5.8053467243
2020,彰化縣,埔鹽鄉,機車竊盜,2,31919,year_end_registered_population,6.2658604593
2020,彰化縣,埔鹽鄉,毒品,32,31919,year_end_registered_population,100.2537673486
2020,彰化縣,埤頭鄉,住宅竊盜,2,30072,year_end_registered_population,6.6507049747
2020,彰化縣,埤頭鄉,毒品,29,30072,year_end_registered_population,96.4352221335
2020,彰化縣,大城鄉,住宅竊盜,1,16119,year_end_registered_population,6.2038588002
2020,彰化縣,大城鄉,機車竊盜,2,16119,year_end_registered_population,12.4077176003
2020,彰化縣,大城鄉,毒品,8,16119,year_end_registered_population,49.6308704014
2020,彰化縣,大村鄉,住宅竊盜,3,38457,year_end_registered_population,7.8009205086
2020,彰化縣,大村鄉,強盜,1,38457,year_end_registered_population,2.6003068362
2020,彰化縣,大村鄉,機車竊盜,5,38457,year_end_registered_population,13.001534181
2020,彰化縣,大村鄉,毒品,46,38457,year_end_registered_population,119.6141144655
2020,彰化縣,彰化市,住宅竊盜,7,231317,year_end_registered_population,3.0261502613
2020,彰化縣,彰化市,強盜,1,231317,year_end_registered_population,0.4323071802
2020,彰化縣,彰化市,機車竊盜,18,231317,year_end_registered_population,7.7815292434
2020,彰化縣,彰化市,毒品,113,231317,year_end_registered_population,48.8507113615
2020,彰化縣,彰化市,汽車竊盜,5,231317,year_end_registered_population,2.1615359009
2020,彰化縣,永靖鄉,住宅竊盜,1,36300,year_end_registered_population,2.7548209366
2020,彰化縣,永靖鄉,強制性交,1,36300,year_end_registered_population,2.7548209366
2020,彰化縣,永靖鄉,機車竊盜,3,36300,year_end_registered_population,8.2644628099
2020,彰化縣,永靖鄉,毒品,32,36300,year_end_registered_population,88.1542699725
2020,彰化縣,溪州鄉,機車竊盜,2,29158,year_end_registered_population,6.8591810138
2020,彰化縣,溪州鄉,毒品,23,29158,year_end_registered_population,78.8805816585
2020,彰化縣,溪州鄉,汽車竊盜,2,29158,year_end_registered_population,6.8591810138
2020,彰化縣,溪湖鎮,毒品,75,54814,year_end_registered_population,136.8263582296
2020,彰化縣,溪湖鎮,汽車竊盜,5,54814,year_end_registered_population,9.1217572153
2020,彰化縣,田中鎮,機車竊盜,3,40717,year_end_registered_population,7.3679298573
2020,彰化縣,田中鎮,毒品,34,40717,year_end_registered_population,83.5032050495
2020,彰化縣,田中鎮,汽車竊盜,1,40717,year_end_registered_population,2.4559766191
2020,彰化縣,田尾鄉,強盜,1,26691,year_end_registered_population,3.7465812446
2020,彰化縣,田尾鄉,機車竊盜,1,26691,year_end_registered_population,3.7465812446
2020,彰化縣,田尾鄉,毒品,28,26691,year_end_registered_population,104.9042748492
2020,彰化縣,社頭鄉,機車竊盜,2,42436,year_end_registered_population,4.7129795457
2020,彰化縣,社頭鄉,毒品,46,42436,year_end_registered_population,108.3985295504
2020,彰化縣,社頭鄉,汽車竊盜,2,42436,year_end_registered_population,4.7129795457
2020,彰化縣,福興鄉,住宅竊盜,4,46399,year_end_registered_population,8.6208754499
2020,彰化縣,福興鄉,強盜,1,46399,year_end_registered_population,2.1552188625
2020,彰化縣,福興鄉,機車竊盜,4,46399,year_end_registered_population,8.6208754499
2020,彰化縣,福興鄉,毒品,17,46399,year_end_registered_population,36.6387206621
2020,彰化縣,福興鄉,汽車竊盜,2,46399,year_end_registered_population,4.310437725
2020,彰化縣,秀水鄉,住宅竊盜,2,38872,year_end_registered_population,5.1450915826
2020,彰化縣,秀水鄉,機車竊盜,1,38872,year_end_registered_population,2.5725457913
2020,彰化縣,秀水鄉,毒品,28,38872,year_end_registered_population,72.0312821568
2020,彰化縣,秀水鄉,汽車竊盜,1,38872,year_end_registered_population,2.5725457913
2020,彰化縣,竹塘鄉,搶奪,1,14808,year_end_registered_population,6.753106429
2020,彰化縣,竹塘鄉,毒品,11,14808,year_end_registered_population,74.2841707185
2020,彰化縣,線西鄉,住宅竊盜,3,16665,year_end_registered_population,18.00180018
2020,彰化縣,線西鄉,毒品,4,16665,year_end_registered_population,24.00240024
2020,彰化縣,線西鄉,汽車竊盜,3,16665,year_end_registered_population,18.00180018
2020,彰化縣,芬園鄉,機車竊盜,4,23188,year_end_registered_population,17.2503018803
2020,彰化縣,芬園鄉,毒品,18,23188,year_end_registered_population,77.6263584613
2020,彰化縣,芬園鄉,汽車竊盜,2,23188,year_end_registered_population,8.6251509401
2020,彰化縣,花壇鄉,住宅竊盜,2,45232,year_end_registered_population,4.4216483905
2020,彰化縣,花壇鄉,機車竊盜,3,45232,year_end_registered_population,6.6324725858
2020,彰化縣,花壇鄉,毒品,29,45232,year_end_registered_population,64.1139016625
2020,彰化縣,花壇鄉,汽車竊盜,2,45232,year_end_registered_population,4.4216483905
2020,彰化縣,芳苑鄉,住宅竊盜,2,32720,year_end_registered_population,6.1124694377
2020,彰化縣,芳苑鄉,機車竊盜,6,32720,year_end_registered_population,18.337408313
2020,彰化縣,芳苑鄉,毒品,19,32720,year_end_registered_population,58.0684596577
2020,彰化縣,芳苑鄉,汽車竊盜,4,32720,year_end_registered_population,12.2249388753
2020,彰化縣,鹿港鎮,住宅竊盜,3,86550,year_end_registered_population,3.4662045061
2020,彰化縣,鹿港鎮,強制性交,2,86550,year_end_registered_population,2.310803004
2020,彰化縣,鹿港鎮,機車竊盜,7,86550,year_end_registered_population,8.0878105142
2020,彰化縣,鹿港鎮,毒品,66,86550,year_end_registered_population,76.2564991334
2020,彰化縣,鹿港鎮,汽車竊盜,3,86550,year_end_registered_population,3.4662045061
2020,彰化縣,鹿港鎮,組織犯罪防制條例,1,86550,year_end_registered_population,1.155401502
2020,新北市,三峽區,住宅竊盜,9,116917,year_end_registered_population,7.6977685024
2020,新北市,三峽區,搶奪,2,116917,year_end_registered_population,1.7106152228
2020,新北市,三峽區,機車竊盜,33,116917,year_end_registered_population,28.2251511756
2020,新北市,三峽區,毒品,129,116917,year_end_registered_population,110.3346818683
2020,新北市,三峽區,汽車竊盜,7,116917,year_end_registered_population,5.9871532797
2020,新北市,三芝區,機車竊盜,1,22540,year_end_registered_population,4.4365572316
2020,新北市,三芝區,毒品,15,22540,year_end_registered_population,66.5483584738
2020,新北市,三重區,住宅竊盜,40,385328,year_end_registered_population,10.3807665158
2020,新北市,三重區,強盜,4,385328,year_end_registered_population,1.0380766516
2020,新北市,三重區,搶奪,2,385328,year_end_registered_population,0.5190383258
2020,新北市,三重區,機車竊盜,54,385328,year_end_registered_population,14.0140347963
2020,新北市,三重區,毒品,1266,385328,year_end_registered_population,328.5512602251
2020,新北市,三重區,汽車竊盜,5,385328,year_end_registered_population,1.2975958145
2020,新北市,三重區,組織犯罪防制條例,1,385328,year_end_registered_population,0.2595191629
2020,新北市,中和區,住宅竊盜,24,411214,year_end_registered_population,5.8363771661
2020,新北市,中和區,強制性交,2,411214,year_end_registered_population,0.4863647638
2020,新北市,中和區,強盜,3,411214,year_end_registered_population,0.7295471458
2020,新北市,中和區,搶奪,3,411214,year_end_registered_population,0.7295471458
2020,新北市,中和區,機車竊盜,34,411214,year_end_registered_population,8.2682009854
2020,新北市,中和區,毒品,388,411214,year_end_registered_population,94.354764186
2020,新北市,中和區,汽車竊盜,7,411214,year_end_registered_population,1.7022766735
2020,新北市,五股區,住宅竊盜,2,89470,year_end_registered_population,2.235386163
2020,新北市,五股區,搶奪,2,89470,year_end_registered_population,2.235386163
2020,新北市,五股區,機車竊盜,9,89470,year_end_registered_population,10.0592377333
2020,新北市,五股區,毒品,97,89470,year_end_registered_population,108.4162289035
2020,新北市,五股區,組織犯罪防制條例,1,89470,year_end_registered_population,1.1176930815
2020,新北市,八里區,住宅竊盜,3,39741,year_end_registered_population,7.5488789915
2020,新北市,八里區,機車竊盜,3,39741,year_end_registered_population,7.5488789915
2020,新北市,八里區,毒品,35,39741,year_end_registered_population,88.0702549005
2020,新北市,八里區,汽車竊盜,1,39741,year_end_registered_population,2.5162929972
2020,新北市,土城區,住宅竊盜,5,238277,year_end_registered_population,2.0983980829
2020,新北市,土城區,強盜,1,238277,year_end_registered_population,0.4196796166
2020,新北市,土城區,搶奪,2,238277,year_end_registered_population,0.8393592332
2020,新北市,土城區,機車竊盜,33,238277,year_end_registered_population,13.8494273472
2020,新北市,土城區,毒品,268,238277,year_end_registered_population,112.4741372436
2020,新北市,土城區,汽車竊盜,5,238277,year_end_registered_population,2.0983980829
2020,新北市,坪林區,毒品,1,6703,year_end_registered_population,14.9186931225
2020,新北市,平溪區,毒品,5,4424,year_end_registered_population,113.0198915009
2020,新北市,新店區,住宅竊盜,17,303532,year_end_registered_population,5.6007274357
2020,新北市,新店區,機車竊盜,27,303532,year_end_registered_population,8.895272986
2020,新北市,新店區,毒品,217,303532,year_end_registered_population,71.4916384434
2020,新北市,新店區,汽車竊盜,1,303532,year_end_registered_population,0.329454555
2020,新北市,新莊區,住宅竊盜,11,422653,year_end_registered_population,2.602607813
2020,新北市,新莊區,強制性交,1,422653,year_end_registered_population,0.2366007103
2020,新北市,新莊區,強盜,4,422653,year_end_registered_population,0.9464028411
2020,新北市,新莊區,搶奪,2,422653,year_end_registered_population,0.4732014206
2020,新北市,新莊區,機車竊盜,35,422653,year_end_registered_population,8.2810248596
2020,新北市,新莊區,毒品,424,422653,year_end_registered_population,100.3187011567
2020,新北市,新莊區,汽車竊盜,6,422653,year_end_registered_population,1.4196042617
2020,新北市,板橋區,住宅竊盜,16,557114,year_end_registered_population,2.8719436237
2020,新北市,板橋區,強制性交,1,557114,year_end_registered_population,0.1794964765
2020,新北市,板橋區,強盜,2,557114,year_end_registered_population,0.358992953
2020,新北市,板橋區,搶奪,3,557114,year_end_registered_population,0.5384894295
2020,新北市,板橋區,機車竊盜,60,557114,year_end_registered_population,10.769788589
2020,新北市,板橋區,毒品,699,557114,year_end_registered_population,125.4680370624
2020,新北市,板橋區,汽車竊盜,3,557114,year_end_registered_population,0.5384894295
2020,新北市,林口區,住宅竊盜,1,121192,year_end_registered_population,0.8251369727
2020,新北市,林口區,機車竊盜,5,121192,year_end_registered_population,4.1256848637
2020,新北市,林口區,毒品,39,121192,year_end_registered_population,32.1803419368
2020,新北市,林口區,汽車竊盜,3,121192,year_end_registered_population,2.4754109182
2020,新北市,樹林區,住宅竊盜,20,183470,year_end_registered_population,10.9009647354
2020,新北市,樹林區,強盜,2,183470,year_end_registered_population,1.0900964735
2020,新北市,樹林區,搶奪,2,183470,year_end_registered_population,1.0900964735
2020,新北市,樹林區,機車竊盜,19,183470,year_end_registered_population,10.3559164986
2020,新北市,樹林區,毒品,315,183470,year_end_registered_population,171.6901945822
2020,新北市,樹林區,汽車竊盜,5,183470,year_end_registered_population,2.7252411838
2020,新北市,永和區,住宅竊盜,17,219364,year_end_registered_population,7.749676337
2020,新北市,永和區,強制性交,1,219364,year_end_registered_population,0.4558633139
2020,新北市,永和區,強盜,2,219364,year_end_registered_population,0.9117266279
2020,新北市,永和區,搶奪,1,219364,year_end_registered_population,0.4558633139
2020,新北市,永和區,機車竊盜,17,219364,year_end_registered_population,7.749676337
2020,新北市,永和區,毒品,148,219364,year_end_registered_population,67.4677704637
2020,新北市,汐止區,住宅竊盜,7,205847,year_end_registered_population,3.4005839288
2020,新北市,汐止區,強制性交,2,205847,year_end_registered_population,0.9715954082
2020,新北市,汐止區,強盜,3,205847,year_end_registered_population,1.4573931124
2020,新北市,汐止區,機車竊盜,20,205847,year_end_registered_population,9.7159540824
2020,新北市,汐止區,毒品,178,205847,year_end_registered_population,86.4719913334
2020,新北市,汐止區,汽車竊盜,7,205847,year_end_registered_population,3.4005839288
2020,新北市,泰山區,住宅竊盜,2,78412,year_end_registered_population,2.5506300056
2020,新北市,泰山區,搶奪,1,78412,year_end_registered_population,1.2753150028
2020,新北市,泰山區,機車竊盜,6,78412,year_end_registered_population,7.6518900168
2020,新北市,泰山區,毒品,78,78412,year_end_registered_population,99.4745702188
2020,新北市,泰山區,汽車竊盜,1,78412,year_end_registered_population,1.2753150028
2020,新北市,淡水區,住宅竊盜,1,183278,year_end_registered_population,0.5456192233
2020,新北市,淡水區,機車竊盜,25,183278,year_end_registered_population,13.6404805814
2020,新北市,淡水區,毒品,112,183278,year_end_registered_population,61.1093530047
2020,新北市,淡水區,汽車竊盜,3,183278,year_end_registered_population,1.6368576698
2020,新北市,深坑區,住宅竊盜,3,23723,year_end_registered_population,12.6459554019
2020,新北市,深坑區,毒品,17,23723,year_end_registered_population,71.6604139443
2020,新北市,烏來區,強制性交,1,6416,year_end_registered_population,15.5860349127
2020,新北市,烏來區,機車竊盜,1,6416,year_end_registered_population,15.5860349127
2020,新北市,烏來區,毒品,14,6416,year_end_registered_population,218.2044887781
2020,新北市,瑞芳區,住宅竊盜,1,39077,year_end_registered_population,2.5590500806
2020,新北市,瑞芳區,強制性交,1,39077,year_end_registered_population,2.5590500806
2020,新北市,瑞芳區,搶奪,1,39077,year_end_registered_population,2.5590500806
2020,新北市,瑞芳區,機車竊盜,1,39077,year_end_registered_population,2.5590500806
2020,新北市,瑞芳區,毒品,95,39077,year_end_registered_population,243.109757658
2020,新北市,石碇區,強盜,1,7565,year_end_registered_population,13.2187706543
2020,新北市,石碇區,毒品,4,7565,year_end_registered_population,52.8750826173
2020,新北市,石門區,毒品,3,11480,year_end_registered_population,26.1324041812
2020,新北市,萬里區,住宅竊盜,3,21710,year_end_registered_population,13.8185168125
2020,新北市,萬里區,機車竊盜,1,21710,year_end_registered_population,4.6061722708
2020,新北市,萬里區,毒品,33,21710,year_end_registered_population,152.0036849378
2020,新北市,蘆洲區,住宅竊盜,7,202456,year_end_registered_population,3.4575413917
2020,新北市,蘆洲區,強制性交,1,202456,year_end_registered_population,0.4939344845
2020,新北市,蘆洲區,強盜,1,202456,year_end_registered_population,0.4939344845
2020,新北市,蘆洲區,搶奪,1,202456,year_end_registered_population,0.4939344845
2020,新北市,蘆洲區,機車竊盜,19,202456,year_end_registered_population,9.3847552061
2020,新北市,蘆洲區,毒品,200,202456,year_end_registered_population,98.786896906
2020,新北市,蘆洲區,汽車竊盜,1,202456,year_end_registered_population,0.4939344845
2020,新北市,蘆洲區,組織犯罪防制條例,1,202456,year_end_registered_population,0.4939344845
2020,新北市,貢寮區,毒品,11,11782,year_end_registered_population,93.3627567476
2020,新北市,金山區,住宅竊盜,2,21127,year_end_registered_population,9.466559379
2020,新北市,金山區,機車竊盜,1,21127,year_end_registered_population,4.7332796895
2020,新北市,金山區,毒品,18,21127,year_end_registered_population,85.1990344109
2020,新北市,雙溪區,毒品,5,8468,year_end_registered_population,59.045819556
2020,新北市,鶯歌區,住宅竊盜,2,87674,year_end_registered_population,2.2811780003
2020,新北市,鶯歌區,機車竊盜,19,87674,year_end_registered_population,21.671191003
2020,新北市,鶯歌區,毒品,98,87674,year_end_registered_population,111.7777220156
2020,新北市,鶯歌區,汽車竊盜,4,87674,year_end_registered_population,4.5623560006
2020,新竹市,北區,住宅竊盜,1,152612,year_end_registered_population,0.6552564674
2020,新竹市,北區,強盜,2,152612,year_end_registered_population,1.3105129348
2020,新竹市,北區,機車竊盜,11,152612,year_end_registered_population,7.2078211412
2020,新竹市,北區,毒品,123,152612,year_end_registered_population,80.5965454879
2020,新竹市,北區,汽車竊盜,12,152612,year_end_registered_population,7.8630776086
2020,新竹市,東區,住宅竊盜,16,220056,year_end_registered_population,7.2708765042
2020,新竹市,東區,強制性交,1,220056,year_end_registered_population,0.4544297815
2020,新竹市,東區,強盜,1,220056,year_end_registered_population,0.4544297815
2020,新竹市,東區,搶奪,2,220056,year_end_registered_population,0.908859563
2020,新竹市,東區,機車竊盜,16,220056,year_end_registered_population,7.2708765042
2020,新竹市,東區,毒品,117,220056,year_end_registered_population,53.1682844367
2020,新竹市,東區,汽車竊盜,5,220056,year_end_registered_population,2.2721489076
2020,新竹市,香山區,住宅竊盜,6,78744,year_end_registered_population,7.6196281621
2020,新竹市,香山區,機車竊盜,11,78744,year_end_registered_population,13.9693182973
2020,新竹市,香山區,毒品,62,78744,year_end_registered_population,78.7361576755
2020,新竹市,香山區,汽車竊盜,4,78744,year_end_registered_population,5.0797521081
2020,新竹縣,五峰鄉,毒品,22,4487,year_end_registered_population,490.3053264988
2020,新竹縣,北埔鄉,住宅竊盜,2,9035,year_end_registered_population,22.1361372441
2020,新竹縣,北埔鄉,毒品,6,9035,year_end_registered_population,66.4084117322
2020,新竹縣,寶山鄉,機車竊盜,6,14619,year_end_registered_population,41.0424789657
2020,新竹縣,寶山鄉,毒品,24,14619,year_end_registered_population,164.1699158629
2020,新竹縣,尖石鄉,機車竊盜,1,9646,year_end_registered_population,10.3669914991
2020,新竹縣,尖石鄉,毒品,23,9646,year_end_registered_population,238.4408044785
2020,新竹縣,峨眉鄉,毒品,6,5403,year_end_registered_population,111.0494169906
2020,新竹縣,峨眉鄉,汽車竊盜,2,5403,year_end_registered_population,37.0164723302
2020,新竹縣,新埔鎮,住宅竊盜,2,33027,year_end_registered_population,6.0556514367
2020,新竹縣,新埔鎮,搶奪,1,33027,year_end_registered_population,3.0278257184
2020,新竹縣,新埔鎮,機車竊盜,2,33027,year_end_registered_population,6.0556514367
2020,新竹縣,新埔鎮,毒品,24,33027,year_end_registered_population,72.6678172404
2020,新竹縣,新埔鎮,汽車竊盜,9,33027,year_end_registered_population,27.2504314652
2020,新竹縣,新豐鄉,住宅竊盜,1,57511,year_end_registered_population,1.7387977952
2020,新竹縣,新豐鄉,強盜,2,57511,year_end_registered_population,3.4775955904
2020,新竹縣,新豐鄉,機車竊盜,9,57511,year_end_registered_population,15.6491801568
2020,新竹縣,新豐鄉,毒品,43,57511,year_end_registered_population,74.7683051938
2020,新竹縣,新豐鄉,汽車竊盜,10,57511,year_end_registered_population,17.387977952
2020,新竹縣,橫山鄉,住宅竊盜,3,12547,year_end_registered_population,23.9100980314
2020,新竹縣,橫山鄉,機車竊盜,1,12547,year_end_registered_population,7.9700326771
2020,新竹縣,橫山鄉,毒品,18,12547,year_end_registered_population,143.4605881884
2020,新竹縣,橫山鄉,汽車竊盜,1,12547,year_end_registered_population,7.9700326771
2020,新竹縣,湖口鄉,住宅竊盜,7,78971,year_end_registered_population,8.864013372
2020,新竹縣,湖口鄉,強制性交,1,78971,year_end_registered_population,1.2662876246
2020,新竹縣,湖口鄉,搶奪,1,78971,year_end_registered_population,1.2662876246
2020,新竹縣,湖口鄉,機車竊盜,21,78971,year_end_registered_population,26.592040116
2020,新竹縣,湖口鄉,毒品,104,78971,year_end_registered_population,131.6939129554
2020,新竹縣,湖口鄉,汽車竊盜,14,78971,year_end_registered_population,17.728026744
2020,新竹縣,竹北市,住宅竊盜,6,200782,year_end_registered_population,2.9883156857
2020,新竹縣,竹北市,機車竊盜,15,200782,year_end_registered_population,7.4707892142
2020,新竹縣,竹北市,毒品,135,200782,year_end_registered_population,67.2371029276
2020,新竹縣,竹北市,汽車竊盜,15,200782,year_end_registered_population,7.4707892142
2020,新竹縣,竹北市,組織犯罪防制條例,1,200782,year_end_registered_population,0.4980526143
2020,新竹縣,竹東鎮,住宅竊盜,4,97100,year_end_registered_population,4.1194644696
2020,新竹縣,竹東鎮,強制性交,1,97100,year_end_registered_population,1.0298661174
2020,新竹縣,竹東鎮,機車竊盜,14,97100,year_end_registered_population,14.4181256437
2020,新竹縣,竹東鎮,毒品,116,97100,year_end_registered_population,119.4644696189
2020,新竹縣,竹東鎮,汽車竊盜,3,97100,year_end_registered_population,3.0895983522
2020,新竹縣,芎林鄉,住宅竊盜,2,19872,year_end_registered_population,10.0644122383
2020,新竹縣,芎林鄉,毒品,38,19872,year_end_registered_population,191.2238325282
2020,新竹縣,芎林鄉,汽車竊盜,2,19872,year_end_registered_population,10.0644122383
2020,新竹縣,關西鎮,住宅竊盜,3,27775,year_end_registered_population,10.801080108
2020,新竹縣,關西鎮,強制性交,1,27775,year_end_registered_population,3.600360036
2020,新竹縣,關西鎮,機車竊盜,1,27775,year_end_registered_population,3.600360036
2020,新竹縣,關西鎮,毒品,39,27775,year_end_registered_population,140.4140414041
2020,新竹縣,關西鎮,汽車竊盜,3,27775,year_end_registered_population,10.801080108
2020,桃園市,中壢區,住宅竊盜,5,422471,year_end_registered_population,1.1835131879
2020,桃園市,中壢區,強制性交,2,422471,year_end_registered_population,0.4734052752
2020,桃園市,中壢區,強盜,4,422471,year_end_registered_population,0.9468105503
2020,桃園市,中壢區,搶奪,1,422471,year_end_registered_population,0.2367026376
2020,桃園市,中壢區,機車竊盜,60,422471,year_end_registered_population,14.2021582546
2020,桃園市,中壢區,毒品,1085,422471,year_end_registered_population,256.8223617716
2020,桃園市,中壢區,汽車竊盜,13,422471,year_end_registered_population,3.0771342885
2020,桃園市,中壢區,組織犯罪防制條例,1,422471,year_end_registered_population,0.2367026376
2020,桃園市,八德區,住宅竊盜,5,209202,year_end_registered_population,2.3900345121
2020,桃園市,八德區,強盜,1,209202,year_end_registered_population,0.4780069024
2020,桃園市,八德區,搶奪,1,209202,year_end_registered_population,0.4780069024
2020,桃園市,八德區,機車竊盜,9,209202,year_end_registered_population,4.3020621218
2020,桃園市,八德區,毒品,511,209202,year_end_registered_population,244.2615271365
2020,桃園市,八德區,汽車竊盜,4,209202,year_end_registered_population,1.9120276097
2020,桃園市,大園區,住宅竊盜,1,93887,year_end_registered_population,1.0651101856
2020,桃園市,大園區,強制性交,1,93887,year_end_registered_population,1.0651101856
2020,桃園市,大園區,強盜,2,93887,year_end_registered_population,2.1302203713
2020,桃園市,大園區,機車竊盜,8,93887,year_end_registered_population,8.5208814852
2020,桃園市,大園區,毒品,196,93887,year_end_registered_population,208.7615963871
2020,桃園市,大園區,汽車竊盜,10,93887,year_end_registered_population,10.6511018565
2020,桃園市,大溪區,住宅竊盜,4,95664,year_end_registered_population,4.1813012209
2020,桃園市,大溪區,強盜,1,95664,year_end_registered_population,1.0453253052
2020,桃園市,大溪區,搶奪,1,95664,year_end_registered_population,1.0453253052
2020,桃園市,大溪區,機車竊盜,3,95664,year_end_registered_population,3.1359759157
2020,桃園市,大溪區,毒品,199,95664,year_end_registered_population,208.0197357418
2020,桃園市,大溪區,汽車竊盜,7,95664,year_end_registered_population,7.3172771366
2020,桃園市,平鎮區,強盜,3,228611,year_end_registered_population,1.3122728128
2020,桃園市,平鎮區,機車竊盜,15,228611,year_end_registered_population,6.5613640638
2020,桃園市,平鎮區,毒品,458,228611,year_end_registered_population,200.3403160828
2020,桃園市,平鎮區,汽車竊盜,11,228611,year_end_registered_population,4.8116669802
2020,桃園市,復興區,毒品,19,12354,year_end_registered_population,153.796341266
2020,桃園市,新屋區,住宅竊盜,1,49333,year_end_registered_population,2.0270407232
2020,桃園市,新屋區,搶奪,1,49333,year_end_registered_population,2.0270407232
2020,桃園市,新屋區,機車竊盜,8,49333,year_end_registered_population,16.216325786
2020,桃園市,新屋區,毒品,71,49333,year_end_registered_population,143.9198913506
2020,桃園市,新屋區,汽車竊盜,1,49333,year_end_registered_population,2.0270407232
2020,桃園市,桃園區,住宅竊盜,20,457245,year_end_registered_population,4.3740226793
2020,桃園市,桃園區,強制性交,4,457245,year_end_registered_population,0.8748045359
2020,桃園市,桃園區,強盜,2,457245,year_end_registered_population,0.4374022679
2020,桃園市,桃園區,搶奪,1,457245,year_end_registered_population,0.218701134
2020,桃園市,桃園區,機車竊盜,58,457245,year_end_registered_population,12.68466577
2020,桃園市,桃園區,毒品,1033,457245,year_end_registered_population,225.9182713862
2020,桃園市,桃園區,汽車竊盜,9,457245,year_end_registered_population,1.9683102057
2020,桃園市,楊梅區,住宅竊盜,1,175142,year_end_registered_population,0.5709652739
2020,桃園市,楊梅區,機車竊盜,13,175142,year_end_registered_population,7.4225485606
2020,桃園市,楊梅區,毒品,259,175142,year_end_registered_population,147.880005938
2020,桃園市,楊梅區,汽車竊盜,6,175142,year_end_registered_population,3.4257916434
2020,桃園市,蘆竹區,住宅竊盜,1,167060,year_end_registered_population,0.5985873339
2020,桃園市,蘆竹區,強盜,1,167060,year_end_registered_population,0.5985873339
2020,桃園市,蘆竹區,機車竊盜,7,167060,year_end_registered_population,4.1901113372
2020,桃園市,蘆竹區,毒品,166,167060,year_end_registered_population,99.3654974261
2020,桃園市,蘆竹區,汽車竊盜,22,167060,year_end_registered_population,13.1689213456
2020,桃園市,觀音區,住宅竊盜,4,69032,year_end_registered_population,5.7944141847
2020,桃園市,觀音區,強盜,1,69032,year_end_registered_population,1.4486035462
2020,桃園市,觀音區,機車竊盜,4,69032,year_end_registered_population,5.7944141847
2020,桃園市,觀音區,毒品,152,69032,year_end_registered_population,220.1877390196
2020,桃園市,觀音區,汽車竊盜,3,69032,year_end_registered_population,4.3458106385
2020,桃園市,龍潭區,住宅竊盜,1,124408,year_end_registered_population,0.8038068291
2020,桃園市,龍潭區,強制性交,2,124408,year_end_registered_population,1.6076136583
2020,桃園市,龍潭區,強盜,1,124408,year_end_registered_population,0.8038068291
2020,桃園市,龍潭區,機車竊盜,9,124408,year_end_registered_population,7.2342614623
2020,桃園市,龍潭區,毒品,178,124408,year_end_registered_population,143.0776155874
2020,桃園市,龍潭區,汽車竊盜,4,124408,year_end_registered_population,3.2152273166
2020,桃園市,龜山區,住宅竊盜,14,164398,year_end_registered_population,8.5159186851
2020,桃園市,龜山區,搶奪,1,164398,year_end_registered_population,0.6082799061
2020,桃園市,龜山區,機車竊盜,21,164398,year_end_registered_population,12.7738780277
2020,桃園市,龜山區,毒品,423,164398,year_end_registered_population,257.3024002725
2020,桃園市,龜山區,汽車竊盜,19,164398,year_end_registered_population,11.5573182156
2020,澎湖縣,望安鄉,住宅竊盜,2,5371,year_end_registered_population,37.2370135915
2020,澎湖縣,湖西鄉,住宅竊盜,6,15230,year_end_registered_population,39.3959290873
2020,澎湖縣,湖西鄉,毒品,4,15230,year_end_registered_population,26.2639527249
2020,澎湖縣,白沙鄉,住宅竊盜,3,9907,year_end_registered_population,30.2816190572
2020,澎湖縣,西嶼鄉,住宅竊盜,4,8353,year_end_registered_population,47.8869867114
2020,澎湖縣,西嶼鄉,強制性交,1,8353,year_end_registered_population,11.9717466778
2020,澎湖縣,西嶼鄉,機車竊盜,1,8353,year_end_registered_population,11.9717466778
2020,澎湖縣,馬公市,住宅竊盜,24,63206,year_end_registered_population,37.9710786951
2020,澎湖縣,馬公市,強制性交,3,63206,year_end_registered_population,4.7463848369
2020,澎湖縣,馬公市,強盜,1,63206,year_end_registered_population,1.582128279
2020,澎湖縣,馬公市,機車竊盜,2,63206,year_end_registered_population,3.1642565579
2020,澎湖縣,馬公市,毒品,21,63206,year_end_registered_population,33.2246938582
2020,澎湖縣,馬公市,汽車竊盜,1,63206,year_end_registered_population,1.582128279
2020,臺中市,中區,強盜,1,18168,year_end_registered_population,5.5041831792
2020,臺中市,中區,機車竊盜,8,18168,year_end_registered_population,44.0334654337
2020,臺中市,中區,毒品,120,18168,year_end_registered_population,660.5019815059
2020,臺中市,中區,汽車竊盜,1,18168,year_end_registered_population,5.5041831792
2020,臺中市,北區,住宅竊盜,4,146590,year_end_registered_population,2.7286990927
2020,臺中市,北區,強盜,1,146590,year_end_registered_population,0.6821747732
2020,臺中市,北區,搶奪,2,146590,year_end_registered_population,1.3643495464
2020,臺中市,北區,機車竊盜,16,146590,year_end_registered_population,10.9147963708
2020,臺中市,北區,毒品,345,146590,year_end_registered_population,235.350296746
2020,臺中市,北區,汽車竊盜,1,146590,year_end_registered_population,0.6821747732
2020,臺中市,北屯區,住宅竊盜,5,287344,year_end_registered_population,1.7400746144
2020,臺中市,北屯區,強盜,2,287344,year_end_registered_population,0.6960298458
2020,臺中市,北屯區,機車竊盜,22,287344,year_end_registered_population,7.6563283034
2020,臺中市,北屯區,毒品,352,287344,year_end_registered_population,122.5012528537
2020,臺中市,北屯區,汽車竊盜,11,287344,year_end_registered_population,3.8281641517
2020,臺中市,南區,住宅竊盜,6,126769,year_end_registered_population,4.7330183247
2020,臺中市,南區,搶奪,1,126769,year_end_registered_population,0.7888363874
2020,臺中市,南區,機車竊盜,11,126769,year_end_registered_population,8.6772002619
2020,臺中市,南區,毒品,48,126769,year_end_registered_population,37.8641465974
2020,臺中市,南區,汽車竊盜,2,126769,year_end_registered_population,1.5776727749
2020,臺中市,南屯區,住宅竊盜,3,176062,year_end_registered_population,1.7039452011
2020,臺中市,南屯區,強盜,1,176062,year_end_registered_population,0.5679817337
2020,臺中市,南屯區,機車竊盜,3,176062,year_end_registered_population,1.7039452011
2020,臺中市,南屯區,毒品,108,176062,year_end_registered_population,61.3420272404
2020,臺中市,南屯區,汽車竊盜,2,176062,year_end_registered_population,1.1359634674
2020,臺中市,后里區,機車竊盜,5,54343,year_end_registered_population,9.2008170326
2020,臺中市,后里區,毒品,47,54343,year_end_registered_population,86.487680106
2020,臺中市,后里區,汽車竊盜,4,54343,year_end_registered_population,7.360653626
2020,臺中市,和平區,強制性交,1,10809,year_end_registered_population,9.2515496346
2020,臺中市,和平區,毒品,3,10809,year_end_registered_population,27.7546489037
2020,臺中市,外埔區,住宅竊盜,1,31940,year_end_registered_population,3.130870382
2020,臺中市,外埔區,機車竊盜,1,31940,year_end_registered_population,3.130870382
2020,臺中市,外埔區,毒品,11,31940,year_end_registered_population,34.4395742016
2020,臺中市,大安區,機車竊盜,2,18864,year_end_registered_population,10.6022052587
2020,臺中市,大安區,毒品,6,18864,year_end_registered_population,31.8066157761
2020,臺中市,大安區,汽車竊盜,1,18864,year_end_registered_population,5.3011026293
2020,臺中市,大甲區,搶奪,1,76130,year_end_registered_population,1.3135426245
2020,臺中市,大甲區,機車竊盜,4,76130,year_end_registered_population,5.2541704978
2020,臺中市,大甲區,毒品,44,76130,year_end_registered_population,57.7958754762
2020,臺中市,大甲區,汽車竊盜,3,76130,year_end_registered_population,3.9406278734
2020,臺中市,大肚區,住宅竊盜,4,56777,year_end_registered_population,7.045106293
2020,臺中市,大肚區,強制性交,1,56777,year_end_registered_population,1.7612765733
2020,臺中市,大肚區,毒品,17,56777,year_end_registered_population,29.9417017454
2020,臺中市,大肚區,汽車竊盜,4,56777,year_end_registered_population,7.045106293
2020,臺中市,大里區,住宅竊盜,1,213117,year_end_registered_population,0.4692258243
2020,臺中市,大里區,強制性交,1,213117,year_end_registered_population,0.4692258243
2020,臺中市,大里區,強盜,1,213117,year_end_registered_population,0.4692258243
2020,臺中市,大里區,機車竊盜,13,213117,year_end_registered_population,6.0999357161
2020,臺中市,大里區,毒品,165,213117,year_end_registered_population,77.4222610116
2020,臺中市,大里區,汽車竊盜,5,213117,year_end_registered_population,2.3461291216
2020,臺中市,大雅區,住宅竊盜,5,95693,year_end_registered_population,5.2250425841
2020,臺中市,大雅區,強盜,2,95693,year_end_registered_population,2.0900170336
2020,臺中市,大雅區,機車竊盜,3,95693,year_end_registered_population,3.1350255505
2020,臺中市,大雅區,毒品,66,95693,year_end_registered_population,68.9705621101
2020,臺中市,大雅區,汽車竊盜,2,95693,year_end_registered_population,2.0900170336
2020,臺中市,太平區,住宅竊盜,4,194970,year_end_registered_population,2.0515976817
2020,臺中市,太平區,強盜,1,194970,year_end_registered_population,0.5128994204
2020,臺中市,太平區,機車竊盜,22,194970,year_end_registered_population,11.2837872493
2020,臺中市,太平區,毒品,146,194970,year_end_registered_population,74.8833153819
2020,臺中市,太平區,汽車竊盜,1,194970,year_end_registered_population,0.5128994204
2020,臺中市,新社區,機車竊盜,1,24064,year_end_registered_population,4.1555851064
2020,臺中市,新社區,毒品,6,24064,year_end_registered_population,24.9335106383
2020,臺中市,新社區,汽車竊盜,1,24064,year_end_registered_population,4.1555851064
2020,臺中市,東勢區,住宅竊盜,2,49169,year_end_registered_population,4.0676035714
2020,臺中市,東勢區,機車竊盜,2,49169,year_end_registered_population,4.0676035714
2020,臺中市,東勢區,毒品,17,49169,year_end_registered_population,34.5746303565
2020,臺中市,東勢區,汽車竊盜,1,49169,year_end_registered_population,2.0338017857
2020,臺中市,東區,住宅竊盜,2,75913,year_end_registered_population,2.6345948652
2020,臺中市,東區,機車竊盜,18,75913,year_end_registered_population,23.7113537866
2020,臺中市,東區,毒品,89,75913,year_end_registered_population,117.2394715003
2020,臺中市,東區,汽車竊盜,3,75913,year_end_registered_population,3.9518922978
2020,臺中市,梧棲區,住宅竊盜,1,59273,year_end_registered_population,1.6871088016
2020,臺中市,梧棲區,強制性交,1,59273,year_end_registered_population,1.6871088016
2020,臺中市,梧棲區,機車竊盜,2,59273,year_end_registered_population,3.3742176033
2020,臺中市,梧棲區,毒品,34,59273,year_end_registered_population,57.361699256
2020,臺中市,梧棲區,汽車竊盜,8,59273,year_end_registered_population,13.4968704132
2020,臺中市,沙鹿區,強盜,1,95226,year_end_registered_population,1.0501333669
2020,臺中市,沙鹿區,搶奪,1,95226,year_end_registered_population,1.0501333669
2020,臺中市,沙鹿區,機車竊盜,4,95226,year_end_registered_population,4.2005334678
2020,臺中市,沙鹿區,毒品,61,95226,year_end_registered_population,64.0581353832
2020,臺中市,沙鹿區,汽車竊盜,10,95226,year_end_registered_population,10.5013336694
2020,臺中市,清水區,機車竊盜,5,88009,year_end_registered_population,5.6812371462
2020,臺中市,清水區,毒品,48,88009,year_end_registered_population,54.5398766035
2020,臺中市,清水區,汽車竊盜,6,88009,year_end_registered_population,6.8174845754
2020,臺中市,潭子區,住宅竊盜,9,109309,year_end_registered_population,8.2335397817
2020,臺中市,潭子區,強盜,1,109309,year_end_registered_population,0.9148377535
2020,臺中市,潭子區,搶奪,2,109309,year_end_registered_population,1.829675507
2020,臺中市,潭子區,機車竊盜,6,109309,year_end_registered_population,5.4890265211
2020,臺中市,潭子區,毒品,76,109309,year_end_registered_population,69.5276692679
2020,臺中市,潭子區,汽車竊盜,2,109309,year_end_registered_population,1.829675507
2020,臺中市,烏日區,住宅竊盜,1,76494,year_end_registered_population,1.3072920752
2020,臺中市,烏日區,機車竊盜,3,76494,year_end_registered_population,3.9218762256
2020,臺中市,烏日區,毒品,69,76494,year_end_registered_population,90.2031531885
2020,臺中市,烏日區,汽車竊盜,2,76494,year_end_registered_population,2.6145841504
2020,臺中市,石岡區,毒品,4,14670,year_end_registered_population,27.266530334
2020,臺中市,石岡區,汽車竊盜,2,14670,year_end_registered_population,13.633265167
2020,臺中市,神岡區,住宅竊盜,3,65529,year_end_registered_population,4.5781257153
2020,臺中市,神岡區,機車竊盜,1,65529,year_end_registered_population,1.5260419051
2020,臺中市,神岡區,毒品,27,65529,year_end_registered_population,41.203131438
2020,臺中市,神岡區,汽車竊盜,1,65529,year_end_registered_population,1.5260419051
2020,臺中市,西區,搶奪,1,114583,year_end_registered_population,0.8727298116
2020,臺中市,西區,機車竊盜,8,114583,year_end_registered_population,6.9818384926
2020,臺中市,西區,毒品,99,114583,year_end_registered_population,86.4002513462
2020,臺中市,西區,汽車竊盜,1,114583,year_end_registered_population,0.8727298116
2020,臺中市,西屯區,住宅竊盜,9,231730,year_end_registered_population,3.8838303198
2020,臺中市,西屯區,強盜,1,231730,year_end_registered_population,0.4315367022
2020,臺中市,西屯區,機車竊盜,16,231730,year_end_registered_population,6.9045872351
2020,臺中市,西屯區,毒品,395,231730,year_end_registered_population,170.4569973676
2020,臺中市,西屯區,汽車竊盜,7,231730,year_end_registered_population,3.0207569154
2020,臺中市,豐原區,住宅竊盜,6,166053,year_end_registered_population,3.613304186
2020,臺中市,豐原區,強制性交,2,166053,year_end_registered_population,1.2044347287
2020,臺中市,豐原區,強盜,1,166053,year_end_registered_population,0.6022173643
2020,臺中市,豐原區,機車竊盜,11,166053,year_end_registered_population,6.6243910077
2020,臺中市,豐原區,毒品,82,166053,year_end_registered_population,49.3818238755
2020,臺中市,豐原區,汽車竊盜,4,166053,year_end_registered_population,2.4088694573
2020,臺中市,霧峰區,機車竊盜,6,65094,year_end_registered_population,9.2174393953
2020,臺中市,霧峰區,毒品,29,65094,year_end_registered_population,44.5509570775
2020,臺中市,霧峰區,汽車竊盜,1,65094,year_end_registered_population,1.5362398992
2020,臺中市,龍井區,住宅竊盜,4,78095,year_end_registered_population,5.1219668353
2020,臺中市,龍井區,強盜,1,78095,year_end_registered_population,1.2804917088
2020,臺中市,龍井區,機車竊盜,1,78095,year_end_registered_population,1.2804917088
2020,臺中市,龍井區,毒品,35,78095,year_end_registered_population,44.8172098086
2020,臺中市,龍井區,汽車竊盜,5,78095,year_end_registered_population,6.4024585441
2020,臺北市,中山區,住宅竊盜,21,223876,year_end_registered_population,9.3801926066
2020,臺北市,中山區,強制性交,1,223876,year_end_registered_population,0.4466758384
2020,臺北市,中山區,強盜,3,223876,year_end_registered_population,1.3400275152
2020,臺北市,中山區,搶奪,2,223876,year_end_registered_population,0.8933516768
2020,臺北市,中山區,機車竊盜,8,223876,year_end_registered_population,3.5734067073
2020,臺北市,中山區,毒品,398,223876,year_end_registered_population,177.7769836874
2020,臺北市,中山區,汽車竊盜,3,223876,year_end_registered_population,1.3400275152
2020,臺北市,中山區,組織犯罪防制條例,1,223876,year_end_registered_population,0.4466758384
2020,臺北市,中正區,住宅竊盜,20,155397,year_end_registered_population,12.8702613307
2020,臺北市,中正區,強制性交,1,155397,year_end_registered_population,0.6435130665
2020,臺北市,中正區,搶奪,1,155397,year_end_registered_population,0.6435130665
2020,臺北市,中正區,機車竊盜,13,155397,year_end_registered_population,8.3656698649
2020,臺北市,中正區,毒品,157,155397,year_end_registered_population,101.0315514457
2020,臺北市,中正區,汽車竊盜,2,155397,year_end_registered_population,1.2870261331
2020,臺北市,信義區,住宅竊盜,16,215240,year_end_registered_population,7.4335625348
2020,臺北市,信義區,強盜,1,215240,year_end_registered_population,0.4645976584
2020,臺北市,信義區,機車竊盜,6,215240,year_end_registered_population,2.7875859506
2020,臺北市,信義區,毒品,194,215240,year_end_registered_population,90.131945735
2020,臺北市,信義區,汽車竊盜,1,215240,year_end_registered_population,0.4645976584
2020,臺北市,內湖區,住宅竊盜,28,282525,year_end_registered_population,9.9106273781
2020,臺北市,內湖區,搶奪,1,282525,year_end_registered_population,0.3539509778
2020,臺北市,內湖區,機車竊盜,4,282525,year_end_registered_population,1.4158039112
2020,臺北市,內湖區,毒品,119,282525,year_end_registered_population,42.120166357
2020,臺北市,北投區,住宅竊盜,17,250144,year_end_registered_population,6.7960854548
2020,臺北市,北投區,強制性交,1,250144,year_end_registered_population,0.3997697326
2020,臺北市,北投區,強盜,1,250144,year_end_registered_population,0.3997697326
2020,臺北市,北投區,機車竊盜,25,250144,year_end_registered_population,9.9942433159
2020,臺北市,北投區,毒品,167,250144,year_end_registered_population,66.7615453499
2020,臺北市,北投區,汽車竊盜,9,250144,year_end_registered_population,3.5979275937
2020,臺北市,南港區,住宅竊盜,15,118758,year_end_registered_population,12.6307280352
2020,臺北市,南港區,強制性交,2,118758,year_end_registered_population,1.6840970714
2020,臺北市,南港區,強盜,1,118758,year_end_registered_population,0.8420485357
2020,臺北市,南港區,搶奪,1,118758,year_end_registered_population,0.8420485357
2020,臺北市,南港區,機車竊盜,5,118758,year_end_registered_population,4.2102426784
2020,臺北市,南港區,毒品,70,118758,year_end_registered_population,58.9433974974
2020,臺北市,南港區,汽車竊盜,1,118758,year_end_registered_population,0.8420485357
2020,臺北市,士林區,住宅竊盜,28,278451,year_end_registered_population,10.0556291771
2020,臺北市,士林區,強盜,1,278451,year_end_registered_population,0.3591296135
2020,臺北市,士林區,搶奪,1,278451,year_end_registered_population,0.3591296135
2020,臺北市,士林區,機車竊盜,27,278451,year_end_registered_population,9.6964995637
2020,臺北市,士林區,毒品,212,278451,year_end_registered_population,76.1354780554
2020,臺北市,士林區,汽車竊盜,5,278451,year_end_registered_population,1.7956480673
2020,臺北市,士林區,組織犯罪防制條例,2,278451,year_end_registered_population,0.7182592269
2020,臺北市,大同區,住宅竊盜,10,123849,year_end_registered_population,8.0743486019
2020,臺北市,大同區,強盜,2,123849,year_end_registered_population,1.6148697204
2020,臺北市,大同區,搶奪,2,123849,year_end_registered_population,1.6148697204
2020,臺北市,大同區,機車竊盜,12,123849,year_end_registered_population,9.6892183223
2020,臺北市,大同區,毒品,329,123849,year_end_registered_population,265.6460690034
2020,臺北市,大同區,汽車竊盜,6,123849,year_end_registered_population,4.8446091612
2020,臺北市,大安區,住宅竊盜,22,302644,year_end_registered_population,7.2692668614
2020,臺北市,大安區,強盜,1,302644,year_end_registered_population,0.330421221
2020,臺北市,大安區,搶奪,1,302644,year_end_registered_population,0.330421221
2020,臺北市,大安區,機車竊盜,10,302644,year_end_registered_population,3.3042122097
2020,臺北市,大安區,毒品,417,302644,year_end_registered_population,137.7856491455
2020,臺北市,大安區,汽車竊盜,1,302644,year_end_registered_population,0.330421221
2020,臺北市,文山區,住宅竊盜,14,268130,year_end_registered_population,5.2213478537
2020,臺北市,文山區,搶奪,1,268130,year_end_registered_population,0.3729534181
2020,臺北市,文山區,機車竊盜,8,268130,year_end_registered_population,2.9836273449
2020,臺北市,文山區,毒品,160,268130,year_end_registered_population,59.6725468989
2020,臺北市,文山區,汽車竊盜,2,268130,year_end_registered_population,0.7459068362
2020,臺北市,松山區,住宅竊盜,15,200316,year_end_registered_population,7.4881686935
2020,臺北市,松山區,強制性交,2,200316,year_end_registered_population,0.9984224925
2020,臺北市,松山區,強盜,1,200316,year_end_registered_population,0.4992112462
2020,臺北市,松山區,機車竊盜,3,200316,year_end_registered_population,1.4976337387
2020,臺北市,松山區,毒品,264,200316,year_end_registered_population,131.791769005
2020,臺北市,松山區,汽車竊盜,3,200316,year_end_registered_population,1.4976337387
2020,臺北市,萬華區,住宅竊盜,37,183088,year_end_registered_population,20.2088613126
2020,臺北市,萬華區,強盜,3,183088,year_end_registered_population,1.6385563226
2020,臺北市,萬華區,搶奪,4,183088,year_end_registered_population,2.1847417635
2020,臺北市,萬華區,機車竊盜,26,183088,year_end_registered_population,14.2008214629
2020,臺北市,萬華區,毒品,852,183088,year_end_registered_population,465.3499956305
2020,臺北市,萬華區,汽車竊盜,2,183088,year_end_registered_population,1.0923708818
2020,臺南市,七股區,強盜,1,22142,year_end_registered_population,4.5163038569
2020,臺南市,七股區,毒品,5,22142,year_end_registered_population,22.5815192846
2020,臺南市,七股區,汽車竊盜,1,22142,year_end_registered_population,4.5163038569
2020,臺南市,下營區,住宅竊盜,8,23452,year_end_registered_population,34.1122292342
2020,臺南市,下營區,毒品,3,23452,year_end_registered_population,12.7920859628
2020,臺南市,中西區,住宅竊盜,4,78556,year_end_registered_population,5.0919089567
2020,臺南市,中西區,強制性交,2,78556,year_end_registered_population,2.5459544783
2020,臺南市,中西區,搶奪,2,78556,year_end_registered_population,2.5459544783
2020,臺南市,中西區,機車竊盜,7,78556,year_end_registered_population,8.9108406742
2020,臺南市,中西區,毒品,152,78556,year_end_registered_population,193.4925403534
2020,臺南市,中西區,汽車竊盜,3,78556,year_end_registered_population,3.8189317175
2020,臺南市,仁德區,住宅竊盜,9,76385,year_end_registered_population,11.782418014
2020,臺南市,仁德區,強制性交,1,76385,year_end_registered_population,1.3091575571
2020,臺南市,仁德區,強盜,1,76385,year_end_registered_population,1.3091575571
2020,臺南市,仁德區,機車竊盜,5,76385,year_end_registered_population,6.5457877856
2020,臺南市,仁德區,毒品,87,76385,year_end_registered_population,113.8967074687
2020,臺南市,仁德區,汽車竊盜,2,76385,year_end_registered_population,2.6183151142
2020,臺南市,佳里區,住宅竊盜,5,58785,year_end_registered_population,8.5055711491
2020,臺南市,佳里區,機車竊盜,4,58785,year_end_registered_population,6.8044569193
2020,臺南市,佳里區,毒品,26,58785,year_end_registered_population,44.2289699753
2020,臺南市,佳里區,汽車竊盜,2,58785,year_end_registered_population,3.4022284596
2020,臺南市,六甲區,住宅竊盜,7,21668,year_end_registered_population,32.3057042644
2020,臺南市,六甲區,機車竊盜,1,21668,year_end_registered_population,4.6151006092
2020,臺南市,六甲區,毒品,24,21668,year_end_registered_population,110.7624146206
2020,臺南市,北區,住宅竊盜,22,130094,year_end_registered_population,16.9108490784
2020,臺南市,北區,強制性交,2,130094,year_end_registered_population,1.5373499162
2020,臺南市,北區,強盜,2,130094,year_end_registered_population,1.5373499162
2020,臺南市,北區,搶奪,2,130094,year_end_registered_population,1.5373499162
2020,臺南市,北區,機車竊盜,9,130094,year_end_registered_population,6.918074623
2020,臺南市,北區,毒品,195,130094,year_end_registered_population,149.8916168309
2020,臺南市,北區,汽車竊盜,3,130094,year_end_registered_population,2.3060248743
2020,臺南市,北門區,住宅竊盜,1,10601,year_end_registered_population,9.4330723517
2020,臺南市,北門區,毒品,12,10601,year_end_registered_population,113.19686822
2020,臺南市,南化區,機車竊盜,1,8398,year_end_registered_population,11.9075970469
2020,臺南市,南化區,毒品,7,8398,year_end_registered_population,83.3531793284
2020,臺南市,南區,住宅竊盜,6,123789,year_end_registered_population,4.8469573225
2020,臺南市,南區,強盜,2,123789,year_end_registered_population,1.6156524408
2020,臺南市,南區,搶奪,3,123789,year_end_registered_population,2.4234786613
2020,臺南市,南區,機車竊盜,5,123789,year_end_registered_population,4.0391311021
2020,臺南市,南區,毒品,90,123789,year_end_registered_population,72.7043598381
2020,臺南市,南區,汽車竊盜,6,123789,year_end_registered_population,4.8469573225
2020,臺南市,善化區,住宅竊盜,8,50814,year_end_registered_population,15.7436926831
2020,臺南市,善化區,機車竊盜,1,50814,year_end_registered_population,1.9679615854
2020,臺南市,善化區,毒品,26,50814,year_end_registered_population,51.1670012201
2020,臺南市,大內區,毒品,3,9200,year_end_registered_population,32.6086956522
2020,臺南市,學甲區,住宅竊盜,6,25293,year_end_registered_population,23.721978413
2020,臺南市,學甲區,搶奪,1,25293,year_end_registered_population,3.9536630688
2020,臺南市,學甲區,毒品,31,25293,year_end_registered_population,122.5635551338
2020,臺南市,學甲區,汽車竊盜,2,25293,year_end_registered_population,7.9073261377
2020,臺南市,安南區,住宅竊盜,2,195623,year_end_registered_population,1.0223746696
2020,臺南市,安南區,強制性交,1,195623,year_end_registered_population,0.5111873348
2020,臺南市,安南區,強盜,1,195623,year_end_registered_population,0.5111873348
2020,臺南市,安南區,搶奪,2,195623,year_end_registered_population,1.0223746696
2020,臺南市,安南區,機車竊盜,12,195623,year_end_registered_population,6.1342480179
2020,臺南市,安南區,毒品,208,195623,year_end_registered_population,106.3269656431
2020,臺南市,安南區,汽車竊盜,5,195623,year_end_registered_population,2.5559366741
2020,臺南市,安定區,機車竊盜,2,30374,year_end_registered_population,6.5845789162
2020,臺南市,安定區,毒品,39,30374,year_end_registered_population,128.3992888655
2020,臺南市,安定區,汽車竊盜,2,30374,year_end_registered_population,6.5845789162
2020,臺南市,安平區,住宅竊盜,7,67213,year_end_registered_population,10.4146519275
2020,臺南市,安平區,強盜,1,67213,year_end_registered_population,1.4878074182
2020,臺南市,安平區,搶奪,1,67213,year_end_registered_population,1.4878074182
2020,臺南市,安平區,機車竊盜,3,67213,year_end_registered_population,4.4634222546
2020,臺南市,安平區,毒品,41,67213,year_end_registered_population,61.0001041465
2020,臺南市,安平區,汽車竊盜,2,67213,year_end_registered_population,2.9756148364
2020,臺南市,官田區,住宅竊盜,3,21212,year_end_registered_population,14.1429379596
2020,臺南市,官田區,機車竊盜,1,21212,year_end_registered_population,4.7143126532
2020,臺南市,官田區,毒品,17,21212,year_end_registered_population,80.1433151047
2020,臺南市,官田區,汽車竊盜,1,21212,year_end_registered_population,4.7143126532
2020,臺南市,將軍區,住宅竊盜,2,19073,year_end_registered_population,10.4860273685
2020,臺南市,將軍區,強制性交,1,19073,year_end_registered_population,5.2430136843
2020,臺南市,將軍區,毒品,8,19073,year_end_registered_population,41.9441094741
2020,臺南市,山上區,搶奪,1,7128,year_end_registered_population,14.0291806958
2020,臺南市,山上區,毒品,7,7128,year_end_registered_population,98.2042648709
2020,臺南市,左鎮區,毒品,2,4569,year_end_registered_population,43.7732545415
2020,臺南市,後壁區,住宅竊盜,4,22755,year_end_registered_population,17.5785541639
2020,臺南市,後壁區,強盜,1,22755,year_end_registered_population,4.394638541
2020,臺南市,後壁區,機車竊盜,1,22755,year_end_registered_population,4.394638541
2020,臺南市,後壁區,毒品,16,22755,year_end_registered_population,70.3142166557
2020,臺南市,後壁區,汽車竊盜,1,22755,year_end_registered_population,4.394638541
2020,臺南市,新化區,強盜,1,43317,year_end_registered_population,2.3085624582
2020,臺南市,新化區,機車竊盜,1,43317,year_end_registered_population,2.3085624582
2020,臺南市,新化區,毒品,34,43317,year_end_registered_population,78.4911235773
2020,臺南市,新市區,住宅竊盜,8,37660,year_end_registered_population,21.2426978226
2020,臺南市,新市區,強制性交,1,37660,year_end_registered_population,2.6553372278
2020,臺南市,新市區,強盜,2,37660,year_end_registered_population,5.3106744557
2020,臺南市,新市區,機車竊盜,1,37660,year_end_registered_population,2.6553372278
2020,臺南市,新市區,毒品,48,37660,year_end_registered_population,127.4561869357
2020,臺南市,新營區,住宅竊盜,9,76331,year_end_registered_population,11.7907534291
2020,臺南市,新營區,強盜,1,76331,year_end_registered_population,1.3100837143
2020,臺南市,新營區,搶奪,3,76331,year_end_registered_population,3.930251143
2020,臺南市,新營區,機車竊盜,3,76331,year_end_registered_population,3.930251143
2020,臺南市,新營區,毒品,59,76331,year_end_registered_population,77.2949391466
2020,臺南市,東區,住宅竊盜,9,184958,year_end_registered_population,4.8659695715
2020,臺南市,東區,強制性交,2,184958,year_end_registered_population,1.0813265714
2020,臺南市,東區,搶奪,2,184958,year_end_registered_population,1.0813265714
2020,臺南市,東區,機車竊盜,9,184958,year_end_registered_population,4.8659695715
2020,臺南市,東區,毒品,123,184958,year_end_registered_population,66.5015841434
2020,臺南市,東區,汽車竊盜,2,184958,year_end_registered_population,1.0813265714
2020,臺南市,東山區,住宅竊盜,6,20152,year_end_registered_population,29.7737197301
2020,臺南市,東山區,毒品,12,20152,year_end_registered_population,59.5474394601
2020,臺南市,東山區,汽車竊盜,1,20152,year_end_registered_population,4.9622866217
2020,臺南市,柳營區,住宅竊盜,3,20826,year_end_registered_population,14.4050705848
2020,臺南市,柳營區,毒品,3,20826,year_end_registered_population,14.4050705848
2020,臺南市,柳營區,汽車竊盜,1,20826,year_end_registered_population,4.8016901949
2020,臺南市,楠西區,住宅竊盜,1,9178,year_end_registered_population,10.8956199608
2020,臺南市,楠西區,毒品,3,9178,year_end_registered_population,32.6868598823
2020,臺南市,歸仁區,住宅竊盜,9,68164,year_end_registered_population,13.2034505017
2020,臺南市,歸仁區,強盜,1,68164,year_end_registered_population,1.4670500557
2020,臺南市,歸仁區,機車竊盜,2,68164,year_end_registered_population,2.9341001115
2020,臺南市,歸仁區,毒品,61,68164,year_end_registered_population,89.4900534006
2020,臺南市,歸仁區,汽車竊盜,2,68164,year_end_registered_population,2.9341001115
2020,臺南市,永康區,住宅竊盜,6,235415,year_end_registered_population,2.5486906102
2020,臺南市,永康區,搶奪,1,235415,year_end_registered_population,0.4247817684
2020,臺南市,永康區,機車竊盜,3,235415,year_end_registered_population,1.2743453051
2020,臺南市,永康區,毒品,448,235415,year_end_registered_population,190.3022322282
2020,臺南市,永康區,汽車竊盜,6,235415,year_end_registered_population,2.5486906102
2020,臺南市,玉井區,住宅竊盜,8,13602,year_end_registered_population,58.8148801647
2020,臺南市,玉井區,毒品,18,13602,year_end_registered_population,132.3334803705
2020,臺南市,白河區,住宅竊盜,2,27245,year_end_registered_population,7.3407964764
2020,臺南市,白河區,強盜,1,27245,year_end_registered_population,3.6703982382
2020,臺南市,白河區,機車竊盜,1,27245,year_end_registered_population,3.6703982382
2020,臺南市,白河區,毒品,18,27245,year_end_registered_population,66.0671682878
2020,臺南市,白河區,汽車竊盜,4,27245,year_end_registered_population,14.6815929528
2020,臺南市,西港區,住宅竊盜,2,24522,year_end_registered_population,8.1559416035
2020,臺南市,西港區,搶奪,1,24522,year_end_registered_population,4.0779708017
2020,臺南市,西港區,毒品,15,24522,year_end_registered_population,61.1695620259
2020,臺南市,關廟區,住宅竊盜,4,33941,year_end_registered_population,11.7851565953
2020,臺南市,關廟區,強制性交,1,33941,year_end_registered_population,2.9462891488
2020,臺南市,關廟區,機車竊盜,2,33941,year_end_registered_population,5.8925782976
2020,臺南市,關廟區,毒品,32,33941,year_end_registered_population,94.2812527621
2020,臺南市,關廟區,汽車竊盜,1,33941,year_end_registered_population,2.9462891488
2020,臺南市,鹽水區,住宅竊盜,1,25001,year_end_registered_population,3.9998400064
2020,臺南市,鹽水區,機車竊盜,2,25001,year_end_registered_population,7.9996800128
2020,臺南市,鹽水區,毒品,19,25001,year_end_registered_population,75.9969601216
2020,臺南市,鹽水區,汽車竊盜,2,25001,year_end_registered_population,7.9996800128
2020,臺南市,麻豆區,住宅竊盜,2,43713,year_end_registered_population,4.5752979663
2020,臺南市,麻豆區,機車竊盜,1,43713,year_end_registered_population,2.2876489831
2020,臺南市,麻豆區,毒品,23,43713,year_end_registered_population,52.6159266122
2020,臺南市,麻豆區,汽車竊盜,1,43713,year_end_registered_population,2.2876489831
2020,臺南市,龍崎區,住宅竊盜,1,3768,year_end_registered_population,26.5392781316
2020,臺南市,龍崎區,毒品,5,3768,year_end_registered_population,132.6963906582
2020,臺南市,龍崎區,汽車竊盜,1,3768,year_end_registered_population,26.5392781316
2020,臺東縣,卑南鄉,毒品,17,16961,year_end_registered_population,100.2299392724
2020,臺東縣,大武鄉,毒品,3,5727,year_end_registered_population,52.3834468308
2020,臺東縣,太麻里鄉,強制性交,1,10925,year_end_registered_population,9.1533180778
2020,臺東縣,太麻里鄉,毒品,3,10925,year_end_registered_population,27.4599542334
2020,臺東縣,成功鎮,機車竊盜,1,13505,year_end_registered_population,7.4046649389
2020,臺東縣,成功鎮,毒品,5,13505,year_end_registered_population,37.0233246946
2020,臺東縣,東河鄉,毒品,1,8203,year_end_registered_population,12.1906619529
2020,臺東縣,池上鄉,毒品,6,8073,year_end_registered_population,74.3218134522
2020,臺東縣,海端鄉,機車竊盜,2,4105,year_end_registered_population,48.7210718636
2020,臺東縣,海端鄉,毒品,1,4105,year_end_registered_population,24.3605359318
2020,臺東縣,臺東市,住宅竊盜,1,104803,year_end_registered_population,0.9541711592
2020,臺東縣,臺東市,機車竊盜,5,104803,year_end_registered_population,4.7708557961
2020,臺東縣,臺東市,毒品,194,104803,year_end_registered_population,185.1092048892
2020,臺東縣,臺東市,汽車竊盜,4,104803,year_end_registered_population,3.8166846369
2020,臺東縣,長濱鄉,毒品,1,6926,year_end_registered_population,14.438348253
2020,臺東縣,關山鎮,毒品,3,8420,year_end_registered_population,35.6294536817
2020,臺東縣,鹿野鄉,毒品,4,7601,year_end_registered_population,52.6246546507
2020,花蓮縣,光復鄉,住宅竊盜,1,12369,year_end_registered_population,8.0847279489
2020,花蓮縣,光復鄉,毒品,17,12369,year_end_registered_population,137.4403751314
2020,花蓮縣,卓溪鄉,毒品,1,6036,year_end_registered_population,16.5672630881
2020,花蓮縣,吉安鄉,住宅竊盜,12,83507,year_end_registered_population,14.3700528099
2020,花蓮縣,吉安鄉,強制性交,1,83507,year_end_registered_population,1.1975044008
2020,花蓮縣,吉安鄉,搶奪,1,83507,year_end_registered_population,1.1975044008
2020,花蓮縣,吉安鄉,機車竊盜,7,83507,year_end_registered_population,8.3825308058
2020,花蓮縣,吉安鄉,毒品,93,83507,year_end_registered_population,111.3679092771
2020,花蓮縣,吉安鄉,汽車竊盜,5,83507,year_end_registered_population,5.9875220041
2020,花蓮縣,壽豐鄉,住宅竊盜,2,17589,year_end_registered_population,11.3707430781
2020,花蓮縣,壽豐鄉,搶奪,1,17589,year_end_registered_population,5.685371539
2020,花蓮縣,壽豐鄉,機車竊盜,2,17589,year_end_registered_population,11.3707430781
2020,花蓮縣,壽豐鄉,毒品,18,17589,year_end_registered_population,102.3366877025
2020,花蓮縣,富里鄉,毒品,10,10004,year_end_registered_population,99.9600159936
2020,花蓮縣,新城鄉,住宅竊盜,5,20058,year_end_registered_population,24.927709642
2020,花蓮縣,新城鄉,機車竊盜,2,20058,year_end_registered_population,9.9710838568
2020,花蓮縣,新城鄉,毒品,26,20058,year_end_registered_population,129.6240901386
2020,花蓮縣,新城鄉,汽車竊盜,1,20058,year_end_registered_population,4.9855419284
2020,花蓮縣,玉里鎮,強盜,1,23381,year_end_registered_population,4.2769770326
2020,花蓮縣,玉里鎮,機車竊盜,1,23381,year_end_registered_population,4.2769770326
2020,花蓮縣,玉里鎮,毒品,31,23381,year_end_registered_population,132.5862880116
2020,花蓮縣,瑞穗鄉,強盜,1,11312,year_end_registered_population,8.8401697313
2020,花蓮縣,瑞穗鄉,機車竊盜,3,11312,year_end_registered_population,26.5205091938
2020,花蓮縣,瑞穗鄉,毒品,16,11312,year_end_registered_population,141.4427157001
2020,花蓮縣,瑞穗鄉,汽車竊盜,1,11312,year_end_registered_population,8.8401697313
2020,花蓮縣,秀林鄉,住宅竊盜,2,16143,year_end_registered_population,12.3892708914
2020,花蓮縣,秀林鄉,毒品,24,16143,year_end_registered_population,148.6712506969
2020,花蓮縣,秀林鄉,汽車竊盜,1,16143,year_end_registered_population,6.1946354457
2020,花蓮縣,花蓮市,住宅竊盜,5,102539,year_end_registered_population,4.8761934483
2020,花蓮縣,花蓮市,強制性交,1,102539,year_end_registered_population,0.9752386897
2020,花蓮縣,花蓮市,機車竊盜,12,102539,year_end_registered_population,11.702864276
2020,花蓮縣,花蓮市,毒品,127,102539,year_end_registered_population,123.855313588
2020,花蓮縣,花蓮市,汽車竊盜,4,102539,year_end_registered_population,3.9009547587
2020,花蓮縣,萬榮鄉,住宅竊盜,2,6237,year_end_registered_population,32.0666987334
2020,花蓮縣,萬榮鄉,強盜,1,6237,year_end_registered_population,16.0333493667
2020,花蓮縣,萬榮鄉,毒品,1,6237,year_end_registered_population,16.0333493667
2020,花蓮縣,鳳林鎮,住宅竊盜,1,10821,year_end_registered_population,9.2412900841
2020,花蓮縣,鳳林鎮,毒品,8,10821,year_end_registered_population,73.9303206728
2020,苗栗縣,三灣鄉,住宅竊盜,2,6364,year_end_registered_population,31.4267756128
2020,苗栗縣,三灣鄉,機車竊盜,1,6364,year_end_registered_population,15.7133878064
2020,苗栗縣,三灣鄉,毒品,4,6364,year_end_registered_population,62.8535512256
2020,苗栗縣,三義鄉,住宅竊盜,1,15665,year_end_registered_population,6.3836578359
2020,苗栗縣,三義鄉,毒品,24,15665,year_end_registered_population,153.2077880626
2020,苗栗縣,三義鄉,汽車竊盜,2,15665,year_end_registered_population,12.7673156719
2020,苗栗縣,公館鄉,住宅竊盜,2,32397,year_end_registered_population,6.1734111183
2020,苗栗縣,公館鄉,強制性交,1,32397,year_end_registered_population,3.0867055592
2020,苗栗縣,公館鄉,機車竊盜,2,32397,year_end_registered_population,6.1734111183
2020,苗栗縣,公館鄉,毒品,38,32397,year_end_registered_population,117.294811248
2020,苗栗縣,公館鄉,汽車竊盜,1,32397,year_end_registered_population,3.0867055592
2020,苗栗縣,卓蘭鎮,住宅竊盜,1,16196,year_end_registered_population,6.1743640405
2020,苗栗縣,卓蘭鎮,毒品,17,16196,year_end_registered_population,104.9641886886
2020,苗栗縣,南庄鄉,毒品,11,9573,year_end_registered_population,114.9065078868
2020,苗栗縣,大湖鄉,住宅竊盜,3,13884,year_end_registered_population,21.6076058773
2020,苗栗縣,大湖鄉,毒品,32,13884,year_end_registered_population,230.4811293575
2020,苗栗縣,後龍鎮,住宅竊盜,10,35221,year_end_registered_population,28.3921524091
2020,苗栗縣,後龍鎮,強制性交,1,35221,year_end_registered_population,2.8392152409
2020,苗栗縣,後龍鎮,強盜,1,35221,year_end_registered_population,2.8392152409
2020,苗栗縣,後龍鎮,機車竊盜,2,35221,year_end_registered_population,5.6784304818
2020,苗栗縣,後龍鎮,毒品,30,35221,year_end_registered_population,85.1764572272
2020,苗栗縣,後龍鎮,汽車竊盜,3,35221,year_end_registered_population,8.5176457227
2020,苗栗縣,泰安鄉,毒品,6,5782,year_end_registered_population,103.770321688
2020,苗栗縣,獅潭鄉,毒品,3,4158,year_end_registered_population,72.1500721501
2020,苗栗縣,竹南鎮,住宅竊盜,10,87190,year_end_registered_population,11.4692051841
2020,苗栗縣,竹南鎮,強制性交,2,87190,year_end_registered_population,2.2938410368
2020,苗栗縣,竹南鎮,強盜,1,87190,year_end_registered_population,1.1469205184
2020,苗栗縣,竹南鎮,機車竊盜,1,87190,year_end_registered_population,1.1469205184
2020,苗栗縣,竹南鎮,毒品,123,87190,year_end_registered_population,141.0712237642
2020,苗栗縣,竹南鎮,汽車竊盜,5,87190,year_end_registered_population,5.734602592
2020,苗栗縣,苑裡鎮,住宅竊盜,3,44562,year_end_registered_population,6.7321933486
2020,苗栗縣,苑裡鎮,毒品,35,44562,year_end_registered_population,78.5422557336
2020,苗栗縣,苗栗市,住宅竊盜,6,87671,year_end_registered_population,6.8437681788
2020,苗栗縣,苗栗市,機車竊盜,9,87671,year_end_registered_population,10.2656522681
2020,苗栗縣,苗栗市,毒品,95,87671,year_end_registered_population,108.3596628304
2020,苗栗縣,苗栗市,汽車竊盜,2,87671,year_end_registered_population,2.2812560596
2020,苗栗縣,西湖鄉,住宅竊盜,1,6729,year_end_registered_population,14.8610491901
2020,苗栗縣,西湖鄉,強制性交,1,6729,year_end_registered_population,14.8610491901
2020,苗栗縣,西湖鄉,搶奪,1,6729,year_end_registered_population,14.8610491901
2020,苗栗縣,西湖鄉,毒品,12,6729,year_end_registered_population,178.3325902809
2020,苗栗縣,西湖鄉,汽車竊盜,1,6729,year_end_registered_population,14.8610491901
2020,苗栗縣,通霄鎮,住宅竊盜,3,33061,year_end_registered_population,9.0741356886
2020,苗栗縣,通霄鎮,毒品,25,33061,year_end_registered_population,75.6177974048
2020,苗栗縣,通霄鎮,汽車竊盜,1,33061,year_end_registered_population,3.0247118962
2020,苗栗縣,造橋鄉,住宅竊盜,4,12177,year_end_registered_population,32.8488133366
2020,苗栗縣,造橋鄉,強制性交,1,12177,year_end_registered_population,8.2122033342
2020,苗栗縣,造橋鄉,毒品,23,12177,year_end_registered_population,188.8806766856
2020,苗栗縣,造橋鄉,汽車竊盜,1,12177,year_end_registered_population,8.2122033342
2020,苗栗縣,銅鑼鄉,住宅竊盜,1,17279,year_end_registered_population,5.7873719544
2020,苗栗縣,銅鑼鄉,強盜,1,17279,year_end_registered_population,5.7873719544
2020,苗栗縣,銅鑼鄉,毒品,23,17279,year_end_registered_population,133.1095549511
2020,苗栗縣,頭份市,住宅竊盜,12,104441,year_end_registered_population,11.4897406191
2020,苗栗縣,頭份市,強制性交,1,104441,year_end_registered_population,0.9574783849
2020,苗栗縣,頭份市,搶奪,1,104441,year_end_registered_population,0.9574783849
2020,苗栗縣,頭份市,機車竊盜,4,104441,year_end_registered_population,3.8299135397
2020,苗栗縣,頭份市,毒品,95,104441,year_end_registered_population,90.9604465679
2020,苗栗縣,頭份市,汽車竊盜,6,104441,year_end_registered_population,5.7448703096
2020,苗栗縣,頭屋鄉,機車竊盜,1,10240,year_end_registered_population,9.765625
2020,苗栗縣,頭屋鄉,毒品,2,10240,year_end_registered_population,19.53125
2020,連江縣,北竿鄉,住宅竊盜,1,2717,year_end_registered_population,36.8052999632
2020,連江縣,南竿鄉,毒品,6,7638,year_end_registered_population,78.5545954438
2020,金門縣,烈嶼鄉,汽車竊盜,1,12733,year_end_registered_population,7.8536087332
2020,金門縣,金城鎮,住宅竊盜,12,43000,year_end_registered_population,27.9069767442
2020,金門縣,金城鎮,機車竊盜,3,43000,year_end_registered_population,6.976744186
2020,金門縣,金城鎮,毒品,18,43000,year_end_registered_population,41.8604651163
2020,金門縣,金城鎮,汽車竊盜,1,43000,year_end_registered_population,2.3255813953
2020,金門縣,金寧鄉,住宅竊盜,8,33070,year_end_registered_population,24.1911097672
2020,金門縣,金寧鄉,毒品,7,33070,year_end_registered_population,21.1672210463
2020,金門縣,金寧鄉,汽車竊盜,1,33070,year_end_registered_population,3.0238887209
2020,金門縣,金沙鎮,住宅竊盜,4,20732,year_end_registered_population,19.2938452634
2020,金門縣,金沙鎮,毒品,9,20732,year_end_registered_population,43.4111518426
2020,金門縣,金湖鎮,住宅竊盜,9,30400,year_end_registered_population,29.6052631579
2020,金門縣,金湖鎮,強制性交,1,30400,year_end_registered_population,3.2894736842
2020,金門縣,金湖鎮,毒品,10,30400,year_end_registered_population,32.8947368421
2020,金門縣,金湖鎮,汽車竊盜,1,30400,year_end_registered_population,3.2894736842
2020,雲林縣,二崙鄉,住宅竊盜,1,26029,year_end_registered_population,3.8418686849
2020,雲林縣,二崙鄉,機車竊盜,1,26029,year_end_registered_population,3.8418686849
2020,雲林縣,二崙鄉,毒品,10,26029,year_end_registered_population,38.4186868493
2020,雲林縣,二崙鄉,汽車竊盜,1,26029,year_end_registered_population,3.8418686849
2020,雲林縣,元長鄉,住宅竊盜,3,24694,year_end_registered_population,12.1487000891
2020,雲林縣,元長鄉,強盜,1,24694,year_end_registered_population,4.0495666964
2020,雲林縣,元長鄉,搶奪,1,24694,year_end_registered_population,4.0495666964
2020,雲林縣,元長鄉,毒品,10,24694,year_end_registered_population,40.4956669636
2020,雲林縣,元長鄉,汽車竊盜,1,24694,year_end_registered_population,4.0495666964
2020,雲林縣,北港鎮,住宅竊盜,1,39089,year_end_registered_population,2.5582644734
2020,雲林縣,北港鎮,強制性交,1,39089,year_end_registered_population,2.5582644734
2020,雲林縣,北港鎮,機車竊盜,2,39089,year_end_registered_population,5.1165289468
2020,雲林縣,北港鎮,毒品,33,39089,year_end_registered_population,84.4227276216
2020,雲林縣,北港鎮,汽車竊盜,2,39089,year_end_registered_population,5.1165289468
2020,雲林縣,口湖鄉,住宅竊盜,1,26403,year_end_registered_population,3.787448396
2020,雲林縣,口湖鄉,強制性交,2,26403,year_end_registered_population,7.574896792
2020,雲林縣,口湖鄉,毒品,4,26403,year_end_registered_population,15.1497935841
2020,雲林縣,口湖鄉,汽車竊盜,1,26403,year_end_registered_population,3.787448396
2020,雲林縣,古坑鄉,住宅竊盜,5,30868,year_end_registered_population,16.1980044059
2020,雲林縣,古坑鄉,強盜,1,30868,year_end_registered_population,3.2396008812
2020,雲林縣,古坑鄉,機車竊盜,3,30868,year_end_registered_population,9.7188026435
2020,雲林縣,古坑鄉,毒品,34,30868,year_end_registered_population,110.1464299598
2020,雲林縣,四湖鄉,住宅竊盜,1,22387,year_end_registered_population,4.4668780989
2020,雲林縣,四湖鄉,強制性交,1,22387,year_end_registered_population,4.4668780989
2020,雲林縣,四湖鄉,機車竊盜,1,22387,year_end_registered_population,4.4668780989
2020,雲林縣,四湖鄉,毒品,19,22387,year_end_registered_population,84.870683879
2020,雲林縣,土庫鎮,住宅竊盜,2,28305,year_end_registered_population,7.0658894188
2020,雲林縣,土庫鎮,機車竊盜,1,28305,year_end_registered_population,3.5329447094
2020,雲林縣,土庫鎮,毒品,18,28305,year_end_registered_population,63.5930047695
2020,雲林縣,土庫鎮,汽車竊盜,1,28305,year_end_registered_population,3.5329447094
2020,雲林縣,大埤鄉,住宅竊盜,2,18604,year_end_registered_population,10.7503762632
2020,雲林縣,大埤鄉,毒品,18,18604,year_end_registered_population,96.7533863685
2020,雲林縣,崙背鄉,住宅竊盜,1,23784,year_end_registered_population,4.2045072318
2020,雲林縣,崙背鄉,機車竊盜,1,23784,year_end_registered_population,4.2045072318
2020,雲林縣,崙背鄉,毒品,8,23784,year_end_registered_population,33.636057854
2020,雲林縣,斗六市,住宅竊盜,27,108677,year_end_registered_population,24.8442632756
2020,雲林縣,斗六市,強制性交,1,108677,year_end_registered_population,0.9201578991
2020,雲林縣,斗六市,強盜,3,108677,year_end_registered_population,2.7604736973
2020,雲林縣,斗六市,機車竊盜,4,108677,year_end_registered_population,3.6806315964
2020,雲林縣,斗六市,毒品,138,108677,year_end_registered_population,126.9817900752
2020,雲林縣,斗六市,汽車竊盜,4,108677,year_end_registered_population,3.6806315964
2020,雲林縣,斗六市,組織犯罪防制條例,1,108677,year_end_registered_population,0.9201578991
2020,雲林縣,斗南鎮,住宅竊盜,7,44154,year_end_registered_population,15.8536032975
2020,雲林縣,斗南鎮,機車竊盜,4,44154,year_end_registered_population,9.0592018843
2020,雲林縣,斗南鎮,毒品,27,44154,year_end_registered_population,61.1496127191
2020,雲林縣,斗南鎮,汽車竊盜,5,44154,year_end_registered_population,11.3240023554
2020,雲林縣,東勢鄉,毒品,11,14155,year_end_registered_population,77.7110561639
2020,雲林縣,林內鄉,住宅竊盜,5,17434,year_end_registered_population,28.6795916026
2020,雲林縣,林內鄉,機車竊盜,1,17434,year_end_registered_population,5.7359183205
2020,雲林縣,林內鄉,毒品,7,17434,year_end_registered_population,40.1514282437
2020,雲林縣,林內鄉,汽車竊盜,1,17434,year_end_registered_population,5.7359183205
2020,雲林縣,水林鄉,強制性交,1,24177,year_end_registered_population,4.1361624685
2020,雲林縣,水林鄉,機車竊盜,1,24177,year_end_registered_population,4.1361624685
2020,雲林縣,水林鄉,毒品,16,24177,year_end_registered_population,66.1785994954
2020,雲林縣,臺西鄉,毒品,39,23012,year_end_registered_population,169.4767947158
2020,雲林縣,臺西鄉,汽車竊盜,1,23012,year_end_registered_population,4.3455588389
2020,雲林縣,莿桐鄉,住宅竊盜,3,28311,year_end_registered_population,10.5965878987
2020,雲林縣,莿桐鄉,機車竊盜,3,28311,year_end_registered_population,10.5965878987
2020,雲林縣,莿桐鄉,毒品,22,28311,year_end_registered_population,77.7083112571
2020,雲林縣,虎尾鎮,住宅竊盜,11,70899,year_end_registered_population,15.5150284207
2020,雲林縣,虎尾鎮,機車竊盜,10,70899,year_end_registered_population,14.1045712916
2020,雲林縣,虎尾鎮,毒品,87,70899,year_end_registered_population,122.7097702365
2020,雲林縣,虎尾鎮,汽車竊盜,10,70899,year_end_registered_population,14.1045712916
2020,雲林縣,褒忠鄉,住宅竊盜,1,12477,year_end_registered_population,8.0147471347
2020,雲林縣,褒忠鄉,機車竊盜,2,12477,year_end_registered_population,16.0294942695
2020,雲林縣,褒忠鄉,毒品,16,12477,year_end_registered_population,128.2359541556
2020,雲林縣,褒忠鄉,汽車竊盜,1,12477,year_end_registered_population,8.0147471347
2020,雲林縣,西螺鎮,住宅竊盜,5,45463,year_end_registered_population,10.9979543805
2020,雲林縣,西螺鎮,搶奪,1,45463,year_end_registered_population,2.1995908761
2020,雲林縣,西螺鎮,機車竊盜,2,45463,year_end_registered_population,4.3991817522
2020,雲林縣,西螺鎮,毒品,31,45463,year_end_registered_population,68.187317159
2020,雲林縣,西螺鎮,汽車竊盜,2,45463,year_end_registered_population,4.3991817522
2020,雲林縣,麥寮鄉,強制性交,1,47951,year_end_registered_population,2.0854622427
2020,雲林縣,麥寮鄉,搶奪,2,47951,year_end_registered_population,4.1709244854
2020,雲林縣,麥寮鄉,機車竊盜,1,47951,year_end_registered_population,2.0854622427
2020,雲林縣,麥寮鄉,毒品,73,47951,year_end_registered_population,152.2387437175
2020,雲林縣,麥寮鄉,汽車竊盜,3,47951,year_end_registered_population,6.2563867281
2020,高雄市,三民區,住宅竊盜,12,336868,year_end_registered_population,3.5622261539
2020,高雄市,三民區,強制性交,7,336868,year_end_registered_population,2.0779652564
2020,高雄市,三民區,強盜,4,336868,year_end_registered_population,1.187408718
2020,高雄市,三民區,搶奪,2,336868,year_end_registered_population,0.593704359
2020,高雄市,三民區,機車竊盜,29,336868,year_end_registered_population,8.6087132052
2020,高雄市,三民區,毒品,337,336868,year_end_registered_population,100.0391844877
2020,高雄市,三民區,汽車竊盜,7,336868,year_end_registered_population,2.0779652564
2020,高雄市,仁武區,機車竊盜,3,91893,year_end_registered_population,3.2646665143
2020,高雄市,仁武區,毒品,69,91893,year_end_registered_population,75.0873298293
2020,高雄市,仁武區,汽車竊盜,10,91893,year_end_registered_population,10.8822217144
2020,高雄市,內門區,住宅竊盜,1,13976,year_end_registered_population,7.1551230681
2020,高雄市,內門區,毒品,8,13976,year_end_registered_population,57.2409845449
2020,高雄市,六龜區,毒品,20,12391,year_end_registered_population,161.407473166
2020,高雄市,前金區,住宅竊盜,2,26668,year_end_registered_population,7.4996250187
2020,高雄市,前金區,機車竊盜,5,26668,year_end_registered_population,18.7490625469
2020,高雄市,前金區,毒品,57,26668,year_end_registered_population,213.7393130343
2020,高雄市,前鎮區,住宅竊盜,3,185828,year_end_registered_population,1.6143961082
2020,高雄市,前鎮區,強制性交,1,185828,year_end_registered_population,0.5381320361
2020,高雄市,前鎮區,強盜,1,185828,year_end_registered_population,0.5381320361
2020,高雄市,前鎮區,搶奪,4,185828,year_end_registered_population,2.1525281443
2020,高雄市,前鎮區,機車竊盜,13,185828,year_end_registered_population,6.995716469
2020,高雄市,前鎮區,毒品,135,185828,year_end_registered_population,72.6478248703
2020,高雄市,前鎮區,汽車竊盜,3,185828,year_end_registered_population,1.6143961082
2020,高雄市,大寮區,強制性交,2,112265,year_end_registered_population,1.7814991315
2020,高雄市,大寮區,強盜,2,112265,year_end_registered_population,1.7814991315
2020,高雄市,大寮區,搶奪,2,112265,year_end_registered_population,1.7814991315
2020,高雄市,大寮區,機車竊盜,12,112265,year_end_registered_population,10.6889947891
2020,高雄市,大寮區,毒品,93,112265,year_end_registered_population,82.8397096156
2020,高雄市,大寮區,汽車竊盜,5,112265,year_end_registered_population,4.4537478288
2020,高雄市,大樹區,強制性交,1,41764,year_end_registered_population,2.394406666
2020,高雄市,大樹區,機車竊盜,2,41764,year_end_registered_population,4.7888133321
2020,高雄市,大樹區,毒品,48,41764,year_end_registered_population,114.9315199694
2020,高雄市,大社區,住宅竊盜,1,34324,year_end_registered_population,2.9134133551
2020,高雄市,大社區,強盜,2,34324,year_end_registered_population,5.8268267102
2020,高雄市,大社區,搶奪,1,34324,year_end_registered_population,2.9134133551
2020,高雄市,大社區,機車竊盜,4,34324,year_end_registered_population,11.6536534203
2020,高雄市,大社區,毒品,41,34324,year_end_registered_population,119.4499475586
2020,高雄市,大社區,汽車竊盜,2,34324,year_end_registered_population,5.8268267102
2020,高雄市,小港區,強制性交,3,157356,year_end_registered_population,1.906504995
2020,高雄市,小港區,機車竊盜,11,157356,year_end_registered_population,6.9905183152
2020,高雄市,小港區,毒品,138,157356,year_end_registered_population,87.699229772
2020,高雄市,岡山區,強制性交,2,96841,year_end_registered_population,2.065240962
2020,高雄市,岡山區,強盜,1,96841,year_end_registered_population,1.032620481
2020,高雄市,岡山區,搶奪,2,96841,year_end_registered_population,2.065240962
2020,高雄市,岡山區,機車竊盜,4,96841,year_end_registered_population,4.130481924
2020,高雄市,岡山區,毒品,91,96841,year_end_registered_population,93.9684637705
2020,高雄市,岡山區,汽車竊盜,5,96841,year_end_registered_population,5.163102405
2020,高雄市,左營區,住宅竊盜,8,197306,year_end_registered_population,4.0546156731
2020,高雄市,左營區,強制性交,1,197306,year_end_registered_population,0.5068269591
2020,高雄市,左營區,搶奪,2,197306,year_end_registered_population,1.0136539183
2020,高雄市,左營區,機車竊盜,13,197306,year_end_registered_population,6.5887504688
2020,高雄市,左營區,毒品,114,197306,year_end_registered_population,57.7782733419
2020,高雄市,左營區,汽車竊盜,3,197306,year_end_registered_population,1.5204808774
2020,高雄市,彌陀區,搶奪,2,18872,year_end_registered_population,10.5977108944
2020,高雄市,彌陀區,毒品,8,18872,year_end_registered_population,42.3908435778
2020,高雄市,新興區,住宅竊盜,1,50490,year_end_registered_population,1.9805902159
2020,高雄市,新興區,強制性交,2,50490,year_end_registered_population,3.9611804318
2020,高雄市,新興區,搶奪,3,50490,year_end_registered_population,5.9417706477
2020,高雄市,新興區,機車竊盜,4,50490,year_end_registered_population,7.9223608635
2020,高雄市,新興區,毒品,128,50490,year_end_registered_population,253.5155476332
2020,高雄市,新興區,汽車竊盜,1,50490,year_end_registered_population,1.9805902159
2020,高雄市,旗山區,住宅竊盜,3,35764,year_end_registered_population,8.3883234538
2020,高雄市,旗山區,強制性交,1,35764,year_end_registered_population,2.7961078179
2020,高雄市,旗山區,機車竊盜,2,35764,year_end_registered_population,5.5922156358
2020,高雄市,旗山區,毒品,46,35764,year_end_registered_population,128.6209596242
2020,高雄市,旗山區,汽車竊盜,7,35764,year_end_registered_population,19.5727547254
2020,高雄市,旗津區,搶奪,1,27785,year_end_registered_population,3.5990642433
2020,高雄市,旗津區,機車竊盜,4,27785,year_end_registered_population,14.3962569732
2020,高雄市,旗津區,毒品,42,27785,year_end_registered_population,151.1606982185
2020,高雄市,杉林區,住宅竊盜,4,11541,year_end_registered_population,34.6590416775
2020,高雄市,杉林區,強制性交,1,11541,year_end_registered_population,8.6647604194
2020,高雄市,杉林區,毒品,36,11541,year_end_registered_population,311.9313750975
2020,高雄市,杉林區,汽車竊盜,1,11541,year_end_registered_population,8.6647604194
2020,高雄市,林園區,機車竊盜,4,69478,year_end_registered_population,5.7572181122
2020,高雄市,林園區,毒品,72,69478,year_end_registered_population,103.6299260197
2020,高雄市,林園區,汽車竊盜,2,69478,year_end_registered_population,2.8786090561
2020,高雄市,梓官區,毒品,26,35517,year_end_registered_population,73.2043810006
2020,高雄市,梓官區,汽車竊盜,1,35517,year_end_registered_population,2.8155531154
2020,高雄市,楠梓區,強制性交,1,189426,year_end_registered_population,0.5279106353
2020,高雄市,楠梓區,搶奪,1,189426,year_end_registered_population,0.5279106353
2020,高雄市,楠梓區,機車竊盜,6,189426,year_end_registered_population,3.1674638117
2020,高雄市,楠梓區,毒品,92,189426,year_end_registered_population,48.5677784465
2020,高雄市,楠梓區,汽車竊盜,10,189426,year_end_registered_population,5.2791063529
2020,高雄市,橋頭區,強盜,1,38955,year_end_registered_population,2.5670645617
2020,高雄市,橋頭區,機車竊盜,1,38955,year_end_registered_population,2.5670645617
2020,高雄市,橋頭區,毒品,35,38955,year_end_registered_population,89.8472596586
2020,高雄市,橋頭區,汽車竊盜,1,38955,year_end_registered_population,2.5670645617
2020,高雄市,永安區,毒品,8,13705,year_end_registered_population,58.3728566217
2020,高雄市,湖內區,住宅竊盜,3,29882,year_end_registered_population,10.0394886554
2020,高雄市,湖內區,搶奪,1,29882,year_end_registered_population,3.3464962185
2020,高雄市,湖內區,機車竊盜,1,29882,year_end_registered_population,3.3464962185
2020,高雄市,湖內區,毒品,30,29882,year_end_registered_population,100.3948865538
2020,高雄市,湖內區,汽車竊盜,1,29882,year_end_registered_population,3.3464962185
2020,高雄市,燕巢區,搶奪,1,29493,year_end_registered_population,3.3906350659
2020,高雄市,燕巢區,機車竊盜,1,29493,year_end_registered_population,3.3906350659
2020,高雄市,燕巢區,毒品,21,29493,year_end_registered_population,71.2033363849
2020,高雄市,田寮區,毒品,3,6919,year_end_registered_population,43.3588668883
2020,高雄市,甲仙區,機車竊盜,1,5877,year_end_registered_population,17.0154840905
2020,高雄市,甲仙區,毒品,3,5877,year_end_registered_population,51.0464522716
2020,高雄市,甲仙區,汽車竊盜,1,5877,year_end_registered_population,17.0154840905
2020,高雄市,美濃區,機車竊盜,3,38611,year_end_registered_population,7.7698065318
2020,高雄市,美濃區,毒品,40,38611,year_end_registered_population,103.5974204242
2020,高雄市,美濃區,汽車竊盜,3,38611,year_end_registered_population,7.7698065318
2020,高雄市,苓雅區,住宅竊盜,3,167280,year_end_registered_population,1.7934002869
2020,高雄市,苓雅區,強制性交,3,167280,year_end_registered_population,1.7934002869
2020,高雄市,苓雅區,強盜,2,167280,year_end_registered_population,1.1956001913
2020,高雄市,苓雅區,搶奪,4,167280,year_end_registered_population,2.3912003826
2020,高雄市,苓雅區,機車竊盜,15,167280,year_end_registered_population,8.9670014347
2020,高雄市,苓雅區,毒品,187,167280,year_end_registered_population,111.7886178862
2020,高雄市,茄萣區,住宅竊盜,2,29960,year_end_registered_population,6.6755674232
2020,高雄市,茄萣區,強制性交,1,29960,year_end_registered_population,3.3377837116
2020,高雄市,茄萣區,搶奪,1,29960,year_end_registered_population,3.3377837116
2020,高雄市,茄萣區,機車竊盜,2,29960,year_end_registered_population,6.6755674232
2020,高雄市,茄萣區,毒品,19,29960,year_end_registered_population,63.4178905207
2020,高雄市,茄萣區,汽車竊盜,1,29960,year_end_registered_population,3.3377837116
2020,高雄市,路竹區,強盜,1,51726,year_end_registered_population,1.9332637358
2020,高雄市,路竹區,機車竊盜,2,51726,year_end_registered_population,3.8665274717
2020,高雄市,路竹區,毒品,91,51726,year_end_registered_population,175.9269999613
2020,高雄市,阿蓮區,住宅竊盜,1,28331,year_end_registered_population,3.5297024461
2020,高雄市,阿蓮區,機車竊盜,2,28331,year_end_registered_population,7.0594048922
2020,高雄市,阿蓮區,毒品,25,28331,year_end_registered_population,88.2425611521
2020,高雄市,鳥松區,強制性交,1,44938,year_end_registered_population,2.2252881748
2020,高雄市,鳥松區,機車竊盜,2,44938,year_end_registered_population,4.4505763496
2020,高雄市,鳥松區,毒品,64,44938,year_end_registered_population,142.4184431884
2020,高雄市,鳥松區,汽車竊盜,3,44938,year_end_registered_population,6.6758645245
2020,高雄市,鳳山區,住宅竊盜,5,359576,year_end_registered_population,1.3905266202
2020,高雄市,鳳山區,強制性交,3,359576,year_end_registered_population,0.8343159721
2020,高雄市,鳳山區,搶奪,2,359576,year_end_registered_population,0.5562106481
2020,高雄市,鳳山區,毒品,311,359576,year_end_registered_population,86.490755779
2020,高雄市,鳳山區,汽車竊盜,18,359576,year_end_registered_population,5.0058958329
2020,高雄市,鹽埕區,機車竊盜,3,23553,year_end_registered_population,12.737230926
2020,高雄市,鹽埕區,毒品,17,23553,year_end_registered_population,72.177641914
2020,高雄市,鼓山區,住宅竊盜,2,141488,year_end_registered_population,1.4135474387
2020,高雄市,鼓山區,強制性交,1,141488,year_end_registered_population,0.7067737193
2020,高雄市,鼓山區,機車竊盜,2,141488,year_end_registered_population,1.4135474387
2020,高雄市,鼓山區,毒品,89,141488,year_end_registered_population,62.90286102
2020,高雄市,鼓山區,汽車竊盜,1,141488,year_end_registered_population,0.7067737193
2021,南投縣,中寮鄉,住宅竊盜,1,14013,year_end_registered_population,7.136230643
2021,南投縣,中寮鄉,機車竊盜,1,14013,year_end_registered_population,7.136230643
2021,南投縣,中寮鄉,毒品,3,14013,year_end_registered_population,21.4086919289
2021,南投縣,仁愛鄉,住宅竊盜,2,15810,year_end_registered_population,12.6502213789
2021,南投縣,仁愛鄉,強盜,1,15810,year_end_registered_population,6.3251106894
2021,南投縣,仁愛鄉,毒品,23,15810,year_end_registered_population,145.4775458571
2021,南投縣,信義鄉,住宅竊盜,2,15785,year_end_registered_population,12.6702565727
2021,南投縣,信義鄉,機車竊盜,1,15785,year_end_registered_population,6.3351282863
2021,南投縣,信義鄉,毒品,1,15785,year_end_registered_population,6.3351282863
2021,南投縣,信義鄉,汽車竊盜,1,15785,year_end_registered_population,6.3351282863
2021,南投縣,南投市,住宅竊盜,7,98244,year_end_registered_population,7.1251170555
2021,南投縣,南投市,強制性交,3,98244,year_end_registered_population,3.0536215952
2021,南投縣,南投市,強盜,2,98244,year_end_registered_population,2.0357477301
2021,南投縣,南投市,搶奪,1,98244,year_end_registered_population,1.0178738651
2021,南投縣,南投市,機車竊盜,11,98244,year_end_registered_population,11.1966125158
2021,南投縣,南投市,毒品,100,98244,year_end_registered_population,101.7873865071
2021,南投縣,南投市,汽車竊盜,4,98244,year_end_registered_population,4.0714954603
2021,南投縣,名間鄉,住宅竊盜,4,36925,year_end_registered_population,10.8327691266
2021,南投縣,名間鄉,機車竊盜,4,36925,year_end_registered_population,10.8327691266
2021,南投縣,名間鄉,毒品,23,36925,year_end_registered_population,62.288422478
2021,南投縣,名間鄉,汽車竊盜,1,36925,year_end_registered_population,2.7081922817
2021,南投縣,國姓鄉,機車竊盜,3,17557,year_end_registered_population,17.0872016859
2021,南投縣,國姓鄉,毒品,12,17557,year_end_registered_population,68.3488067437
2021,南投縣,國姓鄉,汽車竊盜,2,17557,year_end_registered_population,11.3914677906
2021,南投縣,埔里鎮,住宅竊盜,26,78107,year_end_registered_population,33.287669479
2021,南投縣,埔里鎮,機車竊盜,12,78107,year_end_registered_population,15.3635397596
2021,南投縣,埔里鎮,毒品,92,78107,year_end_registered_population,117.7871381566
2021,南投縣,埔里鎮,汽車竊盜,2,78107,year_end_registered_population,2.5605899599
2021,南投縣,水里鄉,住宅竊盜,2,16665,year_end_registered_population,12.00120012
2021,南投縣,水里鄉,機車竊盜,3,16665,year_end_registered_population,18.00180018
2021,南投縣,水里鄉,毒品,18,16665,year_end_registered_population,108.0108010801
2021,南投縣,水里鄉,汽車竊盜,1,16665,year_end_registered_population,6.00060006
2021,南投縣,竹山鎮,住宅竊盜,18,52629,year_end_registered_population,34.2016758821
2021,南投縣,竹山鎮,機車竊盜,5,52629,year_end_registered_population,9.5004655228
2021,南投縣,竹山鎮,毒品,32,52629,year_end_registered_population,60.802979346
2021,南投縣,竹山鎮,汽車竊盜,4,52629,year_end_registered_population,7.6003724182
2021,南投縣,草屯鎮,住宅竊盜,48,96923,year_end_registered_population,49.5238488285
2021,南投縣,草屯鎮,強制性交,1,96923,year_end_registered_population,1.0317468506
2021,南投縣,草屯鎮,搶奪,1,96923,year_end_registered_population,1.0317468506
2021,南投縣,草屯鎮,機車竊盜,4,96923,year_end_registered_population,4.1269874024
2021,南投縣,草屯鎮,毒品,59,96923,year_end_registered_population,60.873064185
2021,南投縣,草屯鎮,汽車竊盜,3,96923,year_end_registered_population,3.0952405518
2021,南投縣,集集鎮,住宅竊盜,1,10227,year_end_registered_population,9.7780385255
2021,南投縣,集集鎮,毒品,11,10227,year_end_registered_population,107.5584237802
2021,南投縣,集集鎮,汽車竊盜,1,10227,year_end_registered_population,9.7780385255
2021,南投縣,魚池鄉,強盜,1,15162,year_end_registered_population,6.5954359583
2021,南投縣,魚池鄉,毒品,17,15162,year_end_registered_population,112.1224112914
2021,南投縣,魚池鄉,汽車竊盜,1,15162,year_end_registered_population,6.5954359583
2021,南投縣,鹿谷鄉,住宅竊盜,6,16850,year_end_registered_population,35.6083086053
2021,南投縣,鹿谷鄉,毒品,16,16850,year_end_registered_population,94.9554896142
2021,南投縣,鹿谷鄉,汽車竊盜,1,16850,year_end_registered_population,5.9347181009
2021,嘉義市,東區,住宅竊盜,3,118956,year_end_registered_population,2.5219408857
2021,嘉義市,東區,強盜,1,118956,year_end_registered_population,0.8406469619
2021,嘉義市,東區,機車竊盜,2,118956,year_end_registered_population,1.6812939238
2021,嘉義市,東區,毒品,161,118956,year_end_registered_population,135.3441608662
2021,嘉義市,西區,住宅竊盜,7,145771,year_end_registered_population,4.8020525345
2021,嘉義市,西區,強制性交,2,145771,year_end_registered_population,1.3720150098
2021,嘉義市,西區,強盜,2,145771,year_end_registered_population,1.3720150098
2021,嘉義市,西區,機車竊盜,6,145771,year_end_registered_population,4.1160450295
2021,嘉義市,西區,毒品,268,145771,year_end_registered_population,183.8500113191
2021,嘉義市,西區,汽車竊盜,4,145771,year_end_registered_population,2.7440300197
2021,嘉義縣,中埔鄉,強制性交,1,43602,year_end_registered_population,2.2934727765
2021,嘉義縣,中埔鄉,強盜,1,43602,year_end_registered_population,2.2934727765
2021,嘉義縣,中埔鄉,毒品,39,43602,year_end_registered_population,89.4454382826
2021,嘉義縣,六腳鄉,住宅竊盜,1,21774,year_end_registered_population,4.592633416
2021,嘉義縣,六腳鄉,機車竊盜,1,21774,year_end_registered_population,4.592633416
2021,嘉義縣,六腳鄉,毒品,22,21774,year_end_registered_population,101.037935152
2021,嘉義縣,六腳鄉,汽車竊盜,1,21774,year_end_registered_population,4.592633416
2021,嘉義縣,大林鎮,機車竊盜,3,30068,year_end_registered_population,9.9773845949
2021,嘉義縣,大林鎮,毒品,32,30068,year_end_registered_population,106.4254356791
2021,嘉義縣,大林鎮,汽車竊盜,2,30068,year_end_registered_population,6.6515897299
2021,嘉義縣,太保市,住宅竊盜,1,38571,year_end_registered_population,2.5926213995
2021,嘉義縣,太保市,強制性交,2,38571,year_end_registered_population,5.185242799
2021,嘉義縣,太保市,機車竊盜,4,38571,year_end_registered_population,10.370485598
2021,嘉義縣,太保市,毒品,33,38571,year_end_registered_population,85.5565061834
2021,嘉義縣,太保市,汽車竊盜,3,38571,year_end_registered_population,7.7778641985
2021,嘉義縣,布袋鎮,住宅竊盜,3,25521,year_end_registered_population,11.7550252733
2021,嘉義縣,布袋鎮,強制性交,1,25521,year_end_registered_population,3.9183417578
2021,嘉義縣,布袋鎮,機車竊盜,4,25521,year_end_registered_population,15.6733670311
2021,嘉義縣,布袋鎮,毒品,8,25521,year_end_registered_population,31.3467340621
2021,嘉義縣,布袋鎮,汽車竊盜,2,25521,year_end_registered_population,7.8366835155
2021,嘉義縣,新港鄉,住宅竊盜,1,30705,year_end_registered_population,3.256798567
2021,嘉義縣,新港鄉,搶奪,1,30705,year_end_registered_population,3.256798567
2021,嘉義縣,新港鄉,機車竊盜,1,30705,year_end_registered_population,3.256798567
2021,嘉義縣,新港鄉,毒品,16,30705,year_end_registered_population,52.1087770721
2021,嘉義縣,新港鄉,汽車竊盜,1,30705,year_end_registered_population,3.256798567
2021,嘉義縣,新港鄉,組織犯罪防制條例,1,30705,year_end_registered_population,3.256798567
2021,嘉義縣,朴子市,住宅竊盜,5,41256,year_end_registered_population,12.1194492922
2021,嘉義縣,朴子市,強制性交,1,41256,year_end_registered_population,2.4238898584
2021,嘉義縣,朴子市,強盜,1,41256,year_end_registered_population,2.4238898584
2021,嘉義縣,朴子市,搶奪,3,41256,year_end_registered_population,7.2716695753
2021,嘉義縣,朴子市,機車竊盜,3,41256,year_end_registered_population,7.2716695753
2021,嘉義縣,朴子市,毒品,33,41256,year_end_registered_population,79.9883653287
2021,嘉義縣,朴子市,汽車竊盜,2,41256,year_end_registered_population,4.8477797169
2021,嘉義縣,東石鄉,住宅竊盜,2,23464,year_end_registered_population,8.5236958745
2021,嘉義縣,東石鄉,毒品,14,23464,year_end_registered_population,59.6658711217
2021,嘉義縣,梅山鄉,毒品,5,18324,year_end_registered_population,27.2866186422
2021,嘉義縣,民雄鄉,住宅竊盜,4,70675,year_end_registered_population,5.6597099399
2021,嘉義縣,民雄鄉,機車竊盜,1,70675,year_end_registered_population,1.414927485
2021,嘉義縣,民雄鄉,毒品,52,70675,year_end_registered_population,73.5762292183
2021,嘉義縣,民雄鄉,汽車竊盜,2,70675,year_end_registered_population,2.8298549699
2021,嘉義縣,水上鄉,強盜,1,48529,year_end_registered_population,2.0606235447
2021,嘉義縣,水上鄉,機車竊盜,3,48529,year_end_registered_population,6.1818706341
2021,嘉義縣,水上鄉,毒品,35,48529,year_end_registered_population,72.121824064
2021,嘉義縣,溪口鄉,住宅竊盜,1,13761,year_end_registered_population,7.2669137417
2021,嘉義縣,溪口鄉,毒品,7,13761,year_end_registered_population,50.8683961921
2021,嘉義縣,番路鄉,機車竊盜,1,11033,year_end_registered_population,9.0637179371
2021,嘉義縣,番路鄉,毒品,3,11033,year_end_registered_population,27.1911538113
2021,嘉義縣,竹崎鄉,住宅竊盜,1,34190,year_end_registered_population,2.9248318222
2021,嘉義縣,竹崎鄉,機車竊盜,2,34190,year_end_registered_population,5.8496636443
2021,嘉義縣,竹崎鄉,毒品,23,34190,year_end_registered_population,67.2711319099
2021,嘉義縣,義竹鄉,住宅竊盜,1,17232,year_end_registered_population,5.8031569174
2021,嘉義縣,義竹鄉,機車竊盜,3,17232,year_end_registered_population,17.4094707521
2021,嘉義縣,義竹鄉,毒品,7,17232,year_end_registered_population,40.6220984215
2021,嘉義縣,義竹鄉,汽車竊盜,1,17232,year_end_registered_population,5.8031569174
2021,嘉義縣,鹿草鄉,機車竊盜,3,14658,year_end_registered_population,20.4666393778
2021,嘉義縣,鹿草鄉,毒品,11,14658,year_end_registered_population,75.0443443853
2021,基隆市,七堵區,住宅竊盜,5,53276,year_end_registered_population,9.3850889706
2021,基隆市,七堵區,強制性交,1,53276,year_end_registered_population,1.8770177941
2021,基隆市,七堵區,強盜,2,53276,year_end_registered_population,3.7540355883
2021,基隆市,七堵區,機車竊盜,3,53276,year_end_registered_population,5.6310533824
2021,基隆市,七堵區,毒品,127,53276,year_end_registered_population,238.3812598543
2021,基隆市,七堵區,汽車竊盜,4,53276,year_end_registered_population,7.5080711765
2021,基隆市,中山區,住宅竊盜,7,45755,year_end_registered_population,15.29887444
2021,基隆市,中山區,強制性交,1,45755,year_end_registered_population,2.1855534914
2021,基隆市,中山區,強盜,3,45755,year_end_registered_population,6.5566604743
2021,基隆市,中山區,機車竊盜,5,45755,year_end_registered_population,10.9277674571
2021,基隆市,中山區,毒品,72,45755,year_end_registered_population,157.3598513824
2021,基隆市,中山區,汽車竊盜,2,45755,year_end_registered_population,4.3711069828
2021,基隆市,中正區,住宅竊盜,4,50654,year_end_registered_population,7.8967110199
2021,基隆市,中正區,強盜,1,50654,year_end_registered_population,1.974177755
2021,基隆市,中正區,機車竊盜,12,50654,year_end_registered_population,23.6901330596
2021,基隆市,中正區,毒品,108,50654,year_end_registered_population,213.2111975362
2021,基隆市,仁愛區,住宅竊盜,6,41842,year_end_registered_population,14.3396587161
2021,基隆市,仁愛區,強制性交,1,41842,year_end_registered_population,2.3899431194
2021,基隆市,仁愛區,機車竊盜,17,41842,year_end_registered_population,40.629033029
2021,基隆市,仁愛區,毒品,192,41842,year_end_registered_population,458.8690789159
2021,基隆市,信義區,住宅竊盜,4,53051,year_end_registered_population,7.539914422
2021,基隆市,信義區,強制性交,1,53051,year_end_registered_population,1.8849786055
2021,基隆市,信義區,強盜,1,53051,year_end_registered_population,1.8849786055
2021,基隆市,信義區,機車竊盜,4,53051,year_end_registered_population,7.539914422
2021,基隆市,信義區,毒品,98,53051,year_end_registered_population,184.7279033383
2021,基隆市,信義區,汽車竊盜,2,53051,year_end_registered_population,3.769957211
2021,基隆市,安樂區,住宅竊盜,9,81001,year_end_registered_population,11.1109739386
2021,基隆市,安樂區,強制性交,3,81001,year_end_registered_population,3.7036579795
2021,基隆市,安樂區,機車竊盜,9,81001,year_end_registered_population,11.1109739386
2021,基隆市,安樂區,毒品,59,81001,year_end_registered_population,72.8386069308
2021,基隆市,安樂區,汽車竊盜,1,81001,year_end_registered_population,1.2345526598
2021,基隆市,暖暖區,住宅竊盜,5,38398,year_end_registered_population,13.0215115371
2021,基隆市,暖暖區,機車竊盜,1,38398,year_end_registered_population,2.6043023074
2021,基隆市,暖暖區,毒品,82,38398,year_end_registered_population,213.5527892078
2021,宜蘭縣,三星鄉,住宅竊盜,2,21206,year_end_registered_population,9.4312930303
2021,宜蘭縣,三星鄉,毒品,18,21206,year_end_registered_population,84.8816372725
2021,宜蘭縣,三星鄉,汽車竊盜,2,21206,year_end_registered_population,9.4312930303
2021,宜蘭縣,五結鄉,機車竊盜,3,40539,year_end_registered_population,7.4002812107
2021,宜蘭縣,五結鄉,毒品,40,40539,year_end_registered_population,98.6704161425
2021,宜蘭縣,五結鄉,汽車竊盜,10,40539,year_end_registered_population,24.6676040356
2021,宜蘭縣,冬山鄉,搶奪,1,52928,year_end_registered_population,1.8893591294
2021,宜蘭縣,冬山鄉,機車竊盜,2,52928,year_end_registered_population,3.7787182588
2021,宜蘭縣,冬山鄉,毒品,36,52928,year_end_registered_population,68.0169286578
2021,宜蘭縣,冬山鄉,汽車竊盜,7,52928,year_end_registered_population,13.2255139057
2021,宜蘭縣,南澳鄉,機車竊盜,1,6010,year_end_registered_population,16.6389351082
2021,宜蘭縣,南澳鄉,毒品,4,6010,year_end_registered_population,66.5557404326
2021,宜蘭縣,員山鄉,強盜,1,32056,year_end_registered_population,3.1195408036
2021,宜蘭縣,員山鄉,機車竊盜,4,32056,year_end_registered_population,12.4781632144
2021,宜蘭縣,員山鄉,毒品,29,32056,year_end_registered_population,90.4666833042
2021,宜蘭縣,員山鄉,汽車竊盜,9,32056,year_end_registered_population,28.0758672323
2021,宜蘭縣,壯圍鄉,機車竊盜,2,24391,year_end_registered_population,8.1997458079
2021,宜蘭縣,壯圍鄉,毒品,15,24391,year_end_registered_population,61.4980935591
2021,宜蘭縣,壯圍鄉,汽車竊盜,3,24391,year_end_registered_population,12.2996187118
2021,宜蘭縣,大同鄉,住宅竊盜,1,6088,year_end_registered_population,16.4257555848
2021,宜蘭縣,大同鄉,毒品,3,6088,year_end_registered_population,49.2772667543
2021,宜蘭縣,宜蘭市,住宅竊盜,2,94869,year_end_registered_population,2.1081702137
2021,宜蘭縣,宜蘭市,強制性交,1,94869,year_end_registered_population,1.0540851068
2021,宜蘭縣,宜蘭市,機車竊盜,24,94869,year_end_registered_population,25.298042564
2021,宜蘭縣,宜蘭市,毒品,85,94869,year_end_registered_population,89.5972340807
2021,宜蘭縣,宜蘭市,汽車竊盜,7,94869,year_end_registered_population,7.3785957478
2021,宜蘭縣,礁溪鄉,住宅竊盜,1,35057,year_end_registered_population,2.8524973614
2021,宜蘭縣,礁溪鄉,搶奪,1,35057,year_end_registered_population,2.8524973614
2021,宜蘭縣,礁溪鄉,機車竊盜,1,35057,year_end_registered_population,2.8524973614
2021,宜蘭縣,礁溪鄉,毒品,36,35057,year_end_registered_population,102.6899050118
2021,宜蘭縣,礁溪鄉,汽車竊盜,3,35057,year_end_registered_population,8.5574920843
2021,宜蘭縣,羅東鎮,機車竊盜,29,70732,year_end_registered_population,40.9998303455
2021,宜蘭縣,羅東鎮,毒品,64,70732,year_end_registered_population,90.4823842108
2021,宜蘭縣,羅東鎮,汽車竊盜,10,70732,year_end_registered_population,14.1378725329
2021,宜蘭縣,羅東鎮,組織犯罪防制條例,1,70732,year_end_registered_population,1.4137872533
2021,宜蘭縣,蘇澳鎮,強制性交,1,38272,year_end_registered_population,2.6128762542
2021,宜蘭縣,蘇澳鎮,機車竊盜,5,38272,year_end_registered_population,13.0643812709
2021,宜蘭縣,蘇澳鎮,毒品,71,38272,year_end_registered_population,185.5142140468
2021,宜蘭縣,蘇澳鎮,汽車竊盜,8,38272,year_end_registered_population,20.9030100334
2021,宜蘭縣,蘇澳鎮,組織犯罪防制條例,1,38272,year_end_registered_population,2.6128762542
2021,宜蘭縣,頭城鎮,機車竊盜,2,28544,year_end_registered_population,7.0067264574
2021,宜蘭縣,頭城鎮,毒品,29,28544,year_end_registered_population,101.5975336323
2021,宜蘭縣,頭城鎮,汽車竊盜,3,28544,year_end_registered_population,10.5100896861
2021,屏東縣,三地門鄉,毒品,6,7711,year_end_registered_population,77.8109194657
2021,屏東縣,九如鄉,住宅竊盜,2,21734,year_end_registered_population,9.2021717125
2021,屏東縣,九如鄉,毒品,20,21734,year_end_registered_population,92.0217171252
2021,屏東縣,九如鄉,汽車竊盜,2,21734,year_end_registered_population,9.2021717125
2021,屏東縣,佳冬鄉,機車竊盜,1,18321,year_end_registered_population,5.4582173462
2021,屏東縣,佳冬鄉,毒品,11,18321,year_end_registered_population,60.0403908084
2021,屏東縣,來義鄉,毒品,6,7397,year_end_registered_population,81.113965121
2021,屏東縣,內埔鄉,搶奪,2,52544,year_end_registered_population,3.8063337393
2021,屏東縣,內埔鄉,機車竊盜,1,52544,year_end_registered_population,1.9031668697
2021,屏東縣,內埔鄉,毒品,97,52544,year_end_registered_population,184.6071863581
2021,屏東縣,內埔鄉,汽車竊盜,3,52544,year_end_registered_population,5.709500609
2021,屏東縣,南州鄉,住宅竊盜,1,10133,year_end_registered_population,9.8687456824
2021,屏東縣,南州鄉,強制性交,1,10133,year_end_registered_population,9.8687456824
2021,屏東縣,南州鄉,機車竊盜,1,10133,year_end_registered_population,9.8687456824
2021,屏東縣,南州鄉,毒品,11,10133,year_end_registered_population,108.5562025067
2021,屏東縣,南州鄉,汽車竊盜,1,10133,year_end_registered_population,9.8687456824
2021,屏東縣,屏東市,住宅竊盜,2,195862,year_end_registered_population,1.0211271201
2021,屏東縣,屏東市,強制性交,1,195862,year_end_registered_population,0.5105635601
2021,屏東縣,屏東市,機車竊盜,23,195862,year_end_registered_population,11.7429618813
2021,屏東縣,屏東市,毒品,233,195862,year_end_registered_population,118.9613094934
2021,屏東縣,屏東市,汽車竊盜,7,195862,year_end_registered_population,3.5739449204
2021,屏東縣,崁頂鄉,毒品,14,15272,year_end_registered_population,91.6710319539
2021,屏東縣,恆春鎮,機車竊盜,3,30089,year_end_registered_population,9.9704210841
2021,屏東縣,恆春鎮,毒品,18,30089,year_end_registered_population,59.8225265047
2021,屏東縣,新園鄉,強盜,1,33447,year_end_registered_population,2.9898047657
2021,屏東縣,新園鄉,機車竊盜,2,33447,year_end_registered_population,5.9796095315
2021,屏東縣,新園鄉,毒品,32,33447,year_end_registered_population,95.673752504
2021,屏東縣,新園鄉,汽車竊盜,1,33447,year_end_registered_population,2.9898047657
2021,屏東縣,新埤鄉,機車竊盜,1,9451,year_end_registered_population,10.580890911
2021,屏東縣,新埤鄉,毒品,6,9451,year_end_registered_population,63.4853454661
2021,屏東縣,春日鄉,機車竊盜,1,4930,year_end_registered_population,20.2839756592
2021,屏東縣,春日鄉,毒品,5,4930,year_end_registered_population,101.4198782961
2021,屏東縣,春日鄉,汽車竊盜,1,4930,year_end_registered_population,20.2839756592
2021,屏東縣,東港鎮,住宅竊盜,2,46268,year_end_registered_population,4.3226419988
2021,屏東縣,東港鎮,機車竊盜,6,46268,year_end_registered_population,12.9679259964
2021,屏東縣,東港鎮,毒品,59,46268,year_end_registered_population,127.5179389643
2021,屏東縣,東港鎮,汽車竊盜,1,46268,year_end_registered_population,2.1613209994
2021,屏東縣,枋寮鄉,住宅竊盜,1,23246,year_end_registered_population,4.3018153661
2021,屏東縣,枋寮鄉,機車竊盜,2,23246,year_end_registered_population,8.6036307322
2021,屏東縣,枋寮鄉,毒品,26,23246,year_end_registered_population,111.8471995182
2021,屏東縣,枋寮鄉,汽車竊盜,2,23246,year_end_registered_population,8.6036307322
2021,屏東縣,枋山鄉,機車竊盜,2,5150,year_end_registered_population,38.8349514563
2021,屏東縣,枋山鄉,毒品,5,5150,year_end_registered_population,97.0873786408
2021,屏東縣,林邊鄉,住宅竊盜,4,17023,year_end_registered_population,23.4976208659
2021,屏東縣,林邊鄉,機車竊盜,3,17023,year_end_registered_population,17.6232156494
2021,屏東縣,林邊鄉,毒品,20,17023,year_end_registered_population,117.4881043294
2021,屏東縣,林邊鄉,汽車竊盜,4,17023,year_end_registered_population,23.4976208659
2021,屏東縣,泰武鄉,毒品,6,5360,year_end_registered_population,111.9402985075
2021,屏東縣,滿州鄉,毒品,1,7353,year_end_registered_population,13.5998912009
2021,屏東縣,潮州鎮,機車竊盜,4,53546,year_end_registered_population,7.4702125275
2021,屏東縣,潮州鎮,毒品,90,53546,year_end_registered_population,168.0797818698
2021,屏東縣,潮州鎮,汽車竊盜,4,53546,year_end_registered_population,7.4702125275
2021,屏東縣,獅子鄉,機車竊盜,1,4888,year_end_registered_population,20.4582651391
2021,屏東縣,獅子鄉,毒品,3,4888,year_end_registered_population,61.3747954173
2021,屏東縣,琉球鄉,毒品,10,12104,year_end_registered_population,82.6173165896
2021,屏東縣,瑪家鄉,毒品,8,6706,year_end_registered_population,119.2961526991
2021,屏東縣,竹田鄉,機車竊盜,1,16318,year_end_registered_population,6.1282019855
2021,屏東縣,竹田鄉,毒品,24,16318,year_end_registered_population,147.0768476529
2021,屏東縣,竹田鄉,汽車竊盜,1,16318,year_end_registered_population,6.1282019855
2021,屏東縣,萬丹鄉,強制性交,1,49696,year_end_registered_population,2.0122343851
2021,屏東縣,萬丹鄉,搶奪,1,49696,year_end_registered_population,2.0122343851
2021,屏東縣,萬丹鄉,機車竊盜,2,49696,year_end_registered_population,4.0244687701
2021,屏東縣,萬丹鄉,毒品,42,49696,year_end_registered_population,84.5138441726
2021,屏東縣,萬丹鄉,汽車竊盜,1,49696,year_end_registered_population,2.0122343851
2021,屏東縣,萬巒鄉,機車竊盜,3,19915,year_end_registered_population,15.0640220939
2021,屏東縣,萬巒鄉,毒品,28,19915,year_end_registered_population,140.5975395431
2021,屏東縣,萬巒鄉,汽車竊盜,1,19915,year_end_registered_population,5.021340698
2021,屏東縣,車城鄉,機車竊盜,3,8181,year_end_registered_population,36.6703337
2021,屏東縣,車城鄉,毒品,9,8181,year_end_registered_population,110.0110011001
2021,屏東縣,里港鄉,住宅竊盜,1,25696,year_end_registered_population,3.8916562889
2021,屏東縣,里港鄉,搶奪,1,25696,year_end_registered_population,3.8916562889
2021,屏東縣,里港鄉,毒品,10,25696,year_end_registered_population,38.9165628892
2021,屏東縣,長治鄉,搶奪,1,29337,year_end_registered_population,3.408664826
2021,屏東縣,長治鄉,機車竊盜,3,29337,year_end_registered_population,10.225994478
2021,屏東縣,長治鄉,毒品,29,29337,year_end_registered_population,98.8512799536
2021,屏東縣,高樹鄉,搶奪,1,23439,year_end_registered_population,4.2663936175
2021,屏東縣,高樹鄉,機車竊盜,1,23439,year_end_registered_population,4.2663936175
2021,屏東縣,高樹鄉,毒品,32,23439,year_end_registered_population,136.5245957592
2021,屏東縣,高樹鄉,汽車竊盜,3,23439,year_end_registered_population,12.7991808524
2021,屏東縣,鹽埔鄉,強制性交,1,24586,year_end_registered_population,4.0673554055
2021,屏東縣,鹽埔鄉,機車竊盜,3,24586,year_end_registered_population,12.2020662165
2021,屏東縣,鹽埔鄉,毒品,12,24586,year_end_registered_population,48.8082648662
2021,屏東縣,麟洛鄉,機車竊盜,2,10629,year_end_registered_population,18.8164455734
2021,屏東縣,麟洛鄉,毒品,11,10629,year_end_registered_population,103.4904506539
2021,彰化縣,二林鎮,住宅竊盜,2,49082,year_end_registered_population,4.0748135773
2021,彰化縣,二林鎮,機車竊盜,2,49082,year_end_registered_population,4.0748135773
2021,彰化縣,二林鎮,毒品,43,49082,year_end_registered_population,87.6084919115
2021,彰化縣,二林鎮,汽車竊盜,1,49082,year_end_registered_population,2.0374067886
2021,彰化縣,二水鄉,機車竊盜,1,14377,year_end_registered_population,6.9555540099
2021,彰化縣,二水鄉,毒品,11,14377,year_end_registered_population,76.5110941086
2021,彰化縣,二水鄉,汽車竊盜,1,14377,year_end_registered_population,6.9555540099
2021,彰化縣,伸港鄉,機車竊盜,1,37838,year_end_registered_population,2.6428458164
2021,彰化縣,伸港鄉,毒品,30,37838,year_end_registered_population,79.2853744913
2021,彰化縣,伸港鄉,汽車竊盜,1,37838,year_end_registered_population,2.6428458164
2021,彰化縣,北斗鎮,搶奪,1,33303,year_end_registered_population,3.0027324866
2021,彰化縣,北斗鎮,機車竊盜,4,33303,year_end_registered_population,12.0109299463
2021,彰化縣,北斗鎮,毒品,42,33303,year_end_registered_population,126.1147644356
2021,彰化縣,北斗鎮,汽車竊盜,2,33303,year_end_registered_population,6.0054649731
2021,彰化縣,和美鎮,住宅竊盜,2,89558,year_end_registered_population,2.2331896648
2021,彰化縣,和美鎮,機車竊盜,5,89558,year_end_registered_population,5.582974162
2021,彰化縣,和美鎮,毒品,47,89558,year_end_registered_population,52.4799571228
2021,彰化縣,和美鎮,汽車竊盜,3,89558,year_end_registered_population,3.3497844972
2021,彰化縣,員林市,住宅竊盜,8,122757,year_end_registered_population,6.5169399708
2021,彰化縣,員林市,強制性交,3,122757,year_end_registered_population,2.4438524891
2021,彰化縣,員林市,搶奪,2,122757,year_end_registered_population,1.6292349927
2021,彰化縣,員林市,機車竊盜,13,122757,year_end_registered_population,10.5900274526
2021,彰化縣,員林市,毒品,89,122757,year_end_registered_population,72.5009571756
2021,彰化縣,員林市,汽車竊盜,2,122757,year_end_registered_population,1.6292349927
2021,彰化縣,埔心鄉,毒品,28,34037,year_end_registered_population,82.2634192203
2021,彰化縣,埔鹽鄉,住宅竊盜,1,31682,year_end_registered_population,3.156366391
2021,彰化縣,埔鹽鄉,機車竊盜,1,31682,year_end_registered_population,3.156366391
2021,彰化縣,埔鹽鄉,毒品,22,31682,year_end_registered_population,69.4400606022
2021,彰化縣,埤頭鄉,機車竊盜,3,29706,year_end_registered_population,10.0989699051
2021,彰化縣,埤頭鄉,毒品,29,29706,year_end_registered_population,97.623375749
2021,彰化縣,大城鄉,住宅竊盜,3,15733,year_end_registered_population,19.0682005975
2021,彰化縣,大城鄉,機車竊盜,1,15733,year_end_registered_population,6.3560668658
2021,彰化縣,大城鄉,毒品,7,15733,year_end_registered_population,44.4924680608
2021,彰化縣,大村鄉,住宅竊盜,1,39835,year_end_registered_population,2.5103552153
2021,彰化縣,大村鄉,機車竊盜,2,39835,year_end_registered_population,5.0207104305
2021,彰化縣,大村鄉,毒品,34,39835,year_end_registered_population,85.3520773189
2021,彰化縣,大村鄉,汽車竊盜,1,39835,year_end_registered_population,2.5103552153
2021,彰化縣,彰化市,住宅竊盜,1,228470,year_end_registered_population,0.4376942268
2021,彰化縣,彰化市,強盜,1,228470,year_end_registered_population,0.4376942268
2021,彰化縣,彰化市,機車竊盜,13,228470,year_end_registered_population,5.6900249486
2021,彰化縣,彰化市,毒品,112,228470,year_end_registered_population,49.0217534031
2021,彰化縣,彰化市,汽車竊盜,5,228470,year_end_registered_population,2.1884711341
2021,彰化縣,永靖鄉,強制性交,2,35879,year_end_registered_population,5.5742913682
2021,彰化縣,永靖鄉,機車竊盜,2,35879,year_end_registered_population,5.5742913682
2021,彰化縣,永靖鄉,毒品,19,35879,year_end_registered_population,52.955767998
2021,彰化縣,永靖鄉,汽車竊盜,2,35879,year_end_registered_population,5.5742913682
2021,彰化縣,溪州鄉,住宅竊盜,2,28949,year_end_registered_population,6.9087015096
2021,彰化縣,溪州鄉,搶奪,1,28949,year_end_registered_population,3.4543507548
2021,彰化縣,溪州鄉,機車竊盜,2,28949,year_end_registered_population,6.9087015096
2021,彰化縣,溪州鄉,毒品,16,28949,year_end_registered_population,55.2696120764
2021,彰化縣,溪州鄉,汽車竊盜,2,28949,year_end_registered_population,6.9087015096
2021,彰化縣,溪湖鎮,住宅竊盜,1,54340,year_end_registered_population,1.8402649982
2021,彰化縣,溪湖鎮,機車竊盜,1,54340,year_end_registered_population,1.8402649982
2021,彰化縣,溪湖鎮,毒品,44,54340,year_end_registered_population,80.971659919
2021,彰化縣,溪湖鎮,汽車竊盜,8,54340,year_end_registered_population,14.7221199853
2021,彰化縣,田中鎮,強制性交,1,40123,year_end_registered_population,2.4923360666
2021,彰化縣,田中鎮,強盜,1,40123,year_end_registered_population,2.4923360666
2021,彰化縣,田中鎮,機車竊盜,4,40123,year_end_registered_population,9.9693442664
2021,彰化縣,田中鎮,毒品,27,40123,year_end_registered_population,67.2930737981
2021,彰化縣,田尾鄉,住宅竊盜,1,26407,year_end_registered_population,3.7868746923
2021,彰化縣,田尾鄉,機車竊盜,1,26407,year_end_registered_population,3.7868746923
2021,彰化縣,田尾鄉,毒品,16,26407,year_end_registered_population,60.5899950771
2021,彰化縣,社頭鄉,強盜,1,42026,year_end_registered_population,2.3794793699
2021,彰化縣,社頭鄉,機車竊盜,6,42026,year_end_registered_population,14.2768762195
2021,彰化縣,社頭鄉,毒品,24,42026,year_end_registered_population,57.1075048779
2021,彰化縣,社頭鄉,汽車竊盜,3,42026,year_end_registered_population,7.1384381097
2021,彰化縣,福興鄉,住宅竊盜,4,45956,year_end_registered_population,8.7039777178
2021,彰化縣,福興鄉,機車竊盜,3,45956,year_end_registered_population,6.5279832884
2021,彰化縣,福興鄉,毒品,30,45956,year_end_registered_population,65.2798328836
2021,彰化縣,福興鄉,汽車竊盜,1,45956,year_end_registered_population,2.1759944295
2021,彰化縣,秀水鄉,住宅竊盜,1,38633,year_end_registered_population,2.5884606425
2021,彰化縣,秀水鄉,毒品,17,38633,year_end_registered_population,44.0038309218
2021,彰化縣,秀水鄉,汽車竊盜,1,38633,year_end_registered_population,2.5884606425
2021,彰化縣,竹塘鄉,毒品,2,14584,year_end_registered_population,13.7136588042
2021,彰化縣,線西鄉,機車竊盜,2,16486,year_end_registered_population,12.1315055198
2021,彰化縣,線西鄉,毒品,9,16486,year_end_registered_population,54.5917748393
2021,彰化縣,芬園鄉,毒品,12,22827,year_end_registered_population,52.5693257984
2021,彰化縣,花壇鄉,住宅竊盜,1,44795,year_end_registered_population,2.232392008
2021,彰化縣,花壇鄉,機車竊盜,3,44795,year_end_registered_population,6.6971760241
2021,彰化縣,花壇鄉,毒品,17,44795,year_end_registered_population,37.9506641366
2021,彰化縣,芳苑鄉,住宅竊盜,4,32110,year_end_registered_population,12.4571784491
2021,彰化縣,芳苑鄉,毒品,5,32110,year_end_registered_population,15.5714730614
2021,彰化縣,鹿港鎮,住宅竊盜,5,85837,year_end_registered_population,5.8249938838
2021,彰化縣,鹿港鎮,機車竊盜,5,85837,year_end_registered_population,5.8249938838
2021,彰化縣,鹿港鎮,毒品,57,85837,year_end_registered_population,66.4049302748
2021,彰化縣,鹿港鎮,汽車竊盜,7,85837,year_end_registered_population,8.1549914373
2021,新北市,三峽區,住宅竊盜,1,116019,year_end_registered_population,0.8619277877
2021,新北市,三峽區,搶奪,4,116019,year_end_registered_population,3.4477111508
2021,新北市,三峽區,機車竊盜,22,116019,year_end_registered_population,18.9624113292
2021,新北市,三峽區,毒品,76,116019,year_end_registered_population,65.5065118644
2021,新北市,三峽區,汽車竊盜,9,116019,year_end_registered_population,7.7573500892
2021,新北市,三芝區,機車竊盜,1,22357,year_end_registered_population,4.4728720311
2021,新北市,三芝區,毒品,6,22357,year_end_registered_population,26.8372321868
2021,新北市,三重區,住宅竊盜,49,381731,year_end_registered_population,12.8362642803
2021,新北市,三重區,強盜,6,381731,year_end_registered_population,1.5717874629
2021,新北市,三重區,搶奪,3,381731,year_end_registered_population,0.7858937314
2021,新北市,三重區,機車竊盜,61,381731,year_end_registered_population,15.9798392061
2021,新北市,三重區,毒品,924,381731,year_end_registered_population,242.0552692865
2021,新北市,三重區,汽車竊盜,6,381731,year_end_registered_population,1.5717874629
2021,新北市,中和區,住宅竊盜,48,406140,year_end_registered_population,11.8185847245
2021,新北市,中和區,強制性交,1,406140,year_end_registered_population,0.2462205151
2021,新北市,中和區,強盜,2,406140,year_end_registered_population,0.4924410302
2021,新北市,中和區,搶奪,1,406140,year_end_registered_population,0.2462205151
2021,新北市,中和區,機車竊盜,37,406140,year_end_registered_population,9.1101590585
2021,新北市,中和區,毒品,246,406140,year_end_registered_population,60.570246713
2021,新北市,中和區,汽車竊盜,3,406140,year_end_registered_population,0.7386615453
2021,新北市,五股區,住宅竊盜,2,90465,year_end_registered_population,2.2107997568
2021,新北市,五股區,強盜,1,90465,year_end_registered_population,1.1053998784
2021,新北市,五股區,搶奪,1,90465,year_end_registered_population,1.1053998784
2021,新北市,五股區,機車竊盜,10,90465,year_end_registered_population,11.0539987841
2021,新北市,五股區,毒品,68,90465,year_end_registered_population,75.1671917316
2021,新北市,五股區,汽車竊盜,6,90465,year_end_registered_population,6.6323992704
2021,新北市,八里區,住宅竊盜,2,40178,year_end_registered_population,4.9778485738
2021,新北市,八里區,機車竊盜,2,40178,year_end_registered_population,4.9778485738
2021,新北市,八里區,毒品,27,40178,year_end_registered_population,67.2009557469
2021,新北市,八里區,汽車竊盜,2,40178,year_end_registered_population,4.9778485738
2021,新北市,土城區,住宅竊盜,11,237484,year_end_registered_population,4.6318909906
2021,新北市,土城區,強盜,2,237484,year_end_registered_population,0.8421619983
2021,新北市,土城區,機車竊盜,22,237484,year_end_registered_population,9.2637819811
2021,新北市,土城區,毒品,208,237484,year_end_registered_population,87.5848478213
2021,新北市,土城區,汽車竊盜,5,237484,year_end_registered_population,2.1054049957
2021,新北市,坪林區,毒品,2,6619,year_end_registered_population,30.2160447197
2021,新北市,平溪區,毒品,8,4333,year_end_registered_population,184.6295868913
2021,新北市,平溪區,汽車竊盜,1,4333,year_end_registered_population,23.0786983614
2021,新北市,新店區,住宅竊盜,3,299696,year_end_registered_population,1.0010143612
2021,新北市,新店區,強盜,1,299696,year_end_registered_population,0.3336714537
2021,新北市,新店區,搶奪,2,299696,year_end_registered_population,0.6673429075
2021,新北市,新店區,機車竊盜,23,299696,year_end_registered_population,7.674443436
2021,新北市,新店區,毒品,176,299696,year_end_registered_population,58.7261758582
2021,新北市,新店區,汽車竊盜,2,299696,year_end_registered_population,0.6673429075
2021,新北市,新莊區,住宅竊盜,23,421381,year_end_registered_population,5.4582432525
2021,新北市,新莊區,強盜,7,421381,year_end_registered_population,1.6612044682
2021,新北市,新莊區,搶奪,1,421381,year_end_registered_population,0.237314924
2021,新北市,新莊區,機車竊盜,21,421381,year_end_registered_population,4.9836134045
2021,新北市,新莊區,毒品,281,421381,year_end_registered_population,66.6854936506
2021,新北市,新莊區,汽車竊盜,1,421381,year_end_registered_population,0.237314924
2021,新北市,板橋區,住宅竊盜,16,552713,year_end_registered_population,2.894811593
2021,新北市,板橋區,強制性交,1,552713,year_end_registered_population,0.1809257246
2021,新北市,板橋區,強盜,4,552713,year_end_registered_population,0.7237028982
2021,新北市,板橋區,搶奪,6,552713,year_end_registered_population,1.0855543474
2021,新北市,板橋區,機車竊盜,57,552713,year_end_registered_population,10.3127663001
2021,新北市,板橋區,毒品,597,552713,year_end_registered_population,108.0126575637
2021,新北市,板橋區,汽車竊盜,8,552713,year_end_registered_population,1.4474057965
2021,新北市,林口區,住宅竊盜,3,124628,year_end_registered_population,2.4071637192
2021,新北市,林口區,強盜,2,124628,year_end_registered_population,1.6047758128
2021,新北市,林口區,機車竊盜,7,124628,year_end_registered_population,5.6167153449
2021,新北市,林口區,毒品,39,124628,year_end_registered_population,31.29312835
2021,新北市,林口區,汽車竊盜,2,124628,year_end_registered_population,1.6047758128
2021,新北市,樹林區,住宅竊盜,16,181903,year_end_registered_population,8.7958967142
2021,新北市,樹林區,強制性交,1,181903,year_end_registered_population,0.5497435446
2021,新北市,樹林區,強盜,2,181903,year_end_registered_population,1.0994870893
2021,新北市,樹林區,搶奪,1,181903,year_end_registered_population,0.5497435446
2021,新北市,樹林區,機車竊盜,10,181903,year_end_registered_population,5.4974354464
2021,新北市,樹林區,毒品,289,181903,year_end_registered_population,158.8758843999
2021,新北市,樹林區,汽車竊盜,2,181903,year_end_registered_population,1.0994870893
2021,新北市,永和區,住宅竊盜,8,214967,year_end_registered_population,3.7215014398
2021,新北市,永和區,搶奪,1,214967,year_end_registered_population,0.46518768
2021,新北市,永和區,機車竊盜,20,214967,year_end_registered_population,9.3037535994
2021,新北市,永和區,毒品,109,214967,year_end_registered_population,50.7054571167
2021,新北市,汐止區,住宅竊盜,11,205990,year_end_registered_population,5.3400650517
2021,新北市,汐止區,強制性交,1,205990,year_end_registered_population,0.4854604592
2021,新北市,汐止區,搶奪,1,205990,year_end_registered_population,0.4854604592
2021,新北市,汐止區,機車竊盜,17,205990,year_end_registered_population,8.2528278072
2021,新北市,汐止區,毒品,81,205990,year_end_registered_population,39.3222971989
2021,新北市,汐止區,汽車竊盜,3,205990,year_end_registered_population,1.4563813777
2021,新北市,泰山區,住宅竊盜,2,77451,year_end_registered_population,2.5822778273
2021,新北市,泰山區,強制性交,1,77451,year_end_registered_population,1.2911389136
2021,新北市,泰山區,強盜,2,77451,year_end_registered_population,2.5822778273
2021,新北市,泰山區,搶奪,2,77451,year_end_registered_population,2.5822778273
2021,新北市,泰山區,機車竊盜,3,77451,year_end_registered_population,3.8734167409
2021,新北市,泰山區,毒品,54,77451,year_end_registered_population,69.7215013363
2021,新北市,泰山區,汽車竊盜,2,77451,year_end_registered_population,2.5822778273
2021,新北市,泰山區,組織犯罪防制條例,1,77451,year_end_registered_population,1.2911389136
2021,新北市,淡水區,住宅竊盜,2,185197,year_end_registered_population,1.0799311004
2021,新北市,淡水區,強制性交,1,185197,year_end_registered_population,0.5399655502
2021,新北市,淡水區,強盜,3,185197,year_end_registered_population,1.6198966506
2021,新北市,淡水區,搶奪,1,185197,year_end_registered_population,0.5399655502
2021,新北市,淡水區,機車竊盜,16,185197,year_end_registered_population,8.6394488032
2021,新北市,淡水區,毒品,68,185197,year_end_registered_population,36.7176574135
2021,新北市,淡水區,汽車竊盜,1,185197,year_end_registered_population,0.5399655502
2021,新北市,深坑區,住宅竊盜,1,23646,year_end_registered_population,4.2290450816
2021,新北市,深坑區,毒品,20,23646,year_end_registered_population,84.5809016324
2021,新北市,烏來區,毒品,7,6391,year_end_registered_population,109.5290251917
2021,新北市,瑞芳區,強制性交,2,38449,year_end_registered_population,5.2016957528
2021,新北市,瑞芳區,機車竊盜,5,38449,year_end_registered_population,13.004239382
2021,新北市,瑞芳區,毒品,83,38449,year_end_registered_population,215.8703737418
2021,新北市,石門區,毒品,3,11193,year_end_registered_population,26.8024658269
2021,新北市,萬里區,住宅竊盜,3,21462,year_end_registered_population,13.9781940173
2021,新北市,萬里區,機車竊盜,2,21462,year_end_registered_population,9.3187960116
2021,新北市,萬里區,毒品,27,21462,year_end_registered_population,125.803746156
2021,新北市,萬里區,汽車竊盜,1,21462,year_end_registered_population,4.6593980058
2021,新北市,蘆洲區,住宅竊盜,8,201489,year_end_registered_population,3.9704400737
2021,新北市,蘆洲區,強制性交,1,201489,year_end_registered_population,0.4963050092
2021,新北市,蘆洲區,搶奪,1,201489,year_end_registered_population,0.4963050092
2021,新北市,蘆洲區,機車竊盜,16,201489,year_end_registered_population,7.9408801473
2021,新北市,蘆洲區,毒品,226,201489,year_end_registered_population,112.1649320807
2021,新北市,蘆洲區,汽車竊盜,2,201489,year_end_registered_population,0.9926100184
2021,新北市,貢寮區,住宅竊盜,1,11534,year_end_registered_population,8.670019074
2021,新北市,貢寮區,機車竊盜,2,11534,year_end_registered_population,17.3400381481
2021,新北市,貢寮區,毒品,7,11534,year_end_registered_population,60.6901335183
2021,新北市,金山區,住宅竊盜,4,20844,year_end_registered_population,19.1901746306
2021,新北市,金山區,機車竊盜,2,20844,year_end_registered_population,9.5950873153
2021,新北市,金山區,毒品,11,20844,year_end_registered_population,52.7729802341
2021,新北市,金山區,汽車竊盜,1,20844,year_end_registered_population,4.7975436576
2021,新北市,雙溪區,機車竊盜,1,8235,year_end_registered_population,12.1432908318
2021,新北市,雙溪區,毒品,4,8235,year_end_registered_population,48.5731633273
2021,新北市,鶯歌區,機車竊盜,16,88131,year_end_registered_population,18.1547922978
2021,新北市,鶯歌區,毒品,90,88131,year_end_registered_population,102.1207066753
2021,新北市,鶯歌區,汽車竊盜,6,88131,year_end_registered_population,6.8080471117
2021,新竹市,北區,強制性交,1,152348,year_end_registered_population,0.6563919448
2021,新竹市,北區,機車竊盜,16,152348,year_end_registered_population,10.5022711161
2021,新竹市,北區,毒品,137,152348,year_end_registered_population,89.9256964319
2021,新竹市,北區,汽車竊盜,6,152348,year_end_registered_population,3.9383516685
2021,新竹市,東區,住宅竊盜,16,221651,year_end_registered_population,7.2185552964
2021,新竹市,東區,搶奪,1,221651,year_end_registered_population,0.451159706
2021,新竹市,東區,機車竊盜,20,221651,year_end_registered_population,9.0231941205
2021,新竹市,東區,毒品,120,221651,year_end_registered_population,54.1391647229
2021,新竹市,東區,汽車竊盜,6,221651,year_end_registered_population,2.7069582361
2021,新竹市,香山區,機車竊盜,5,78641,year_end_registered_population,6.3580066378
2021,新竹市,香山區,毒品,61,78641,year_end_registered_population,77.5676809807
2021,新竹市,香山區,汽車竊盜,2,78641,year_end_registered_population,2.5432026551
2021,新竹縣,五峰鄉,毒品,13,4473,year_end_registered_population,290.6326849989
2021,新竹縣,北埔鄉,毒品,2,8797,year_end_registered_population,22.7350233034
2021,新竹縣,寶山鄉,住宅竊盜,1,14504,year_end_registered_population,6.8946497518
2021,新竹縣,寶山鄉,毒品,23,14504,year_end_registered_population,158.5769442912
2021,新竹縣,寶山鄉,汽車竊盜,2,14504,year_end_registered_population,13.7892995036
2021,新竹縣,尖石鄉,住宅竊盜,1,9577,year_end_registered_population,10.4416831993
2021,新竹縣,尖石鄉,機車竊盜,1,9577,year_end_registered_population,10.4416831993
2021,新竹縣,尖石鄉,毒品,10,9577,year_end_registered_population,104.4168319933
2021,新竹縣,峨眉鄉,機車竊盜,1,5309,year_end_registered_population,18.8359389716
2021,新竹縣,新埔鎮,住宅竊盜,8,32975,year_end_registered_population,24.2608036391
2021,新竹縣,新埔鎮,機車竊盜,3,32975,year_end_registered_population,9.0978013647
2021,新竹縣,新埔鎮,毒品,19,32975,year_end_registered_population,57.6194086429
2021,新竹縣,新埔鎮,汽車竊盜,5,32975,year_end_registered_population,15.1630022745
2021,新竹縣,新豐鄉,住宅竊盜,3,57908,year_end_registered_population,5.1806313463
2021,新竹縣,新豐鄉,強盜,1,57908,year_end_registered_population,1.7268771154
2021,新竹縣,新豐鄉,機車竊盜,15,57908,year_end_registered_population,25.9031567314
2021,新竹縣,新豐鄉,毒品,27,57908,year_end_registered_population,46.6256821165
2021,新竹縣,新豐鄉,汽車竊盜,7,57908,year_end_registered_population,12.088139808
2021,新竹縣,橫山鄉,住宅竊盜,2,12343,year_end_registered_population,16.203516163
2021,新竹縣,橫山鄉,毒品,14,12343,year_end_registered_population,113.4246131411
2021,新竹縣,湖口鄉,住宅竊盜,7,79602,year_end_registered_population,8.7937489008
2021,新竹縣,湖口鄉,強盜,4,79602,year_end_registered_population,5.0249993719
2021,新竹縣,湖口鄉,機車竊盜,17,79602,year_end_registered_population,21.3562473305
2021,新竹縣,湖口鄉,毒品,120,79602,year_end_registered_population,150.7499811563
2021,新竹縣,湖口鄉,汽車竊盜,29,79602,year_end_registered_population,36.4312454461
2021,新竹縣,竹北市,住宅竊盜,9,206189,year_end_registered_population,4.364927324
2021,新竹縣,竹北市,強盜,2,206189,year_end_registered_population,0.9699838498
2021,新竹縣,竹北市,機車竊盜,21,206189,year_end_registered_population,10.1848304226
2021,新竹縣,竹北市,毒品,107,206189,year_end_registered_population,51.8941359626
2021,新竹縣,竹北市,汽車竊盜,21,206189,year_end_registered_population,10.1848304226
2021,新竹縣,竹東鎮,住宅竊盜,16,96590,year_end_registered_population,16.5648617869
2021,新竹縣,竹東鎮,機車竊盜,7,96590,year_end_registered_population,7.2471270318
2021,新竹縣,竹東鎮,毒品,90,96590,year_end_registered_population,93.1773475515
2021,新竹縣,竹東鎮,汽車竊盜,7,96590,year_end_registered_population,7.2471270318
2021,新竹縣,芎林鄉,住宅竊盜,3,19936,year_end_registered_population,15.0481540931
2021,新竹縣,芎林鄉,機車竊盜,5,19936,year_end_registered_population,25.0802568218
2021,新竹縣,芎林鄉,毒品,27,19936,year_end_registered_population,135.4333868379
2021,新竹縣,關西鎮,住宅竊盜,4,27377,year_end_registered_population,14.6108046901
2021,新竹縣,關西鎮,機車竊盜,5,27377,year_end_registered_population,18.2635058626
2021,新竹縣,關西鎮,毒品,24,27377,year_end_registered_population,87.6648281404
2021,新竹縣,關西鎮,汽車竊盜,6,27377,year_end_registered_population,21.9162070351
2021,桃園市,中壢區,住宅竊盜,2,422529,year_end_registered_population,0.4733402914
2021,桃園市,中壢區,強盜,1,422529,year_end_registered_population,0.2366701457
2021,桃園市,中壢區,搶奪,2,422529,year_end_registered_population,0.4733402914
2021,桃園市,中壢區,機車竊盜,43,422529,year_end_registered_population,10.1768162659
2021,桃園市,中壢區,毒品,799,422529,year_end_registered_population,189.0994464285
2021,桃園市,中壢區,汽車竊盜,20,422529,year_end_registered_population,4.7334029144
2021,桃園市,八德區,住宅竊盜,5,209665,year_end_registered_population,2.3847566356
2021,桃園市,八德區,強盜,1,209665,year_end_registered_population,0.4769513271
2021,桃園市,八德區,搶奪,2,209665,year_end_registered_population,0.9539026542
2021,桃園市,八德區,機車竊盜,10,209665,year_end_registered_population,4.7695132712
2021,桃園市,八德區,毒品,427,209665,year_end_registered_population,203.658216679
2021,桃園市,八德區,汽車竊盜,9,209665,year_end_registered_population,4.2925619441
2021,桃園市,大園區,住宅竊盜,5,92172,year_end_registered_population,5.4246408888
2021,桃園市,大園區,強制性交,1,92172,year_end_registered_population,1.0849281778
2021,桃園市,大園區,強盜,2,92172,year_end_registered_population,2.1698563555
2021,桃園市,大園區,機車竊盜,5,92172,year_end_registered_population,5.4246408888
2021,桃園市,大園區,毒品,154,92172,year_end_registered_population,167.0789393742
2021,桃園市,大園區,汽車竊盜,4,92172,year_end_registered_population,4.339712711
2021,桃園市,大溪區,搶奪,3,94870,year_end_registered_population,3.162221988
2021,桃園市,大溪區,機車竊盜,4,94870,year_end_registered_population,4.216295984
2021,桃園市,大溪區,毒品,119,94870,year_end_registered_population,125.4348055233
2021,桃園市,大溪區,汽車竊盜,2,94870,year_end_registered_population,2.108147992
2021,桃園市,平鎮區,強制性交,3,228203,year_end_registered_population,1.3146190015
2021,桃園市,平鎮區,強盜,4,228203,year_end_registered_population,1.7528253353
2021,桃園市,平鎮區,機車竊盜,12,228203,year_end_registered_population,5.258476006
2021,桃園市,平鎮區,毒品,335,228203,year_end_registered_population,146.7991218345
2021,桃園市,平鎮區,汽車竊盜,8,228203,year_end_registered_population,3.5056506707
2021,桃園市,復興區,毒品,7,12656,year_end_registered_population,55.3097345133
2021,桃園市,復興區,汽車竊盜,1,12656,year_end_registered_population,7.9013906448
2021,桃園市,新屋區,強盜,1,49094,year_end_registered_population,2.0369087872
2021,桃園市,新屋區,機車竊盜,4,49094,year_end_registered_population,8.1476351489
2021,桃園市,新屋區,毒品,96,49094,year_end_registered_population,195.5432435736
2021,桃園市,新屋區,汽車竊盜,1,49094,year_end_registered_population,2.0369087872
2021,桃園市,桃園區,住宅竊盜,14,458847,year_end_registered_population,3.0511259745
2021,桃園市,桃園區,強盜,2,458847,year_end_registered_population,0.4358751392
2021,桃園市,桃園區,搶奪,2,458847,year_end_registered_population,0.4358751392
2021,桃園市,桃園區,機車竊盜,20,458847,year_end_registered_population,4.3587513921
2021,桃園市,桃園區,毒品,852,458847,year_end_registered_population,185.6828093024
2021,桃園市,桃園區,汽車竊盜,5,458847,year_end_registered_population,1.089687848
2021,桃園市,楊梅區,強盜,1,176757,year_end_registered_population,0.5657484569
2021,桃園市,楊梅區,機車竊盜,4,176757,year_end_registered_population,2.2629938277
2021,桃園市,楊梅區,毒品,310,176757,year_end_registered_population,175.3820216455
2021,桃園市,楊梅區,汽車竊盜,8,176757,year_end_registered_population,4.5259876554
2021,桃園市,蘆竹區,住宅竊盜,2,166394,year_end_registered_population,1.2019664171
2021,桃園市,蘆竹區,強盜,1,166394,year_end_registered_population,0.6009832085
2021,桃園市,蘆竹區,機車竊盜,6,166394,year_end_registered_population,3.6058992512
2021,桃園市,蘆竹區,毒品,159,166394,year_end_registered_population,95.5563301561
2021,桃園市,蘆竹區,汽車竊盜,7,166394,year_end_registered_population,4.2068824597
2021,桃園市,觀音區,住宅竊盜,5,69995,year_end_registered_population,7.1433673834
2021,桃園市,觀音區,機車竊盜,5,69995,year_end_registered_population,7.1433673834
2021,桃園市,觀音區,毒品,90,69995,year_end_registered_population,128.5806129009
2021,桃園市,觀音區,汽車竊盜,7,69995,year_end_registered_population,10.0007143367
2021,桃園市,龍潭區,住宅竊盜,2,124442,year_end_registered_population,1.6071744266
2021,桃園市,龍潭區,強盜,3,124442,year_end_registered_population,2.41076164
2021,桃園市,龍潭區,搶奪,1,124442,year_end_registered_population,0.8035872133
2021,桃園市,龍潭區,機車竊盜,4,124442,year_end_registered_population,3.2143488533
2021,桃園市,龍潭區,毒品,135,124442,year_end_registered_population,108.4842737982
2021,桃園市,龍潭區,汽車竊盜,12,124442,year_end_registered_population,9.6430465598
2021,桃園市,龜山區,住宅竊盜,5,166767,year_end_registered_population,2.9981950866
2021,桃園市,龜山區,強盜,2,166767,year_end_registered_population,1.1992780346
2021,桃園市,龜山區,機車竊盜,11,166767,year_end_registered_population,6.5960291904
2021,桃園市,龜山區,毒品,360,166767,year_end_registered_population,215.8700462322
2021,桃園市,龜山區,汽車竊盜,16,166767,year_end_registered_population,9.594224277
2021,澎湖縣,七美鄉,住宅竊盜,1,3862,year_end_registered_population,25.8933195236
2021,澎湖縣,望安鄉,毒品,1,5415,year_end_registered_population,18.4672206833
2021,澎湖縣,湖西鄉,住宅竊盜,4,15447,year_end_registered_population,25.8949957921
2021,澎湖縣,湖西鄉,毒品,7,15447,year_end_registered_population,45.3162426361
2021,澎湖縣,湖西鄉,汽車竊盜,1,15447,year_end_registered_population,6.473748948
2021,澎湖縣,白沙鄉,住宅竊盜,2,9989,year_end_registered_population,20.0220242266
2021,澎湖縣,白沙鄉,強制性交,1,9989,year_end_registered_population,10.0110121133
2021,澎湖縣,白沙鄉,毒品,1,9989,year_end_registered_population,10.0110121133
2021,澎湖縣,西嶼鄉,住宅竊盜,2,8338,year_end_registered_population,23.9865675222
2021,澎湖縣,馬公市,住宅竊盜,25,63289,year_end_registered_population,39.5013351451
2021,澎湖縣,馬公市,強制性交,3,63289,year_end_registered_population,4.7401602174
2021,澎湖縣,馬公市,強盜,1,63289,year_end_registered_population,1.5800534058
2021,澎湖縣,馬公市,毒品,21,63289,year_end_registered_population,33.1811215219
2021,臺中市,中區,住宅竊盜,1,17689,year_end_registered_population,5.6532308214
2021,臺中市,中區,搶奪,1,17689,year_end_registered_population,5.6532308214
2021,臺中市,中區,機車竊盜,8,17689,year_end_registered_population,45.2258465713
2021,臺中市,中區,毒品,89,17689,year_end_registered_population,503.1375431059
2021,臺中市,北區,住宅竊盜,4,143917,year_end_registered_population,2.7793797814
2021,臺中市,北區,強盜,1,143917,year_end_registered_population,0.6948449454
2021,臺中市,北區,搶奪,2,143917,year_end_registered_population,1.3896898907
2021,臺中市,北區,機車竊盜,21,143917,year_end_registered_population,14.5917438524
2021,臺中市,北區,毒品,229,143917,year_end_registered_population,159.1194924853
2021,臺中市,北區,汽車竊盜,1,143917,year_end_registered_population,0.6948449454
2021,臺中市,北屯區,住宅竊盜,7,290653,year_end_registered_population,2.4083701183
2021,臺中市,北屯區,強制性交,2,290653,year_end_registered_population,0.6881057481
2021,臺中市,北屯區,強盜,2,290653,year_end_registered_population,0.6881057481
2021,臺中市,北屯區,機車竊盜,26,290653,year_end_registered_population,8.9453747252
2021,臺中市,北屯區,毒品,245,290653,year_end_registered_population,84.2929541412
2021,臺中市,北屯區,汽車竊盜,5,290653,year_end_registered_population,1.7202643702
2021,臺中市,南區,住宅竊盜,2,126008,year_end_registered_population,1.5872008126
2021,臺中市,南區,機車竊盜,14,126008,year_end_registered_population,11.1104056885
2021,臺中市,南區,毒品,61,126008,year_end_registered_population,48.4096247857
2021,臺中市,南屯區,住宅竊盜,1,176782,year_end_registered_population,0.5656684504
2021,臺中市,南屯區,強盜,1,176782,year_end_registered_population,0.5656684504
2021,臺中市,南屯區,機車竊盜,4,176782,year_end_registered_population,2.2626738016
2021,臺中市,南屯區,毒品,103,176782,year_end_registered_population,58.263850392
2021,臺中市,南屯區,汽車竊盜,3,176782,year_end_registered_population,1.6970053512
2021,臺中市,后里區,機車竊盜,3,53961,year_end_registered_population,5.5595708011
2021,臺中市,后里區,毒品,22,53961,year_end_registered_population,40.770185875
2021,臺中市,后里區,汽車竊盜,1,53961,year_end_registered_population,1.853190267
2021,臺中市,和平區,毒品,6,10870,year_end_registered_population,55.1977920883
2021,臺中市,外埔區,機車竊盜,1,31564,year_end_registered_population,3.1681662654
2021,臺中市,外埔區,毒品,25,31564,year_end_registered_population,79.2041566341
2021,臺中市,外埔區,汽車竊盜,1,31564,year_end_registered_population,3.1681662654
2021,臺中市,大安區,住宅竊盜,2,18485,year_end_registered_population,10.819583446
2021,臺中市,大安區,毒品,8,18485,year_end_registered_population,43.2783337841
2021,臺中市,大甲區,住宅竊盜,1,75516,year_end_registered_population,1.3242226813
2021,臺中市,大甲區,強盜,1,75516,year_end_registered_population,1.3242226813
2021,臺中市,大甲區,搶奪,1,75516,year_end_registered_population,1.3242226813
2021,臺中市,大甲區,機車竊盜,4,75516,year_end_registered_population,5.2968907251
2021,臺中市,大甲區,毒品,67,75516,year_end_registered_population,88.7229196462
2021,臺中市,大甲區,汽車竊盜,1,75516,year_end_registered_population,1.3242226813
2021,臺中市,大肚區,住宅竊盜,1,56458,year_end_registered_population,1.7712281696
2021,臺中市,大肚區,強制性交,1,56458,year_end_registered_population,1.7712281696
2021,臺中市,大肚區,搶奪,1,56458,year_end_registered_population,1.7712281696
2021,臺中市,大肚區,機車竊盜,1,56458,year_end_registered_population,1.7712281696
2021,臺中市,大肚區,毒品,15,56458,year_end_registered_population,26.5684225442
2021,臺中市,大里區,住宅竊盜,1,212253,year_end_registered_population,0.4711358614
2021,臺中市,大里區,強盜,1,212253,year_end_registered_population,0.4711358614
2021,臺中市,大里區,機車竊盜,12,212253,year_end_registered_population,5.6536303374
2021,臺中市,大里區,毒品,144,212253,year_end_registered_population,67.8435640486
2021,臺中市,大里區,汽車竊盜,3,212253,year_end_registered_population,1.4134075843
2021,臺中市,大雅區,機車竊盜,3,95521,year_end_registered_population,3.1406706379
2021,臺中市,大雅區,毒品,51,95521,year_end_registered_population,53.3914008438
2021,臺中市,大雅區,汽車竊盜,2,95521,year_end_registered_population,2.0937804252
2021,臺中市,太平區,住宅竊盜,3,195613,year_end_registered_population,1.5336404022
2021,臺中市,太平區,強盜,2,195613,year_end_registered_population,1.0224269348
2021,臺中市,太平區,機車竊盜,16,195613,year_end_registered_population,8.1794154785
2021,臺中市,太平區,毒品,128,195613,year_end_registered_population,65.4353238282
2021,臺中市,太平區,汽車竊盜,3,195613,year_end_registered_population,1.5336404022
2021,臺中市,新社區,住宅竊盜,1,23650,year_end_registered_population,4.2283298097
2021,臺中市,新社區,機車竊盜,2,23650,year_end_registered_population,8.4566596195
2021,臺中市,新社區,毒品,4,23650,year_end_registered_population,16.9133192389
2021,臺中市,新社區,汽車竊盜,1,23650,year_end_registered_population,4.2283298097
2021,臺中市,東勢區,住宅竊盜,1,48333,year_end_registered_population,2.0689797861
2021,臺中市,東勢區,機車竊盜,4,48333,year_end_registered_population,8.2759191443
2021,臺中市,東勢區,毒品,12,48333,year_end_registered_population,24.8277574328
2021,臺中市,東勢區,汽車竊盜,3,48333,year_end_registered_population,6.2069393582
2021,臺中市,東區,住宅竊盜,4,75588,year_end_registered_population,5.2918452664
2021,臺中市,東區,機車竊盜,8,75588,year_end_registered_population,10.5836905329
2021,臺中市,東區,毒品,66,75588,year_end_registered_population,87.3154468963
2021,臺中市,東區,汽車竊盜,2,75588,year_end_registered_population,2.6459226332
2021,臺中市,梧棲區,住宅竊盜,3,59517,year_end_registered_population,5.040576642
2021,臺中市,梧棲區,強盜,1,59517,year_end_registered_population,1.680192214
2021,臺中市,梧棲區,機車竊盜,1,59517,year_end_registered_population,1.680192214
2021,臺中市,梧棲區,毒品,26,59517,year_end_registered_population,43.6849975637
2021,臺中市,梧棲區,汽車竊盜,1,59517,year_end_registered_population,1.680192214
2021,臺中市,沙鹿區,住宅竊盜,6,96039,year_end_registered_population,6.2474619686
2021,臺中市,沙鹿區,強盜,2,96039,year_end_registered_population,2.0824873229
2021,臺中市,沙鹿區,機車竊盜,13,96039,year_end_registered_population,13.5361675986
2021,臺中市,沙鹿區,毒品,57,96039,year_end_registered_population,59.3508887015
2021,臺中市,沙鹿區,汽車竊盜,2,96039,year_end_registered_population,2.0824873229
2021,臺中市,清水區,住宅竊盜,3,88366,year_end_registered_population,3.3949709164
2021,臺中市,清水區,強盜,1,88366,year_end_registered_population,1.1316569721
2021,臺中市,清水區,機車竊盜,3,88366,year_end_registered_population,3.3949709164
2021,臺中市,清水區,毒品,53,88366,year_end_registered_population,59.9778195233
2021,臺中市,潭子區,住宅竊盜,7,109270,year_end_registered_population,6.4061499039
2021,臺中市,潭子區,搶奪,1,109270,year_end_registered_population,0.915164272
2021,臺中市,潭子區,機車竊盜,10,109270,year_end_registered_population,9.1516427199
2021,臺中市,潭子區,毒品,52,109270,year_end_registered_population,47.5885421433
2021,臺中市,潭子區,汽車竊盜,2,109270,year_end_registered_population,1.830328544
2021,臺中市,烏日區,住宅竊盜,2,77245,year_end_registered_population,2.5891643472
2021,臺中市,烏日區,機車竊盜,3,77245,year_end_registered_population,3.8837465208
2021,臺中市,烏日區,毒品,62,77245,year_end_registered_population,80.2640947634
2021,臺中市,烏日區,汽車竊盜,5,77245,year_end_registered_population,6.472910868
2021,臺中市,石岡區,機車竊盜,1,14419,year_end_registered_population,6.9352937097
2021,臺中市,石岡區,毒品,3,14419,year_end_registered_population,20.8058811291
2021,臺中市,石岡區,汽車竊盜,1,14419,year_end_registered_population,6.9352937097
2021,臺中市,神岡區,住宅竊盜,3,64841,year_end_registered_population,4.6267022409
2021,臺中市,神岡區,機車竊盜,4,64841,year_end_registered_population,6.1689363212
2021,臺中市,神岡區,毒品,44,64841,year_end_registered_population,67.8582995327
2021,臺中市,神岡區,汽車竊盜,2,64841,year_end_registered_population,3.0844681606
2021,臺中市,西區,住宅竊盜,3,112740,year_end_registered_population,2.6609898882
2021,臺中市,西區,強盜,1,112740,year_end_registered_population,0.8869966294
2021,臺中市,西區,機車竊盜,12,112740,year_end_registered_population,10.643959553
2021,臺中市,西區,毒品,77,112740,year_end_registered_population,68.2987404648
2021,臺中市,西區,汽車竊盜,1,112740,year_end_registered_population,0.8869966294
2021,臺中市,西屯區,住宅竊盜,7,230888,year_end_registered_population,3.0317729808
2021,臺中市,西屯區,搶奪,1,230888,year_end_registered_population,0.4331104258
2021,臺中市,西屯區,機車竊盜,18,230888,year_end_registered_population,7.795987665
2021,臺中市,西屯區,毒品,327,230888,year_end_registered_population,141.6271092478
2021,臺中市,西屯區,汽車竊盜,5,230888,year_end_registered_population,2.1655521292
2021,臺中市,豐原區,住宅竊盜,5,164726,year_end_registered_population,3.0353435402
2021,臺中市,豐原區,機車竊盜,21,164726,year_end_registered_population,12.7484428688
2021,臺中市,豐原區,毒品,73,164726,year_end_registered_population,44.3160156867
2021,臺中市,豐原區,汽車竊盜,3,164726,year_end_registered_population,1.8212061241
2021,臺中市,豐原區,組織犯罪防制條例,1,164726,year_end_registered_population,0.607068708
2021,臺中市,霧峰區,住宅竊盜,1,64602,year_end_registered_population,1.5479396923
2021,臺中市,霧峰區,強盜,1,64602,year_end_registered_population,1.5479396923
2021,臺中市,霧峰區,機車竊盜,5,64602,year_end_registered_population,7.7396984613
2021,臺中市,霧峰區,毒品,54,64602,year_end_registered_population,83.5887433826
2021,臺中市,龍井區,住宅竊盜,1,77976,year_end_registered_population,1.2824458808
2021,臺中市,龍井區,機車竊盜,1,77976,year_end_registered_population,1.2824458808
2021,臺中市,龍井區,毒品,32,77976,year_end_registered_population,41.0382681851
2021,臺中市,龍井區,汽車竊盜,1,77976,year_end_registered_population,1.2824458808
2021,臺北市,中山區,住宅竊盜,15,215567,year_end_registered_population,6.9583934461
2021,臺北市,中山區,強制性交,1,215567,year_end_registered_population,0.4638928964
2021,臺北市,中山區,強盜,4,215567,year_end_registered_population,1.8555715856
2021,臺北市,中山區,搶奪,3,215567,year_end_registered_population,1.3916786892
2021,臺北市,中山區,機車竊盜,5,215567,year_end_registered_population,2.319464482
2021,臺北市,中山區,毒品,309,215567,year_end_registered_population,143.3429049901
2021,臺北市,中山區,汽車竊盜,3,215567,year_end_registered_population,1.3916786892
2021,臺北市,中山區,組織犯罪防制條例,1,215567,year_end_registered_population,0.4638928964
2021,臺北市,中正區,住宅竊盜,19,150644,year_end_registered_population,12.6125169273
2021,臺北市,中正區,機車竊盜,7,150644,year_end_registered_population,4.6467167627
2021,臺北市,中正區,毒品,137,150644,year_end_registered_population,90.9428852128
2021,臺北市,信義區,住宅竊盜,8,207500,year_end_registered_population,3.8554216867
2021,臺北市,信義區,強制性交,1,207500,year_end_registered_population,0.4819277108
2021,臺北市,信義區,強盜,1,207500,year_end_registered_population,0.4819277108
2021,臺北市,信義區,機車竊盜,14,207500,year_end_registered_population,6.7469879518
2021,臺北市,信義區,毒品,149,207500,year_end_registered_population,71.8072289157
2021,臺北市,內湖區,住宅竊盜,12,276707,year_end_registered_population,4.3367171774
2021,臺北市,內湖區,機車竊盜,5,276707,year_end_registered_population,1.8069654906
2021,臺北市,內湖區,毒品,83,276707,year_end_registered_population,29.9956271435
2021,臺北市,內湖區,汽車竊盜,2,276707,year_end_registered_population,0.7227861962
2021,臺北市,北投區,住宅竊盜,11,244750,year_end_registered_population,4.4943820225
2021,臺北市,北投區,強制性交,1,244750,year_end_registered_population,0.4085801839
2021,臺北市,北投區,搶奪,1,244750,year_end_registered_population,0.4085801839
2021,臺北市,北投區,機車竊盜,22,244750,year_end_registered_population,8.9887640449
2021,臺北市,北投區,毒品,107,244750,year_end_registered_population,43.7180796731
2021,臺北市,北投區,汽車竊盜,4,244750,year_end_registered_population,1.6343207354
2021,臺北市,南港區,住宅竊盜,4,115780,year_end_registered_population,3.4548281223
2021,臺北市,南港區,強盜,1,115780,year_end_registered_population,0.8637070306
2021,臺北市,南港區,搶奪,1,115780,year_end_registered_population,0.8637070306
2021,臺北市,南港區,機車竊盜,12,115780,year_end_registered_population,10.3644843669
2021,臺北市,南港區,毒品,81,115780,year_end_registered_population,69.9602694766
2021,臺北市,南港區,汽車竊盜,3,115780,year_end_registered_population,2.5911210917
2021,臺北市,士林區,住宅竊盜,10,269682,year_end_registered_population,3.7080709873
2021,臺北市,士林區,強盜,1,269682,year_end_registered_population,0.3708070987
2021,臺北市,士林區,搶奪,1,269682,year_end_registered_population,0.3708070987
2021,臺北市,士林區,機車竊盜,26,269682,year_end_registered_population,9.640984567
2021,臺北市,士林區,毒品,195,269682,year_end_registered_population,72.3073842526
2021,臺北市,士林區,汽車竊盜,4,269682,year_end_registered_population,1.4832283949
2021,臺北市,大同區,住宅竊盜,19,120772,year_end_registered_population,15.7321233398
2021,臺北市,大同區,強盜,2,120772,year_end_registered_population,1.6560129831
2021,臺北市,大同區,搶奪,2,120772,year_end_registered_population,1.6560129831
2021,臺北市,大同區,機車竊盜,12,120772,year_end_registered_population,9.9360778989
2021,臺北市,大同區,毒品,182,120772,year_end_registered_population,150.6971814659
2021,臺北市,大同區,汽車竊盜,3,120772,year_end_registered_population,2.4840194747
2021,臺北市,大安區,住宅竊盜,10,291410,year_end_registered_population,3.4315912289
2021,臺北市,大安區,強制性交,1,291410,year_end_registered_population,0.3431591229
2021,臺北市,大安區,強盜,1,291410,year_end_registered_population,0.3431591229
2021,臺北市,大安區,機車竊盜,6,291410,year_end_registered_population,2.0589547373
2021,臺北市,大安區,毒品,298,291410,year_end_registered_population,102.2614186198
2021,臺北市,大安區,組織犯罪防制條例,1,291410,year_end_registered_population,0.3431591229
2021,臺北市,文山區,住宅竊盜,13,261576,year_end_registered_population,4.9698749121
2021,臺北市,文山區,強盜,2,261576,year_end_registered_population,0.7645961403
2021,臺北市,文山區,機車竊盜,8,261576,year_end_registered_population,3.0583845613
2021,臺北市,文山區,毒品,124,261576,year_end_registered_population,47.4049606998
2021,臺北市,文山區,汽車竊盜,2,261576,year_end_registered_population,0.7645961403
2021,臺北市,松山區,住宅竊盜,7,193388,year_end_registered_population,3.6196661634
2021,臺北市,松山區,強盜,1,193388,year_end_registered_population,0.5170951662
2021,臺北市,松山區,機車竊盜,1,193388,year_end_registered_population,0.5170951662
2021,臺北市,松山區,毒品,130,193388,year_end_registered_population,67.2223716053
2021,臺北市,萬華區,住宅竊盜,15,176617,year_end_registered_population,8.4929536794
2021,臺北市,萬華區,強制性交,1,176617,year_end_registered_population,0.566196912
2021,臺北市,萬華區,強盜,2,176617,year_end_registered_population,1.1323938239
2021,臺北市,萬華區,搶奪,1,176617,year_end_registered_population,0.566196912
2021,臺北市,萬華區,機車竊盜,23,176617,year_end_registered_population,13.0225289751
2021,臺北市,萬華區,毒品,739,176617,year_end_registered_population,418.4195179399
2021,臺北市,萬華區,汽車竊盜,4,176617,year_end_registered_population,2.2647876478
2021,臺南市,七股區,住宅竊盜,3,21757,year_end_registered_population,13.7886657168
2021,臺南市,七股區,毒品,9,21757,year_end_registered_population,41.3659971503
2021,臺南市,下營區,住宅竊盜,1,23062,year_end_registered_population,4.3361373688
2021,臺南市,下營區,強制性交,1,23062,year_end_registered_population,4.3361373688
2021,臺南市,下營區,搶奪,1,23062,year_end_registered_population,4.3361373688
2021,臺南市,下營區,機車竊盜,1,23062,year_end_registered_population,4.3361373688
2021,臺南市,下營區,毒品,8,23062,year_end_registered_population,34.6890989507
2021,臺南市,中西區,住宅竊盜,3,77704,year_end_registered_population,3.8608051066
2021,臺南市,中西區,強制性交,2,77704,year_end_registered_population,2.573870071
2021,臺南市,中西區,強盜,2,77704,year_end_registered_population,2.573870071
2021,臺南市,中西區,搶奪,3,77704,year_end_registered_population,3.8608051066
2021,臺南市,中西區,機車竊盜,5,77704,year_end_registered_population,6.4346751776
2021,臺南市,中西區,毒品,144,77704,year_end_registered_population,185.3186451148
2021,臺南市,中西區,汽車竊盜,1,77704,year_end_registered_population,1.2869350355
2021,臺南市,仁德區,住宅竊盜,7,76497,year_end_registered_population,9.1506856478
2021,臺南市,仁德區,機車竊盜,1,76497,year_end_registered_population,1.3072408068
2021,臺南市,仁德區,毒品,94,76497,year_end_registered_population,122.8806358419
2021,臺南市,仁德區,汽車竊盜,1,76497,year_end_registered_population,1.3072408068
2021,臺南市,佳里區,住宅竊盜,6,58482,year_end_registered_population,10.2595670463
2021,臺南市,佳里區,強制性交,1,58482,year_end_registered_population,1.709927841
2021,臺南市,佳里區,毒品,25,58482,year_end_registered_population,42.7481960261
2021,臺南市,佳里區,汽車竊盜,1,58482,year_end_registered_population,1.709927841
2021,臺南市,六甲區,住宅竊盜,2,21488,year_end_registered_population,9.3075204765
2021,臺南市,六甲區,機車竊盜,2,21488,year_end_registered_population,9.3075204765
2021,臺南市,六甲區,毒品,31,21488,year_end_registered_population,144.2665673864
2021,臺南市,六甲區,汽車竊盜,1,21488,year_end_registered_population,4.6537602383
2021,臺南市,北區,住宅竊盜,18,127913,year_end_registered_population,14.0720646064
2021,臺南市,北區,強制性交,3,127913,year_end_registered_population,2.3453441011
2021,臺南市,北區,強盜,1,127913,year_end_registered_population,0.781781367
2021,臺南市,北區,搶奪,3,127913,year_end_registered_population,2.3453441011
2021,臺南市,北區,機車竊盜,6,127913,year_end_registered_population,4.6906882021
2021,臺南市,北區,毒品,139,127913,year_end_registered_population,108.6676100162
2021,臺南市,北門區,住宅竊盜,2,10397,year_end_registered_population,19.2363181687
2021,臺南市,北門區,毒品,9,10397,year_end_registered_population,86.5634317592
2021,臺南市,南化區,住宅竊盜,2,8264,year_end_registered_population,24.2013552759
2021,臺南市,南化區,毒品,6,8264,year_end_registered_population,72.6040658277
2021,臺南市,南區,住宅竊盜,19,122345,year_end_registered_population,15.5298541011
2021,臺南市,南區,強制性交,2,122345,year_end_registered_population,1.6347214843
2021,臺南市,南區,強盜,1,122345,year_end_registered_population,0.8173607422
2021,臺南市,南區,搶奪,1,122345,year_end_registered_population,0.8173607422
2021,臺南市,南區,機車竊盜,4,122345,year_end_registered_population,3.2694429687
2021,臺南市,南區,毒品,87,122345,year_end_registered_population,71.1103845682
2021,臺南市,南區,汽車竊盜,2,122345,year_end_registered_population,1.6347214843
2021,臺南市,善化區,住宅竊盜,5,51265,year_end_registered_population,9.7532429533
2021,臺南市,善化區,機車竊盜,3,51265,year_end_registered_population,5.851945772
2021,臺南市,善化區,毒品,34,51265,year_end_registered_population,66.3220520823
2021,臺南市,善化區,汽車竊盜,2,51265,year_end_registered_population,3.9012971813
2021,臺南市,大內區,機車竊盜,1,9048,year_end_registered_population,11.0521662246
2021,臺南市,大內區,毒品,1,9048,year_end_registered_population,11.0521662246
2021,臺南市,學甲區,住宅竊盜,4,24981,year_end_registered_population,16.0121692486
2021,臺南市,學甲區,強制性交,1,24981,year_end_registered_population,4.0030423122
2021,臺南市,學甲區,毒品,25,24981,year_end_registered_population,100.0760578039
2021,臺南市,學甲區,汽車竊盜,1,24981,year_end_registered_population,4.0030423122
2021,臺南市,安南區,住宅竊盜,16,197061,year_end_registered_population,8.1193133091
2021,臺南市,安南區,強制性交,4,197061,year_end_registered_population,2.0298283273
2021,臺南市,安南區,強盜,1,197061,year_end_registered_population,0.5074570818
2021,臺南市,安南區,搶奪,1,197061,year_end_registered_population,0.5074570818
2021,臺南市,安南區,機車竊盜,7,197061,year_end_registered_population,3.5521995727
2021,臺南市,安南區,毒品,169,197061,year_end_registered_population,85.7602468271
2021,臺南市,安南區,汽車竊盜,3,197061,year_end_registered_population,1.5223712455
2021,臺南市,安定區,住宅竊盜,2,30105,year_end_registered_population,6.6434147152
2021,臺南市,安定區,機車竊盜,1,30105,year_end_registered_population,3.3217073576
2021,臺南市,安定區,毒品,16,30105,year_end_registered_population,53.1473177213
2021,臺南市,安定區,汽車竊盜,1,30105,year_end_registered_population,3.3217073576
2021,臺南市,安平區,住宅竊盜,4,67446,year_end_registered_population,5.9306704623
2021,臺南市,安平區,強盜,2,67446,year_end_registered_population,2.9653352311
2021,臺南市,安平區,機車竊盜,2,67446,year_end_registered_population,2.9653352311
2021,臺南市,安平區,毒品,53,67446,year_end_registered_population,78.5813836254
2021,臺南市,官田區,住宅竊盜,3,21035,year_end_registered_population,14.2619443784
2021,臺南市,官田區,機車竊盜,1,21035,year_end_registered_population,4.7539814595
2021,臺南市,官田區,毒品,19,21035,year_end_registered_population,90.32564773
2021,臺南市,官田區,汽車竊盜,1,21035,year_end_registered_population,4.7539814595
2021,臺南市,將軍區,住宅竊盜,4,18843,year_end_registered_population,21.2280422438
2021,臺南市,將軍區,毒品,6,18843,year_end_registered_population,31.8420633657
2021,臺南市,將軍區,汽車竊盜,1,18843,year_end_registered_population,5.307010561
2021,臺南市,山上區,住宅竊盜,1,6996,year_end_registered_population,14.2938822184
2021,臺南市,山上區,毒品,6,6996,year_end_registered_population,85.7632933105
2021,臺南市,左鎮區,住宅竊盜,1,4428,year_end_registered_population,22.5835591689
2021,臺南市,左鎮區,毒品,3,4428,year_end_registered_population,67.7506775068
2021,臺南市,後壁區,住宅竊盜,5,22322,year_end_registered_population,22.3994265747
2021,臺南市,後壁區,毒品,18,22322,year_end_registered_population,80.6379356688
2021,臺南市,新化區,住宅竊盜,3,42809,year_end_registered_population,7.0078721764
2021,臺南市,新化區,強制性交,1,42809,year_end_registered_population,2.3359573921
2021,臺南市,新化區,強盜,1,42809,year_end_registered_population,2.3359573921
2021,臺南市,新化區,搶奪,1,42809,year_end_registered_population,2.3359573921
2021,臺南市,新化區,毒品,35,42809,year_end_registered_population,81.7585087248
2021,臺南市,新市區,住宅竊盜,10,37546,year_end_registered_population,26.633995632
2021,臺南市,新市區,機車竊盜,2,37546,year_end_registered_population,5.3267991264
2021,臺南市,新市區,毒品,39,37546,year_end_registered_population,103.8725829649
2021,臺南市,新市區,汽車竊盜,2,37546,year_end_registered_population,5.3267991264
2021,臺南市,新營區,住宅竊盜,6,75506,year_end_registered_population,7.9463883665
2021,臺南市,新營區,強制性交,2,75506,year_end_registered_population,2.6487961222
2021,臺南市,新營區,強盜,2,75506,year_end_registered_population,2.6487961222
2021,臺南市,新營區,機車竊盜,9,75506,year_end_registered_population,11.9195825497
2021,臺南市,新營區,毒品,56,75506,year_end_registered_population,74.1662914205
2021,臺南市,新營區,汽車竊盜,1,75506,year_end_registered_population,1.3243980611
2021,臺南市,東區,住宅竊盜,7,182489,year_end_registered_population,3.8358476401
2021,臺南市,東區,強制性交,1,182489,year_end_registered_population,0.5479782343
2021,臺南市,東區,強盜,1,182489,year_end_registered_population,0.5479782343
2021,臺南市,東區,機車竊盜,10,182489,year_end_registered_population,5.479782343
2021,臺南市,東區,毒品,124,182489,year_end_registered_population,67.9493010538
2021,臺南市,東區,汽車竊盜,2,182489,year_end_registered_population,1.0959564686
2021,臺南市,東山區,強盜,1,19788,year_end_registered_population,5.0535678189
2021,臺南市,東山區,機車竊盜,1,19788,year_end_registered_population,5.0535678189
2021,臺南市,東山區,毒品,17,19788,year_end_registered_population,85.910652921
2021,臺南市,東山區,汽車竊盜,2,19788,year_end_registered_population,10.1071356378
2021,臺南市,柳營區,住宅竊盜,3,20618,year_end_registered_population,14.5503928606
2021,臺南市,柳營區,強盜,1,20618,year_end_registered_population,4.8501309535
2021,臺南市,柳營區,機車竊盜,1,20618,year_end_registered_population,4.8501309535
2021,臺南市,柳營區,毒品,10,20618,year_end_registered_population,48.5013095354
2021,臺南市,楠西區,住宅竊盜,1,9031,year_end_registered_population,11.0729708781
2021,臺南市,楠西區,毒品,2,9031,year_end_registered_population,22.1459417562
2021,臺南市,歸仁區,住宅竊盜,3,68001,year_end_registered_population,4.4116998279
2021,臺南市,歸仁區,強制性交,3,68001,year_end_registered_population,4.4116998279
2021,臺南市,歸仁區,機車竊盜,5,68001,year_end_registered_population,7.3528330466
2021,臺南市,歸仁區,毒品,57,68001,year_end_registered_population,83.8222967309
2021,臺南市,歸仁區,汽車竊盜,1,68001,year_end_registered_population,1.4705666093
2021,臺南市,永康區,住宅竊盜,2,234624,year_end_registered_population,0.8524277141
2021,臺南市,永康區,強制性交,2,234624,year_end_registered_population,0.8524277141
2021,臺南市,永康區,強盜,1,234624,year_end_registered_population,0.4262138571
2021,臺南市,永康區,機車竊盜,9,234624,year_end_registered_population,3.8359247136
2021,臺南市,永康區,毒品,414,234624,year_end_registered_population,176.4525368249
2021,臺南市,永康區,汽車竊盜,2,234624,year_end_registered_population,0.8524277141
2021,臺南市,玉井區,住宅竊盜,4,13342,year_end_registered_population,29.9805126668
2021,臺南市,玉井區,毒品,9,13342,year_end_registered_population,67.4561535002
2021,臺南市,玉井區,汽車竊盜,2,13342,year_end_registered_population,14.9902563334
2021,臺南市,白河區,住宅竊盜,1,26693,year_end_registered_population,3.7463005282
2021,臺南市,白河區,強制性交,1,26693,year_end_registered_population,3.7463005282
2021,臺南市,白河區,強盜,1,26693,year_end_registered_population,3.7463005282
2021,臺南市,白河區,機車竊盜,2,26693,year_end_registered_population,7.4926010565
2021,臺南市,白河區,毒品,33,26693,year_end_registered_population,123.6279174315
2021,臺南市,白河區,汽車竊盜,3,26693,year_end_registered_population,11.2389015847
2021,臺南市,西港區,住宅竊盜,1,24495,year_end_registered_population,4.0824658093
2021,臺南市,西港區,機車竊盜,1,24495,year_end_registered_population,4.0824658093
2021,臺南市,西港區,毒品,7,24495,year_end_registered_population,28.5772606654
2021,臺南市,關廟區,住宅竊盜,5,33860,year_end_registered_population,14.7666863556
2021,臺南市,關廟區,機車竊盜,2,33860,year_end_registered_population,5.9066745422
2021,臺南市,關廟區,毒品,32,33860,year_end_registered_population,94.5067926757
2021,臺南市,鹽水區,住宅竊盜,5,24777,year_end_registered_population,20.1800056504
2021,臺南市,鹽水區,機車竊盜,4,24777,year_end_registered_population,16.1440045203
2021,臺南市,鹽水區,毒品,16,24777,year_end_registered_population,64.5760180813
2021,臺南市,麻豆區,住宅竊盜,3,43373,year_end_registered_population,6.9167454407
2021,臺南市,麻豆區,機車竊盜,1,43373,year_end_registered_population,2.3055818136
2021,臺南市,麻豆區,毒品,17,43373,year_end_registered_population,39.1948908307
2021,臺南市,龍崎區,毒品,2,3668,year_end_registered_population,54.5256270447
2021,臺東縣,卑南鄉,毒品,6,16833,year_end_registered_population,35.6442701836
2021,臺東縣,卑南鄉,汽車竊盜,1,16833,year_end_registered_population,5.9407116973
2021,臺東縣,大武鄉,毒品,3,5635,year_end_registered_population,53.2386867791
2021,臺東縣,太麻里鄉,毒品,2,10819,year_end_registered_population,18.4859968574
2021,臺東縣,延平鄉,機車竊盜,1,3591,year_end_registered_population,27.8473962684
2021,臺東縣,延平鄉,毒品,1,3591,year_end_registered_population,27.8473962684
2021,臺東縣,成功鎮,強制性交,1,13330,year_end_registered_population,7.5018754689
2021,臺東縣,成功鎮,毒品,4,13330,year_end_registered_population,30.0075018755
2021,臺東縣,東河鄉,強制性交,1,8106,year_end_registered_population,12.336540834
2021,臺東縣,東河鄉,毒品,1,8106,year_end_registered_population,12.336540834
2021,臺東縣,池上鄉,住宅竊盜,1,7976,year_end_registered_population,12.5376128385
2021,臺東縣,池上鄉,毒品,3,7976,year_end_registered_population,37.6128385155
2021,臺東縣,池上鄉,汽車竊盜,1,7976,year_end_registered_population,12.5376128385
2021,臺東縣,海端鄉,機車竊盜,1,4151,year_end_registered_population,24.090580583
2021,臺東縣,臺東市,住宅竊盜,1,103943,year_end_registered_population,0.9620657476
2021,臺東縣,臺東市,強制性交,1,103943,year_end_registered_population,0.9620657476
2021,臺東縣,臺東市,強盜,2,103943,year_end_registered_population,1.9241314951
2021,臺東縣,臺東市,搶奪,2,103943,year_end_registered_population,1.9241314951
2021,臺東縣,臺東市,毒品,145,103943,year_end_registered_population,139.4995333981
2021,臺東縣,臺東市,汽車竊盜,1,103943,year_end_registered_population,0.9620657476
2021,臺東縣,蘭嶼鄉,強制性交,1,5231,year_end_registered_population,19.1168036704
2021,臺東縣,達仁鄉,強制性交,1,3437,year_end_registered_population,29.0951411114
2021,臺東縣,長濱鄉,機車竊盜,1,6791,year_end_registered_population,14.7253718156
2021,臺東縣,長濱鄉,毒品,1,6791,year_end_registered_population,14.7253718156
2021,臺東縣,關山鎮,機車竊盜,1,8274,year_end_registered_population,12.0860526952
2021,臺東縣,關山鎮,毒品,4,8274,year_end_registered_population,48.3442107808
2021,臺東縣,鹿野鄉,住宅竊盜,1,7482,year_end_registered_population,13.3654103181
2021,臺東縣,鹿野鄉,搶奪,1,7482,year_end_registered_population,13.3654103181
2021,臺東縣,鹿野鄉,毒品,6,7482,year_end_registered_population,80.1924619086
2021,花蓮縣,光復鄉,住宅竊盜,2,12185,year_end_registered_population,16.4136233073
2021,花蓮縣,光復鄉,強盜,1,12185,year_end_registered_population,8.2068116537
2021,花蓮縣,光復鄉,機車竊盜,3,12185,year_end_registered_population,24.620434961
2021,花蓮縣,光復鄉,毒品,7,12185,year_end_registered_population,57.4476815757
2021,花蓮縣,卓溪鄉,毒品,3,5967,year_end_registered_population,50.2765208648
2021,花蓮縣,吉安鄉,住宅竊盜,8,83122,year_end_registered_population,9.6244074974
2021,花蓮縣,吉安鄉,搶奪,1,83122,year_end_registered_population,1.2030509372
2021,花蓮縣,吉安鄉,機車竊盜,10,83122,year_end_registered_population,12.0305093718
2021,花蓮縣,吉安鄉,毒品,58,83122,year_end_registered_population,69.7769543562
2021,花蓮縣,吉安鄉,汽車竊盜,6,83122,year_end_registered_population,7.2183056231
2021,花蓮縣,壽豐鄉,住宅竊盜,1,17351,year_end_registered_population,5.7633565789
2021,花蓮縣,壽豐鄉,機車竊盜,5,17351,year_end_registered_population,28.8167828944
2021,花蓮縣,壽豐鄉,毒品,6,17351,year_end_registered_population,34.5801394732
2021,花蓮縣,富里鄉,毒品,5,9812,year_end_registered_population,50.9580105993
2021,花蓮縣,新城鄉,住宅竊盜,1,20252,year_end_registered_population,4.9377839226
2021,花蓮縣,新城鄉,機車竊盜,6,20252,year_end_registered_population,29.6267035355
2021,花蓮縣,新城鄉,毒品,27,20252,year_end_registered_population,133.3201659095
2021,花蓮縣,新城鄉,汽車竊盜,1,20252,year_end_registered_population,4.9377839226
2021,花蓮縣,玉里鎮,機車竊盜,3,22878,year_end_registered_population,13.1130343562
2021,花蓮縣,玉里鎮,毒品,21,22878,year_end_registered_population,91.7912404931
2021,花蓮縣,瑞穗鄉,住宅竊盜,1,11123,year_end_registered_population,8.9903802931
2021,花蓮縣,瑞穗鄉,機車竊盜,5,11123,year_end_registered_population,44.9519014654
2021,花蓮縣,瑞穗鄉,毒品,9,11123,year_end_registered_population,80.9134226378
2021,花蓮縣,秀林鄉,毒品,10,16555,year_end_registered_population,60.4047115675
2021,花蓮縣,花蓮市,住宅竊盜,6,100955,year_end_registered_population,5.9432420385
2021,花蓮縣,花蓮市,強盜,1,100955,year_end_registered_population,0.9905403398
2021,花蓮縣,花蓮市,機車竊盜,24,100955,year_end_registered_population,23.7729681541
2021,花蓮縣,花蓮市,毒品,122,100955,year_end_registered_population,120.8459214502
2021,花蓮縣,花蓮市,汽車竊盜,2,100955,year_end_registered_population,1.9810806795
2021,花蓮縣,萬榮鄉,住宅竊盜,1,6152,year_end_registered_population,16.2548764629
2021,花蓮縣,萬榮鄉,毒品,2,6152,year_end_registered_population,32.5097529259
2021,花蓮縣,豐濱鄉,住宅竊盜,2,4327,year_end_registered_population,46.2214005084
2021,花蓮縣,豐濱鄉,機車竊盜,1,4327,year_end_registered_population,23.1107002542
2021,花蓮縣,鳳林鎮,住宅竊盜,4,10679,year_end_registered_population,37.4566907014
2021,花蓮縣,鳳林鎮,機車竊盜,2,10679,year_end_registered_population,18.7283453507
2021,花蓮縣,鳳林鎮,毒品,28,10679,year_end_registered_population,262.1968349096
2021,苗栗縣,三灣鄉,住宅竊盜,1,6201,year_end_registered_population,16.1264312208
2021,苗栗縣,三灣鄉,毒品,4,6201,year_end_registered_population,64.5057248831
2021,苗栗縣,三義鄉,住宅竊盜,2,15388,year_end_registered_population,12.9971406291
2021,苗栗縣,三義鄉,機車竊盜,1,15388,year_end_registered_population,6.4985703145
2021,苗栗縣,三義鄉,毒品,14,15388,year_end_registered_population,90.9799844034
2021,苗栗縣,三義鄉,汽車竊盜,1,15388,year_end_registered_population,6.4985703145
2021,苗栗縣,公館鄉,住宅竊盜,7,31867,year_end_registered_population,21.9662974237
2021,苗栗縣,公館鄉,毒品,21,31867,year_end_registered_population,65.898892271
2021,苗栗縣,卓蘭鎮,住宅竊盜,2,15866,year_end_registered_population,12.6055716627
2021,苗栗縣,卓蘭鎮,機車竊盜,1,15866,year_end_registered_population,6.3027858313
2021,苗栗縣,卓蘭鎮,毒品,9,15866,year_end_registered_population,56.725072482
2021,苗栗縣,南庄鄉,毒品,8,9328,year_end_registered_population,85.7632933105
2021,苗栗縣,大湖鄉,住宅竊盜,2,13530,year_end_registered_population,14.7819660015
2021,苗栗縣,大湖鄉,毒品,14,13530,year_end_registered_population,103.4737620103
2021,苗栗縣,後龍鎮,住宅竊盜,4,34694,year_end_registered_population,11.5293710728
2021,苗栗縣,後龍鎮,強盜,2,34694,year_end_registered_population,5.7646855364
2021,苗栗縣,後龍鎮,毒品,51,34694,year_end_registered_population,146.9994811783
2021,苗栗縣,後龍鎮,汽車竊盜,1,34694,year_end_registered_population,2.8823427682
2021,苗栗縣,泰安鄉,毒品,2,5691,year_end_registered_population,35.1432085749
2021,苗栗縣,竹南鎮,住宅竊盜,12,87365,year_end_registered_population,13.735477594
2021,苗栗縣,竹南鎮,強制性交,2,87365,year_end_registered_population,2.2892462657
2021,苗栗縣,竹南鎮,機車竊盜,3,87365,year_end_registered_population,3.4338693985
2021,苗栗縣,竹南鎮,毒品,95,87365,year_end_registered_population,108.7391976192
2021,苗栗縣,竹南鎮,汽車竊盜,6,87365,year_end_registered_population,6.867738797
2021,苗栗縣,苑裡鎮,住宅竊盜,6,44256,year_end_registered_population,13.557483731
2021,苗栗縣,苑裡鎮,強制性交,1,44256,year_end_registered_population,2.2595806218
2021,苗栗縣,苑裡鎮,毒品,44,44256,year_end_registered_population,99.4215473608
2021,苗栗縣,苗栗市,住宅竊盜,17,86939,year_end_registered_population,19.5539401189
2021,苗栗縣,苗栗市,強盜,1,86939,year_end_registered_population,1.1502317717
2021,苗栗縣,苗栗市,搶奪,1,86939,year_end_registered_population,1.1502317717
2021,苗栗縣,苗栗市,機車竊盜,5,86939,year_end_registered_population,5.7511588585
2021,苗栗縣,苗栗市,毒品,94,86939,year_end_registered_population,108.12178654
2021,苗栗縣,苗栗市,汽車竊盜,5,86939,year_end_registered_population,5.7511588585
2021,苗栗縣,西湖鄉,住宅竊盜,3,6558,year_end_registered_population,45.7456541629
2021,苗栗縣,西湖鄉,毒品,9,6558,year_end_registered_population,137.2369624886
2021,苗栗縣,通霄鎮,住宅竊盜,2,32441,year_end_registered_population,6.1650380691
2021,苗栗縣,通霄鎮,機車竊盜,1,32441,year_end_registered_population,3.0825190346
2021,苗栗縣,通霄鎮,毒品,39,32441,year_end_registered_population,120.2182423476
2021,苗栗縣,造橋鄉,住宅竊盜,4,11956,year_end_registered_population,33.456005353
2021,苗栗縣,造橋鄉,毒品,27,11956,year_end_registered_population,225.8280361325
2021,苗栗縣,銅鑼鄉,住宅竊盜,2,16871,year_end_registered_population,11.8546618458
2021,苗栗縣,銅鑼鄉,毒品,7,16871,year_end_registered_population,41.4913164602
2021,苗栗縣,銅鑼鄉,汽車竊盜,1,16871,year_end_registered_population,5.9273309229
2021,苗栗縣,頭份市,住宅竊盜,9,105084,year_end_registered_population,8.5645769099
2021,苗栗縣,頭份市,強盜,1,105084,year_end_registered_population,0.9516196567
2021,苗栗縣,頭份市,機車竊盜,8,105084,year_end_registered_population,7.6129572532
2021,苗栗縣,頭份市,毒品,107,105084,year_end_registered_population,101.8233032622
2021,苗栗縣,頭份市,汽車竊盜,1,105084,year_end_registered_population,0.9516196567
2021,苗栗縣,頭屋鄉,住宅竊盜,3,10026,year_end_registered_population,29.9222022741
2021,苗栗縣,頭屋鄉,毒品,5,10026,year_end_registered_population,49.8703371235
2021,連江縣,北竿鄉,住宅竊盜,1,2998,year_end_registered_population,33.3555703803
2021,連江縣,南竿鄉,住宅竊盜,1,7657,year_end_registered_population,13.0599451482
2021,連江縣,南竿鄉,毒品,5,7657,year_end_registered_population,65.2997257412
2021,連江縣,莒光鄉,強制性交,1,1496,year_end_registered_population,66.8449197861
2021,金門縣,烈嶼鄉,住宅竊盜,1,12743,year_end_registered_population,7.8474456564
2021,金門縣,烈嶼鄉,機車竊盜,2,12743,year_end_registered_population,15.6948913129
2021,金門縣,金城鎮,住宅竊盜,4,42845,year_end_registered_population,9.3359785272
2021,金門縣,金城鎮,強制性交,1,42845,year_end_registered_population,2.3339946318
2021,金門縣,金城鎮,機車竊盜,8,42845,year_end_registered_population,18.6719570545
2021,金門縣,金城鎮,毒品,11,42845,year_end_registered_population,25.6739409499
2021,金門縣,金寧鄉,住宅竊盜,9,33901,year_end_registered_population,26.5478894428
2021,金門縣,金寧鄉,強制性交,1,33901,year_end_registered_population,2.9497654936
2021,金門縣,金寧鄉,毒品,11,33901,year_end_registered_population,32.4474204301
2021,金門縣,金沙鎮,住宅竊盜,7,20785,year_end_registered_population,33.6781332692
2021,金門縣,金沙鎮,機車竊盜,1,20785,year_end_registered_population,4.8111618956
2021,金門縣,金沙鎮,毒品,10,20785,year_end_registered_population,48.111618956
2021,金門縣,金湖鎮,住宅竊盜,11,30593,year_end_registered_population,35.9559376328
2021,金門縣,金湖鎮,強制性交,1,30593,year_end_registered_population,3.268721603
2021,金門縣,金湖鎮,強盜,1,30593,year_end_registered_population,3.268721603
2021,金門縣,金湖鎮,毒品,18,30593,year_end_registered_population,58.8369888537
2021,雲林縣,二崙鄉,住宅竊盜,3,25660,year_end_registered_population,11.6913484022
2021,雲林縣,二崙鄉,毒品,9,25660,year_end_registered_population,35.0740452065
2021,雲林縣,二崙鄉,汽車竊盜,1,25660,year_end_registered_population,3.8971161341
2021,雲林縣,元長鄉,機車竊盜,2,24177,year_end_registered_population,8.2723249369
2021,雲林縣,元長鄉,毒品,19,24177,year_end_registered_population,78.5870869008
2021,雲林縣,元長鄉,汽車竊盜,1,24177,year_end_registered_population,4.1361624685
2021,雲林縣,北港鎮,住宅竊盜,5,38437,year_end_registered_population,13.008299295
2021,雲林縣,北港鎮,毒品,27,38437,year_end_registered_population,70.2448161927
2021,雲林縣,北港鎮,汽車竊盜,2,38437,year_end_registered_population,5.203319718
2021,雲林縣,口湖鄉,強盜,1,25976,year_end_registered_population,3.8497074222
2021,雲林縣,口湖鄉,機車竊盜,1,25976,year_end_registered_population,3.8497074222
2021,雲林縣,口湖鄉,毒品,9,25976,year_end_registered_population,34.6473668001
2021,雲林縣,古坑鄉,機車竊盜,2,30438,year_end_registered_population,6.570733951
2021,雲林縣,古坑鄉,毒品,11,30438,year_end_registered_population,36.1390367304
2021,雲林縣,四湖鄉,住宅竊盜,3,21891,year_end_registered_population,13.7042620255
2021,雲林縣,四湖鄉,機車竊盜,1,21891,year_end_registered_population,4.5680873418
2021,雲林縣,四湖鄉,毒品,15,21891,year_end_registered_population,68.5213101274
2021,雲林縣,土庫鎮,機車竊盜,1,27938,year_end_registered_population,3.5793542845
2021,雲林縣,土庫鎮,毒品,7,27938,year_end_registered_population,25.0554799914
2021,雲林縣,大埤鄉,機車竊盜,1,18451,year_end_registered_population,5.4197604466
2021,雲林縣,大埤鄉,毒品,11,18451,year_end_registered_population,59.6173649125
2021,雲林縣,大埤鄉,汽車竊盜,1,18451,year_end_registered_population,5.4197604466
2021,雲林縣,崙背鄉,住宅竊盜,6,23584,year_end_registered_population,25.4409769335
2021,雲林縣,崙背鄉,機車竊盜,2,23584,year_end_registered_population,8.4803256445
2021,雲林縣,崙背鄉,毒品,5,23584,year_end_registered_population,21.2008141113
2021,雲林縣,斗六市,住宅竊盜,13,108100,year_end_registered_population,12.0259019426
2021,雲林縣,斗六市,搶奪,1,108100,year_end_registered_population,0.9250693802
2021,雲林縣,斗六市,機車竊盜,10,108100,year_end_registered_population,9.250693802
2021,雲林縣,斗六市,毒品,109,108100,year_end_registered_population,100.8325624422
2021,雲林縣,斗六市,汽車竊盜,1,108100,year_end_registered_population,0.9250693802
2021,雲林縣,斗南鎮,住宅竊盜,7,43584,year_end_registered_population,16.0609397944
2021,雲林縣,斗南鎮,機車竊盜,2,43584,year_end_registered_population,4.5888399413
2021,雲林縣,斗南鎮,毒品,41,43584,year_end_registered_population,94.0712187959
2021,雲林縣,斗南鎮,汽車竊盜,2,43584,year_end_registered_population,4.5888399413
2021,雲林縣,東勢鄉,住宅竊盜,3,13849,year_end_registered_population,21.6622138783
2021,雲林縣,東勢鄉,機車竊盜,2,13849,year_end_registered_population,14.4414759188
2021,雲林縣,東勢鄉,毒品,12,13849,year_end_registered_population,86.648855513
2021,雲林縣,東勢鄉,汽車竊盜,1,13849,year_end_registered_population,7.2207379594
2021,雲林縣,林內鄉,住宅竊盜,1,17131,year_end_registered_population,5.8373708482
2021,雲林縣,林內鄉,搶奪,1,17131,year_end_registered_population,5.8373708482
2021,雲林縣,林內鄉,毒品,6,17131,year_end_registered_population,35.024225089
2021,雲林縣,水林鄉,住宅竊盜,3,23737,year_end_registered_population,12.6384968614
2021,雲林縣,水林鄉,機車竊盜,1,23737,year_end_registered_population,4.2128322871
2021,雲林縣,水林鄉,毒品,12,23737,year_end_registered_population,50.5539874458
2021,雲林縣,臺西鄉,住宅竊盜,3,22558,year_end_registered_population,13.2990513343
2021,雲林縣,臺西鄉,強制性交,1,22558,year_end_registered_population,4.4330171114
2021,雲林縣,臺西鄉,機車竊盜,2,22558,year_end_registered_population,8.8660342229
2021,雲林縣,臺西鄉,毒品,28,22558,year_end_registered_population,124.1244791205
2021,雲林縣,莿桐鄉,住宅竊盜,4,27970,year_end_registered_population,14.3010368252
2021,雲林縣,莿桐鄉,毒品,32,27970,year_end_registered_population,114.4082946014
2021,雲林縣,莿桐鄉,汽車竊盜,1,27970,year_end_registered_population,3.5752592063
2021,雲林縣,虎尾鎮,住宅竊盜,2,70648,year_end_registered_population,2.8309364738
2021,雲林縣,虎尾鎮,強制性交,2,70648,year_end_registered_population,2.8309364738
2021,雲林縣,虎尾鎮,機車竊盜,4,70648,year_end_registered_population,5.6618729476
2021,雲林縣,虎尾鎮,毒品,45,70648,year_end_registered_population,63.6960706602
2021,雲林縣,虎尾鎮,汽車竊盜,2,70648,year_end_registered_population,2.8309364738
2021,雲林縣,褒忠鄉,機車竊盜,1,12279,year_end_registered_population,8.1439856666
2021,雲林縣,褒忠鄉,毒品,9,12279,year_end_registered_population,73.2958709993
2021,雲林縣,褒忠鄉,汽車竊盜,1,12279,year_end_registered_population,8.1439856666
2021,雲林縣,西螺鎮,住宅竊盜,3,45029,year_end_registered_population,6.6623731373
2021,雲林縣,西螺鎮,機車竊盜,3,45029,year_end_registered_population,6.6623731373
2021,雲林縣,西螺鎮,毒品,25,45029,year_end_registered_population,55.5197761443
2021,雲林縣,西螺鎮,汽車竊盜,1,45029,year_end_registered_population,2.2207910458
2021,雲林縣,麥寮鄉,住宅竊盜,4,48695,year_end_registered_population,8.2143957285
2021,雲林縣,麥寮鄉,搶奪,1,48695,year_end_registered_population,2.0535989321
2021,雲林縣,麥寮鄉,機車竊盜,4,48695,year_end_registered_population,8.2143957285
2021,雲林縣,麥寮鄉,毒品,50,48695,year_end_registered_population,102.6799466064
2021,雲林縣,麥寮鄉,汽車竊盜,1,48695,year_end_registered_population,2.0535989321
2021,高雄市,三民區,住宅竊盜,4,333038,year_end_registered_population,1.2010641428
2021,高雄市,三民區,強制性交,1,333038,year_end_registered_population,0.3002660357
2021,高雄市,三民區,強盜,1,333038,year_end_registered_population,0.3002660357
2021,高雄市,三民區,機車竊盜,23,333038,year_end_registered_population,6.9061188213
2021,高雄市,三民區,毒品,274,333038,year_end_registered_population,82.2728937839
2021,高雄市,仁武區,住宅竊盜,1,93581,year_end_registered_population,1.0685929836
2021,高雄市,仁武區,強盜,1,93581,year_end_registered_population,1.0685929836
2021,高雄市,仁武區,機車竊盜,4,93581,year_end_registered_population,4.2743719345
2021,高雄市,仁武區,毒品,76,93581,year_end_registered_population,81.213066755
2021,高雄市,仁武區,汽車竊盜,4,93581,year_end_registered_population,4.2743719345
2021,高雄市,內門區,毒品,12,13770,year_end_registered_population,87.1459694989
2021,高雄市,內門區,汽車竊盜,1,13770,year_end_registered_population,7.2621641249
2021,高雄市,六龜區,毒品,20,12135,year_end_registered_population,164.812525752
2021,高雄市,前金區,強盜,1,26416,year_end_registered_population,3.7855844942
2021,高雄市,前金區,機車竊盜,1,26416,year_end_registered_population,3.7855844942
2021,高雄市,前金區,毒品,42,26416,year_end_registered_population,158.9945487583
2021,高雄市,前鎮區,住宅竊盜,2,182805,year_end_registered_population,1.0940619786
2021,高雄市,前鎮區,強盜,1,182805,year_end_registered_population,0.5470309893
2021,高雄市,前鎮區,搶奪,1,182805,year_end_registered_population,0.5470309893
2021,高雄市,前鎮區,機車竊盜,17,182805,year_end_registered_population,9.2995268182
2021,高雄市,前鎮區,毒品,126,182805,year_end_registered_population,68.9259046525
2021,高雄市,前鎮區,汽車竊盜,2,182805,year_end_registered_population,1.0940619786
2021,高雄市,大寮區,住宅竊盜,1,111933,year_end_registered_population,0.8933915825
2021,高雄市,大寮區,強制性交,1,111933,year_end_registered_population,0.8933915825
2021,高雄市,大寮區,強盜,1,111933,year_end_registered_population,0.8933915825
2021,高雄市,大寮區,搶奪,1,111933,year_end_registered_population,0.8933915825
2021,高雄市,大寮區,機車竊盜,17,111933,year_end_registered_population,15.1876569019
2021,高雄市,大寮區,毒品,93,111933,year_end_registered_population,83.0854171692
2021,高雄市,大寮區,汽車竊盜,1,111933,year_end_registered_population,0.8933915825
2021,高雄市,大樹區,住宅竊盜,1,41257,year_end_registered_population,2.4238311074
2021,高雄市,大樹區,毒品,21,41257,year_end_registered_population,50.9004532564
2021,高雄市,大樹區,汽車竊盜,1,41257,year_end_registered_population,2.4238311074
2021,高雄市,大社區,強制性交,1,34050,year_end_registered_population,2.9368575624
2021,高雄市,大社區,強盜,1,34050,year_end_registered_population,2.9368575624
2021,高雄市,大社區,機車竊盜,1,34050,year_end_registered_population,2.9368575624
2021,高雄市,大社區,毒品,46,34050,year_end_registered_population,135.0954478708
2021,高雄市,大社區,汽車竊盜,1,34050,year_end_registered_population,2.9368575624
2021,高雄市,小港區,強制性交,1,156035,year_end_registered_population,0.6408818534
2021,高雄市,小港區,搶奪,1,156035,year_end_registered_population,0.6408818534
2021,高雄市,小港區,機車竊盜,10,156035,year_end_registered_population,6.4088185343
2021,高雄市,小港區,毒品,83,156035,year_end_registered_population,53.1931938347
2021,高雄市,岡山區,機車竊盜,3,95922,year_end_registered_population,3.1275411272
2021,高雄市,岡山區,毒品,75,95922,year_end_registered_population,78.1885281791
2021,高雄市,岡山區,汽車竊盜,3,95922,year_end_registered_population,3.1275411272
2021,高雄市,左營區,強制性交,1,196314,year_end_registered_population,0.5093880212
2021,高雄市,左營區,強盜,2,196314,year_end_registered_population,1.0187760425
2021,高雄市,左營區,搶奪,3,196314,year_end_registered_population,1.5281640637
2021,高雄市,左營區,機車竊盜,8,196314,year_end_registered_population,4.0751041699
2021,高雄市,左營區,毒品,99,196314,year_end_registered_population,50.4294141019
2021,高雄市,左營區,汽車竊盜,2,196314,year_end_registered_population,1.0187760425
2021,高雄市,彌陀區,毒品,10,18627,year_end_registered_population,53.6855102808
2021,高雄市,新興區,住宅竊盜,1,49383,year_end_registered_population,2.0249883563
2021,高雄市,新興區,強盜,1,49383,year_end_registered_population,2.0249883563
2021,高雄市,新興區,搶奪,2,49383,year_end_registered_population,4.0499767126
2021,高雄市,新興區,機車竊盜,13,49383,year_end_registered_population,26.3248486321
2021,高雄市,新興區,毒品,72,49383,year_end_registered_population,145.7991616548
2021,高雄市,旗山區,機車竊盜,3,35162,year_end_registered_population,8.5319378875
2021,高雄市,旗山區,毒品,33,35162,year_end_registered_population,93.8513167624
2021,高雄市,旗山區,汽車竊盜,4,35162,year_end_registered_population,11.3759171833
2021,高雄市,旗津區,機車竊盜,2,27204,year_end_registered_population,7.3518600206
2021,高雄市,旗津區,毒品,49,27204,year_end_registered_population,180.1205705043
2021,高雄市,杉林區,機車竊盜,1,11288,year_end_registered_population,8.8589652729
2021,高雄市,杉林區,毒品,39,11288,year_end_registered_population,345.4996456414
2021,高雄市,林園區,強制性交,1,68893,year_end_registered_population,1.4515262799
2021,高雄市,林園區,機車竊盜,4,68893,year_end_registered_population,5.8061051195
2021,高雄市,林園區,毒品,58,68893,year_end_registered_population,84.1885242332
2021,高雄市,林園區,汽車竊盜,1,68893,year_end_registered_population,1.4515262799
2021,高雄市,梓官區,機車竊盜,2,35117,year_end_registered_population,5.6952473161
2021,高雄市,梓官區,毒品,35,35117,year_end_registered_population,99.666828032
2021,高雄市,楠梓區,搶奪,3,190149,year_end_registered_population,1.5777101115
2021,高雄市,楠梓區,機車竊盜,9,190149,year_end_registered_population,4.7331303346
2021,高雄市,楠梓區,毒品,86,190149,year_end_registered_population,45.2276898643
2021,高雄市,楠梓區,汽車竊盜,3,190149,year_end_registered_population,1.5777101115
2021,高雄市,橋頭區,住宅竊盜,1,40094,year_end_registered_population,2.4941387739
2021,高雄市,橋頭區,機車竊盜,1,40094,year_end_registered_population,2.4941387739
2021,高雄市,橋頭區,毒品,30,40094,year_end_registered_population,74.8241632164
2021,高雄市,永安區,機車竊盜,1,13618,year_end_registered_population,7.3432222059
2021,高雄市,永安區,毒品,5,13618,year_end_registered_population,36.7161110295
2021,高雄市,湖內區,住宅竊盜,1,29648,year_end_registered_population,3.3729087965
2021,高雄市,湖內區,機車竊盜,1,29648,year_end_registered_population,3.3729087965
2021,高雄市,湖內區,毒品,17,29648,year_end_registered_population,57.3394495413
2021,高雄市,燕巢區,機車竊盜,5,29244,year_end_registered_population,17.0975242785
2021,高雄市,燕巢區,毒品,21,29244,year_end_registered_population,71.8096019696
2021,高雄市,燕巢區,汽車竊盜,3,29244,year_end_registered_population,10.2585145671
2021,高雄市,田寮區,毒品,1,6788,year_end_registered_population,14.7318797879
2021,高雄市,甲仙區,機車竊盜,2,5788,year_end_registered_population,34.5542501728
2021,高雄市,甲仙區,毒品,4,5788,year_end_registered_population,69.1085003455
2021,高雄市,美濃區,機車竊盜,4,37949,year_end_registered_population,10.5404621993
2021,高雄市,美濃區,毒品,18,37949,year_end_registered_population,47.4320798967
2021,高雄市,美濃區,汽車竊盜,2,37949,year_end_registered_population,5.2702310996
2021,高雄市,苓雅區,強制性交,1,164572,year_end_registered_population,0.607636779
2021,高雄市,苓雅區,搶奪,3,164572,year_end_registered_population,1.8229103371
2021,高雄市,苓雅區,機車竊盜,16,164572,year_end_registered_population,9.7221884646
2021,高雄市,苓雅區,毒品,186,164572,year_end_registered_population,113.0204409012
2021,高雄市,苓雅區,汽車竊盜,1,164572,year_end_registered_population,0.607636779
2021,高雄市,茄萣區,強盜,1,29812,year_end_registered_population,3.3543539514
2021,高雄市,茄萣區,機車竊盜,1,29812,year_end_registered_population,3.3543539514
2021,高雄市,茄萣區,毒品,25,29812,year_end_registered_population,83.8588487857
2021,高雄市,路竹區,住宅竊盜,1,51217,year_end_registered_population,1.9524767167
2021,高雄市,路竹區,強制性交,1,51217,year_end_registered_population,1.9524767167
2021,高雄市,路竹區,毒品,32,51217,year_end_registered_population,62.4792549349
2021,高雄市,阿蓮區,住宅竊盜,1,28011,year_end_registered_population,3.5700260612
2021,高雄市,阿蓮區,搶奪,1,28011,year_end_registered_population,3.5700260612
2021,高雄市,阿蓮區,機車竊盜,1,28011,year_end_registered_population,3.5700260612
2021,高雄市,阿蓮區,毒品,18,28011,year_end_registered_population,64.2604691014
2021,高雄市,阿蓮區,汽車竊盜,2,28011,year_end_registered_population,7.1400521224
2021,高雄市,鳥松區,搶奪,1,44393,year_end_registered_population,2.2526073931
2021,高雄市,鳥松區,毒品,57,44393,year_end_registered_population,128.3986214043
2021,高雄市,鳥松區,汽車竊盜,1,44393,year_end_registered_population,2.2526073931
2021,高雄市,鳳山區,住宅竊盜,1,357946,year_end_registered_population,0.2793717488
2021,高雄市,鳳山區,強制性交,2,357946,year_end_registered_population,0.5587434976
2021,高雄市,鳳山區,強盜,3,357946,year_end_registered_population,0.8381152464
2021,高雄市,鳳山區,搶奪,4,357946,year_end_registered_population,1.1174869952
2021,高雄市,鳳山區,毒品,268,357946,year_end_registered_population,74.8716286814
2021,高雄市,鳳山區,汽車竊盜,8,357946,year_end_registered_population,2.2349739905
2021,高雄市,鹽埕區,機車竊盜,1,22912,year_end_registered_population,4.3645251397
2021,高雄市,鹽埕區,毒品,14,22912,year_end_registered_population,61.1033519553
2021,高雄市,鼓山區,機車竊盜,5,140410,year_end_registered_population,3.5609999288
2021,高雄市,鼓山區,毒品,63,140410,year_end_registered_population,44.8685991026
2021,高雄市,鼓山區,汽車竊盜,1,140410,year_end_registered_population,0.7121999858
2022,南投縣,中寮鄉,住宅竊盜,4,13841,year_end_registered_population,28.8996459793
2022,南投縣,中寮鄉,機車竊盜,1,13841,year_end_registered_population,7.2249114948
2022,南投縣,中寮鄉,毒品,9,13841,year_end_registered_population,65.0242034535
2022,南投縣,仁愛鄉,住宅竊盜,1,15732,year_end_registered_population,6.3564708874
2022,南投縣,仁愛鄉,強制性交,1,15732,year_end_registered_population,6.3564708874
2022,南投縣,仁愛鄉,機車竊盜,2,15732,year_end_registered_population,12.7129417747
2022,南投縣,仁愛鄉,毒品,18,15732,year_end_registered_population,114.4164759725
2022,南投縣,仁愛鄉,汽車竊盜,1,15732,year_end_registered_population,6.3564708874
2022,南投縣,信義鄉,住宅竊盜,2,15594,year_end_registered_population,12.8254456842
2022,南投縣,信義鄉,機車竊盜,2,15594,year_end_registered_population,12.8254456842
2022,南投縣,信義鄉,毒品,4,15594,year_end_registered_population,25.6508913685
2022,南投縣,信義鄉,汽車竊盜,1,15594,year_end_registered_population,6.4127228421
2022,南投縣,南投市,住宅竊盜,27,97361,year_end_registered_population,27.7318433459
2022,南投縣,南投市,強盜,1,97361,year_end_registered_population,1.0271053091
2022,南投縣,南投市,搶奪,1,97361,year_end_registered_population,1.0271053091
2022,南投縣,南投市,機車竊盜,13,97361,year_end_registered_population,13.3523690184
2022,南投縣,南投市,毒品,91,97361,year_end_registered_population,93.4665831288
2022,南投縣,南投市,汽車竊盜,1,97361,year_end_registered_population,1.0271053091
2022,南投縣,名間鄉,住宅竊盜,2,36234,year_end_registered_population,5.5196776508
2022,南投縣,名間鄉,機車竊盜,1,36234,year_end_registered_population,2.7598388254
2022,南投縣,名間鄉,毒品,21,36234,year_end_registered_population,57.9566153337
2022,南投縣,名間鄉,汽車竊盜,2,36234,year_end_registered_population,5.5196776508
2022,南投縣,國姓鄉,機車竊盜,1,17256,year_end_registered_population,5.7950857673
2022,南投縣,國姓鄉,毒品,15,17256,year_end_registered_population,86.926286509
2022,南投縣,埔里鎮,住宅竊盜,19,77244,year_end_registered_population,24.5973797318
2022,南投縣,埔里鎮,強制性交,1,77244,year_end_registered_population,1.2945989333
2022,南投縣,埔里鎮,機車竊盜,6,77244,year_end_registered_population,7.7675935995
2022,南投縣,埔里鎮,毒品,131,77244,year_end_registered_population,169.5924602558
2022,南投縣,埔里鎮,汽車竊盜,1,77244,year_end_registered_population,1.2945989333
2022,南投縣,水里鄉,毒品,13,16387,year_end_registered_population,79.3311771526
2022,南投縣,水里鄉,汽車竊盜,2,16387,year_end_registered_population,12.204796485
2022,南投縣,竹山鎮,住宅竊盜,12,51863,year_end_registered_population,23.1378824981
2022,南投縣,竹山鎮,機車竊盜,1,51863,year_end_registered_population,1.9281568748
2022,南投縣,竹山鎮,毒品,44,51863,year_end_registered_population,84.8389024931
2022,南投縣,草屯鎮,住宅竊盜,57,96646,year_end_registered_population,58.978126358
2022,南投縣,草屯鎮,搶奪,1,96646,year_end_registered_population,1.0347039712
2022,南投縣,草屯鎮,機車竊盜,5,96646,year_end_registered_population,5.173519856
2022,南投縣,草屯鎮,毒品,103,96646,year_end_registered_population,106.574509033
2022,南投縣,草屯鎮,汽車竊盜,11,96646,year_end_registered_population,11.3817436831
2022,南投縣,集集鎮,住宅竊盜,1,10068,year_end_registered_population,9.9324592769
2022,南投縣,集集鎮,毒品,6,10068,year_end_registered_population,59.5947556615
2022,南投縣,集集鎮,汽車竊盜,1,10068,year_end_registered_population,9.9324592769
2022,南投縣,魚池鄉,住宅竊盜,1,14892,year_end_registered_population,6.715014773
2022,南投縣,魚池鄉,搶奪,1,14892,year_end_registered_population,6.715014773
2022,南投縣,魚池鄉,毒品,8,14892,year_end_registered_population,53.7201181843
2022,南投縣,魚池鄉,汽車竊盜,1,14892,year_end_registered_population,6.715014773
2022,南投縣,鹿谷鄉,住宅竊盜,1,16477,year_end_registered_population,6.0690659707
2022,南投縣,鹿谷鄉,強盜,1,16477,year_end_registered_population,6.0690659707
2022,南投縣,鹿谷鄉,毒品,17,16477,year_end_registered_population,103.1741215027
2022,南投縣,鹿谷鄉,汽車竊盜,1,16477,year_end_registered_population,6.0690659707
2022,嘉義市,東區,住宅竊盜,3,117826,year_end_registered_population,2.5461273403
2022,嘉義市,東區,強制性交,1,117826,year_end_registered_population,0.8487091134
2022,嘉義市,東區,搶奪,1,117826,year_end_registered_population,0.8487091134
2022,嘉義市,東區,機車竊盜,5,117826,year_end_registered_population,4.2435455672
2022,嘉義市,東區,毒品,126,117826,year_end_registered_population,106.9373482932
2022,嘉義市,東區,汽車竊盜,2,117826,year_end_registered_population,1.6974182269
2022,嘉義市,西區,住宅竊盜,2,145098,year_end_registered_population,1.3783787509
2022,嘉義市,西區,強制性交,3,145098,year_end_registered_population,2.0675681264
2022,嘉義市,西區,強盜,4,145098,year_end_registered_population,2.7567575018
2022,嘉義市,西區,機車竊盜,1,145098,year_end_registered_population,0.6891893755
2022,嘉義市,西區,毒品,286,145098,year_end_registered_population,197.1081613806
2022,嘉義市,西區,汽車竊盜,1,145098,year_end_registered_population,0.6891893755
2022,嘉義縣,中埔鄉,強制性交,2,43048,year_end_registered_population,4.6459765843
2022,嘉義縣,中埔鄉,機車竊盜,1,43048,year_end_registered_population,2.3229882921
2022,嘉義縣,中埔鄉,毒品,30,43048,year_end_registered_population,69.6896487642
2022,嘉義縣,六腳鄉,機車竊盜,1,21331,year_end_registered_population,4.6880127514
2022,嘉義縣,六腳鄉,毒品,7,21331,year_end_registered_population,32.8160892598
2022,嘉義縣,六腳鄉,汽車竊盜,2,21331,year_end_registered_population,9.3760255028
2022,嘉義縣,大林鎮,毒品,31,29744,year_end_registered_population,104.2227003765
2022,嘉義縣,大林鎮,汽車竊盜,1,29744,year_end_registered_population,3.3620225928
2022,嘉義縣,太保市,強制性交,1,38919,year_end_registered_population,2.5694390914
2022,嘉義縣,太保市,機車竊盜,1,38919,year_end_registered_population,2.5694390914
2022,嘉義縣,太保市,毒品,19,38919,year_end_registered_population,48.8193427375
2022,嘉義縣,太保市,汽車竊盜,5,38919,year_end_registered_population,12.8471954572
2022,嘉義縣,布袋鎮,機車竊盜,1,25056,year_end_registered_population,3.9910600255
2022,嘉義縣,布袋鎮,毒品,13,25056,year_end_registered_population,51.8837803321
2022,嘉義縣,新港鄉,住宅竊盜,1,30302,year_end_registered_population,3.3001122038
2022,嘉義縣,新港鄉,機車竊盜,4,30302,year_end_registered_population,13.2004488153
2022,嘉義縣,新港鄉,毒品,22,30302,year_end_registered_population,72.6024684839
2022,嘉義縣,新港鄉,汽車竊盜,1,30302,year_end_registered_population,3.3001122038
2022,嘉義縣,朴子市,住宅竊盜,2,40882,year_end_registered_population,4.8921285651
2022,嘉義縣,朴子市,毒品,27,40882,year_end_registered_population,66.0437356294
2022,嘉義縣,朴子市,汽車竊盜,1,40882,year_end_registered_population,2.4460642826
2022,嘉義縣,東石鄉,住宅竊盜,1,23144,year_end_registered_population,4.3207742828
2022,嘉義縣,東石鄉,強制性交,1,23144,year_end_registered_population,4.3207742828
2022,嘉義縣,東石鄉,毒品,10,23144,year_end_registered_population,43.2077428275
2022,嘉義縣,梅山鄉,毒品,6,18052,year_end_registered_population,33.237314425
2022,嘉義縣,梅山鄉,汽車竊盜,1,18052,year_end_registered_population,5.5395524042
2022,嘉義縣,民雄鄉,機車竊盜,3,70298,year_end_registered_population,4.2675467296
2022,嘉義縣,民雄鄉,毒品,47,70298,year_end_registered_population,66.8582320976
2022,嘉義縣,民雄鄉,汽車竊盜,1,70298,year_end_registered_population,1.4225155765
2022,嘉義縣,水上鄉,機車竊盜,2,47912,year_end_registered_population,4.1743195859
2022,嘉義縣,水上鄉,毒品,28,47912,year_end_registered_population,58.4404742027
2022,嘉義縣,水上鄉,汽車竊盜,1,47912,year_end_registered_population,2.087159793
2022,嘉義縣,溪口鄉,毒品,8,13463,year_end_registered_population,59.4221198841
2022,嘉義縣,竹崎鄉,機車竊盜,6,33792,year_end_registered_population,17.7556818182
2022,嘉義縣,竹崎鄉,毒品,21,33792,year_end_registered_population,62.1448863636
2022,嘉義縣,義竹鄉,住宅竊盜,1,16994,year_end_registered_population,5.8844297988
2022,嘉義縣,義竹鄉,毒品,6,16994,year_end_registered_population,35.3065787925
2022,嘉義縣,阿里山鄉,機車竊盜,1,5381,year_end_registered_population,18.5839063371
2022,嘉義縣,鹿草鄉,毒品,5,14426,year_end_registered_population,34.6596423125
2022,嘉義縣,鹿草鄉,汽車竊盜,1,14426,year_end_registered_population,6.9319284625
2022,基隆市,七堵區,住宅竊盜,2,53003,year_end_registered_population,3.7733713186
2022,基隆市,七堵區,強盜,1,53003,year_end_registered_population,1.8866856593
2022,基隆市,七堵區,搶奪,1,53003,year_end_registered_population,1.8866856593
2022,基隆市,七堵區,機車竊盜,4,53003,year_end_registered_population,7.5467426372
2022,基隆市,七堵區,毒品,98,53003,year_end_registered_population,184.8951946116
2022,基隆市,七堵區,汽車竊盜,4,53003,year_end_registered_population,7.5467426372
2022,基隆市,中山區,住宅竊盜,5,45038,year_end_registered_population,11.1017363116
2022,基隆市,中山區,機車竊盜,13,45038,year_end_registered_population,28.8645144101
2022,基隆市,中山區,毒品,100,45038,year_end_registered_population,222.0347262312
2022,基隆市,中正區,住宅竊盜,11,50574,year_end_registered_population,21.7503064816
2022,基隆市,中正區,機車竊盜,14,50574,year_end_registered_population,27.6822082493
2022,基隆市,中正區,毒品,63,50574,year_end_registered_population,124.5699371218
2022,基隆市,中正區,汽車竊盜,7,50574,year_end_registered_population,13.8411041246
2022,基隆市,仁愛區,住宅竊盜,7,41328,year_end_registered_population,16.9376693767
2022,基隆市,仁愛區,強制性交,1,41328,year_end_registered_population,2.4196670538
2022,基隆市,仁愛區,搶奪,1,41328,year_end_registered_population,2.4196670538
2022,基隆市,仁愛區,機車竊盜,9,41328,year_end_registered_population,21.7770034843
2022,基隆市,仁愛區,毒品,178,41328,year_end_registered_population,430.7007355788
2022,基隆市,仁愛區,汽車竊盜,2,41328,year_end_registered_population,4.8393341076
2022,基隆市,信義區,住宅竊盜,10,52966,year_end_registered_population,18.8800362497
2022,基隆市,信義區,機車竊盜,3,52966,year_end_registered_population,5.6640108749
2022,基隆市,信義區,毒品,54,52966,year_end_registered_population,101.9521957482
2022,基隆市,信義區,汽車竊盜,3,52966,year_end_registered_population,5.6640108749
2022,基隆市,安樂區,住宅竊盜,9,80297,year_end_registered_population,11.2083888564
2022,基隆市,安樂區,搶奪,2,80297,year_end_registered_population,2.4907530792
2022,基隆市,安樂區,機車竊盜,3,80297,year_end_registered_population,3.7361296188
2022,基隆市,安樂區,毒品,54,80297,year_end_registered_population,67.2503331382
2022,基隆市,暖暖區,住宅竊盜,4,38320,year_end_registered_population,10.4384133612
2022,基隆市,暖暖區,機車竊盜,3,38320,year_end_registered_population,7.8288100209
2022,基隆市,暖暖區,毒品,77,38320,year_end_registered_population,200.9394572025
2022,基隆市,暖暖區,汽車竊盜,3,38320,year_end_registered_population,7.8288100209
2022,宜蘭縣,三星鄉,住宅竊盜,1,21235,year_end_registered_population,4.7092064987
2022,宜蘭縣,三星鄉,機車竊盜,4,21235,year_end_registered_population,18.8368259948
2022,宜蘭縣,三星鄉,毒品,16,21235,year_end_registered_population,75.3473039793
2022,宜蘭縣,三星鄉,汽車竊盜,1,21235,year_end_registered_population,4.7092064987
2022,宜蘭縣,五結鄉,機車竊盜,6,40662,year_end_registered_population,14.7557916482
2022,宜蘭縣,五結鄉,毒品,52,40662,year_end_registered_population,127.8835276179
2022,宜蘭縣,五結鄉,汽車竊盜,7,40662,year_end_registered_population,17.2150902563
2022,宜蘭縣,冬山鄉,機車竊盜,10,52761,year_end_registered_population,18.9533936051
2022,宜蘭縣,冬山鄉,毒品,31,52761,year_end_registered_population,58.7555201759
2022,宜蘭縣,冬山鄉,汽車竊盜,9,52761,year_end_registered_population,17.0580542446
2022,宜蘭縣,南澳鄉,機車竊盜,1,6119,year_end_registered_population,16.3425396307
2022,宜蘭縣,南澳鄉,毒品,6,6119,year_end_registered_population,98.055237784
2022,宜蘭縣,南澳鄉,汽車竊盜,1,6119,year_end_registered_population,16.3425396307
2022,宜蘭縣,員山鄉,住宅竊盜,1,31918,year_end_registered_population,3.1330283852
2022,宜蘭縣,員山鄉,機車竊盜,3,31918,year_end_registered_population,9.3990851557
2022,宜蘭縣,員山鄉,毒品,30,31918,year_end_registered_population,93.9908515571
2022,宜蘭縣,員山鄉,汽車竊盜,2,31918,year_end_registered_population,6.2660567705
2022,宜蘭縣,壯圍鄉,住宅竊盜,1,24417,year_end_registered_population,4.0955072286
2022,宜蘭縣,壯圍鄉,機車竊盜,1,24417,year_end_registered_population,4.0955072286
2022,宜蘭縣,壯圍鄉,毒品,12,24417,year_end_registered_population,49.1460867428
2022,宜蘭縣,壯圍鄉,汽車竊盜,1,24417,year_end_registered_population,4.0955072286
2022,宜蘭縣,宜蘭市,住宅竊盜,2,94679,year_end_registered_population,2.1124008492
2022,宜蘭縣,宜蘭市,強制性交,1,94679,year_end_registered_population,1.0562004246
2022,宜蘭縣,宜蘭市,搶奪,1,94679,year_end_registered_population,1.0562004246
2022,宜蘭縣,宜蘭市,機車竊盜,18,94679,year_end_registered_population,19.0116076427
2022,宜蘭縣,宜蘭市,毒品,60,94679,year_end_registered_population,63.3720254756
2022,宜蘭縣,宜蘭市,汽車竊盜,1,94679,year_end_registered_population,1.0562004246
2022,宜蘭縣,礁溪鄉,住宅竊盜,1,34800,year_end_registered_population,2.8735632184
2022,宜蘭縣,礁溪鄉,強盜,1,34800,year_end_registered_population,2.8735632184
2022,宜蘭縣,礁溪鄉,毒品,38,34800,year_end_registered_population,109.1954022989
2022,宜蘭縣,礁溪鄉,汽車竊盜,1,34800,year_end_registered_population,2.8735632184
2022,宜蘭縣,羅東鎮,機車竊盜,28,70012,year_end_registered_population,39.9931440325
2022,宜蘭縣,羅東鎮,毒品,61,70012,year_end_registered_population,87.1279209278
2022,宜蘭縣,羅東鎮,汽車竊盜,7,70012,year_end_registered_population,9.9982860081
2022,宜蘭縣,蘇澳鎮,機車竊盜,3,37867,year_end_registered_population,7.9224654713
2022,宜蘭縣,蘇澳鎮,毒品,57,37867,year_end_registered_population,150.5268439538
2022,宜蘭縣,蘇澳鎮,汽車竊盜,1,37867,year_end_registered_population,2.6408218238
2022,宜蘭縣,頭城鎮,毒品,21,28453,year_end_registered_population,73.8059255615
2022,宜蘭縣,頭城鎮,汽車竊盜,1,28453,year_end_registered_population,3.5145678839
2022,屏東縣,三地門鄉,毒品,7,7793,year_end_registered_population,89.8242012062
2022,屏東縣,九如鄉,毒品,21,21645,year_end_registered_population,97.0200970201
2022,屏東縣,九如鄉,汽車竊盜,1,21645,year_end_registered_population,4.62000462
2022,屏東縣,佳冬鄉,機車竊盜,4,18095,year_end_registered_population,22.1055540204
2022,屏東縣,佳冬鄉,毒品,11,18095,year_end_registered_population,60.7902735562
2022,屏東縣,佳冬鄉,汽車竊盜,1,18095,year_end_registered_population,5.5263885051
2022,屏東縣,來義鄉,毒品,2,7423,year_end_registered_population,26.9432843864
2022,屏東縣,內埔鄉,強制性交,1,52258,year_end_registered_population,1.9135826094
2022,屏東縣,內埔鄉,強盜,1,52258,year_end_registered_population,1.9135826094
2022,屏東縣,內埔鄉,機車竊盜,4,52258,year_end_registered_population,7.6543304374
2022,屏東縣,內埔鄉,毒品,47,52258,year_end_registered_population,89.93838264
2022,屏東縣,內埔鄉,汽車竊盜,2,52258,year_end_registered_population,3.8271652187
2022,屏東縣,南州鄉,毒品,11,10049,year_end_registered_population,109.4636282217
2022,屏東縣,屏東市,強制性交,1,193941,year_end_registered_population,0.51562073
2022,屏東縣,屏東市,強盜,2,193941,year_end_registered_population,1.03124146
2022,屏東縣,屏東市,機車竊盜,18,193941,year_end_registered_population,9.2811731403
2022,屏東縣,屏東市,毒品,257,193941,year_end_registered_population,132.5145276141
2022,屏東縣,屏東市,汽車竊盜,4,193941,year_end_registered_population,2.0624829201
2022,屏東縣,崁頂鄉,機車竊盜,1,15168,year_end_registered_population,6.5928270042
2022,屏東縣,崁頂鄉,毒品,9,15168,year_end_registered_population,59.335443038
2022,屏東縣,恆春鎮,機車竊盜,3,29899,year_end_registered_population,10.033780394
2022,屏東縣,恆春鎮,毒品,19,29899,year_end_registered_population,63.5472758286
2022,屏東縣,恆春鎮,汽車竊盜,1,29899,year_end_registered_population,3.3445934647
2022,屏東縣,新園鄉,強制性交,1,33091,year_end_registered_population,3.0219697199
2022,屏東縣,新園鄉,機車竊盜,2,33091,year_end_registered_population,6.0439394397
2022,屏東縣,新園鄉,毒品,37,33091,year_end_registered_population,111.8128796349
2022,屏東縣,新園鄉,汽車竊盜,1,33091,year_end_registered_population,3.0219697199
2022,屏東縣,新埤鄉,強盜,1,9623,year_end_registered_population,10.3917697184
2022,屏東縣,新埤鄉,毒品,10,9623,year_end_registered_population,103.9176971838
2022,屏東縣,春日鄉,機車竊盜,3,4889,year_end_registered_population,61.3622417672
2022,屏東縣,春日鄉,毒品,8,4889,year_end_registered_population,163.6326447126
2022,屏東縣,東港鎮,強制性交,1,45908,year_end_registered_population,2.1782695826
2022,屏東縣,東港鎮,機車竊盜,1,45908,year_end_registered_population,2.1782695826
2022,屏東縣,東港鎮,毒品,52,45908,year_end_registered_population,113.2700182975
2022,屏東縣,東港鎮,汽車竊盜,1,45908,year_end_registered_population,2.1782695826
2022,屏東縣,枋寮鄉,機車竊盜,4,22969,year_end_registered_population,17.4147764378
2022,屏東縣,枋寮鄉,毒品,33,22969,year_end_registered_population,143.6719056119
2022,屏東縣,枋寮鄉,汽車竊盜,1,22969,year_end_registered_population,4.3536941095
2022,屏東縣,枋山鄉,毒品,5,5128,year_end_registered_population,97.503900156
2022,屏東縣,林邊鄉,機車竊盜,2,16762,year_end_registered_population,11.9317503878
2022,屏東縣,林邊鄉,毒品,15,16762,year_end_registered_population,89.4881279084
2022,屏東縣,泰武鄉,強制性交,1,5338,year_end_registered_population,18.7336080929
2022,屏東縣,泰武鄉,毒品,2,5338,year_end_registered_population,37.4672161858
2022,屏東縣,潮州鎮,住宅竊盜,2,53124,year_end_registered_population,3.7647767487
2022,屏東縣,潮州鎮,強盜,1,53124,year_end_registered_population,1.8823883744
2022,屏東縣,潮州鎮,機車竊盜,3,53124,year_end_registered_population,5.6471651231
2022,屏東縣,潮州鎮,毒品,78,53124,year_end_registered_population,146.8262932008
2022,屏東縣,潮州鎮,汽車竊盜,2,53124,year_end_registered_population,3.7647767487
2022,屏東縣,牡丹鄉,機車竊盜,1,4866,year_end_registered_population,20.5507603781
2022,屏東縣,牡丹鄉,毒品,1,4866,year_end_registered_population,20.5507603781
2022,屏東縣,獅子鄉,毒品,5,4891,year_end_registered_population,102.2285831118
2022,屏東縣,琉球鄉,機車竊盜,1,12216,year_end_registered_population,8.1859855927
2022,屏東縣,琉球鄉,毒品,3,12216,year_end_registered_population,24.557956778
2022,屏東縣,瑪家鄉,強制性交,1,6796,year_end_registered_population,14.7145379635
2022,屏東縣,瑪家鄉,毒品,4,6796,year_end_registered_population,58.858151854
2022,屏東縣,竹田鄉,機車竊盜,2,16073,year_end_registered_population,12.4432277733
2022,屏東縣,竹田鄉,毒品,16,16073,year_end_registered_population,99.5458221863
2022,屏東縣,竹田鄉,汽車竊盜,1,16073,year_end_registered_population,6.2216138866
2022,屏東縣,萬丹鄉,機車竊盜,2,49457,year_end_registered_population,4.0439169379
2022,屏東縣,萬丹鄉,毒品,55,49457,year_end_registered_population,111.2077157935
2022,屏東縣,萬丹鄉,汽車竊盜,1,49457,year_end_registered_population,2.021958469
2022,屏東縣,萬巒鄉,機車竊盜,2,19478,year_end_registered_population,10.2679946606
2022,屏東縣,萬巒鄉,毒品,17,19478,year_end_registered_population,87.2779546155
2022,屏東縣,車城鄉,強盜,1,8194,year_end_registered_population,12.2040517452
2022,屏東縣,車城鄉,機車竊盜,1,8194,year_end_registered_population,12.2040517452
2022,屏東縣,車城鄉,毒品,8,8194,year_end_registered_population,97.6324139614
2022,屏東縣,車城鄉,汽車竊盜,1,8194,year_end_registered_population,12.2040517452
2022,屏東縣,里港鄉,機車竊盜,1,25685,year_end_registered_population,3.8933229511
2022,屏東縣,里港鄉,毒品,20,25685,year_end_registered_population,77.8664590228
2022,屏東縣,里港鄉,汽車竊盜,1,25685,year_end_registered_population,3.8933229511
2022,屏東縣,長治鄉,毒品,30,29126,year_end_registered_population,103.0007553389
2022,屏東縣,長治鄉,汽車竊盜,2,29126,year_end_registered_population,6.8667170226
2022,屏東縣,高樹鄉,強盜,1,23182,year_end_registered_population,4.3136916573
2022,屏東縣,高樹鄉,機車竊盜,1,23182,year_end_registered_population,4.3136916573
2022,屏東縣,高樹鄉,毒品,63,23182,year_end_registered_population,271.7625744112
2022,屏東縣,鹽埔鄉,毒品,25,24266,year_end_registered_population,103.0248083739
2022,屏東縣,麟洛鄉,機車竊盜,1,10592,year_end_registered_population,9.4410876133
2022,屏東縣,麟洛鄉,毒品,13,10592,year_end_registered_population,122.7341389728
2022,屏東縣,麟洛鄉,汽車竊盜,1,10592,year_end_registered_population,9.4410876133
2022,彰化縣,二林鎮,機車竊盜,4,48390,year_end_registered_population,8.2661706964
2022,彰化縣,二林鎮,毒品,35,48390,year_end_registered_population,72.3289935937
2022,彰化縣,二林鎮,汽車竊盜,3,48390,year_end_registered_population,6.1996280223
2022,彰化縣,二水鄉,機車竊盜,1,14168,year_end_registered_population,7.0581592321
2022,彰化縣,二水鄉,毒品,20,14168,year_end_registered_population,141.1631846414
2022,彰化縣,伸港鄉,強盜,1,37948,year_end_registered_population,2.63518499
2022,彰化縣,伸港鄉,機車竊盜,1,37948,year_end_registered_population,2.63518499
2022,彰化縣,伸港鄉,毒品,33,37948,year_end_registered_population,86.9611046695
2022,彰化縣,北斗鎮,住宅竊盜,3,33259,year_end_registered_population,9.0201148561
2022,彰化縣,北斗鎮,強盜,1,33259,year_end_registered_population,3.006704952
2022,彰化縣,北斗鎮,機車竊盜,6,33259,year_end_registered_population,18.0402297123
2022,彰化縣,北斗鎮,毒品,24,33259,year_end_registered_population,72.160918849
2022,彰化縣,和美鎮,住宅竊盜,2,88666,year_end_registered_population,2.2556560576
2022,彰化縣,和美鎮,強盜,1,88666,year_end_registered_population,1.1278280288
2022,彰化縣,和美鎮,機車竊盜,5,88666,year_end_registered_population,5.6391401439
2022,彰化縣,和美鎮,毒品,47,88666,year_end_registered_population,53.0079173528
2022,彰化縣,和美鎮,汽車竊盜,1,88666,year_end_registered_population,1.1278280288
2022,彰化縣,員林市,住宅竊盜,1,122367,year_end_registered_population,0.8172137913
2022,彰化縣,員林市,強制性交,4,122367,year_end_registered_population,3.2688551652
2022,彰化縣,員林市,強盜,1,122367,year_end_registered_population,0.8172137913
2022,彰化縣,員林市,機車竊盜,16,122367,year_end_registered_population,13.0754206608
2022,彰化縣,員林市,毒品,95,122367,year_end_registered_population,77.6353101735
2022,彰化縣,員林市,汽車竊盜,4,122367,year_end_registered_population,3.2688551652
2022,彰化縣,埔心鄉,機車竊盜,6,33813,year_end_registered_population,17.7446544229
2022,彰化縣,埔心鄉,毒品,17,33813,year_end_registered_population,50.2765208648
2022,彰化縣,埔心鄉,汽車竊盜,2,33813,year_end_registered_population,5.9148848076
2022,彰化縣,埔鹽鄉,機車竊盜,2,31349,year_end_registered_population,6.379788829
2022,彰化縣,埔鹽鄉,毒品,11,31349,year_end_registered_population,35.0888385594
2022,彰化縣,埤頭鄉,住宅竊盜,1,29293,year_end_registered_population,3.4137848633
2022,彰化縣,埤頭鄉,強盜,1,29293,year_end_registered_population,3.4137848633
2022,彰化縣,埤頭鄉,機車竊盜,1,29293,year_end_registered_population,3.4137848633
2022,彰化縣,埤頭鄉,毒品,19,29293,year_end_registered_population,64.8619124023
2022,彰化縣,埤頭鄉,汽車竊盜,1,29293,year_end_registered_population,3.4137848633
2022,彰化縣,大城鄉,機車竊盜,1,15455,year_end_registered_population,6.4703979295
2022,彰化縣,大城鄉,毒品,2,15455,year_end_registered_population,12.9407958589
2022,彰化縣,大村鄉,住宅竊盜,3,40392,year_end_registered_population,7.4272133096
2022,彰化縣,大村鄉,強制性交,1,40392,year_end_registered_population,2.4757377699
2022,彰化縣,大村鄉,搶奪,1,40392,year_end_registered_population,2.4757377699
2022,彰化縣,大村鄉,機車竊盜,2,40392,year_end_registered_population,4.9514755397
2022,彰化縣,大村鄉,毒品,31,40392,year_end_registered_population,76.7478708655
2022,彰化縣,大村鄉,汽車竊盜,8,40392,year_end_registered_population,19.8059021588
2022,彰化縣,彰化市,住宅竊盜,5,226519,year_end_registered_population,2.2073203572
2022,彰化縣,彰化市,強制性交,2,226519,year_end_registered_population,0.8829281429
2022,彰化縣,彰化市,搶奪,3,226519,year_end_registered_population,1.3243922143
2022,彰化縣,彰化市,機車竊盜,25,226519,year_end_registered_population,11.0366017862
2022,彰化縣,彰化市,毒品,131,226519,year_end_registered_population,57.8317933595
2022,彰化縣,彰化市,汽車竊盜,3,226519,year_end_registered_population,1.3243922143
2022,彰化縣,永靖鄉,住宅竊盜,1,35464,year_end_registered_population,2.8197608843
2022,彰化縣,永靖鄉,強制性交,1,35464,year_end_registered_population,2.8197608843
2022,彰化縣,永靖鄉,機車竊盜,1,35464,year_end_registered_population,2.8197608843
2022,彰化縣,永靖鄉,毒品,11,35464,year_end_registered_population,31.017369727
2022,彰化縣,永靖鄉,汽車竊盜,1,35464,year_end_registered_population,2.8197608843
2022,彰化縣,溪州鄉,住宅竊盜,2,28620,year_end_registered_population,6.9881201957
2022,彰化縣,溪州鄉,機車竊盜,1,28620,year_end_registered_population,3.4940600978
2022,彰化縣,溪州鄉,毒品,18,28620,year_end_registered_population,62.893081761
2022,彰化縣,溪州鄉,汽車竊盜,1,28620,year_end_registered_population,3.4940600978
2022,彰化縣,溪湖鎮,機車竊盜,6,54056,year_end_registered_population,11.0996004144
2022,彰化縣,溪湖鎮,毒品,24,54056,year_end_registered_population,44.3984016575
2022,彰化縣,溪湖鎮,汽車竊盜,2,54056,year_end_registered_population,3.6998668048
2022,彰化縣,田中鎮,機車竊盜,3,39693,year_end_registered_population,7.5580077092
2022,彰化縣,田中鎮,毒品,36,39693,year_end_registered_population,90.69609251
2022,彰化縣,田尾鄉,住宅竊盜,2,26069,year_end_registered_population,7.6719475239
2022,彰化縣,田尾鄉,機車竊盜,2,26069,year_end_registered_population,7.6719475239
2022,彰化縣,田尾鄉,毒品,13,26069,year_end_registered_population,49.8676589052
2022,彰化縣,社頭鄉,機車竊盜,3,41606,year_end_registered_population,7.2104984858
2022,彰化縣,社頭鄉,毒品,43,41606,year_end_registered_population,103.3504782964
2022,彰化縣,社頭鄉,汽車竊盜,2,41606,year_end_registered_population,4.8069989905
2022,彰化縣,福興鄉,住宅竊盜,1,45445,year_end_registered_population,2.200462097
2022,彰化縣,福興鄉,機車竊盜,1,45445,year_end_registered_population,2.200462097
2022,彰化縣,福興鄉,毒品,19,45445,year_end_registered_population,41.8087798438
2022,彰化縣,福興鄉,汽車竊盜,1,45445,year_end_registered_population,2.200462097
2022,彰化縣,秀水鄉,住宅竊盜,3,38258,year_end_registered_population,7.8414972032
2022,彰化縣,秀水鄉,強制性交,1,38258,year_end_registered_population,2.6138324011
2022,彰化縣,秀水鄉,機車竊盜,5,38258,year_end_registered_population,13.0691620053
2022,彰化縣,秀水鄉,毒品,15,38258,year_end_registered_population,39.207486016
2022,彰化縣,秀水鄉,汽車竊盜,1,38258,year_end_registered_population,2.6138324011
2022,彰化縣,竹塘鄉,住宅竊盜,1,14370,year_end_registered_population,6.9589422408
2022,彰化縣,竹塘鄉,毒品,3,14370,year_end_registered_population,20.8768267223
2022,彰化縣,線西鄉,毒品,9,16303,year_end_registered_population,55.2045635773
2022,彰化縣,芬園鄉,住宅竊盜,3,22456,year_end_registered_population,13.3594584966
2022,彰化縣,芬園鄉,毒品,12,22456,year_end_registered_population,53.4378339865
2022,彰化縣,花壇鄉,住宅竊盜,4,44296,year_end_registered_population,9.0301607369
2022,彰化縣,花壇鄉,強盜,1,44296,year_end_registered_population,2.2575401842
2022,彰化縣,花壇鄉,機車竊盜,1,44296,year_end_registered_population,2.2575401842
2022,彰化縣,花壇鄉,毒品,14,44296,year_end_registered_population,31.605562579
2022,彰化縣,花壇鄉,汽車竊盜,3,44296,year_end_registered_population,6.7726205526
2022,彰化縣,芳苑鄉,住宅竊盜,2,31614,year_end_registered_population,6.326311128
2022,彰化縣,芳苑鄉,強盜,1,31614,year_end_registered_population,3.163155564
2022,彰化縣,芳苑鄉,機車竊盜,2,31614,year_end_registered_population,6.326311128
2022,彰化縣,芳苑鄉,毒品,7,31614,year_end_registered_population,22.1420889479
2022,彰化縣,芳苑鄉,汽車竊盜,1,31614,year_end_registered_population,3.163155564
2022,彰化縣,鹿港鎮,住宅竊盜,2,85370,year_end_registered_population,2.3427433525
2022,彰化縣,鹿港鎮,搶奪,2,85370,year_end_registered_population,2.3427433525
2022,彰化縣,鹿港鎮,機車竊盜,3,85370,year_end_registered_population,3.5141150287
2022,彰化縣,鹿港鎮,毒品,51,85370,year_end_registered_population,59.7399554879
2022,彰化縣,鹿港鎮,汽車竊盜,1,85370,year_end_registered_population,1.1713716762
2022,新北市,三峽區,住宅竊盜,12,115274,year_end_registered_population,10.4099797005
2022,新北市,三峽區,強盜,1,115274,year_end_registered_population,0.8674983084
2022,新北市,三峽區,搶奪,1,115274,year_end_registered_population,0.8674983084
2022,新北市,三峽區,機車竊盜,20,115274,year_end_registered_population,17.3499661676
2022,新北市,三峽區,毒品,70,115274,year_end_registered_population,60.7248815865
2022,新北市,三峽區,汽車竊盜,5,115274,year_end_registered_population,4.3374915419
2022,新北市,三芝區,住宅竊盜,1,22228,year_end_registered_population,4.4988303041
2022,新北市,三芝區,強盜,2,22228,year_end_registered_population,8.9976606082
2022,新北市,三芝區,機車竊盜,3,22228,year_end_registered_population,13.4964909124
2022,新北市,三芝區,毒品,21,22228,year_end_registered_population,94.4754363865
2022,新北市,三重區,住宅竊盜,51,379825,year_end_registered_population,13.4272362272
2022,新北市,三重區,強制性交,1,379825,year_end_registered_population,0.2632791417
2022,新北市,三重區,強盜,5,379825,year_end_registered_population,1.3163957085
2022,新北市,三重區,搶奪,5,379825,year_end_registered_population,1.3163957085
2022,新北市,三重區,機車竊盜,55,379825,year_end_registered_population,14.480352794
2022,新北市,三重區,毒品,914,379825,year_end_registered_population,240.6371355229
2022,新北市,三重區,汽車竊盜,9,379825,year_end_registered_population,2.3695122754
2022,新北市,中和區,住宅竊盜,41,403109,year_end_registered_population,10.1709463197
2022,新北市,中和區,強盜,2,403109,year_end_registered_population,0.4961437229
2022,新北市,中和區,搶奪,3,403109,year_end_registered_population,0.7442155844
2022,新北市,中和區,機車竊盜,22,403109,year_end_registered_population,5.4575809521
2022,新北市,中和區,毒品,199,403109,year_end_registered_population,49.3663004299
2022,新北市,中和區,汽車竊盜,1,403109,year_end_registered_population,0.2480718615
2022,新北市,五股區,住宅竊盜,4,91436,year_end_registered_population,4.3746445601
2022,新北市,五股區,強盜,1,91436,year_end_registered_population,1.09366114
2022,新北市,五股區,機車竊盜,9,91436,year_end_registered_population,9.8429502603
2022,新北市,五股區,毒品,48,91436,year_end_registered_population,52.4957347216
2022,新北市,五股區,汽車竊盜,2,91436,year_end_registered_population,2.1873222801
2022,新北市,八里區,機車竊盜,2,40902,year_end_registered_population,4.8897364432
2022,新北市,八里區,毒品,14,40902,year_end_registered_population,34.2281551024
2022,新北市,八里區,汽車竊盜,1,40902,year_end_registered_population,2.4448682216
2022,新北市,土城區,住宅竊盜,13,237538,year_end_registered_population,5.4728085612
2022,新北市,土城區,搶奪,2,237538,year_end_registered_population,0.8419705479
2022,新北市,土城區,機車竊盜,14,237538,year_end_registered_population,5.8937938351
2022,新北市,土城區,毒品,198,237538,year_end_registered_population,83.3550842392
2022,新北市,土城區,汽車竊盜,15,237538,year_end_registered_population,6.314779109
2022,新北市,坪林區,機車竊盜,1,6553,year_end_registered_population,15.2601861743
2022,新北市,平溪區,毒品,2,4268,year_end_registered_population,46.8603561387
2022,新北市,新店區,住宅竊盜,12,298594,year_end_registered_population,4.0188349398
2022,新北市,新店區,強盜,1,298594,year_end_registered_population,0.3349029116
2022,新北市,新店區,搶奪,1,298594,year_end_registered_population,0.3349029116
2022,新北市,新店區,機車竊盜,26,298594,year_end_registered_population,8.7074757028
2022,新北市,新店區,毒品,194,298594,year_end_registered_population,64.9711648593
2022,新北市,新店區,汽車竊盜,2,298594,year_end_registered_population,0.6698058233
2022,新北市,新莊區,住宅竊盜,22,419966,year_end_registered_population,5.2385193087
2022,新北市,新莊區,強盜,5,419966,year_end_registered_population,1.1905725702
2022,新北市,新莊區,搶奪,5,419966,year_end_registered_population,1.1905725702
2022,新北市,新莊區,機車竊盜,36,419966,year_end_registered_population,8.5721225052
2022,新北市,新莊區,毒品,257,419966,year_end_registered_population,61.1954301062
2022,新北市,新莊區,汽車竊盜,3,419966,year_end_registered_population,0.7143435421
2022,新北市,板橋區,住宅竊盜,12,549572,year_end_registered_population,2.1835173553
2022,新北市,板橋區,強盜,3,549572,year_end_registered_population,0.5458793388
2022,新北市,板橋區,搶奪,3,549572,year_end_registered_population,0.5458793388
2022,新北市,板橋區,機車竊盜,37,549572,year_end_registered_population,6.7325118456
2022,新北市,板橋區,毒品,533,549572,year_end_registered_population,96.9845625323
2022,新北市,板橋區,汽車竊盜,10,549572,year_end_registered_population,1.8195977961
2022,新北市,林口區,住宅竊盜,5,127887,year_end_registered_population,3.9097015334
2022,新北市,林口區,機車竊盜,7,127887,year_end_registered_population,5.4735821467
2022,新北市,林口區,毒品,26,127887,year_end_registered_population,20.3304479736
2022,新北市,林口區,汽車竊盜,2,127887,year_end_registered_population,1.5638806134
2022,新北市,樹林區,住宅竊盜,17,180067,year_end_registered_population,9.4409303204
2022,新北市,樹林區,搶奪,4,180067,year_end_registered_population,2.2213953695
2022,新北市,樹林區,機車竊盜,18,180067,year_end_registered_population,9.9962791628
2022,新北市,樹林區,毒品,241,180067,year_end_registered_population,133.8390710125
2022,新北市,樹林區,汽車竊盜,6,180067,year_end_registered_population,3.3320930543
2022,新北市,永和區,住宅竊盜,10,212170,year_end_registered_population,4.7132016779
2022,新北市,永和區,機車竊盜,10,212170,year_end_registered_population,4.7132016779
2022,新北市,永和區,毒品,94,212170,year_end_registered_population,44.3040957723
2022,新北市,汐止區,住宅竊盜,3,206265,year_end_registered_population,1.4544396771
2022,新北市,汐止區,強制性交,1,206265,year_end_registered_population,0.4848132257
2022,新北市,汐止區,強盜,1,206265,year_end_registered_population,0.4848132257
2022,新北市,汐止區,機車竊盜,10,206265,year_end_registered_population,4.848132257
2022,新北市,汐止區,毒品,78,206265,year_end_registered_population,37.815431605
2022,新北市,汐止區,汽車竊盜,5,206265,year_end_registered_population,2.4240661285
2022,新北市,泰山區,住宅竊盜,4,76982,year_end_registered_population,5.1960198488
2022,新北市,泰山區,強盜,1,76982,year_end_registered_population,1.2990049622
2022,新北市,泰山區,機車竊盜,8,76982,year_end_registered_population,10.3920396976
2022,新北市,泰山區,毒品,44,76982,year_end_registered_population,57.1562183368
2022,新北市,泰山區,汽車竊盜,2,76982,year_end_registered_population,2.5980099244
2022,新北市,淡水區,住宅竊盜,1,187823,year_end_registered_population,0.5324161578
2022,新北市,淡水區,強制性交,2,187823,year_end_registered_population,1.0648323155
2022,新北市,淡水區,機車竊盜,8,187823,year_end_registered_population,4.2593292621
2022,新北市,淡水區,毒品,64,187823,year_end_registered_population,34.074634097
2022,新北市,深坑區,住宅竊盜,3,23528,year_end_registered_population,12.7507650459
2022,新北市,深坑區,毒品,11,23528,year_end_registered_population,46.7528051683
2022,新北市,烏來區,機車竊盜,2,6359,year_end_registered_population,31.4514860827
2022,新北市,烏來區,毒品,10,6359,year_end_registered_population,157.2574304136
2022,新北市,瑞芳區,機車竊盜,6,37695,year_end_registered_population,15.9172304019
2022,新北市,瑞芳區,毒品,94,37695,year_end_registered_population,249.3699429633
2022,新北市,瑞芳區,汽車竊盜,2,37695,year_end_registered_population,5.3057434673
2022,新北市,石碇區,毒品,2,7292,year_end_registered_population,27.4273176083
2022,新北市,石門區,住宅竊盜,1,10961,year_end_registered_population,9.1232551774
2022,新北市,萬里區,住宅竊盜,2,21101,year_end_registered_population,9.4782237809
2022,新北市,萬里區,毒品,23,21101,year_end_registered_population,108.9995734799
2022,新北市,萬里區,汽車竊盜,1,21101,year_end_registered_population,4.7391118904
2022,新北市,蘆洲區,住宅竊盜,8,199811,year_end_registered_population,4.0037835755
2022,新北市,蘆洲區,強盜,1,199811,year_end_registered_population,0.5004729469
2022,新北市,蘆洲區,搶奪,1,199811,year_end_registered_population,0.5004729469
2022,新北市,蘆洲區,機車竊盜,16,199811,year_end_registered_population,8.007567151
2022,新北市,蘆洲區,毒品,183,199811,year_end_registered_population,91.5865492891
2022,新北市,蘆洲區,汽車竊盜,1,199811,year_end_registered_population,0.5004729469
2022,新北市,貢寮區,機車竊盜,1,11260,year_end_registered_population,8.8809946714
2022,新北市,貢寮區,毒品,20,11260,year_end_registered_population,177.6198934281
2022,新北市,金山區,住宅竊盜,2,20577,year_end_registered_population,9.7195898333
2022,新北市,金山區,毒品,18,20577,year_end_registered_population,87.4763084998
2022,新北市,金山區,汽車竊盜,1,20577,year_end_registered_population,4.8597949167
2022,新北市,雙溪區,機車竊盜,1,8102,year_end_registered_population,12.342631449
2022,新北市,雙溪區,毒品,12,8102,year_end_registered_population,148.1115773883
2022,新北市,鶯歌區,住宅竊盜,4,88406,year_end_registered_population,4.5245797797
2022,新北市,鶯歌區,強制性交,1,88406,year_end_registered_population,1.1311449449
2022,新北市,鶯歌區,機車竊盜,21,88406,year_end_registered_population,23.7540438432
2022,新北市,鶯歌區,毒品,66,88406,year_end_registered_population,74.6555663643
2022,新北市,鶯歌區,汽車竊盜,5,88406,year_end_registered_population,5.6557247246
2022,新竹市,北區,強制性交,1,152118,year_end_registered_population,0.657384399
2022,新竹市,北區,機車竊盜,12,152118,year_end_registered_population,7.8886127874
2022,新竹市,北區,毒品,116,152118,year_end_registered_population,76.2565902786
2022,新竹市,北區,汽車竊盜,4,152118,year_end_registered_population,2.6295375958
2022,新竹市,東區,住宅竊盜,24,221657,year_end_registered_population,10.8275398476
2022,新竹市,東區,機車竊盜,9,221657,year_end_registered_population,4.0603274429
2022,新竹市,東區,毒品,101,221657,year_end_registered_population,45.5658968587
2022,新竹市,東區,汽車竊盜,3,221657,year_end_registered_population,1.353442481
2022,新竹市,香山區,住宅竊盜,2,78698,year_end_registered_population,2.5413606445
2022,新竹市,香山區,強制性交,1,78698,year_end_registered_population,1.2706803222
2022,新竹市,香山區,機車竊盜,7,78698,year_end_registered_population,8.8947622557
2022,新竹市,香山區,毒品,41,78698,year_end_registered_population,52.097893212
2022,新竹市,香山區,汽車竊盜,4,78698,year_end_registered_population,5.082721289
2022,新竹縣,五峰鄉,住宅竊盜,1,4543,year_end_registered_population,22.0118864187
2022,新竹縣,五峰鄉,毒品,8,4543,year_end_registered_population,176.0950913493
2022,新竹縣,北埔鄉,住宅竊盜,1,8672,year_end_registered_population,11.5313653137
2022,新竹縣,北埔鄉,毒品,1,8672,year_end_registered_population,11.5313653137
2022,新竹縣,寶山鄉,住宅竊盜,2,14391,year_end_registered_population,13.8975748732
2022,新竹縣,寶山鄉,毒品,13,14391,year_end_registered_population,90.3342366757
2022,新竹縣,寶山鄉,汽車竊盜,2,14391,year_end_registered_population,13.8975748732
2022,新竹縣,尖石鄉,機車竊盜,2,9574,year_end_registered_population,20.8899101734
2022,新竹縣,尖石鄉,毒品,12,9574,year_end_registered_population,125.3394610403
2022,新竹縣,峨眉鄉,毒品,3,5319,year_end_registered_population,56.4015792442
2022,新竹縣,新埔鎮,住宅竊盜,3,33055,year_end_registered_population,9.0757827863
2022,新竹縣,新埔鎮,機車竊盜,2,33055,year_end_registered_population,6.0505218575
2022,新竹縣,新埔鎮,毒品,29,33055,year_end_registered_population,87.7325669339
2022,新竹縣,新埔鎮,汽車竊盜,3,33055,year_end_registered_population,9.0757827863
2022,新竹縣,新豐鄉,住宅竊盜,2,58651,year_end_registered_population,3.4100015345
2022,新竹縣,新豐鄉,強制性交,3,58651,year_end_registered_population,5.1150023018
2022,新竹縣,新豐鄉,強盜,1,58651,year_end_registered_population,1.7050007673
2022,新竹縣,新豐鄉,搶奪,1,58651,year_end_registered_population,1.7050007673
2022,新竹縣,新豐鄉,機車竊盜,10,58651,year_end_registered_population,17.0500076725
2022,新竹縣,新豐鄉,毒品,32,58651,year_end_registered_population,54.560024552
2022,新竹縣,新豐鄉,汽車竊盜,4,58651,year_end_registered_population,6.820003069
2022,新竹縣,橫山鄉,住宅竊盜,1,12212,year_end_registered_population,8.188666885
2022,新竹縣,橫山鄉,毒品,19,12212,year_end_registered_population,155.5846708156
2022,新竹縣,橫山鄉,汽車竊盜,1,12212,year_end_registered_population,8.188666885
2022,新竹縣,湖口鄉,住宅竊盜,7,81232,year_end_registered_population,8.6172936774
2022,新竹縣,湖口鄉,機車竊盜,13,81232,year_end_registered_population,16.0035454008
2022,新竹縣,湖口鄉,毒品,85,81232,year_end_registered_population,104.6385660823
2022,新竹縣,湖口鄉,汽車竊盜,8,81232,year_end_registered_population,9.8483356313
2022,新竹縣,竹北市,住宅竊盜,9,209221,year_end_registered_population,4.3016714383
2022,新竹縣,竹北市,機車竊盜,20,209221,year_end_registered_population,9.559269863
2022,新竹縣,竹北市,毒品,112,209221,year_end_registered_population,53.5319112326
2022,新竹縣,竹北市,汽車竊盜,12,209221,year_end_registered_population,5.7355619178
2022,新竹縣,竹東鎮,住宅竊盜,9,96375,year_end_registered_population,9.3385214008
2022,新竹縣,竹東鎮,強盜,2,96375,year_end_registered_population,2.075226978
2022,新竹縣,竹東鎮,搶奪,1,96375,year_end_registered_population,1.037613489
2022,新竹縣,竹東鎮,機車竊盜,12,96375,year_end_registered_population,12.4513618677
2022,新竹縣,竹東鎮,毒品,76,96375,year_end_registered_population,78.8586251621
2022,新竹縣,竹東鎮,汽車竊盜,6,96375,year_end_registered_population,6.2256809339
2022,新竹縣,芎林鄉,毒品,17,20159,year_end_registered_population,84.3295798403
2022,新竹縣,芎林鄉,汽車竊盜,1,20159,year_end_registered_population,4.96056352
2022,新竹縣,關西鎮,住宅竊盜,2,27099,year_end_registered_population,7.3803461382
2022,新竹縣,關西鎮,機車竊盜,5,27099,year_end_registered_population,18.4508653456
2022,新竹縣,關西鎮,毒品,22,27099,year_end_registered_population,81.1838075206
2022,新竹縣,關西鎮,汽車竊盜,3,27099,year_end_registered_population,11.0705192074
2022,桃園市,中壢區,住宅竊盜,17,423722,year_end_registered_population,4.012064514
2022,桃園市,中壢區,強制性交,2,423722,year_end_registered_population,0.4720075899
2022,桃園市,中壢區,強盜,2,423722,year_end_registered_population,0.4720075899
2022,桃園市,中壢區,搶奪,2,423722,year_end_registered_population,0.4720075899
2022,桃園市,中壢區,機車竊盜,42,423722,year_end_registered_population,9.9121593875
2022,桃園市,中壢區,毒品,697,423722,year_end_registered_population,164.4946450739
2022,桃園市,中壢區,汽車竊盜,6,423722,year_end_registered_population,1.4160227696
2022,桃園市,八德區,住宅竊盜,7,209952,year_end_registered_population,3.3340954123
2022,桃園市,八德區,強制性交,2,209952,year_end_registered_population,0.9525986892
2022,桃園市,八德區,強盜,1,209952,year_end_registered_population,0.4762993446
2022,桃園市,八德區,搶奪,1,209952,year_end_registered_population,0.4762993446
2022,桃園市,八德區,機車竊盜,12,209952,year_end_registered_population,5.7155921353
2022,桃園市,八德區,毒品,375,209952,year_end_registered_population,178.6122542295
2022,桃園市,八德區,汽車竊盜,4,209952,year_end_registered_population,1.9051973784
2022,桃園市,大園區,住宅竊盜,26,85991,year_end_registered_population,30.235722343
2022,桃園市,大園區,強盜,1,85991,year_end_registered_population,1.1629123978
2022,桃園市,大園區,搶奪,1,85991,year_end_registered_population,1.1629123978
2022,桃園市,大園區,機車竊盜,3,85991,year_end_registered_population,3.4887371934
2022,桃園市,大園區,毒品,88,85991,year_end_registered_population,102.3362910072
2022,桃園市,大園區,汽車竊盜,3,85991,year_end_registered_population,3.4887371934
2022,桃園市,大溪區,住宅竊盜,1,94313,year_end_registered_population,1.0602992164
2022,桃園市,大溪區,強制性交,1,94313,year_end_registered_population,1.0602992164
2022,桃園市,大溪區,強盜,1,94313,year_end_registered_population,1.0602992164
2022,桃園市,大溪區,搶奪,1,94313,year_end_registered_population,1.0602992164
2022,桃園市,大溪區,機車竊盜,2,94313,year_end_registered_population,2.1205984329
2022,桃園市,大溪區,毒品,90,94313,year_end_registered_population,95.4269294795
2022,桃園市,大溪區,汽車竊盜,6,94313,year_end_registered_population,6.3617952986
2022,桃園市,平鎮區,強盜,1,227810,year_end_registered_population,0.4389622931
2022,桃園市,平鎮區,搶奪,1,227810,year_end_registered_population,0.4389622931
2022,桃園市,平鎮區,機車竊盜,11,227810,year_end_registered_population,4.8285852245
2022,桃園市,平鎮區,毒品,272,227810,year_end_registered_population,119.3977437338
2022,桃園市,平鎮區,汽車竊盜,5,227810,year_end_registered_population,2.1948114657
2022,桃園市,復興區,毒品,6,13053,year_end_registered_population,45.9664444955
2022,桃園市,新屋區,住宅竊盜,4,49205,year_end_registered_population,8.129255157
2022,桃園市,新屋區,機車竊盜,4,49205,year_end_registered_population,8.129255157
2022,桃園市,新屋區,毒品,65,49205,year_end_registered_population,132.1003963012
2022,桃園市,新屋區,汽車竊盜,4,49205,year_end_registered_population,8.129255157
2022,桃園市,桃園區,住宅竊盜,27,462338,year_end_registered_population,5.8398833754
2022,桃園市,桃園區,強盜,4,462338,year_end_registered_population,0.8651679075
2022,桃園市,桃園區,搶奪,3,462338,year_end_registered_population,0.6488759306
2022,桃園市,桃園區,機車竊盜,18,462338,year_end_registered_population,3.8932555836
2022,桃園市,桃園區,毒品,679,462338,year_end_registered_population,146.8622522916
2022,桃園市,桃園區,汽車竊盜,2,462338,year_end_registered_population,0.4325839537
2022,桃園市,楊梅區,住宅竊盜,10,177602,year_end_registered_population,5.6305672233
2022,桃園市,楊梅區,搶奪,1,177602,year_end_registered_population,0.5630567223
2022,桃園市,楊梅區,機車竊盜,8,177602,year_end_registered_population,4.5044537787
2022,桃園市,楊梅區,毒品,180,177602,year_end_registered_population,101.3502100202
2022,桃園市,楊梅區,汽車竊盜,5,177602,year_end_registered_population,2.8152836117
2022,桃園市,蘆竹區,住宅竊盜,3,167205,year_end_registered_population,1.7942047188
2022,桃園市,蘆竹區,強盜,3,167205,year_end_registered_population,1.7942047188
2022,桃園市,蘆竹區,搶奪,1,167205,year_end_registered_population,0.5980682396
2022,桃園市,蘆竹區,機車竊盜,6,167205,year_end_registered_population,3.5884094375
2022,桃園市,蘆竹區,毒品,124,167205,year_end_registered_population,74.1604617087
2022,桃園市,蘆竹區,汽車竊盜,1,167205,year_end_registered_population,0.5980682396
2022,桃園市,觀音區,住宅竊盜,8,73026,year_end_registered_population,10.9550023279
2022,桃園市,觀音區,搶奪,1,73026,year_end_registered_population,1.369375291
2022,桃園市,觀音區,機車竊盜,1,73026,year_end_registered_population,1.369375291
2022,桃園市,觀音區,毒品,38,73026,year_end_registered_population,52.0362610577
2022,桃園市,觀音區,汽車竊盜,3,73026,year_end_registered_population,4.108125873
2022,桃園市,龍潭區,強盜,1,124973,year_end_registered_population,0.8001728373
2022,桃園市,龍潭區,搶奪,1,124973,year_end_registered_population,0.8001728373
2022,桃園市,龍潭區,機車竊盜,5,124973,year_end_registered_population,4.0008641867
2022,桃園市,龍潭區,毒品,76,124973,year_end_registered_population,60.8131356373
2022,桃園市,龍潭區,汽車竊盜,8,124973,year_end_registered_population,6.4013826987
2022,桃園市,龜山區,住宅竊盜,5,172274,year_end_registered_population,2.902353228
2022,桃園市,龜山區,強盜,2,172274,year_end_registered_population,1.1609412912
2022,桃園市,龜山區,機車竊盜,7,172274,year_end_registered_population,4.0632945192
2022,桃園市,龜山區,毒品,342,172274,year_end_registered_population,198.520960795
2022,桃園市,龜山區,汽車竊盜,4,172274,year_end_registered_population,2.3218825824
2022,桃園市,龜山區,組織犯罪防制條例,1,172274,year_end_registered_population,0.5804706456
2022,澎湖縣,湖西鄉,住宅竊盜,10,15820,year_end_registered_population,63.211125158
2022,澎湖縣,湖西鄉,強制性交,2,15820,year_end_registered_population,12.6422250316
2022,澎湖縣,湖西鄉,強盜,1,15820,year_end_registered_population,6.3211125158
2022,澎湖縣,湖西鄉,毒品,5,15820,year_end_registered_population,31.605562579
2022,澎湖縣,白沙鄉,住宅竊盜,2,10047,year_end_registered_population,19.9064397333
2022,澎湖縣,白沙鄉,強制性交,1,10047,year_end_registered_population,9.9532198666
2022,澎湖縣,白沙鄉,毒品,2,10047,year_end_registered_population,19.9064397333
2022,澎湖縣,西嶼鄉,住宅竊盜,12,8341,year_end_registered_population,143.8676417696
2022,澎湖縣,馬公市,住宅竊盜,19,63657,year_end_registered_population,29.847463751
2022,澎湖縣,馬公市,強制性交,6,63657,year_end_registered_population,9.4255148687
2022,澎湖縣,馬公市,強盜,1,63657,year_end_registered_population,1.5709191448
2022,澎湖縣,馬公市,機車竊盜,1,63657,year_end_registered_population,1.5709191448
2022,澎湖縣,馬公市,毒品,21,63657,year_end_registered_population,32.9893020406
2022,澎湖縣,馬公市,汽車竊盜,2,63657,year_end_registered_population,3.1418382896
2022,澎湖縣,馬公市,組織犯罪防制條例,1,63657,year_end_registered_population,1.5709191448
2022,臺中市,中區,住宅竊盜,2,17635,year_end_registered_population,11.3410830734
2022,臺中市,中區,搶奪,1,17635,year_end_registered_population,5.6705415367
2022,臺中市,中區,機車竊盜,13,17635,year_end_registered_population,73.7170399773
2022,臺中市,中區,毒品,55,17635,year_end_registered_population,311.8797845194
2022,臺中市,中區,汽車竊盜,2,17635,year_end_registered_population,11.3410830734
2022,臺中市,北區,住宅竊盜,3,142778,year_end_registered_population,2.1011640449
2022,臺中市,北區,搶奪,1,142778,year_end_registered_population,0.700388015
2022,臺中市,北區,機車竊盜,23,142778,year_end_registered_population,16.1089243441
2022,臺中市,北區,毒品,241,142778,year_end_registered_population,168.7935116054
2022,臺中市,北區,汽車竊盜,1,142778,year_end_registered_population,0.700388015
2022,臺中市,北屯區,住宅竊盜,4,295677,year_end_registered_population,1.3528275787
2022,臺中市,北屯區,強盜,2,295677,year_end_registered_population,0.6764137894
2022,臺中市,北屯區,機車竊盜,16,295677,year_end_registered_population,5.411310315
2022,臺中市,北屯區,毒品,175,295677,year_end_registered_population,59.18620657
2022,臺中市,北屯區,汽車竊盜,1,295677,year_end_registered_population,0.3382068947
2022,臺中市,南區,機車竊盜,8,125466,year_end_registered_population,6.3762294167
2022,臺中市,南區,毒品,44,125466,year_end_registered_population,35.069261792
2022,臺中市,南屯區,住宅竊盜,3,177930,year_end_registered_population,1.6860563143
2022,臺中市,南屯區,機車竊盜,3,177930,year_end_registered_population,1.6860563143
2022,臺中市,南屯區,毒品,76,177930,year_end_registered_population,42.7134266284
2022,臺中市,南屯區,汽車竊盜,3,177930,year_end_registered_population,1.6860563143
2022,臺中市,后里區,機車竊盜,4,53667,year_end_registered_population,7.4533698548
2022,臺中市,后里區,毒品,32,53667,year_end_registered_population,59.6269588388
2022,臺中市,后里區,汽車竊盜,1,53667,year_end_registered_population,1.8633424637
2022,臺中市,和平區,機車竊盜,2,10919,year_end_registered_population,18.3166956681
2022,臺中市,和平區,毒品,3,10919,year_end_registered_population,27.4750435022
2022,臺中市,外埔區,毒品,19,31264,year_end_registered_population,60.7727737973
2022,臺中市,外埔區,汽車竊盜,1,31264,year_end_registered_population,3.198567042
2022,臺中市,大安區,機車竊盜,1,18230,year_end_registered_population,5.4854635217
2022,臺中市,大安區,毒品,7,18230,year_end_registered_population,38.3982446517
2022,臺中市,大甲區,住宅竊盜,1,74737,year_end_registered_population,1.3380253422
2022,臺中市,大甲區,機車竊盜,7,74737,year_end_registered_population,9.3661773954
2022,臺中市,大甲區,毒品,41,74737,year_end_registered_population,54.8590390302
2022,臺中市,大甲區,汽車竊盜,1,74737,year_end_registered_population,1.3380253422
2022,臺中市,大肚區,住宅竊盜,1,56129,year_end_registered_population,1.7816102193
2022,臺中市,大肚區,機車竊盜,2,56129,year_end_registered_population,3.5632204386
2022,臺中市,大肚區,毒品,22,56129,year_end_registered_population,39.195424825
2022,臺中市,大里區,強盜,1,211469,year_end_registered_population,0.4728825502
2022,臺中市,大里區,搶奪,1,211469,year_end_registered_population,0.4728825502
2022,臺中市,大里區,機車竊盜,10,211469,year_end_registered_population,4.7288255016
2022,臺中市,大里區,毒品,153,211469,year_end_registered_population,72.3510301746
2022,臺中市,大里區,汽車竊盜,2,211469,year_end_registered_population,0.9457651003
2022,臺中市,大雅區,住宅竊盜,1,95275,year_end_registered_population,1.0495932826
2022,臺中市,大雅區,機車竊盜,9,95275,year_end_registered_population,9.4463395434
2022,臺中市,大雅區,毒品,25,95275,year_end_registered_population,26.2398320651
2022,臺中市,大雅區,汽車竊盜,1,95275,year_end_registered_population,1.0495932826
2022,臺中市,太平區,住宅竊盜,6,196011,year_end_registered_population,3.061052696
2022,臺中市,太平區,機車竊盜,21,196011,year_end_registered_population,10.7136844361
2022,臺中市,太平區,毒品,114,196011,year_end_registered_population,58.1600012244
2022,臺中市,太平區,汽車竊盜,2,196011,year_end_registered_population,1.0203508987
2022,臺中市,新社區,機車竊盜,4,23283,year_end_registered_population,17.1799166774
2022,臺中市,新社區,毒品,4,23283,year_end_registered_population,17.1799166774
2022,臺中市,新社區,汽車竊盜,1,23283,year_end_registered_population,4.2949791694
2022,臺中市,東勢區,機車竊盜,3,47817,year_end_registered_population,6.2739193174
2022,臺中市,東勢區,毒品,9,47817,year_end_registered_population,18.8217579522
2022,臺中市,東區,住宅竊盜,1,75554,year_end_registered_population,1.3235566615
2022,臺中市,東區,機車竊盜,13,75554,year_end_registered_population,17.206236599
2022,臺中市,東區,毒品,67,75554,year_end_registered_population,88.6782963179
2022,臺中市,東區,汽車竊盜,1,75554,year_end_registered_population,1.3235566615
2022,臺中市,梧棲區,住宅竊盜,2,59848,year_end_registered_population,3.3417992247
2022,臺中市,梧棲區,機車竊盜,1,59848,year_end_registered_population,1.6708996124
2022,臺中市,梧棲區,毒品,22,59848,year_end_registered_population,36.7597914717
2022,臺中市,梧棲區,汽車竊盜,1,59848,year_end_registered_population,1.6708996124
2022,臺中市,沙鹿區,住宅竊盜,4,97002,year_end_registered_population,4.123626317
2022,臺中市,沙鹿區,強盜,1,97002,year_end_registered_population,1.0309065792
2022,臺中市,沙鹿區,搶奪,1,97002,year_end_registered_population,1.0309065792
2022,臺中市,沙鹿區,機車竊盜,2,97002,year_end_registered_population,2.0618131585
2022,臺中市,沙鹿區,毒品,49,97002,year_end_registered_population,50.514422383
2022,臺中市,沙鹿區,汽車竊盜,1,97002,year_end_registered_population,1.0309065792
2022,臺中市,清水區,住宅竊盜,1,88947,year_end_registered_population,1.1242650117
2022,臺中市,清水區,機車竊盜,2,88947,year_end_registered_population,2.2485300235
2022,臺中市,清水區,毒品,54,88947,year_end_registered_population,60.7103106344
2022,臺中市,潭子區,住宅竊盜,2,108639,year_end_registered_population,1.8409595081
2022,臺中市,潭子區,機車竊盜,4,108639,year_end_registered_population,3.6819190162
2022,臺中市,潭子區,毒品,43,108639,year_end_registered_population,39.5806294241
2022,臺中市,潭子區,汽車竊盜,1,108639,year_end_registered_population,0.920479754
2022,臺中市,烏日區,住宅竊盜,3,78122,year_end_registered_population,3.8401474617
2022,臺中市,烏日區,搶奪,1,78122,year_end_registered_population,1.2800491539
2022,臺中市,烏日區,機車竊盜,3,78122,year_end_registered_population,3.8401474617
2022,臺中市,烏日區,毒品,29,78122,year_end_registered_population,37.1214254627
2022,臺中市,烏日區,汽車竊盜,3,78122,year_end_registered_population,3.8401474617
2022,臺中市,石岡區,機車竊盜,1,14154,year_end_registered_population,7.0651405963
2022,臺中市,石岡區,毒品,1,14154,year_end_registered_population,7.0651405963
2022,臺中市,石岡區,汽車竊盜,1,14154,year_end_registered_population,7.0651405963
2022,臺中市,神岡區,住宅竊盜,1,64308,year_end_registered_population,1.5550164832
2022,臺中市,神岡區,強盜,1,64308,year_end_registered_population,1.5550164832
2022,臺中市,神岡區,機車竊盜,1,64308,year_end_registered_population,1.5550164832
2022,臺中市,神岡區,毒品,40,64308,year_end_registered_population,62.200659327
2022,臺中市,神岡區,汽車竊盜,1,64308,year_end_registered_population,1.5550164832
2022,臺中市,西區,住宅竊盜,3,112278,year_end_registered_population,2.6719392935
2022,臺中市,西區,機車竊盜,17,112278,year_end_registered_population,15.1409893301
2022,臺中市,西區,毒品,69,112278,year_end_registered_population,61.4546037514
2022,臺中市,西區,汽車竊盜,5,112278,year_end_registered_population,4.4532321559
2022,臺中市,西屯區,住宅竊盜,7,231866,year_end_registered_population,3.0189851035
2022,臺中市,西屯區,搶奪,1,231866,year_end_registered_population,0.4312835862
2022,臺中市,西屯區,機車竊盜,23,231866,year_end_registered_population,9.9195224828
2022,臺中市,西屯區,毒品,295,231866,year_end_registered_population,127.2286579317
2022,臺中市,西屯區,汽車竊盜,5,231866,year_end_registered_population,2.156417931
2022,臺中市,豐原區,住宅竊盜,3,163476,year_end_registered_population,1.8351317625
2022,臺中市,豐原區,強制性交,1,163476,year_end_registered_population,0.6117105875
2022,臺中市,豐原區,強盜,1,163476,year_end_registered_population,0.6117105875
2022,臺中市,豐原區,機車竊盜,14,163476,year_end_registered_population,8.5639482248
2022,臺中市,豐原區,毒品,80,163476,year_end_registered_population,48.9368469989
2022,臺中市,豐原區,汽車竊盜,2,163476,year_end_registered_population,1.223421175
2022,臺中市,霧峰區,住宅竊盜,1,64091,year_end_registered_population,1.5602814748
2022,臺中市,霧峰區,機車竊盜,5,64091,year_end_registered_population,7.8014073739
2022,臺中市,霧峰區,毒品,56,64091,year_end_registered_population,87.3757625876
2022,臺中市,霧峰區,汽車竊盜,3,64091,year_end_registered_population,4.6808444243
2022,臺中市,龍井區,住宅竊盜,1,77887,year_end_registered_population,1.2839113074
2022,臺中市,龍井區,強盜,1,77887,year_end_registered_population,1.2839113074
2022,臺中市,龍井區,機車竊盜,6,77887,year_end_registered_population,7.7034678444
2022,臺中市,龍井區,毒品,28,77887,year_end_registered_population,35.9495166074
2022,臺中市,龍井區,汽車竊盜,1,77887,year_end_registered_population,1.2839113074
2022,臺北市,中山區,住宅竊盜,8,212669,year_end_registered_population,3.7617142132
2022,臺北市,中山區,強制性交,3,212669,year_end_registered_population,1.4106428299
2022,臺北市,中山區,強盜,1,212669,year_end_registered_population,0.4702142766
2022,臺北市,中山區,搶奪,1,212669,year_end_registered_population,0.4702142766
2022,臺北市,中山區,機車竊盜,8,212669,year_end_registered_population,3.7617142132
2022,臺北市,中山區,毒品,404,212669,year_end_registered_population,189.9665677649
2022,臺北市,中正區,住宅竊盜,10,148103,year_end_registered_population,6.7520576896
2022,臺北市,中正區,強制性交,1,148103,year_end_registered_population,0.675205769
2022,臺北市,中正區,搶奪,1,148103,year_end_registered_population,0.675205769
2022,臺北市,中正區,機車竊盜,13,148103,year_end_registered_population,8.7776749965
2022,臺北市,中正區,毒品,117,148103,year_end_registered_population,78.9990749681
2022,臺北市,信義區,住宅竊盜,6,203780,year_end_registered_population,2.9443517519
2022,臺北市,信義區,強制性交,1,203780,year_end_registered_population,0.490725292
2022,臺北市,信義區,強盜,3,203780,year_end_registered_population,1.4721758759
2022,臺北市,信義區,機車竊盜,5,203780,year_end_registered_population,2.4536264599
2022,臺北市,信義區,毒品,130,203780,year_end_registered_population,63.7942879576
2022,臺北市,信義區,汽車竊盜,1,203780,year_end_registered_population,0.490725292
2022,臺北市,內湖區,住宅竊盜,3,272963,year_end_registered_population,1.0990500544
2022,臺北市,內湖區,強制性交,3,272963,year_end_registered_population,1.0990500544
2022,臺北市,內湖區,機車竊盜,6,272963,year_end_registered_population,2.1981001088
2022,臺北市,內湖區,毒品,172,272963,year_end_registered_population,63.0122031191
2022,臺北市,內湖區,汽車竊盜,1,272963,year_end_registered_population,0.3663500181
2022,臺北市,北投區,住宅竊盜,11,240725,year_end_registered_population,4.5695295462
2022,臺北市,北投區,強盜,1,240725,year_end_registered_population,0.4154117769
2022,臺北市,北投區,機車竊盜,11,240725,year_end_registered_population,4.5695295462
2022,臺北市,北投區,毒品,126,240725,year_end_registered_population,52.3418838924
2022,臺北市,北投區,汽車竊盜,4,240725,year_end_registered_population,1.6616471077
2022,臺北市,北投區,組織犯罪防制條例,1,240725,year_end_registered_population,0.4154117769
2022,臺北市,南港區,住宅竊盜,8,113798,year_end_registered_population,7.0300005273
2022,臺北市,南港區,強制性交,1,113798,year_end_registered_population,0.8787500659
2022,臺北市,南港區,強盜,1,113798,year_end_registered_population,0.8787500659
2022,臺北市,南港區,搶奪,2,113798,year_end_registered_population,1.7575001318
2022,臺北市,南港區,機車竊盜,5,113798,year_end_registered_population,4.3937503295
2022,臺北市,南港區,毒品,86,113798,year_end_registered_population,75.5725056679
2022,臺北市,南港區,汽車竊盜,5,113798,year_end_registered_population,4.3937503295
2022,臺北市,士林區,住宅竊盜,20,264716,year_end_registered_population,7.5552667765
2022,臺北市,士林區,強制性交,3,264716,year_end_registered_population,1.1332900165
2022,臺北市,士林區,搶奪,1,264716,year_end_registered_population,0.3777633388
2022,臺北市,士林區,機車竊盜,10,264716,year_end_registered_population,3.7776333882
2022,臺北市,士林區,毒品,181,264716,year_end_registered_population,68.3751643271
2022,臺北市,大同區,住宅竊盜,15,118833,year_end_registered_population,12.6227563051
2022,臺北市,大同區,強制性交,1,118833,year_end_registered_population,0.841517087
2022,臺北市,大同區,強盜,1,118833,year_end_registered_population,0.841517087
2022,臺北市,大同區,搶奪,2,118833,year_end_registered_population,1.683034174
2022,臺北市,大同區,機車竊盜,7,118833,year_end_registered_population,5.890619609
2022,臺北市,大同區,毒品,186,118833,year_end_registered_population,156.5221781828
2022,臺北市,大同區,汽車竊盜,1,118833,year_end_registered_population,0.841517087
2022,臺北市,大安區,住宅竊盜,18,284557,year_end_registered_population,6.3256219316
2022,臺北市,大安區,強制性交,1,284557,year_end_registered_population,0.3514234406
2022,臺北市,大安區,強盜,1,284557,year_end_registered_population,0.3514234406
2022,臺北市,大安區,搶奪,1,284557,year_end_registered_population,0.3514234406
2022,臺北市,大安區,機車竊盜,7,284557,year_end_registered_population,2.4599640845
2022,臺北市,大安區,毒品,329,284557,year_end_registered_population,115.6183119726
2022,臺北市,文山區,住宅竊盜,5,257558,year_end_registered_population,1.9413103068
2022,臺北市,文山區,機車竊盜,13,257558,year_end_registered_population,5.0474067977
2022,臺北市,文山區,毒品,112,257558,year_end_registered_population,43.4853508724
2022,臺北市,文山區,汽車竊盜,4,257558,year_end_registered_population,1.5530482454
2022,臺北市,松山區,住宅竊盜,7,189939,year_end_registered_population,3.6853937317
2022,臺北市,松山區,強制性交,4,189939,year_end_registered_population,2.1059392752
2022,臺北市,松山區,機車竊盜,3,189939,year_end_registered_population,1.5794544564
2022,臺北市,松山區,毒品,156,189939,year_end_registered_population,82.1316317344
2022,臺北市,松山區,汽車竊盜,2,189939,year_end_registered_population,1.0529696376
2022,臺北市,萬華區,住宅竊盜,16,173040,year_end_registered_population,9.2464170134
2022,臺北市,萬華區,強盜,3,173040,year_end_registered_population,1.73370319
2022,臺北市,萬華區,機車竊盜,21,173040,year_end_registered_population,12.1359223301
2022,臺北市,萬華區,毒品,659,173040,year_end_registered_population,380.8368007397
2022,臺北市,萬華區,汽車竊盜,3,173040,year_end_registered_population,1.73370319
2022,臺南市,七股區,住宅竊盜,1,21439,year_end_registered_population,4.6643966603
2022,臺南市,七股區,機車竊盜,1,21439,year_end_registered_population,4.6643966603
2022,臺南市,七股區,毒品,8,21439,year_end_registered_population,37.3151732823
2022,臺南市,下營區,毒品,6,22635,year_end_registered_population,26.507620941
2022,臺南市,中西區,住宅竊盜,5,77408,year_end_registered_population,6.4592806945
2022,臺南市,中西區,搶奪,2,77408,year_end_registered_population,2.5837122778
2022,臺南市,中西區,機車竊盜,11,77408,year_end_registered_population,14.2104175279
2022,臺南市,中西區,毒品,193,77408,year_end_registered_population,249.3282348078
2022,臺南市,仁德區,住宅竊盜,1,76896,year_end_registered_population,1.3004577611
2022,臺南市,仁德區,強制性交,1,76896,year_end_registered_population,1.3004577611
2022,臺南市,仁德區,強盜,2,76896,year_end_registered_population,2.6009155223
2022,臺南市,仁德區,機車竊盜,1,76896,year_end_registered_population,1.3004577611
2022,臺南市,仁德區,毒品,71,76896,year_end_registered_population,92.3325010404
2022,臺南市,仁德區,汽車竊盜,1,76896,year_end_registered_population,1.3004577611
2022,臺南市,佳里區,住宅竊盜,5,58063,year_end_registered_population,8.6113359627
2022,臺南市,佳里區,搶奪,1,58063,year_end_registered_population,1.7222671925
2022,臺南市,佳里區,機車竊盜,2,58063,year_end_registered_population,3.4445343851
2022,臺南市,佳里區,毒品,18,58063,year_end_registered_population,31.0008094656
2022,臺南市,六甲區,住宅竊盜,1,21342,year_end_registered_population,4.6855964764
2022,臺南市,六甲區,機車竊盜,1,21342,year_end_registered_population,4.6855964764
2022,臺南市,六甲區,毒品,10,21342,year_end_registered_population,46.8559647643
2022,臺南市,北區,住宅竊盜,14,126068,year_end_registered_population,11.1051178729
2022,臺南市,北區,強制性交,4,126068,year_end_registered_population,3.1728908208
2022,臺南市,北區,強盜,1,126068,year_end_registered_population,0.7932227052
2022,臺南市,北區,搶奪,1,126068,year_end_registered_population,0.7932227052
2022,臺南市,北區,機車竊盜,5,126068,year_end_registered_population,3.966113526
2022,臺南市,北區,毒品,163,126068,year_end_registered_population,129.2953009487
2022,臺南市,北門區,住宅竊盜,3,10183,year_end_registered_population,29.4608661495
2022,臺南市,北門區,毒品,6,10183,year_end_registered_population,58.9217322989
2022,臺南市,南化區,住宅竊盜,1,8114,year_end_registered_population,12.3243776189
2022,臺南市,南化區,強制性交,1,8114,year_end_registered_population,12.3243776189
2022,臺南市,南化區,毒品,6,8114,year_end_registered_population,73.9462657136
2022,臺南市,南區,住宅竊盜,10,121035,year_end_registered_population,8.2620729541
2022,臺南市,南區,強制性交,1,121035,year_end_registered_population,0.8262072954
2022,臺南市,南區,搶奪,1,121035,year_end_registered_population,0.8262072954
2022,臺南市,南區,機車竊盜,2,121035,year_end_registered_population,1.6524145908
2022,臺南市,南區,毒品,64,121035,year_end_registered_population,52.8772669063
2022,臺南市,善化區,住宅竊盜,2,51842,year_end_registered_population,3.8578758536
2022,臺南市,善化區,機車竊盜,6,51842,year_end_registered_population,11.5736275607
2022,臺南市,善化區,毒品,28,51842,year_end_registered_population,54.0102619498
2022,臺南市,善化區,汽車竊盜,1,51842,year_end_registered_population,1.9289379268
2022,臺南市,大內區,毒品,6,8847,year_end_registered_population,67.8195998644
2022,臺南市,學甲區,住宅竊盜,3,24749,year_end_registered_population,12.1217018869
2022,臺南市,學甲區,毒品,25,24749,year_end_registered_population,101.0141823912
2022,臺南市,安南區,住宅竊盜,3,199118,year_end_registered_population,1.5066443014
2022,臺南市,安南區,強制性交,2,199118,year_end_registered_population,1.0044295342
2022,臺南市,安南區,強盜,1,199118,year_end_registered_population,0.5022147671
2022,臺南市,安南區,機車竊盜,7,199118,year_end_registered_population,3.5155033699
2022,臺南市,安南區,毒品,159,199118,year_end_registered_population,79.8521479726
2022,臺南市,安南區,汽車竊盜,2,199118,year_end_registered_population,1.0044295342
2022,臺南市,安南區,組織犯罪防制條例,1,199118,year_end_registered_population,0.5022147671
2022,臺南市,安定區,強制性交,1,29904,year_end_registered_population,3.3440342429
2022,臺南市,安定區,毒品,9,29904,year_end_registered_population,30.0963081862
2022,臺南市,安平區,住宅竊盜,6,68025,year_end_registered_population,8.8202866593
2022,臺南市,安平區,機車竊盜,2,68025,year_end_registered_population,2.9400955531
2022,臺南市,安平區,毒品,48,68025,year_end_registered_population,70.5622932745
2022,臺南市,官田區,住宅竊盜,1,20849,year_end_registered_population,4.7963931124
2022,臺南市,官田區,機車竊盜,2,20849,year_end_registered_population,9.5927862248
2022,臺南市,官田區,毒品,11,20849,year_end_registered_population,52.7603242362
2022,臺南市,將軍區,住宅竊盜,2,18618,year_end_registered_population,10.7422924052
2022,臺南市,將軍區,機車竊盜,1,18618,year_end_registered_population,5.3711462026
2022,臺南市,將軍區,毒品,10,18618,year_end_registered_population,53.711462026
2022,臺南市,山上區,毒品,7,6976,year_end_registered_population,100.3440366972
2022,臺南市,左鎮區,住宅竊盜,3,4366,year_end_registered_population,68.7127805772
2022,臺南市,左鎮區,毒品,3,4366,year_end_registered_population,68.7127805772
2022,臺南市,後壁區,機車竊盜,1,21891,year_end_registered_population,4.5680873418
2022,臺南市,後壁區,毒品,9,21891,year_end_registered_population,41.1127860765
2022,臺南市,新化區,強制性交,1,42467,year_end_registered_population,2.3547695858
2022,臺南市,新化區,強盜,2,42467,year_end_registered_population,4.7095391716
2022,臺南市,新化區,搶奪,1,42467,year_end_registered_population,2.3547695858
2022,臺南市,新化區,機車竊盜,1,42467,year_end_registered_population,2.3547695858
2022,臺南市,新化區,毒品,25,42467,year_end_registered_population,58.8692396449
2022,臺南市,新市區,住宅竊盜,1,37482,year_end_registered_population,2.6679472814
2022,臺南市,新市區,毒品,40,37482,year_end_registered_population,106.7178912545
2022,臺南市,新營區,住宅竊盜,2,74908,year_end_registered_population,2.6699417953
2022,臺南市,新營區,強制性交,1,74908,year_end_registered_population,1.3349708976
2022,臺南市,新營區,強盜,1,74908,year_end_registered_population,1.3349708976
2022,臺南市,新營區,機車竊盜,8,74908,year_end_registered_population,10.6797671811
2022,臺南市,新營區,毒品,52,74908,year_end_registered_population,69.418486677
2022,臺南市,新營區,汽車竊盜,2,74908,year_end_registered_population,2.6699417953
2022,臺南市,東區,住宅竊盜,1,180511,year_end_registered_population,0.5539828598
2022,臺南市,東區,機車竊盜,5,180511,year_end_registered_population,2.7699142989
2022,臺南市,東區,毒品,83,180511,year_end_registered_population,45.9805773609
2022,臺南市,東區,汽車竊盜,1,180511,year_end_registered_population,0.5539828598
2022,臺南市,東山區,住宅竊盜,3,19366,year_end_registered_population,15.4910668181
2022,臺南市,東山區,毒品,13,19366,year_end_registered_population,67.1279562119
2022,臺南市,東山區,汽車竊盜,1,19366,year_end_registered_population,5.1636889394
2022,臺南市,柳營區,機車竊盜,2,20407,year_end_registered_population,9.8005586318
2022,臺南市,柳營區,毒品,17,20407,year_end_registered_population,83.3047483707
2022,臺南市,楠西區,住宅竊盜,1,8870,year_end_registered_population,11.273957159
2022,臺南市,楠西區,毒品,6,8870,year_end_registered_population,67.6437429538
2022,臺南市,歸仁區,住宅竊盜,3,68044,year_end_registered_population,4.4089118805
2022,臺南市,歸仁區,強制性交,1,68044,year_end_registered_population,1.4696372935
2022,臺南市,歸仁區,強盜,1,68044,year_end_registered_population,1.4696372935
2022,臺南市,歸仁區,機車竊盜,1,68044,year_end_registered_population,1.4696372935
2022,臺南市,歸仁區,毒品,45,68044,year_end_registered_population,66.1336782082
2022,臺南市,永康區,住宅竊盜,2,234130,year_end_registered_population,0.8542262845
2022,臺南市,永康區,強制性交,1,234130,year_end_registered_population,0.4271131423
2022,臺南市,永康區,強盜,2,234130,year_end_registered_population,0.8542262845
2022,臺南市,永康區,搶奪,2,234130,year_end_registered_population,0.8542262845
2022,臺南市,永康區,機車竊盜,4,234130,year_end_registered_population,1.7084525691
2022,臺南市,永康區,毒品,444,234130,year_end_registered_population,189.6382351685
2022,臺南市,永康區,汽車竊盜,4,234130,year_end_registered_population,1.7084525691
2022,臺南市,玉井區,住宅竊盜,1,13118,year_end_registered_population,7.6231132795
2022,臺南市,玉井區,強制性交,1,13118,year_end_registered_population,7.6231132795
2022,臺南市,玉井區,毒品,6,13118,year_end_registered_population,45.7386796768
2022,臺南市,玉井區,汽車竊盜,1,13118,year_end_registered_population,7.6231132795
2022,臺南市,白河區,住宅竊盜,3,26203,year_end_registered_population,11.4490707171
2022,臺南市,白河區,毒品,20,26203,year_end_registered_population,76.327138114
2022,臺南市,白河區,汽車竊盜,1,26203,year_end_registered_population,3.8163569057
2022,臺南市,西港區,住宅竊盜,1,24713,year_end_registered_population,4.0464532837
2022,臺南市,西港區,強制性交,1,24713,year_end_registered_population,4.0464532837
2022,臺南市,西港區,強盜,1,24713,year_end_registered_population,4.0464532837
2022,臺南市,西港區,機車竊盜,1,24713,year_end_registered_population,4.0464532837
2022,臺南市,西港區,毒品,7,24713,year_end_registered_population,28.3251729859
2022,臺南市,關廟區,強盜,2,33424,year_end_registered_population,5.98372427
2022,臺南市,關廟區,機車竊盜,1,33424,year_end_registered_population,2.991862135
2022,臺南市,關廟區,毒品,20,33424,year_end_registered_population,59.8372426999
2022,臺南市,關廟區,汽車竊盜,1,33424,year_end_registered_population,2.991862135
2022,臺南市,鹽水區,強盜,1,24452,year_end_registered_population,4.0896450188
2022,臺南市,鹽水區,機車竊盜,1,24452,year_end_registered_population,4.0896450188
2022,臺南市,鹽水區,毒品,12,24452,year_end_registered_population,49.0757402257
2022,臺南市,麻豆區,強制性交,1,42933,year_end_registered_population,2.3292106305
2022,臺南市,麻豆區,搶奪,2,42933,year_end_registered_population,4.658421261
2022,臺南市,麻豆區,機車竊盜,1,42933,year_end_registered_population,2.3292106305
2022,臺南市,麻豆區,毒品,16,42933,year_end_registered_population,37.2673700883
2022,臺東縣,卑南鄉,強制性交,1,16846,year_end_registered_population,5.9361272706
2022,臺東縣,卑南鄉,機車竊盜,1,16846,year_end_registered_population,5.9361272706
2022,臺東縣,卑南鄉,毒品,11,16846,year_end_registered_population,65.2973999763
2022,臺東縣,卑南鄉,汽車竊盜,1,16846,year_end_registered_population,5.9361272706
2022,臺東縣,大武鄉,搶奪,1,5635,year_end_registered_population,17.7462289264
2022,臺東縣,大武鄉,毒品,4,5635,year_end_registered_population,70.9849157054
2022,臺東縣,太麻里鄉,強制性交,1,10744,year_end_registered_population,9.3075204765
2022,臺東縣,太麻里鄉,毒品,5,10744,year_end_registered_population,46.5376023827
2022,臺東縣,成功鎮,強制性交,2,13212,year_end_registered_population,15.1377535574
2022,臺東縣,成功鎮,強盜,1,13212,year_end_registered_population,7.5688767787
2022,臺東縣,成功鎮,機車竊盜,1,13212,year_end_registered_population,7.5688767787
2022,臺東縣,成功鎮,毒品,5,13212,year_end_registered_population,37.8443838934
2022,臺東縣,東河鄉,機車竊盜,1,8060,year_end_registered_population,12.4069478908
2022,臺東縣,東河鄉,毒品,1,8060,year_end_registered_population,12.4069478908
2022,臺東縣,池上鄉,住宅竊盜,1,7995,year_end_registered_population,12.5078173859
2022,臺東縣,池上鄉,毒品,12,7995,year_end_registered_population,150.0938086304
2022,臺東縣,海端鄉,強制性交,2,4222,year_end_registered_population,47.3709142586
2022,臺東縣,海端鄉,機車竊盜,3,4222,year_end_registered_population,71.056371388
2022,臺東縣,海端鄉,毒品,2,4222,year_end_registered_population,47.3709142586
2022,臺東縣,綠島鄉,機車竊盜,1,4285,year_end_registered_population,23.3372228705
2022,臺東縣,臺東市,住宅竊盜,2,103252,year_end_registered_population,1.9370084841
2022,臺東縣,臺東市,強制性交,2,103252,year_end_registered_population,1.9370084841
2022,臺東縣,臺東市,強盜,1,103252,year_end_registered_population,0.968504242
2022,臺東縣,臺東市,機車竊盜,6,103252,year_end_registered_population,5.8110254523
2022,臺東縣,臺東市,毒品,154,103252,year_end_registered_population,149.1496532755
2022,臺東縣,臺東市,汽車竊盜,2,103252,year_end_registered_population,1.9370084841
2022,臺東縣,長濱鄉,機車竊盜,1,6733,year_end_registered_population,14.852220407
2022,臺東縣,關山鎮,住宅竊盜,1,8165,year_end_registered_population,12.247397428
2022,臺東縣,關山鎮,機車竊盜,1,8165,year_end_registered_population,12.247397428
2022,臺東縣,關山鎮,毒品,2,8165,year_end_registered_population,24.4947948561
2022,臺東縣,鹿野鄉,住宅竊盜,1,7314,year_end_registered_population,13.6724090785
2022,臺東縣,鹿野鄉,強制性交,1,7314,year_end_registered_population,13.6724090785
2022,臺東縣,鹿野鄉,毒品,2,7314,year_end_registered_population,27.344818157
2022,臺東縣,鹿野鄉,汽車竊盜,1,7314,year_end_registered_population,13.6724090785
2022,花蓮縣,光復鄉,機車竊盜,3,12015,year_end_registered_population,24.9687890137
2022,花蓮縣,光復鄉,毒品,7,12015,year_end_registered_population,58.2605076987
2022,花蓮縣,卓溪鄉,毒品,1,6052,year_end_registered_population,16.5234633179
2022,花蓮縣,吉安鄉,住宅竊盜,5,82795,year_end_registered_population,6.0390120176
2022,花蓮縣,吉安鄉,搶奪,1,82795,year_end_registered_population,1.2078024035
2022,花蓮縣,吉安鄉,機車竊盜,24,82795,year_end_registered_population,28.9872576846
2022,花蓮縣,吉安鄉,毒品,70,82795,year_end_registered_population,84.5461682469
2022,花蓮縣,吉安鄉,汽車竊盜,4,82795,year_end_registered_population,4.8312096141
2022,花蓮縣,壽豐鄉,住宅竊盜,3,17133,year_end_registered_population,17.5100682893
2022,花蓮縣,壽豐鄉,機車竊盜,9,17133,year_end_registered_population,52.5302048678
2022,花蓮縣,壽豐鄉,毒品,12,17133,year_end_registered_population,70.0402731571
2022,花蓮縣,富里鄉,毒品,8,9689,year_end_registered_population,82.5678604603
2022,花蓮縣,新城鄉,強盜,1,20256,year_end_registered_population,4.9368088468
2022,花蓮縣,新城鄉,搶奪,1,20256,year_end_registered_population,4.9368088468
2022,花蓮縣,新城鄉,機車竊盜,2,20256,year_end_registered_population,9.8736176935
2022,花蓮縣,新城鄉,毒品,18,20256,year_end_registered_population,88.8625592417
2022,花蓮縣,玉里鎮,機車竊盜,4,22408,year_end_registered_population,17.850767583
2022,花蓮縣,玉里鎮,毒品,45,22408,year_end_registered_population,200.8211353088
2022,花蓮縣,玉里鎮,汽車竊盜,1,22408,year_end_registered_population,4.4626918958
2022,花蓮縣,瑞穗鄉,住宅竊盜,1,10968,year_end_registered_population,9.117432531
2022,花蓮縣,瑞穗鄉,毒品,27,10968,year_end_registered_population,246.170678337
2022,花蓮縣,瑞穗鄉,汽車竊盜,1,10968,year_end_registered_population,9.117432531
2022,花蓮縣,秀林鄉,機車竊盜,1,16992,year_end_registered_population,5.8851224105
2022,花蓮縣,秀林鄉,毒品,8,16992,year_end_registered_population,47.0809792844
2022,花蓮縣,秀林鄉,汽車竊盜,1,16992,year_end_registered_population,5.8851224105
2022,花蓮縣,花蓮市,搶奪,3,99558,year_end_registered_population,3.0133188694
2022,花蓮縣,花蓮市,機車竊盜,29,99558,year_end_registered_population,29.1287490709
2022,花蓮縣,花蓮市,毒品,74,99558,year_end_registered_population,74.3285321119
2022,花蓮縣,花蓮市,汽車竊盜,2,99558,year_end_registered_population,2.0088792463
2022,花蓮縣,萬榮鄉,機車竊盜,4,6175,year_end_registered_population,64.7773279352
2022,花蓮縣,萬榮鄉,毒品,5,6175,year_end_registered_population,80.971659919
2022,花蓮縣,豐濱鄉,毒品,1,4315,year_end_registered_population,23.1749710313
2022,花蓮縣,鳳林鎮,住宅竊盜,2,10536,year_end_registered_population,18.9825360668
2022,花蓮縣,鳳林鎮,機車竊盜,2,10536,year_end_registered_population,18.9825360668
2022,花蓮縣,鳳林鎮,毒品,10,10536,year_end_registered_population,94.9126803341
2022,苗栗縣,三灣鄉,住宅竊盜,1,6143,year_end_registered_population,16.2786911932
2022,苗栗縣,三灣鄉,毒品,6,6143,year_end_registered_population,97.6721471594
2022,苗栗縣,三義鄉,強盜,1,15151,year_end_registered_population,6.6002244076
2022,苗栗縣,三義鄉,搶奪,1,15151,year_end_registered_population,6.6002244076
2022,苗栗縣,三義鄉,毒品,10,15151,year_end_registered_population,66.0022440763
2022,苗栗縣,公館鄉,住宅竊盜,5,31445,year_end_registered_population,15.9007791382
2022,苗栗縣,公館鄉,毒品,18,31445,year_end_registered_population,57.2428048974
2022,苗栗縣,卓蘭鎮,毒品,7,15514,year_end_registered_population,45.1205362898
2022,苗栗縣,南庄鄉,住宅竊盜,2,9046,year_end_registered_population,22.1092195446
2022,苗栗縣,南庄鄉,強制性交,1,9046,year_end_registered_population,11.0546097723
2022,苗栗縣,南庄鄉,機車竊盜,1,9046,year_end_registered_population,11.0546097723
2022,苗栗縣,南庄鄉,毒品,7,9046,year_end_registered_population,77.3822684059
2022,苗栗縣,大湖鄉,機車竊盜,1,13219,year_end_registered_population,7.5648687495
2022,苗栗縣,大湖鄉,毒品,17,13219,year_end_registered_population,128.602768742
2022,苗栗縣,後龍鎮,住宅竊盜,10,34358,year_end_registered_population,29.1053029862
2022,苗栗縣,後龍鎮,強盜,2,34358,year_end_registered_population,5.8210605972
2022,苗栗縣,後龍鎮,機車竊盜,1,34358,year_end_registered_population,2.9105302986
2022,苗栗縣,後龍鎮,毒品,48,34358,year_end_registered_population,139.7054543338
2022,苗栗縣,後龍鎮,汽車竊盜,4,34358,year_end_registered_population,11.6421211945
2022,苗栗縣,泰安鄉,毒品,4,5739,year_end_registered_population,69.698553755
2022,苗栗縣,獅潭鄉,毒品,3,4149,year_end_registered_population,72.3065798988
2022,苗栗縣,竹南鎮,住宅竊盜,7,88364,year_end_registered_population,7.9217780997
2022,苗栗縣,竹南鎮,強制性交,2,88364,year_end_registered_population,2.2633651713
2022,苗栗縣,竹南鎮,強盜,1,88364,year_end_registered_population,1.1316825857
2022,苗栗縣,竹南鎮,機車竊盜,1,88364,year_end_registered_population,1.1316825857
2022,苗栗縣,竹南鎮,毒品,115,88364,year_end_registered_population,130.1434973519
2022,苗栗縣,竹南鎮,汽車竊盜,4,88364,year_end_registered_population,4.5267303427
2022,苗栗縣,苑裡鎮,住宅竊盜,3,43927,year_end_registered_population,6.8295126005
2022,苗栗縣,苑裡鎮,機車竊盜,1,43927,year_end_registered_population,2.2765042002
2022,苗栗縣,苑裡鎮,毒品,42,43927,year_end_registered_population,95.6131764063
2022,苗栗縣,苑裡鎮,汽車竊盜,1,43927,year_end_registered_population,2.2765042002
2022,苗栗縣,苗栗市,住宅竊盜,13,86112,year_end_registered_population,15.0966183575
2022,苗栗縣,苗栗市,強制性交,1,86112,year_end_registered_population,1.1612783352
2022,苗栗縣,苗栗市,強盜,1,86112,year_end_registered_population,1.1612783352
2022,苗栗縣,苗栗市,機車竊盜,7,86112,year_end_registered_population,8.1289483463
2022,苗栗縣,苗栗市,毒品,97,86112,year_end_registered_population,112.6439985136
2022,苗栗縣,苗栗市,汽車竊盜,5,86112,year_end_registered_population,5.806391676
2022,苗栗縣,西湖鄉,住宅竊盜,5,6440,year_end_registered_population,77.6397515528
2022,苗栗縣,西湖鄉,毒品,7,6440,year_end_registered_population,108.6956521739
2022,苗栗縣,通霄鎮,住宅竊盜,4,31835,year_end_registered_population,12.5647871839
2022,苗栗縣,通霄鎮,毒品,38,31835,year_end_registered_population,119.3654782472
2022,苗栗縣,造橋鄉,住宅竊盜,8,11706,year_end_registered_population,68.3410216983
2022,苗栗縣,造橋鄉,強盜,1,11706,year_end_registered_population,8.5426277123
2022,苗栗縣,造橋鄉,毒品,23,11706,year_end_registered_population,196.4804373825
2022,苗栗縣,銅鑼鄉,住宅竊盜,2,16682,year_end_registered_population,11.9889701475
2022,苗栗縣,銅鑼鄉,強制性交,1,16682,year_end_registered_population,5.9944850737
2022,苗栗縣,銅鑼鄉,機車竊盜,3,16682,year_end_registered_population,17.9834552212
2022,苗栗縣,銅鑼鄉,毒品,13,16682,year_end_registered_population,77.9283059585
2022,苗栗縣,頭份市,住宅竊盜,21,105354,year_end_registered_population,19.9327979953
2022,苗栗縣,頭份市,強制性交,1,105354,year_end_registered_population,0.9491808569
2022,苗栗縣,頭份市,強盜,1,105354,year_end_registered_population,0.9491808569
2022,苗栗縣,頭份市,機車竊盜,2,105354,year_end_registered_population,1.8983617138
2022,苗栗縣,頭份市,毒品,123,105354,year_end_registered_population,116.7492454012
2022,苗栗縣,頭份市,汽車竊盜,1,105354,year_end_registered_population,0.9491808569
2022,苗栗縣,頭屋鄉,住宅竊盜,1,9948,year_end_registered_population,10.0522718134
2022,苗栗縣,頭屋鄉,機車竊盜,1,9948,year_end_registered_population,10.0522718134
2022,苗栗縣,頭屋鄉,毒品,7,9948,year_end_registered_population,70.365902694
2022,苗栗縣,頭屋鄉,汽車竊盜,1,9948,year_end_registered_population,10.0522718134
2022,連江縣,南竿鄉,機車竊盜,1,7797,year_end_registered_population,12.8254456842
2022,連江縣,南竿鄉,汽車竊盜,2,7797,year_end_registered_population,25.6508913685
2022,金門縣,烈嶼鄉,毒品,1,12649,year_end_registered_population,7.9057633014
2022,金門縣,金城鎮,住宅竊盜,10,42342,year_end_registered_population,23.6172122243
2022,金門縣,金城鎮,毒品,10,42342,year_end_registered_population,23.6172122243
2022,金門縣,金寧鄉,住宅竊盜,5,34325,year_end_registered_population,14.5666423889
2022,金門縣,金寧鄉,強制性交,1,34325,year_end_registered_population,2.9133284778
2022,金門縣,金寧鄉,機車竊盜,1,34325,year_end_registered_population,2.9133284778
2022,金門縣,金寧鄉,毒品,9,34325,year_end_registered_population,26.2199563001
2022,金門縣,金沙鎮,住宅竊盜,4,20673,year_end_registered_population,19.3489092052
2022,金門縣,金沙鎮,機車竊盜,1,20673,year_end_registered_population,4.8372273013
2022,金門縣,金沙鎮,毒品,1,20673,year_end_registered_population,4.8372273013
2022,金門縣,金湖鎮,住宅竊盜,15,30636,year_end_registered_population,48.9620054837
2022,金門縣,金湖鎮,機車竊盜,2,30636,year_end_registered_population,6.5282673978
2022,金門縣,金湖鎮,毒品,3,30636,year_end_registered_population,9.7924010967
2022,金門縣,金湖鎮,汽車竊盜,1,30636,year_end_registered_population,3.2641336989
2022,雲林縣,二崙鄉,住宅竊盜,2,25220,year_end_registered_population,7.9302141158
2022,雲林縣,二崙鄉,強盜,1,25220,year_end_registered_population,3.9651070579
2022,雲林縣,二崙鄉,機車竊盜,1,25220,year_end_registered_population,3.9651070579
2022,雲林縣,二崙鄉,毒品,6,25220,year_end_registered_population,23.7906423473
2022,雲林縣,二崙鄉,汽車竊盜,1,25220,year_end_registered_population,3.9651070579
2022,雲林縣,元長鄉,住宅竊盜,1,23713,year_end_registered_population,4.2170961076
2022,雲林縣,元長鄉,強制性交,1,23713,year_end_registered_population,4.2170961076
2022,雲林縣,元長鄉,搶奪,2,23713,year_end_registered_population,8.4341922152
2022,雲林縣,元長鄉,機車竊盜,1,23713,year_end_registered_population,4.2170961076
2022,雲林縣,元長鄉,毒品,17,23713,year_end_registered_population,71.6906338295
2022,雲林縣,元長鄉,汽車竊盜,2,23713,year_end_registered_population,8.4341922152
2022,雲林縣,北港鎮,住宅竊盜,9,37849,year_end_registered_population,23.7786995693
2022,雲林縣,北港鎮,毒品,41,37849,year_end_registered_population,108.325186927
2022,雲林縣,口湖鄉,住宅竊盜,10,25566,year_end_registered_population,39.1144488774
2022,雲林縣,口湖鄉,搶奪,1,25566,year_end_registered_population,3.9114448877
2022,雲林縣,口湖鄉,毒品,17,25566,year_end_registered_population,66.4945630916
2022,雲林縣,口湖鄉,汽車竊盜,1,25566,year_end_registered_population,3.9114448877
2022,雲林縣,古坑鄉,毒品,31,30138,year_end_registered_population,102.8601765213
2022,雲林縣,四湖鄉,住宅竊盜,7,21582,year_end_registered_population,32.4344361042
2022,雲林縣,四湖鄉,機車竊盜,5,21582,year_end_registered_population,23.1674543601
2022,雲林縣,四湖鄉,毒品,11,21582,year_end_registered_population,50.9683995923
2022,雲林縣,土庫鎮,住宅竊盜,2,27650,year_end_registered_population,7.2332730561
2022,雲林縣,土庫鎮,毒品,11,27650,year_end_registered_population,39.7830018083
2022,雲林縣,大埤鄉,毒品,16,18231,year_end_registered_population,87.7626021612
2022,雲林縣,崙背鄉,住宅竊盜,4,23098,year_end_registered_population,17.3175166681
2022,雲林縣,崙背鄉,機車竊盜,1,23098,year_end_registered_population,4.329379167
2022,雲林縣,崙背鄉,毒品,15,23098,year_end_registered_population,64.9406875054
2022,雲林縣,崙背鄉,汽車竊盜,1,23098,year_end_registered_population,4.329379167
2022,雲林縣,斗六市,住宅竊盜,7,107791,year_end_registered_population,6.4940486683
2022,雲林縣,斗六市,強盜,1,107791,year_end_registered_population,0.9277212383
2022,雲林縣,斗六市,搶奪,1,107791,year_end_registered_population,0.9277212383
2022,雲林縣,斗六市,機車竊盜,5,107791,year_end_registered_population,4.6386061916
2022,雲林縣,斗六市,毒品,74,107791,year_end_registered_population,68.6513716359
2022,雲林縣,斗六市,汽車竊盜,2,107791,year_end_registered_population,1.8554424766
2022,雲林縣,斗南鎮,住宅竊盜,2,43355,year_end_registered_population,4.6130780763
2022,雲林縣,斗南鎮,機車竊盜,3,43355,year_end_registered_population,6.9196171145
2022,雲林縣,斗南鎮,毒品,51,43355,year_end_registered_population,117.6334909468
2022,雲林縣,斗南鎮,汽車竊盜,3,43355,year_end_registered_population,6.9196171145
2022,雲林縣,東勢鄉,住宅竊盜,1,13642,year_end_registered_population,7.3303034746
2022,雲林縣,東勢鄉,毒品,6,13642,year_end_registered_population,43.9818208474
2022,雲林縣,林內鄉,強盜,1,16930,year_end_registered_population,5.9066745422
2022,雲林縣,林內鄉,機車竊盜,1,16930,year_end_registered_population,5.9066745422
2022,雲林縣,林內鄉,毒品,11,16930,year_end_registered_population,64.9734199646
2022,雲林縣,水林鄉,住宅竊盜,3,23242,year_end_registered_population,12.9076671543
2022,雲林縣,水林鄉,機車竊盜,1,23242,year_end_registered_population,4.3025557181
2022,雲林縣,水林鄉,毒品,23,23242,year_end_registered_population,98.9587815162
2022,雲林縣,臺西鄉,住宅竊盜,2,22151,year_end_registered_population,9.0289377455
2022,雲林縣,臺西鄉,機車竊盜,2,22151,year_end_registered_population,9.0289377455
2022,雲林縣,臺西鄉,毒品,35,22151,year_end_registered_population,158.0064105458
2022,雲林縣,莿桐鄉,住宅竊盜,2,27554,year_end_registered_population,7.2584742687
2022,雲林縣,莿桐鄉,機車竊盜,4,27554,year_end_registered_population,14.5169485374
2022,雲林縣,莿桐鄉,毒品,22,27554,year_end_registered_population,79.8432169558
2022,雲林縣,莿桐鄉,汽車竊盜,2,27554,year_end_registered_population,7.2584742687
2022,雲林縣,虎尾鎮,住宅竊盜,3,70305,year_end_registered_population,4.2671218263
2022,雲林縣,虎尾鎮,強盜,1,70305,year_end_registered_population,1.4223739421
2022,雲林縣,虎尾鎮,機車竊盜,1,70305,year_end_registered_population,1.4223739421
2022,雲林縣,虎尾鎮,毒品,44,70305,year_end_registered_population,62.5844534528
2022,雲林縣,虎尾鎮,汽車竊盜,2,70305,year_end_registered_population,2.8447478842
2022,雲林縣,褒忠鄉,機車竊盜,1,12143,year_end_registered_population,8.235197233
2022,雲林縣,褒忠鄉,毒品,4,12143,year_end_registered_population,32.9407889319
2022,雲林縣,西螺鎮,住宅竊盜,8,44578,year_end_registered_population,17.9460720535
2022,雲林縣,西螺鎮,強盜,1,44578,year_end_registered_population,2.2432590067
2022,雲林縣,西螺鎮,機車竊盜,6,44578,year_end_registered_population,13.4595540401
2022,雲林縣,西螺鎮,毒品,34,44578,year_end_registered_population,76.2708062273
2022,雲林縣,西螺鎮,汽車竊盜,1,44578,year_end_registered_population,2.2432590067
2022,雲林縣,麥寮鄉,住宅竊盜,22,49354,year_end_registered_population,44.575920898
2022,雲林縣,麥寮鄉,強盜,1,49354,year_end_registered_population,2.0261782226
2022,雲林縣,麥寮鄉,機車竊盜,2,49354,year_end_registered_population,4.0523564453
2022,雲林縣,麥寮鄉,毒品,56,49354,year_end_registered_population,113.4659804676
2022,雲林縣,麥寮鄉,汽車竊盜,4,49354,year_end_registered_population,8.1047128905
2022,高雄市,三民區,住宅竊盜,3,330419,year_end_registered_population,0.9079381028
2022,高雄市,三民區,強制性交,2,330419,year_end_registered_population,0.6052920686
2022,高雄市,三民區,搶奪,1,330419,year_end_registered_population,0.3026460343
2022,高雄市,三民區,機車竊盜,23,330419,year_end_registered_population,6.9608587884
2022,高雄市,三民區,毒品,182,330419,year_end_registered_population,55.0815782385
2022,高雄市,三民區,組織犯罪防制條例,1,330419,year_end_registered_population,0.3026460343
2022,高雄市,仁武區,住宅竊盜,1,95089,year_end_registered_population,1.0516463524
2022,高雄市,仁武區,機車竊盜,3,95089,year_end_registered_population,3.1549390571
2022,高雄市,仁武區,毒品,48,95089,year_end_registered_population,50.4790249135
2022,高雄市,仁武區,汽車竊盜,2,95089,year_end_registered_population,2.1032927047
2022,高雄市,內門區,強盜,1,13499,year_end_registered_population,7.4079561449
2022,高雄市,內門區,毒品,5,13499,year_end_registered_population,37.0397807245
2022,高雄市,六龜區,機車竊盜,1,11920,year_end_registered_population,8.389261745
2022,高雄市,六龜區,毒品,16,11920,year_end_registered_population,134.2281879195
2022,高雄市,六龜區,汽車竊盜,1,11920,year_end_registered_population,8.389261745
2022,高雄市,前金區,機車竊盜,2,26633,year_end_registered_population,7.5094807194
2022,高雄市,前金區,毒品,37,26633,year_end_registered_population,138.9253933091
2022,高雄市,前鎮區,住宅竊盜,1,180282,year_end_registered_population,0.5546865466
2022,高雄市,前鎮區,強制性交,1,180282,year_end_registered_population,0.5546865466
2022,高雄市,前鎮區,強盜,2,180282,year_end_registered_population,1.1093730933
2022,高雄市,前鎮區,搶奪,2,180282,year_end_registered_population,1.1093730933
2022,高雄市,前鎮區,機車竊盜,12,180282,year_end_registered_population,6.6562385596
2022,高雄市,前鎮區,毒品,67,180282,year_end_registered_population,37.1639986244
2022,高雄市,前鎮區,汽車竊盜,1,180282,year_end_registered_population,0.5546865466
2022,高雄市,前鎮區,組織犯罪防制條例,1,180282,year_end_registered_population,0.5546865466
2022,高雄市,大寮區,強制性交,2,111514,year_end_registered_population,1.7934967807
2022,高雄市,大寮區,搶奪,1,111514,year_end_registered_population,0.8967483903
2022,高雄市,大寮區,機車竊盜,7,111514,year_end_registered_population,6.2772387324
2022,高雄市,大寮區,毒品,59,111514,year_end_registered_population,52.9081550299
2022,高雄市,大寮區,汽車竊盜,3,111514,year_end_registered_population,2.690245171
2022,高雄市,大樹區,強制性交,1,40732,year_end_registered_population,2.4550721791
2022,高雄市,大樹區,毒品,18,40732,year_end_registered_population,44.1912992242
2022,高雄市,大社區,機車竊盜,5,33670,year_end_registered_population,14.85001485
2022,高雄市,大社區,毒品,23,33670,year_end_registered_population,68.3100683101
2022,高雄市,大社區,汽車竊盜,1,33670,year_end_registered_population,2.97000297
2022,高雄市,小港區,強制性交,3,154808,year_end_registered_population,1.9378843471
2022,高雄市,小港區,搶奪,1,154808,year_end_registered_population,0.645961449
2022,高雄市,小港區,機車竊盜,16,154808,year_end_registered_population,10.3353831843
2022,高雄市,小港區,毒品,55,154808,year_end_registered_population,35.5278796961
2022,高雄市,岡山區,強制性交,1,95349,year_end_registered_population,1.0487786972
2022,高雄市,岡山區,搶奪,1,95349,year_end_registered_population,1.0487786972
2022,高雄市,岡山區,機車竊盜,2,95349,year_end_registered_population,2.0975573944
2022,高雄市,岡山區,毒品,60,95349,year_end_registered_population,62.9267218324
2022,高雄市,左營區,住宅竊盜,3,195296,year_end_registered_population,1.5361297722
2022,高雄市,左營區,強盜,1,195296,year_end_registered_population,0.5120432574
2022,高雄市,左營區,機車竊盜,4,195296,year_end_registered_population,2.0481730297
2022,高雄市,左營區,毒品,58,195296,year_end_registered_population,29.69850893
2022,高雄市,左營區,汽車竊盜,3,195296,year_end_registered_population,1.5361297722
2022,高雄市,彌陀區,機車竊盜,2,18468,year_end_registered_population,10.8295429933
2022,高雄市,彌陀區,毒品,8,18468,year_end_registered_population,43.3181719731
2022,高雄市,新興區,住宅竊盜,1,49068,year_end_registered_population,2.0379880981
2022,高雄市,新興區,強盜,1,49068,year_end_registered_population,2.0379880981
2022,高雄市,新興區,機車竊盜,3,49068,year_end_registered_population,6.1139642944
2022,高雄市,新興區,毒品,49,49068,year_end_registered_population,99.8614168093
2022,高雄市,新興區,汽車竊盜,2,49068,year_end_registered_population,4.0759761963
2022,高雄市,旗山區,住宅竊盜,1,34622,year_end_registered_population,2.8883368956
2022,高雄市,旗山區,機車竊盜,1,34622,year_end_registered_population,2.8883368956
2022,高雄市,旗山區,毒品,19,34622,year_end_registered_population,54.8784010167
2022,高雄市,旗津區,毒品,22,26671,year_end_registered_population,82.4865959282
2022,高雄市,杉林區,毒品,13,11094,year_end_registered_population,117.1804579052
2022,高雄市,林園區,強制性交,2,68429,year_end_registered_population,2.9227374359
2022,高雄市,林園區,機車竊盜,8,68429,year_end_registered_population,11.6909497435
2022,高雄市,林園區,毒品,41,68429,year_end_registered_population,59.9161174356
2022,高雄市,梓官區,機車竊盜,1,34845,year_end_registered_population,2.8698522026
2022,高雄市,梓官區,毒品,21,34845,year_end_registered_population,60.2668962548
2022,高雄市,梓官區,汽車竊盜,2,34845,year_end_registered_population,5.7397044052
2022,高雄市,楠梓區,住宅竊盜,1,191313,year_end_registered_population,0.5227036323
2022,高雄市,楠梓區,強制性交,1,191313,year_end_registered_population,0.5227036323
2022,高雄市,楠梓區,機車竊盜,5,191313,year_end_registered_population,2.6135181613
2022,高雄市,楠梓區,毒品,63,191313,year_end_registered_population,32.9303288329
2022,高雄市,楠梓區,汽車竊盜,1,191313,year_end_registered_population,0.5227036323
2022,高雄市,橋頭區,強盜,1,40470,year_end_registered_population,2.4709661478
2022,高雄市,橋頭區,機車竊盜,3,40470,year_end_registered_population,7.4128984433
2022,高雄市,橋頭區,毒品,43,40470,year_end_registered_population,106.2515443538
2022,高雄市,橋頭區,汽車竊盜,1,40470,year_end_registered_population,2.4709661478
2022,高雄市,永安區,毒品,7,13776,year_end_registered_population,50.8130081301
2022,高雄市,湖內區,毒品,17,29540,year_end_registered_population,57.5490859851
2022,高雄市,燕巢區,機車竊盜,1,28963,year_end_registered_population,3.4526810068
2022,高雄市,燕巢區,毒品,19,28963,year_end_registered_population,65.6009391292
2022,高雄市,燕巢區,汽車竊盜,2,28963,year_end_registered_population,6.9053620136
2022,高雄市,田寮區,毒品,5,6655,year_end_registered_population,75.1314800902
2022,高雄市,甲仙區,毒品,2,5661,year_end_registered_population,35.3294470942
2022,高雄市,美濃區,機車竊盜,1,37317,year_end_registered_population,2.6797438165
2022,高雄市,美濃區,毒品,16,37317,year_end_registered_population,42.8759010639
2022,高雄市,美濃區,汽車竊盜,2,37317,year_end_registered_population,5.359487633
2022,高雄市,苓雅區,強制性交,2,162642,year_end_registered_population,1.2296946668
2022,高雄市,苓雅區,強盜,1,162642,year_end_registered_population,0.6148473334
2022,高雄市,苓雅區,機車竊盜,11,162642,year_end_registered_population,6.7633206675
2022,高雄市,苓雅區,毒品,112,162642,year_end_registered_population,68.8629013416
2022,高雄市,茄萣區,毒品,42,29480,year_end_registered_population,142.4694708277
2022,高雄市,路竹區,機車竊盜,1,50602,year_end_registered_population,1.9762064741
2022,高雄市,路竹區,毒品,36,50602,year_end_registered_population,71.1434330659
2022,高雄市,阿蓮區,搶奪,1,27656,year_end_registered_population,3.6158518947
2022,高雄市,阿蓮區,機車竊盜,2,27656,year_end_registered_population,7.2317037894
2022,高雄市,阿蓮區,毒品,11,27656,year_end_registered_population,39.7743708418
2022,高雄市,鳥松區,機車竊盜,3,44168,year_end_registered_population,6.7922477812
2022,高雄市,鳥松區,毒品,40,44168,year_end_registered_population,90.5633037493
2022,高雄市,鳳山區,住宅竊盜,3,356016,year_end_registered_population,0.8426587569
2022,高雄市,鳳山區,強制性交,1,356016,year_end_registered_population,0.2808862523
2022,高雄市,鳳山區,搶奪,2,356016,year_end_registered_population,0.5617725046
2022,高雄市,鳳山區,毒品,217,356016,year_end_registered_population,60.9523167498
2022,高雄市,鳳山區,汽車竊盜,3,356016,year_end_registered_population,0.8426587569
2022,高雄市,鹽埕區,住宅竊盜,1,22481,year_end_registered_population,4.4482007028
2022,高雄市,鹽埕區,機車竊盜,3,22481,year_end_registered_population,13.3446021084
2022,高雄市,鹽埕區,毒品,11,22481,year_end_registered_population,48.930207731
2022,高雄市,鼓山區,住宅竊盜,1,139590,year_end_registered_population,0.7163836951
2022,高雄市,鼓山區,強制性交,1,139590,year_end_registered_population,0.7163836951
2022,高雄市,鼓山區,機車竊盜,6,139590,year_end_registered_population,4.2983021706
2022,高雄市,鼓山區,毒品,49,139590,year_end_registered_population,35.1028010602
2022,高雄市,鼓山區,汽車竊盜,1,139590,year_end_registered_population,0.7163836951
2023,南投縣,中寮鄉,住宅竊盜,2,13528,year_end_registered_population,14.7841513897
2023,南投縣,中寮鄉,毒品,8,13528,year_end_registered_population,59.1366055588
2023,南投縣,仁愛鄉,住宅竊盜,3,15538,year_end_registered_population,19.3075041833
2023,南投縣,仁愛鄉,毒品,8,15538,year_end_registered_population,51.4866778221
2023,南投縣,信義鄉,住宅竊盜,2,15410,year_end_registered_population,12.9785853342
2023,南投縣,信義鄉,強制性交,2,15410,year_end_registered_population,12.9785853342
2023,南投縣,信義鄉,毒品,3,15410,year_end_registered_population,19.4678780013
2023,南投縣,南投市,住宅竊盜,18,97450,year_end_registered_population,18.4710107748
2023,南投縣,南投市,強制性交,1,97450,year_end_registered_population,1.0261672653
2023,南投縣,南投市,強盜,3,97450,year_end_registered_population,3.0785017958
2023,南投縣,南投市,機車竊盜,16,97450,year_end_registered_population,16.4186762442
2023,南投縣,南投市,毒品,91,97450,year_end_registered_population,93.381221139
2023,南投縣,南投市,汽車竊盜,4,97450,year_end_registered_population,4.1046690611
2023,南投縣,名間鄉,住宅竊盜,6,35801,year_end_registered_population,16.7593083992
2023,南投縣,名間鄉,機車竊盜,6,35801,year_end_registered_population,16.7593083992
2023,南投縣,名間鄉,毒品,20,35801,year_end_registered_population,55.8643613307
2023,南投縣,名間鄉,汽車竊盜,5,35801,year_end_registered_population,13.9660903327
2023,南投縣,國姓鄉,住宅竊盜,4,16884,year_end_registered_population,23.6910684672
2023,南投縣,國姓鄉,機車竊盜,1,16884,year_end_registered_population,5.9227671168
2023,南投縣,國姓鄉,毒品,10,16884,year_end_registered_population,59.227671168
2023,南投縣,埔里鎮,住宅竊盜,31,77035,year_end_registered_population,40.2414486922
2023,南投縣,埔里鎮,強盜,2,77035,year_end_registered_population,2.5962224963
2023,南投縣,埔里鎮,搶奪,1,77035,year_end_registered_population,1.2981112481
2023,南投縣,埔里鎮,機車竊盜,14,77035,year_end_registered_population,18.1735574739
2023,南投縣,埔里鎮,毒品,91,77035,year_end_registered_population,118.1281235802
2023,南投縣,埔里鎮,汽車竊盜,4,77035,year_end_registered_population,5.1924449925
2023,南投縣,水里鄉,住宅竊盜,1,16085,year_end_registered_population,6.2169723345
2023,南投縣,水里鄉,強制性交,1,16085,year_end_registered_population,6.2169723345
2023,南投縣,水里鄉,機車竊盜,3,16085,year_end_registered_population,18.6509170034
2023,南投縣,水里鄉,毒品,7,16085,year_end_registered_population,43.5188063413
2023,南投縣,水里鄉,汽車竊盜,1,16085,year_end_registered_population,6.2169723345
2023,南投縣,竹山鎮,住宅竊盜,9,51450,year_end_registered_population,17.4927113703
2023,南投縣,竹山鎮,搶奪,1,51450,year_end_registered_population,1.9436345967
2023,南投縣,竹山鎮,機車竊盜,4,51450,year_end_registered_population,7.7745383868
2023,南投縣,竹山鎮,毒品,34,51450,year_end_registered_population,66.0835762877
2023,南投縣,竹山鎮,汽車竊盜,6,51450,year_end_registered_population,11.6618075802
2023,南投縣,草屯鎮,住宅竊盜,41,97120,year_end_registered_population,42.215815486
2023,南投縣,草屯鎮,強制性交,2,97120,year_end_registered_population,2.0593080725
2023,南投縣,草屯鎮,強盜,2,97120,year_end_registered_population,2.0593080725
2023,南投縣,草屯鎮,機車竊盜,9,97120,year_end_registered_population,9.2668863262
2023,南投縣,草屯鎮,毒品,65,97120,year_end_registered_population,66.9275123558
2023,南投縣,草屯鎮,汽車竊盜,4,97120,year_end_registered_population,4.118616145
2023,南投縣,集集鎮,毒品,4,9924,year_end_registered_population,40.3063280935
2023,南投縣,魚池鄉,住宅竊盜,1,14687,year_end_registered_population,6.8087424253
2023,南投縣,魚池鄉,機車竊盜,2,14687,year_end_registered_population,13.6174848505
2023,南投縣,魚池鄉,毒品,5,14687,year_end_registered_population,34.0437121264
2023,南投縣,鹿谷鄉,機車竊盜,1,16182,year_end_registered_population,6.179705846
2023,南投縣,鹿谷鄉,毒品,7,16182,year_end_registered_population,43.257940922
2023,嘉義市,東區,住宅竊盜,4,117993,year_end_registered_population,3.390031612
2023,嘉義市,東區,強制性交,3,117993,year_end_registered_population,2.542523709
2023,嘉義市,東區,搶奪,1,117993,year_end_registered_population,0.847507903
2023,嘉義市,東區,機車竊盜,4,117993,year_end_registered_population,3.390031612
2023,嘉義市,東區,毒品,153,117993,year_end_registered_population,129.6687091607
2023,嘉義市,西區,住宅竊盜,4,145591,year_end_registered_population,2.7474225742
2023,嘉義市,西區,強制性交,2,145591,year_end_registered_population,1.3737112871
2023,嘉義市,西區,強盜,3,145591,year_end_registered_population,2.0605669306
2023,嘉義市,西區,搶奪,2,145591,year_end_registered_population,1.3737112871
2023,嘉義市,西區,機車竊盜,4,145591,year_end_registered_population,2.7474225742
2023,嘉義市,西區,毒品,310,145591,year_end_registered_population,212.9252495003
2023,嘉義市,西區,汽車竊盜,2,145591,year_end_registered_population,1.3737112871
2023,嘉義縣,中埔鄉,機車竊盜,1,42690,year_end_registered_population,2.3424689623
2023,嘉義縣,中埔鄉,毒品,35,42690,year_end_registered_population,81.98641368
2023,嘉義縣,六腳鄉,機車竊盜,1,20889,year_end_registered_population,4.7872085787
2023,嘉義縣,六腳鄉,毒品,9,20889,year_end_registered_population,43.0848772081
2023,嘉義縣,大林鎮,機車竊盜,1,29815,year_end_registered_population,3.3540164347
2023,嘉義縣,大林鎮,毒品,31,29815,year_end_registered_population,103.9745094751
2023,嘉義縣,大林鎮,汽車竊盜,1,29815,year_end_registered_population,3.3540164347
2023,嘉義縣,太保市,強制性交,2,39299,year_end_registered_population,5.0891880201
2023,嘉義縣,太保市,強盜,1,39299,year_end_registered_population,2.54459401
2023,嘉義縣,太保市,機車竊盜,4,39299,year_end_registered_population,10.1783760401
2023,嘉義縣,太保市,毒品,24,39299,year_end_registered_population,61.0702562406
2023,嘉義縣,太保市,汽車竊盜,1,39299,year_end_registered_population,2.54459401
2023,嘉義縣,布袋鎮,機車竊盜,1,24622,year_end_registered_population,4.0614084965
2023,嘉義縣,布袋鎮,毒品,21,24622,year_end_registered_population,85.2895784258
2023,嘉義縣,布袋鎮,汽車竊盜,2,24622,year_end_registered_population,8.1228169929
2023,嘉義縣,新港鄉,機車竊盜,2,30094,year_end_registered_population,6.6458430252
2023,嘉義縣,新港鄉,毒品,22,30094,year_end_registered_population,73.1042732771
2023,嘉義縣,朴子市,機車竊盜,2,40705,year_end_registered_population,4.9134013021
2023,嘉義縣,朴子市,毒品,40,40705,year_end_registered_population,98.268026041
2023,嘉義縣,東石鄉,住宅竊盜,1,22749,year_end_registered_population,4.3957976175
2023,嘉義縣,東石鄉,機車竊盜,1,22749,year_end_registered_population,4.3957976175
2023,嘉義縣,東石鄉,毒品,48,22749,year_end_registered_population,210.9982856389
2023,嘉義縣,梅山鄉,機車竊盜,1,17805,year_end_registered_population,5.6163998877
2023,嘉義縣,梅山鄉,毒品,2,17805,year_end_registered_population,11.2327997753
2023,嘉義縣,民雄鄉,住宅竊盜,1,70248,year_end_registered_population,1.423528072
2023,嘉義縣,民雄鄉,強制性交,1,70248,year_end_registered_population,1.423528072
2023,嘉義縣,民雄鄉,搶奪,1,70248,year_end_registered_population,1.423528072
2023,嘉義縣,民雄鄉,機車竊盜,1,70248,year_end_registered_population,1.423528072
2023,嘉義縣,民雄鄉,毒品,51,70248,year_end_registered_population,72.5999316707
2023,嘉義縣,民雄鄉,汽車竊盜,2,70248,year_end_registered_population,2.8470561439
2023,嘉義縣,水上鄉,強制性交,1,47727,year_end_registered_population,2.0952500681
2023,嘉義縣,水上鄉,搶奪,1,47727,year_end_registered_population,2.0952500681
2023,嘉義縣,水上鄉,機車竊盜,2,47727,year_end_registered_population,4.1905001362
2023,嘉義縣,水上鄉,毒品,29,47727,year_end_registered_population,60.7622519748
2023,嘉義縣,水上鄉,汽車竊盜,1,47727,year_end_registered_population,2.0952500681
2023,嘉義縣,溪口鄉,機車竊盜,2,13238,year_end_registered_population,15.1080223599
2023,嘉義縣,溪口鄉,毒品,16,13238,year_end_registered_population,120.864178879
2023,嘉義縣,番路鄉,強盜,2,10867,year_end_registered_population,18.404343425
2023,嘉義縣,番路鄉,毒品,6,10867,year_end_registered_population,55.2130302751
2023,嘉義縣,竹崎鄉,機車竊盜,3,33308,year_end_registered_population,9.0068452024
2023,嘉義縣,竹崎鄉,毒品,21,33308,year_end_registered_population,63.0479164165
2023,嘉義縣,竹崎鄉,汽車竊盜,1,33308,year_end_registered_population,3.0022817341
2023,嘉義縣,義竹鄉,機車竊盜,1,16633,year_end_registered_population,6.012144532
2023,嘉義縣,義竹鄉,毒品,17,16633,year_end_registered_population,102.2064570432
2023,嘉義縣,鹿草鄉,強制性交,1,14123,year_end_registered_population,7.0806485874
2023,嘉義縣,鹿草鄉,毒品,5,14123,year_end_registered_population,35.4032429371
2023,嘉義縣,鹿草鄉,汽車竊盜,2,14123,year_end_registered_population,14.1612971748
2023,基隆市,七堵區,住宅竊盜,5,52757,year_end_registered_population,9.4774153193
2023,基隆市,七堵區,強盜,2,52757,year_end_registered_population,3.7909661277
2023,基隆市,七堵區,機車竊盜,5,52757,year_end_registered_population,9.4774153193
2023,基隆市,七堵區,毒品,52,52757,year_end_registered_population,98.5651193207
2023,基隆市,七堵區,汽車竊盜,2,52757,year_end_registered_population,3.7909661277
2023,基隆市,中山區,住宅竊盜,7,45459,year_end_registered_population,15.3984909479
2023,基隆市,中山區,機車竊盜,7,45459,year_end_registered_population,15.3984909479
2023,基隆市,中山區,毒品,70,45459,year_end_registered_population,153.9849094789
2023,基隆市,中山區,汽車竊盜,1,45459,year_end_registered_population,2.1997844211
2023,基隆市,中正區,住宅竊盜,6,50646,year_end_registered_population,11.8469375666
2023,基隆市,中正區,強盜,1,50646,year_end_registered_population,1.9744895944
2023,基隆市,中正區,搶奪,1,50646,year_end_registered_population,1.9744895944
2023,基隆市,中正區,機車竊盜,8,50646,year_end_registered_population,15.7959167555
2023,基隆市,中正區,毒品,69,50646,year_end_registered_population,136.2397820163
2023,基隆市,中正區,汽車竊盜,1,50646,year_end_registered_population,1.9744895944
2023,基隆市,仁愛區,住宅竊盜,11,41131,year_end_registered_population,26.743818531
2023,基隆市,仁愛區,強盜,6,41131,year_end_registered_population,14.5875373806
2023,基隆市,仁愛區,搶奪,1,41131,year_end_registered_population,2.4312562301
2023,基隆市,仁愛區,機車竊盜,8,41131,year_end_registered_population,19.4500498408
2023,基隆市,仁愛區,毒品,178,41131,year_end_registered_population,432.7636089567
2023,基隆市,仁愛區,汽車竊盜,1,41131,year_end_registered_population,2.4312562301
2023,基隆市,信義區,住宅竊盜,5,53372,year_end_registered_population,9.3682080492
2023,基隆市,信義區,機車竊盜,5,53372,year_end_registered_population,9.3682080492
2023,基隆市,信義區,毒品,41,53372,year_end_registered_population,76.8193060031
2023,基隆市,信義區,汽車竊盜,2,53372,year_end_registered_population,3.7472832197
2023,基隆市,信義區,組織犯罪防制條例,1,53372,year_end_registered_population,1.8736416098
2023,基隆市,安樂區,住宅竊盜,7,80440,year_end_registered_population,8.7021382397
2023,基隆市,安樂區,強制性交,1,80440,year_end_registered_population,1.2431626057
2023,基隆市,安樂區,機車竊盜,9,80440,year_end_registered_population,11.188463451
2023,基隆市,安樂區,毒品,65,80440,year_end_registered_population,80.8055693685
2023,基隆市,安樂區,汽車竊盜,3,80440,year_end_registered_population,3.729487817
2023,基隆市,暖暖區,住宅竊盜,4,38450,year_end_registered_population,10.4031209363
2023,基隆市,暖暖區,強制性交,1,38450,year_end_registered_population,2.6007802341
2023,基隆市,暖暖區,強盜,1,38450,year_end_registered_population,2.6007802341
2023,基隆市,暖暖區,機車竊盜,7,38450,year_end_registered_population,18.2054616385
2023,基隆市,暖暖區,毒品,32,38450,year_end_registered_population,83.2249674902
2023,基隆市,暖暖區,汽車竊盜,1,38450,year_end_registered_population,2.6007802341
2023,宜蘭縣,三星鄉,毒品,13,21272,year_end_registered_population,61.1132004513
2023,宜蘭縣,五結鄉,強盜,2,41052,year_end_registered_population,4.8718698236
2023,宜蘭縣,五結鄉,機車竊盜,3,41052,year_end_registered_population,7.3078047355
2023,宜蘭縣,五結鄉,毒品,41,41052,year_end_registered_population,99.8733313846
2023,宜蘭縣,五結鄉,汽車竊盜,3,41052,year_end_registered_population,7.3078047355
2023,宜蘭縣,冬山鄉,毒品,48,53249,year_end_registered_population,90.142537888
2023,宜蘭縣,冬山鄉,組織犯罪防制條例,1,53249,year_end_registered_population,1.8779695393
2023,宜蘭縣,南澳鄉,毒品,6,6114,year_end_registered_population,98.1354268891
2023,宜蘭縣,員山鄉,住宅竊盜,2,32138,year_end_registered_population,6.2231626112
2023,宜蘭縣,員山鄉,機車竊盜,3,32138,year_end_registered_population,9.3347439169
2023,宜蘭縣,員山鄉,毒品,29,32138,year_end_registered_population,90.235857863
2023,宜蘭縣,壯圍鄉,住宅竊盜,2,24380,year_end_registered_population,8.2034454471
2023,宜蘭縣,壯圍鄉,強制性交,1,24380,year_end_registered_population,4.1017227235
2023,宜蘭縣,壯圍鄉,機車竊盜,2,24380,year_end_registered_population,8.2034454471
2023,宜蘭縣,壯圍鄉,毒品,15,24380,year_end_registered_population,61.5258408532
2023,宜蘭縣,大同鄉,機車竊盜,1,6036,year_end_registered_population,16.5672630881
2023,宜蘭縣,大同鄉,毒品,8,6036,year_end_registered_population,132.5381047051
2023,宜蘭縣,宜蘭市,住宅竊盜,12,94991,year_end_registered_population,12.6327757366
2023,宜蘭縣,宜蘭市,強制性交,1,94991,year_end_registered_population,1.0527313114
2023,宜蘭縣,宜蘭市,搶奪,1,94991,year_end_registered_population,1.0527313114
2023,宜蘭縣,宜蘭市,機車竊盜,15,94991,year_end_registered_population,15.7909696708
2023,宜蘭縣,宜蘭市,毒品,69,94991,year_end_registered_population,72.6384604857
2023,宜蘭縣,宜蘭市,汽車竊盜,1,94991,year_end_registered_population,1.0527313114
2023,宜蘭縣,礁溪鄉,住宅竊盜,13,34948,year_end_registered_population,37.1981229255
2023,宜蘭縣,礁溪鄉,強制性交,2,34948,year_end_registered_population,5.7227881424
2023,宜蘭縣,礁溪鄉,機車竊盜,3,34948,year_end_registered_population,8.5841822136
2023,宜蘭縣,礁溪鄉,毒品,42,34948,year_end_registered_population,120.17855099
2023,宜蘭縣,礁溪鄉,汽車竊盜,1,34948,year_end_registered_population,2.8613940712
2023,宜蘭縣,羅東鎮,強制性交,1,69960,year_end_registered_population,1.4293882218
2023,宜蘭縣,羅東鎮,強盜,1,69960,year_end_registered_population,1.4293882218
2023,宜蘭縣,羅東鎮,搶奪,3,69960,year_end_registered_population,4.2881646655
2023,宜蘭縣,羅東鎮,機車竊盜,6,69960,year_end_registered_population,8.576329331
2023,宜蘭縣,羅東鎮,毒品,55,69960,year_end_registered_population,78.6163522013
2023,宜蘭縣,羅東鎮,汽車竊盜,3,69960,year_end_registered_population,4.2881646655
2023,宜蘭縣,蘇澳鎮,住宅竊盜,1,37458,year_end_registered_population,2.6696566822
2023,宜蘭縣,蘇澳鎮,機車竊盜,6,37458,year_end_registered_population,16.0179400929
2023,宜蘭縣,蘇澳鎮,毒品,46,37458,year_end_registered_population,122.8042073789
2023,宜蘭縣,蘇澳鎮,汽車竊盜,2,37458,year_end_registered_population,5.3393133643
2023,宜蘭縣,頭城鎮,住宅竊盜,17,28292,year_end_registered_population,60.0876572883
2023,宜蘭縣,頭城鎮,機車竊盜,3,28292,year_end_registered_population,10.6037042273
2023,宜蘭縣,頭城鎮,毒品,26,28292,year_end_registered_population,91.8987699703
2023,屏東縣,三地門鄉,機車竊盜,1,7742,year_end_registered_population,12.9165590287
2023,屏東縣,三地門鄉,毒品,6,7742,year_end_registered_population,77.499354172
2023,屏東縣,九如鄉,毒品,14,21639,year_end_registered_population,64.6979989833
2023,屏東縣,佳冬鄉,住宅竊盜,1,17888,year_end_registered_population,5.5903398927
2023,屏東縣,佳冬鄉,毒品,11,17888,year_end_registered_population,61.4937388193
2023,屏東縣,佳冬鄉,汽車竊盜,2,17888,year_end_registered_population,11.1806797853
2023,屏東縣,來義鄉,強盜,1,7390,year_end_registered_population,13.5317997294
2023,屏東縣,內埔鄉,機車竊盜,2,52501,year_end_registered_population,3.8094512485
2023,屏東縣,內埔鄉,毒品,70,52501,year_end_registered_population,133.3307936992
2023,屏東縣,內埔鄉,汽車竊盜,2,52501,year_end_registered_population,3.8094512485
2023,屏東縣,南州鄉,毒品,4,9882,year_end_registered_population,40.4776361061
2023,屏東縣,南州鄉,汽車竊盜,1,9882,year_end_registered_population,10.1194090265
2023,屏東縣,屏東市,強盜,4,193810,year_end_registered_population,2.0638769929
2023,屏東縣,屏東市,機車竊盜,21,193810,year_end_registered_population,10.8353542129
2023,屏東縣,屏東市,毒品,206,193810,year_end_registered_population,106.289665136
2023,屏東縣,屏東市,汽車竊盜,5,193810,year_end_registered_population,2.5798462412
2023,屏東縣,崁頂鄉,機車竊盜,2,15245,year_end_registered_population,13.119055428
2023,屏東縣,崁頂鄉,毒品,10,15245,year_end_registered_population,65.59527714
2023,屏東縣,恆春鎮,強制性交,2,29747,year_end_registered_population,6.7233670622
2023,屏東縣,恆春鎮,機車竊盜,8,29747,year_end_registered_population,26.8934682489
2023,屏東縣,恆春鎮,毒品,18,29747,year_end_registered_population,60.51030356
2023,屏東縣,恆春鎮,汽車竊盜,1,29747,year_end_registered_population,3.3616835311
2023,屏東縣,新園鄉,住宅竊盜,1,32674,year_end_registered_population,3.0605374304
2023,屏東縣,新園鄉,搶奪,1,32674,year_end_registered_population,3.0605374304
2023,屏東縣,新園鄉,機車竊盜,2,32674,year_end_registered_population,6.1210748607
2023,屏東縣,新園鄉,毒品,17,32674,year_end_registered_population,52.0291363163
2023,屏東縣,新園鄉,汽車竊盜,2,32674,year_end_registered_population,6.1210748607
2023,屏東縣,新埤鄉,強盜,1,9353,year_end_registered_population,10.6917566556
2023,屏東縣,新埤鄉,毒品,5,9353,year_end_registered_population,53.4587832781
2023,屏東縣,春日鄉,機車竊盜,2,4874,year_end_registered_population,41.0340582684
2023,屏東縣,春日鄉,毒品,3,4874,year_end_registered_population,61.5510874025
2023,屏東縣,東港鎮,搶奪,1,45946,year_end_registered_population,2.1764680277
2023,屏東縣,東港鎮,機車竊盜,2,45946,year_end_registered_population,4.3529360554
2023,屏東縣,東港鎮,毒品,56,45946,year_end_registered_population,121.8822095503
2023,屏東縣,東港鎮,汽車竊盜,4,45946,year_end_registered_population,8.7058721107
2023,屏東縣,枋寮鄉,住宅竊盜,2,22757,year_end_registered_population,8.7885046359
2023,屏東縣,枋寮鄉,機車竊盜,1,22757,year_end_registered_population,4.394252318
2023,屏東縣,枋寮鄉,毒品,43,22757,year_end_registered_population,188.9528496726
2023,屏東縣,枋寮鄉,汽車竊盜,3,22757,year_end_registered_population,13.1827569539
2023,屏東縣,枋山鄉,毒品,2,5013,year_end_registered_population,39.8962696988
2023,屏東縣,枋山鄉,汽車竊盜,1,5013,year_end_registered_population,19.9481348494
2023,屏東縣,林邊鄉,機車竊盜,1,16449,year_end_registered_population,6.0793969238
2023,屏東縣,林邊鄉,毒品,12,16449,year_end_registered_population,72.9527630859
2023,屏東縣,林邊鄉,汽車竊盜,1,16449,year_end_registered_population,6.0793969238
2023,屏東縣,泰武鄉,毒品,2,5291,year_end_registered_population,37.8000378
2023,屏東縣,滿州鄉,機車竊盜,1,7235,year_end_registered_population,13.8217000691
2023,屏東縣,滿州鄉,毒品,2,7235,year_end_registered_population,27.6434001382
2023,屏東縣,潮州鎮,機車竊盜,2,53325,year_end_registered_population,3.7505860291
2023,屏東縣,潮州鎮,毒品,76,53325,year_end_registered_population,142.5222691045
2023,屏東縣,獅子鄉,毒品,1,4777,year_end_registered_population,20.9336403601
2023,屏東縣,琉球鄉,機車竊盜,1,12265,year_end_registered_population,8.1532816959
2023,屏東縣,琉球鄉,毒品,1,12265,year_end_registered_population,8.1532816959
2023,屏東縣,瑪家鄉,毒品,3,6749,year_end_registered_population,44.4510297822
2023,屏東縣,竹田鄉,毒品,16,15807,year_end_registered_population,101.2209780477
2023,屏東縣,竹田鄉,汽車竊盜,2,15807,year_end_registered_population,12.652622256
2023,屏東縣,萬丹鄉,強制性交,1,49252,year_end_registered_population,2.030374401
2023,屏東縣,萬丹鄉,機車竊盜,5,49252,year_end_registered_population,10.1518720052
2023,屏東縣,萬丹鄉,毒品,42,49252,year_end_registered_population,85.2757248437
2023,屏東縣,萬丹鄉,汽車竊盜,9,49252,year_end_registered_population,18.2733696094
2023,屏東縣,萬巒鄉,毒品,14,19239,year_end_registered_population,72.7688549301
2023,屏東縣,車城鄉,毒品,4,8029,year_end_registered_population,49.8194046581
2023,屏東縣,里港鄉,毒品,17,25623,year_end_registered_population,66.3466416891
2023,屏東縣,長治鄉,機車竊盜,1,29190,year_end_registered_population,3.425830764
2023,屏東縣,長治鄉,毒品,24,29190,year_end_registered_population,82.219938335
2023,屏東縣,霧臺鄉,毒品,1,3265,year_end_registered_population,30.6278713629
2023,屏東縣,高樹鄉,機車竊盜,1,22764,year_end_registered_population,4.3929010719
2023,屏東縣,高樹鄉,毒品,36,22764,year_end_registered_population,158.1444385872
2023,屏東縣,鹽埔鄉,機車竊盜,3,23976,year_end_registered_population,12.5125125125
2023,屏東縣,鹽埔鄉,毒品,22,23976,year_end_registered_population,91.7584250918
2023,屏東縣,麟洛鄉,機車竊盜,1,10544,year_end_registered_population,9.4840667678
2023,屏東縣,麟洛鄉,毒品,12,10544,year_end_registered_population,113.808801214
2023,彰化縣,二林鎮,住宅竊盜,1,47898,year_end_registered_population,2.0877698443
2023,彰化縣,二林鎮,強制性交,1,47898,year_end_registered_population,2.0877698443
2023,彰化縣,二林鎮,強盜,1,47898,year_end_registered_population,2.0877698443
2023,彰化縣,二林鎮,搶奪,1,47898,year_end_registered_population,2.0877698443
2023,彰化縣,二林鎮,毒品,19,47898,year_end_registered_population,39.6676270408
2023,彰化縣,二林鎮,汽車竊盜,2,47898,year_end_registered_population,4.1755396885
2023,彰化縣,二水鄉,毒品,11,13855,year_end_registered_population,79.3937206785
2023,彰化縣,伸港鄉,搶奪,1,38491,year_end_registered_population,2.5980099244
2023,彰化縣,伸港鄉,機車竊盜,2,38491,year_end_registered_population,5.1960198488
2023,彰化縣,伸港鄉,毒品,15,38491,year_end_registered_population,38.970148866
2023,彰化縣,伸港鄉,汽車竊盜,1,38491,year_end_registered_population,2.5980099244
2023,彰化縣,北斗鎮,機車竊盜,3,33294,year_end_registered_population,9.0106325464
2023,彰化縣,北斗鎮,毒品,27,33294,year_end_registered_population,81.0956929176
2023,彰化縣,和美鎮,住宅竊盜,1,88046,year_end_registered_population,1.1357699384
2023,彰化縣,和美鎮,機車竊盜,4,88046,year_end_registered_population,4.5430797538
2023,彰化縣,和美鎮,毒品,26,88046,year_end_registered_population,29.5300183995
2023,彰化縣,和美鎮,汽車竊盜,1,88046,year_end_registered_population,1.1357699384
2023,彰化縣,員林市,住宅竊盜,1,123004,year_end_registered_population,0.8129816917
2023,彰化縣,員林市,強制性交,2,123004,year_end_registered_population,1.6259633833
2023,彰化縣,員林市,搶奪,1,123004,year_end_registered_population,0.8129816917
2023,彰化縣,員林市,機車竊盜,15,123004,year_end_registered_population,12.1947253748
2023,彰化縣,員林市,毒品,137,123004,year_end_registered_population,111.3784917564
2023,彰化縣,員林市,汽車竊盜,4,123004,year_end_registered_population,3.2519267666
2023,彰化縣,員林市,組織犯罪防制條例,1,123004,year_end_registered_population,0.8129816917
2023,彰化縣,埔心鄉,機車竊盜,5,33625,year_end_registered_population,14.8698884758
2023,彰化縣,埔心鄉,毒品,24,33625,year_end_registered_population,71.375464684
2023,彰化縣,埔心鄉,汽車竊盜,4,33625,year_end_registered_population,11.8959107807
2023,彰化縣,埔鹽鄉,強盜,1,31048,year_end_registered_population,3.2208193764
2023,彰化縣,埔鹽鄉,機車竊盜,2,31048,year_end_registered_population,6.4416387529
2023,彰化縣,埔鹽鄉,毒品,20,31048,year_end_registered_population,64.416387529
2023,彰化縣,埔鹽鄉,汽車竊盜,2,31048,year_end_registered_population,6.4416387529
2023,彰化縣,埤頭鄉,住宅竊盜,1,28946,year_end_registered_population,3.4547087681
2023,彰化縣,埤頭鄉,機車竊盜,4,28946,year_end_registered_population,13.8188350722
2023,彰化縣,埤頭鄉,毒品,20,28946,year_end_registered_population,69.094175361
2023,彰化縣,大城鄉,住宅竊盜,1,14992,year_end_registered_population,6.6702241195
2023,彰化縣,大城鄉,機車竊盜,1,14992,year_end_registered_population,6.6702241195
2023,彰化縣,大城鄉,毒品,2,14992,year_end_registered_population,13.3404482391
2023,彰化縣,大村鄉,住宅竊盜,1,40104,year_end_registered_population,2.4935168562
2023,彰化縣,大村鄉,機車竊盜,4,40104,year_end_registered_population,9.9740674247
2023,彰化縣,大村鄉,毒品,38,40104,year_end_registered_population,94.7536405346
2023,彰化縣,大村鄉,汽車竊盜,5,40104,year_end_registered_population,12.4675842809
2023,彰化縣,彰化市,搶奪,4,226046,year_end_registered_population,1.7695513303
2023,彰化縣,彰化市,機車竊盜,23,226046,year_end_registered_population,10.174920149
2023,彰化縣,彰化市,毒品,116,226046,year_end_registered_population,51.3169885775
2023,彰化縣,彰化市,汽車竊盜,5,226046,year_end_registered_population,2.2119391628
2023,彰化縣,永靖鄉,機車竊盜,1,35166,year_end_registered_population,2.8436558039
2023,彰化縣,永靖鄉,毒品,32,35166,year_end_registered_population,90.9969857248
2023,彰化縣,溪州鄉,住宅竊盜,2,28248,year_end_registered_population,7.0801472671
2023,彰化縣,溪州鄉,機車竊盜,4,28248,year_end_registered_population,14.1602945341
2023,彰化縣,溪州鄉,毒品,20,28248,year_end_registered_population,70.8014726706
2023,彰化縣,溪州鄉,汽車竊盜,3,28248,year_end_registered_population,10.6202209006
2023,彰化縣,溪湖鎮,強盜,1,53898,year_end_registered_population,1.855356414
2023,彰化縣,溪湖鎮,機車竊盜,3,53898,year_end_registered_population,5.5660692419
2023,彰化縣,溪湖鎮,毒品,31,53898,year_end_registered_population,57.516048833
2023,彰化縣,溪湖鎮,汽車竊盜,6,53898,year_end_registered_population,11.1321384838
2023,彰化縣,田中鎮,強制性交,1,39336,year_end_registered_population,2.5422005288
2023,彰化縣,田中鎮,機車竊盜,6,39336,year_end_registered_population,15.2532031727
2023,彰化縣,田中鎮,毒品,26,39336,year_end_registered_population,66.0972137482
2023,彰化縣,田尾鄉,住宅竊盜,1,25897,year_end_registered_population,3.8614511333
2023,彰化縣,田尾鄉,毒品,13,25897,year_end_registered_population,50.1988647334
2023,彰化縣,田尾鄉,汽車竊盜,1,25897,year_end_registered_population,3.8614511333
2023,彰化縣,社頭鄉,機車竊盜,3,41415,year_end_registered_population,7.2437522637
2023,彰化縣,社頭鄉,毒品,32,41415,year_end_registered_population,77.2666908125
2023,彰化縣,社頭鄉,汽車竊盜,1,41415,year_end_registered_population,2.4145840879
2023,彰化縣,福興鄉,住宅竊盜,2,45186,year_end_registered_population,4.4261496924
2023,彰化縣,福興鄉,機車竊盜,5,45186,year_end_registered_population,11.065374231
2023,彰化縣,福興鄉,毒品,17,45186,year_end_registered_population,37.6222723853
2023,彰化縣,福興鄉,汽車竊盜,1,45186,year_end_registered_population,2.2130748462
2023,彰化縣,秀水鄉,機車竊盜,5,38141,year_end_registered_population,13.1092525104
2023,彰化縣,秀水鄉,毒品,19,38141,year_end_registered_population,49.8151595396
2023,彰化縣,竹塘鄉,機車竊盜,1,14297,year_end_registered_population,6.9944743653
2023,彰化縣,竹塘鄉,毒品,4,14297,year_end_registered_population,27.977897461
2023,彰化縣,竹塘鄉,汽車竊盜,1,14297,year_end_registered_population,6.9944743653
2023,彰化縣,線西鄉,毒品,15,16203,year_end_registered_population,92.5754489909
2023,彰化縣,芬園鄉,機車竊盜,1,22202,year_end_registered_population,4.5040987298
2023,彰化縣,芬園鄉,毒品,17,22202,year_end_registered_population,76.5696784074
2023,彰化縣,花壇鄉,住宅竊盜,2,43936,year_end_registered_population,4.5520757465
2023,彰化縣,花壇鄉,機車竊盜,1,43936,year_end_registered_population,2.2760378733
2023,彰化縣,花壇鄉,毒品,39,43936,year_end_registered_population,88.7654770575
2023,彰化縣,芳苑鄉,住宅竊盜,2,31131,year_end_registered_population,6.4244643603
2023,彰化縣,芳苑鄉,機車竊盜,3,31131,year_end_registered_population,9.6366965404
2023,彰化縣,芳苑鄉,毒品,7,31131,year_end_registered_population,22.485625261
2023,彰化縣,鹿港鎮,住宅竊盜,2,84643,year_end_registered_population,2.3628652104
2023,彰化縣,鹿港鎮,強盜,1,84643,year_end_registered_population,1.1814326052
2023,彰化縣,鹿港鎮,搶奪,1,84643,year_end_registered_population,1.1814326052
2023,彰化縣,鹿港鎮,機車竊盜,6,84643,year_end_registered_population,7.0885956311
2023,彰化縣,鹿港鎮,毒品,46,84643,year_end_registered_population,54.3458998381
2023,彰化縣,鹿港鎮,汽車竊盜,1,84643,year_end_registered_population,1.1814326052
2023,新北市,三峽區,住宅竊盜,21,115608,year_end_registered_population,18.1648328835
2023,新北市,三峽區,機車竊盜,14,115608,year_end_registered_population,12.109888589
2023,新北市,三峽區,毒品,64,115608,year_end_registered_population,55.3594906927
2023,新北市,三峽區,汽車竊盜,1,115608,year_end_registered_population,0.8649920421
2023,新北市,三芝區,機車竊盜,3,22137,year_end_registered_population,13.5519718119
2023,新北市,三芝區,毒品,7,22137,year_end_registered_population,31.6212675611
2023,新北市,三芝區,汽車竊盜,2,22137,year_end_registered_population,9.0346478746
2023,新北市,三重區,住宅竊盜,55,383108,year_end_registered_population,14.3562650741
2023,新北市,三重區,強制性交,3,383108,year_end_registered_population,0.783069004
2023,新北市,三重區,強盜,2,383108,year_end_registered_population,0.5220460027
2023,新北市,三重區,搶奪,4,383108,year_end_registered_population,1.0440920054
2023,新北市,三重區,機車竊盜,41,383108,year_end_registered_population,10.7019430552
2023,新北市,三重區,毒品,820,383108,year_end_registered_population,214.0388611044
2023,新北市,三重區,汽車竊盜,3,383108,year_end_registered_population,0.783069004
2023,新北市,中和區,住宅竊盜,62,407273,year_end_registered_population,15.2232040916
2023,新北市,中和區,搶奪,1,407273,year_end_registered_population,0.2455355499
2023,新北市,中和區,機車竊盜,36,407273,year_end_registered_population,8.8392797951
2023,新北市,中和區,毒品,206,407273,year_end_registered_population,50.5803232721
2023,新北市,中和區,汽車竊盜,4,407273,year_end_registered_population,0.9821421995
2023,新北市,五股區,住宅竊盜,7,92754,year_end_registered_population,7.5468443409
2023,新北市,五股區,強盜,2,92754,year_end_registered_population,2.1562412403
2023,新北市,五股區,機車竊盜,18,92754,year_end_registered_population,19.4061711624
2023,新北市,五股區,毒品,42,92754,year_end_registered_population,45.2810660457
2023,新北市,五股區,汽車竊盜,9,92754,year_end_registered_population,9.7030855812
2023,新北市,八里區,機車竊盜,4,41966,year_end_registered_population,9.5315255207
2023,新北市,八里區,毒品,22,41966,year_end_registered_population,52.4233903636
2023,新北市,八里區,汽車竊盜,2,41966,year_end_registered_population,4.7657627603
2023,新北市,土城區,住宅竊盜,19,240828,year_end_registered_population,7.8894480708
2023,新北市,土城區,強盜,1,240828,year_end_registered_population,0.415234109
2023,新北市,土城區,搶奪,1,240828,year_end_registered_population,0.415234109
2023,新北市,土城區,機車竊盜,36,240828,year_end_registered_population,14.9484279237
2023,新北市,土城區,毒品,226,240828,year_end_registered_population,93.8429086319
2023,新北市,土城區,汽車竊盜,5,240828,year_end_registered_population,2.076170545
2023,新北市,坪林區,住宅竊盜,1,6446,year_end_registered_population,15.5134967422
2023,新北市,坪林區,機車竊盜,1,6446,year_end_registered_population,15.5134967422
2023,新北市,坪林區,毒品,3,6446,year_end_registered_population,46.5404902265
2023,新北市,平溪區,毒品,5,4134,year_end_registered_population,120.9482341558
2023,新北市,新店區,住宅竊盜,17,304868,year_end_registered_population,5.576183791
2023,新北市,新店區,強盜,1,304868,year_end_registered_population,0.3280108112
2023,新北市,新店區,機車竊盜,17,304868,year_end_registered_population,5.576183791
2023,新北市,新店區,毒品,219,304868,year_end_registered_population,71.8343676608
2023,新北市,新店區,汽車竊盜,8,304868,year_end_registered_population,2.6240864899
2023,新北市,新莊區,住宅竊盜,36,423607,year_end_registered_population,8.4984431324
2023,新北市,新莊區,強制性交,1,423607,year_end_registered_population,0.2360678648
2023,新北市,新莊區,強盜,2,423607,year_end_registered_population,0.4721357296
2023,新北市,新莊區,搶奪,1,423607,year_end_registered_population,0.2360678648
2023,新北市,新莊區,機車竊盜,36,423607,year_end_registered_population,8.4984431324
2023,新北市,新莊區,毒品,255,423607,year_end_registered_population,60.1973055214
2023,新北市,新莊區,汽車竊盜,7,423607,year_end_registered_population,1.6524750535
2023,新北市,板橋區,住宅竊盜,24,554247,year_end_registered_population,4.3301993516
2023,新北市,板橋區,強制性交,1,554247,year_end_registered_population,0.180424973
2023,新北市,板橋區,強盜,3,554247,year_end_registered_population,0.5412749189
2023,新北市,板橋區,搶奪,4,554247,year_end_registered_population,0.7216998919
2023,新北市,板橋區,機車竊盜,56,554247,year_end_registered_population,10.103798487
2023,新北市,板橋區,毒品,509,554247,year_end_registered_population,91.8363112475
2023,新北市,板橋區,汽車竊盜,3,554247,year_end_registered_population,0.5412749189
2023,新北市,林口區,住宅竊盜,6,132947,year_end_registered_population,4.5130766396
2023,新北市,林口區,搶奪,1,132947,year_end_registered_population,0.7521794399
2023,新北市,林口區,機車竊盜,9,132947,year_end_registered_population,6.7696149593
2023,新北市,林口區,毒品,56,132947,year_end_registered_population,42.1220486359
2023,新北市,林口區,汽車竊盜,7,132947,year_end_registered_population,5.2652560795
2023,新北市,樹林區,住宅竊盜,19,180658,year_end_registered_population,10.5171096768
2023,新北市,樹林區,強制性交,1,180658,year_end_registered_population,0.5535320883
2023,新北市,樹林區,強盜,1,180658,year_end_registered_population,0.5535320883
2023,新北市,樹林區,搶奪,2,180658,year_end_registered_population,1.1070641765
2023,新北市,樹林區,機車竊盜,24,180658,year_end_registered_population,13.2847701181
2023,新北市,樹林區,毒品,237,180658,year_end_registered_population,131.1871049165
2023,新北市,樹林區,汽車竊盜,7,180658,year_end_registered_population,3.8747246178
2023,新北市,永和區,住宅竊盜,16,214771,year_end_registered_population,7.4497953634
2023,新北市,永和區,搶奪,1,214771,year_end_registered_population,0.4656122102
2023,新北市,永和區,機車竊盜,14,214771,year_end_registered_population,6.518570943
2023,新北市,永和區,毒品,119,214771,year_end_registered_population,55.4078530155
2023,新北市,永和區,汽車竊盜,3,214771,year_end_registered_population,1.3968366306
2023,新北市,汐止區,住宅竊盜,6,209481,year_end_registered_population,2.8642215762
2023,新北市,汐止區,強盜,2,209481,year_end_registered_population,0.9547405254
2023,新北市,汐止區,搶奪,1,209481,year_end_registered_population,0.4773702627
2023,新北市,汐止區,機車竊盜,12,209481,year_end_registered_population,5.7284431524
2023,新北市,汐止區,毒品,69,209481,year_end_registered_population,32.9385481261
2023,新北市,汐止區,汽車竊盜,7,209481,year_end_registered_population,3.3415918389
2023,新北市,泰山區,住宅竊盜,17,77491,year_end_registered_population,21.9380315133
2023,新北市,泰山區,強制性交,1,77491,year_end_registered_population,1.290472442
2023,新北市,泰山區,機車竊盜,11,77491,year_end_registered_population,14.1951968616
2023,新北市,泰山區,毒品,65,77491,year_end_registered_population,83.8807087275
2023,新北市,泰山區,汽車竊盜,3,77491,year_end_registered_population,3.8714173259
2023,新北市,淡水區,住宅竊盜,7,194399,year_end_registered_population,3.6008415681
2023,新北市,淡水區,強制性交,1,194399,year_end_registered_population,0.5144059383
2023,新北市,淡水區,強盜,1,194399,year_end_registered_population,0.5144059383
2023,新北市,淡水區,搶奪,2,194399,year_end_registered_population,1.0288118766
2023,新北市,淡水區,機車竊盜,19,194399,year_end_registered_population,9.7737128277
2023,新北市,淡水區,毒品,50,194399,year_end_registered_population,25.7202969151
2023,新北市,淡水區,汽車竊盜,6,194399,year_end_registered_population,3.0864356298
2023,新北市,深坑區,住宅竊盜,1,23689,year_end_registered_population,4.2213685677
2023,新北市,深坑區,機車竊盜,2,23689,year_end_registered_population,8.4427371354
2023,新北市,深坑區,毒品,11,23689,year_end_registered_population,46.4350542446
2023,新北市,烏來區,機車竊盜,1,6360,year_end_registered_population,15.7232704403
2023,新北市,烏來區,毒品,3,6360,year_end_registered_population,47.1698113208
2023,新北市,瑞芳區,住宅竊盜,2,37197,year_end_registered_population,5.3767776971
2023,新北市,瑞芳區,強盜,1,37197,year_end_registered_population,2.6883888486
2023,新北市,瑞芳區,機車竊盜,5,37197,year_end_registered_population,13.4419442428
2023,新北市,瑞芳區,毒品,91,37197,year_end_registered_population,244.6433852192
2023,新北市,石碇區,毒品,4,7166,year_end_registered_population,55.8191459671
2023,新北市,石門區,毒品,2,10752,year_end_registered_population,18.6011904762
2023,新北市,石門區,汽車竊盜,1,10752,year_end_registered_population,9.3005952381
2023,新北市,萬里區,住宅竊盜,3,20869,year_end_registered_population,14.3753893335
2023,新北市,萬里區,機車竊盜,5,20869,year_end_registered_population,23.9589822224
2023,新北市,萬里區,毒品,15,20869,year_end_registered_population,71.8769466673
2023,新北市,蘆洲區,住宅竊盜,6,200022,year_end_registered_population,2.9996700363
2023,新北市,蘆洲區,強盜,1,200022,year_end_registered_population,0.499945006
2023,新北市,蘆洲區,機車竊盜,13,200022,year_end_registered_population,6.4992850786
2023,新北市,蘆洲區,毒品,171,200022,year_end_registered_population,85.4905960344
2023,新北市,貢寮區,毒品,7,10981,year_end_registered_population,63.7464711775
2023,新北市,金山區,住宅竊盜,2,20366,year_end_registered_population,9.8202887165
2023,新北市,金山區,機車竊盜,8,20366,year_end_registered_population,39.281154866
2023,新北市,金山區,毒品,5,20366,year_end_registered_population,24.5507217912
2023,新北市,金山區,汽車竊盜,1,20366,year_end_registered_population,4.9101443582
2023,新北市,雙溪區,毒品,5,7915,year_end_registered_population,63.1711939356
2023,新北市,鶯歌區,住宅竊盜,17,89080,year_end_registered_population,19.0839694656
2023,新北市,鶯歌區,機車竊盜,21,89080,year_end_registered_population,23.5743152223
2023,新北市,鶯歌區,毒品,55,89080,year_end_registered_population,61.7422541536
2023,新北市,鶯歌區,汽車竊盜,2,89080,year_end_registered_population,2.2451728783
2023,新竹市,北區,住宅竊盜,1,153759,year_end_registered_population,0.6503684337
2023,新竹市,北區,強制性交,1,153759,year_end_registered_population,0.6503684337
2023,新竹市,北區,機車竊盜,7,153759,year_end_registered_population,4.552579036
2023,新竹市,北區,毒品,117,153759,year_end_registered_population,76.093106745
2023,新竹市,北區,汽車竊盜,3,153759,year_end_registered_population,1.9511053012
2023,新竹市,東區,住宅竊盜,13,223826,year_end_registered_population,5.8080830645
2023,新竹市,東區,機車竊盜,21,223826,year_end_registered_population,9.3822880273
2023,新竹市,東區,毒品,118,223826,year_end_registered_population,52.7195232011
2023,新竹市,東區,汽車竊盜,7,223826,year_end_registered_population,3.1274293424
2023,新竹市,香山區,住宅竊盜,10,78890,year_end_registered_population,12.6758778045
2023,新竹市,香山區,強盜,1,78890,year_end_registered_population,1.2675877805
2023,新竹市,香山區,機車竊盜,5,78890,year_end_registered_population,6.3379389023
2023,新竹市,香山區,毒品,33,78890,year_end_registered_population,41.830396755
2023,新竹市,香山區,汽車竊盜,2,78890,year_end_registered_population,2.5351755609
2023,新竹縣,五峰鄉,毒品,11,4442,year_end_registered_population,247.63619991
2023,新竹縣,北埔鄉,機車竊盜,1,8543,year_end_registered_population,11.7054898748
2023,新竹縣,北埔鄉,毒品,8,8543,year_end_registered_population,93.643918998
2023,新竹縣,寶山鄉,住宅竊盜,1,14507,year_end_registered_population,6.8932239608
2023,新竹縣,寶山鄉,機車竊盜,2,14507,year_end_registered_population,13.7864479217
2023,新竹縣,寶山鄉,毒品,9,14507,year_end_registered_population,62.0390156476
2023,新竹縣,寶山鄉,汽車竊盜,2,14507,year_end_registered_population,13.7864479217
2023,新竹縣,尖石鄉,毒品,11,9552,year_end_registered_population,115.1591289782
2023,新竹縣,峨眉鄉,毒品,5,5192,year_end_registered_population,96.3020030817
2023,新竹縣,新埔鎮,機車竊盜,8,33234,year_end_registered_population,24.0717337666
2023,新竹縣,新埔鎮,毒品,7,33234,year_end_registered_population,21.0627670458
2023,新竹縣,新埔鎮,汽車竊盜,4,33234,year_end_registered_population,12.0358668833
2023,新竹縣,新豐鄉,住宅竊盜,1,58956,year_end_registered_population,1.6961802022
2023,新竹縣,新豐鄉,機車竊盜,3,58956,year_end_registered_population,5.0885406066
2023,新竹縣,新豐鄉,毒品,42,58956,year_end_registered_population,71.2395684918
2023,新竹縣,新豐鄉,汽車竊盜,8,58956,year_end_registered_population,13.5694416175
2023,新竹縣,橫山鄉,機車竊盜,1,12186,year_end_registered_population,8.2061381914
2023,新竹縣,橫山鄉,毒品,42,12186,year_end_registered_population,344.6578040374
2023,新竹縣,湖口鄉,住宅竊盜,6,82617,year_end_registered_population,7.2624278296
2023,新竹縣,湖口鄉,強制性交,1,82617,year_end_registered_population,1.2104046383
2023,新竹縣,湖口鄉,機車竊盜,12,82617,year_end_registered_population,14.5248556592
2023,新竹縣,湖口鄉,毒品,79,82617,year_end_registered_population,95.6219664234
2023,新竹縣,湖口鄉,汽車竊盜,20,82617,year_end_registered_population,24.2080927654
2023,新竹縣,竹北市,住宅竊盜,11,215952,year_end_registered_population,5.0937245314
2023,新竹縣,竹北市,機車竊盜,15,215952,year_end_registered_population,6.9459879973
2023,新竹縣,竹北市,毒品,153,215952,year_end_registered_population,70.8490775728
2023,新竹縣,竹北市,汽車竊盜,19,215952,year_end_registered_population,8.7982514633
2023,新竹縣,竹東鎮,住宅竊盜,4,96906,year_end_registered_population,4.1277113904
2023,新竹縣,竹東鎮,強制性交,3,96906,year_end_registered_population,3.0957835428
2023,新竹縣,竹東鎮,強盜,2,96906,year_end_registered_population,2.0638556952
2023,新竹縣,竹東鎮,搶奪,1,96906,year_end_registered_population,1.0319278476
2023,新竹縣,竹東鎮,機車竊盜,8,96906,year_end_registered_population,8.2554227808
2023,新竹縣,竹東鎮,毒品,130,96906,year_end_registered_population,134.1506201886
2023,新竹縣,竹東鎮,汽車竊盜,1,96906,year_end_registered_population,1.0319278476
2023,新竹縣,芎林鄉,住宅竊盜,1,20377,year_end_registered_population,4.9074937429
2023,新竹縣,芎林鄉,毒品,11,20377,year_end_registered_population,53.9824311724
2023,新竹縣,關西鎮,強制性交,1,26825,year_end_registered_population,3.7278657968
2023,新竹縣,關西鎮,機車竊盜,1,26825,year_end_registered_population,3.7278657968
2023,新竹縣,關西鎮,毒品,19,26825,year_end_registered_population,70.8294501398
2023,新竹縣,關西鎮,汽車竊盜,3,26825,year_end_registered_population,11.1835973905
2023,桃園市,中壢區,住宅竊盜,11,431255,year_end_registered_population,2.5506950644
2023,桃園市,中壢區,強盜,2,431255,year_end_registered_population,0.463762739
2023,桃園市,中壢區,搶奪,1,431255,year_end_registered_population,0.2318813695
2023,桃園市,中壢區,機車竊盜,38,431255,year_end_registered_population,8.8114920407
2023,桃園市,中壢區,毒品,647,431255,year_end_registered_population,150.0272460609
2023,桃園市,中壢區,汽車竊盜,15,431255,year_end_registered_population,3.4782205424
2023,桃園市,八德區,住宅竊盜,5,213403,year_end_registered_population,2.342984869
2023,桃園市,八德區,強盜,2,213403,year_end_registered_population,0.9371939476
2023,桃園市,八德區,機車竊盜,9,213403,year_end_registered_population,4.2173727642
2023,桃園市,八德區,毒品,352,213403,year_end_registered_population,164.9461347779
2023,桃園市,八德區,汽車竊盜,4,213403,year_end_registered_population,1.8743878952
2023,桃園市,大園區,住宅竊盜,13,86634,year_end_registered_population,15.005655978
2023,桃園市,大園區,強盜,2,86634,year_end_registered_population,2.3085624582
2023,桃園市,大園區,搶奪,1,86634,year_end_registered_population,1.1542812291
2023,桃園市,大園區,機車竊盜,5,86634,year_end_registered_population,5.7714061454
2023,桃園市,大園區,毒品,110,86634,year_end_registered_population,126.9709351987
2023,桃園市,大園區,汽車竊盜,2,86634,year_end_registered_population,2.3085624582
2023,桃園市,大溪區,住宅竊盜,1,94607,year_end_registered_population,1.0570042386
2023,桃園市,大溪區,機車竊盜,10,94607,year_end_registered_population,10.5700423859
2023,桃園市,大溪區,毒品,75,94607,year_end_registered_population,79.275317894
2023,桃園市,大溪區,汽車竊盜,3,94607,year_end_registered_population,3.1710127158
2023,桃園市,平鎮區,強制性交,1,229686,year_end_registered_population,0.4353769929
2023,桃園市,平鎮區,機車竊盜,9,229686,year_end_registered_population,3.9183929364
2023,桃園市,平鎮區,毒品,267,229686,year_end_registered_population,116.2456571145
2023,桃園市,平鎮區,汽車竊盜,1,229686,year_end_registered_population,0.4353769929
2023,桃園市,復興區,機車竊盜,1,13210,year_end_registered_population,7.5700227101
2023,桃園市,復興區,毒品,3,13210,year_end_registered_population,22.7100681302
2023,桃園市,復興區,汽車竊盜,1,13210,year_end_registered_population,7.5700227101
2023,桃園市,新屋區,住宅竊盜,1,49277,year_end_registered_population,2.0293443189
2023,桃園市,新屋區,毒品,39,49277,year_end_registered_population,79.1444284352
2023,桃園市,桃園區,住宅竊盜,20,470683,year_end_registered_population,4.2491443286
2023,桃園市,桃園區,強盜,2,470683,year_end_registered_population,0.4249144329
2023,桃園市,桃園區,機車竊盜,23,470683,year_end_registered_population,4.8865159778
2023,桃園市,桃園區,毒品,641,470683,year_end_registered_population,136.1850757304
2023,桃園市,桃園區,汽車竊盜,5,470683,year_end_registered_population,1.0622860821
2023,桃園市,楊梅區,住宅竊盜,2,180032,year_end_registered_population,1.1109136154
2023,桃園市,楊梅區,強制性交,1,180032,year_end_registered_population,0.5554568077
2023,桃園市,楊梅區,機車竊盜,13,180032,year_end_registered_population,7.2209384998
2023,桃園市,楊梅區,毒品,92,180032,year_end_registered_population,51.1020263064
2023,桃園市,楊梅區,汽車竊盜,7,180032,year_end_registered_population,3.8881976538
2023,桃園市,蘆竹區,住宅竊盜,3,169237,year_end_registered_population,1.7726620065
2023,桃園市,蘆竹區,強制性交,1,169237,year_end_registered_population,0.5908873355
2023,桃園市,蘆竹區,強盜,1,169237,year_end_registered_population,0.5908873355
2023,桃園市,蘆竹區,機車竊盜,10,169237,year_end_registered_population,5.9088733551
2023,桃園市,蘆竹區,毒品,105,169237,year_end_registered_population,62.0431702287
2023,桃園市,蘆竹區,汽車竊盜,2,169237,year_end_registered_population,1.181774671
2023,桃園市,觀音區,住宅竊盜,4,74521,year_end_registered_population,5.3676144979
2023,桃園市,觀音區,強盜,1,74521,year_end_registered_population,1.3419036245
2023,桃園市,觀音區,機車竊盜,4,74521,year_end_registered_population,5.3676144979
2023,桃園市,觀音區,毒品,60,74521,year_end_registered_population,80.5142174689
2023,桃園市,觀音區,汽車竊盜,1,74521,year_end_registered_population,1.3419036245
2023,桃園市,龍潭區,住宅竊盜,2,126603,year_end_registered_population,1.5797413963
2023,桃園市,龍潭區,強盜,1,126603,year_end_registered_population,0.7898706982
2023,桃園市,龍潭區,機車竊盜,5,126603,year_end_registered_population,3.9493534908
2023,桃園市,龍潭區,毒品,58,126603,year_end_registered_population,45.8125004937
2023,桃園市,龍潭區,汽車竊盜,2,126603,year_end_registered_population,1.5797413963
2023,桃園市,龜山區,住宅竊盜,8,178297,year_end_registered_population,4.4868954609
2023,桃園市,龜山區,機車竊盜,13,178297,year_end_registered_population,7.291205124
2023,桃園市,龜山區,毒品,197,178297,year_end_registered_population,110.4898007258
2023,桃園市,龜山區,汽車竊盜,6,178297,year_end_registered_population,3.3651715957
2023,澎湖縣,七美鄉,汽車竊盜,2,3937,year_end_registered_population,50.8001016002
2023,澎湖縣,湖西鄉,住宅竊盜,4,16059,year_end_registered_population,24.9081511925
2023,澎湖縣,湖西鄉,機車竊盜,1,16059,year_end_registered_population,6.2270377981
2023,澎湖縣,湖西鄉,毒品,5,16059,year_end_registered_population,31.1351889906
2023,澎湖縣,白沙鄉,住宅竊盜,3,10087,year_end_registered_population,29.7412511153
2023,澎湖縣,白沙鄉,強制性交,1,10087,year_end_registered_population,9.9137503718
2023,澎湖縣,白沙鄉,機車竊盜,1,10087,year_end_registered_population,9.9137503718
2023,澎湖縣,白沙鄉,毒品,1,10087,year_end_registered_population,9.9137503718
2023,澎湖縣,西嶼鄉,住宅竊盜,8,8290,year_end_registered_population,96.5018094089
2023,澎湖縣,西嶼鄉,機車竊盜,1,8290,year_end_registered_population,12.0627261761
2023,澎湖縣,馬公市,住宅竊盜,24,63957,year_end_registered_population,37.525212252
2023,澎湖縣,馬公市,強制性交,3,63957,year_end_registered_population,4.6906515315
2023,澎湖縣,馬公市,強盜,2,63957,year_end_registered_population,3.127101021
2023,澎湖縣,馬公市,機車竊盜,1,63957,year_end_registered_population,1.5635505105
2023,澎湖縣,馬公市,毒品,22,63957,year_end_registered_population,34.398111231
2023,澎湖縣,馬公市,汽車竊盜,1,63957,year_end_registered_population,1.5635505105
2023,臺中市,中區,住宅竊盜,1,17784,year_end_registered_population,5.6230319388
2023,臺中市,中區,強制性交,1,17784,year_end_registered_population,5.6230319388
2023,臺中市,中區,搶奪,1,17784,year_end_registered_population,5.6230319388
2023,臺中市,中區,機車竊盜,7,17784,year_end_registered_population,39.3612235717
2023,臺中市,中區,毒品,62,17784,year_end_registered_population,348.6279802069
2023,臺中市,中區,汽車竊盜,1,17784,year_end_registered_population,5.6230319388
2023,臺中市,北區,住宅竊盜,7,144097,year_end_registered_population,4.8578388169
2023,臺中市,北區,機車竊盜,28,144097,year_end_registered_population,19.4313552676
2023,臺中市,北區,毒品,248,144097,year_end_registered_population,172.1062895133
2023,臺中市,北區,汽車竊盜,2,144097,year_end_registered_population,1.3879539477
2023,臺中市,北屯區,住宅竊盜,3,304179,year_end_registered_population,0.986261379
2023,臺中市,北屯區,強制性交,2,304179,year_end_registered_population,0.657507586
2023,臺中市,北屯區,搶奪,1,304179,year_end_registered_population,0.328753793
2023,臺中市,北屯區,機車竊盜,34,304179,year_end_registered_population,11.1776289619
2023,臺中市,北屯區,毒品,162,304179,year_end_registered_population,53.2581144655
2023,臺中市,北屯區,汽車竊盜,4,304179,year_end_registered_population,1.315015172
2023,臺中市,北屯區,組織犯罪防制條例,1,304179,year_end_registered_population,0.328753793
2023,臺中市,南區,住宅竊盜,2,126907,year_end_registered_population,1.575957197
2023,臺中市,南區,強制性交,1,126907,year_end_registered_population,0.7879785985
2023,臺中市,南區,機車竊盜,7,126907,year_end_registered_population,5.5158501895
2023,臺中市,南區,毒品,49,126907,year_end_registered_population,38.6109513266
2023,臺中市,南屯區,住宅竊盜,2,182232,year_end_registered_population,1.0975020853
2023,臺中市,南屯區,強盜,1,182232,year_end_registered_population,0.5487510426
2023,臺中市,南屯區,搶奪,1,182232,year_end_registered_population,0.5487510426
2023,臺中市,南屯區,機車竊盜,5,182232,year_end_registered_population,2.7437552131
2023,臺中市,南屯區,毒品,97,182232,year_end_registered_population,53.2288511348
2023,臺中市,南屯區,汽車竊盜,4,182232,year_end_registered_population,2.1950041705
2023,臺中市,后里區,機車竊盜,4,53653,year_end_registered_population,7.4553147075
2023,臺中市,后里區,毒品,37,53653,year_end_registered_population,68.9616610441
2023,臺中市,后里區,汽車竊盜,6,53653,year_end_registered_population,11.1829720612
2023,臺中市,和平區,住宅竊盜,1,10794,year_end_registered_population,9.2644061516
2023,臺中市,和平區,機車竊盜,1,10794,year_end_registered_population,9.2644061516
2023,臺中市,和平區,毒品,1,10794,year_end_registered_population,9.2644061516
2023,臺中市,和平區,汽車竊盜,1,10794,year_end_registered_population,9.2644061516
2023,臺中市,外埔區,機車竊盜,2,31163,year_end_registered_population,6.4178673427
2023,臺中市,外埔區,毒品,5,31163,year_end_registered_population,16.0446683567
2023,臺中市,大安區,機車竊盜,1,18073,year_end_registered_population,5.5331156974
2023,臺中市,大安區,毒品,12,18073,year_end_registered_population,66.3973883694
2023,臺中市,大甲區,機車竊盜,4,74684,year_end_registered_population,5.3558995233
2023,臺中市,大甲區,毒品,51,74684,year_end_registered_population,68.2877189224
2023,臺中市,大甲區,汽車竊盜,3,74684,year_end_registered_population,4.0169246425
2023,臺中市,大肚區,住宅竊盜,2,55955,year_end_registered_population,3.5743007774
2023,臺中市,大肚區,機車竊盜,3,55955,year_end_registered_population,5.3614511661
2023,臺中市,大肚區,毒品,23,55955,year_end_registered_population,41.1044589402
2023,臺中市,大里區,住宅竊盜,1,212511,year_end_registered_population,0.4705638767
2023,臺中市,大里區,機車竊盜,13,212511,year_end_registered_population,6.117330397
2023,臺中市,大里區,毒品,107,212511,year_end_registered_population,50.3503348062
2023,臺中市,大里區,汽車竊盜,5,212511,year_end_registered_population,2.3528193835
2023,臺中市,大雅區,機車竊盜,3,95708,year_end_registered_population,3.1345342082
2023,臺中市,大雅區,毒品,33,95708,year_end_registered_population,34.4798762904
2023,臺中市,大雅區,汽車竊盜,1,95708,year_end_registered_population,1.0448447361
2023,臺中市,太平區,住宅竊盜,3,198212,year_end_registered_population,1.5135309668
2023,臺中市,太平區,機車竊盜,18,198212,year_end_registered_population,9.0811858011
2023,臺中市,太平區,毒品,118,198212,year_end_registered_population,59.5322180292
2023,臺中市,太平區,汽車竊盜,5,198212,year_end_registered_population,2.5225516114
2023,臺中市,新社區,機車竊盜,2,23089,year_end_registered_population,8.6621334835
2023,臺中市,新社區,毒品,4,23089,year_end_registered_population,17.324266967
2023,臺中市,新社區,汽車竊盜,1,23089,year_end_registered_population,4.3310667417
2023,臺中市,東勢區,機車竊盜,6,47468,year_end_registered_population,12.6400943794
2023,臺中市,東勢區,毒品,29,47468,year_end_registered_population,61.0937895003
2023,臺中市,東勢區,汽車竊盜,7,47468,year_end_registered_population,14.7467767759
2023,臺中市,東區,住宅竊盜,3,76852,year_end_registered_population,3.9036069328
2023,臺中市,東區,機車竊盜,13,76852,year_end_registered_population,16.9156300422
2023,臺中市,東區,毒品,74,76852,year_end_registered_population,96.2889710092
2023,臺中市,東區,汽車竊盜,1,76852,year_end_registered_population,1.3012023109
2023,臺中市,梧棲區,住宅竊盜,2,61019,year_end_registered_population,3.2776676117
2023,臺中市,梧棲區,機車竊盜,5,61019,year_end_registered_population,8.1941690293
2023,臺中市,梧棲區,毒品,26,61019,year_end_registered_population,42.6096789525
2023,臺中市,梧棲區,汽車竊盜,2,61019,year_end_registered_population,3.2776676117
2023,臺中市,沙鹿區,住宅竊盜,1,98805,year_end_registered_population,1.0120945296
2023,臺中市,沙鹿區,機車竊盜,10,98805,year_end_registered_population,10.1209452963
2023,臺中市,沙鹿區,毒品,41,98805,year_end_registered_population,41.4958757148
2023,臺中市,沙鹿區,汽車竊盜,4,98805,year_end_registered_population,4.0483781185
2023,臺中市,清水區,住宅竊盜,1,89924,year_end_registered_population,1.1120501757
2023,臺中市,清水區,機車竊盜,5,89924,year_end_registered_population,5.5602508785
2023,臺中市,清水區,毒品,37,89924,year_end_registered_population,41.145856501
2023,臺中市,清水區,汽車竊盜,2,89924,year_end_registered_population,2.2241003514
2023,臺中市,潭子區,住宅竊盜,1,108979,year_end_registered_population,0.9176079795
2023,臺中市,潭子區,搶奪,1,108979,year_end_registered_population,0.9176079795
2023,臺中市,潭子區,機車竊盜,5,108979,year_end_registered_population,4.5880398976
2023,臺中市,潭子區,毒品,48,108979,year_end_registered_population,44.0451830169
2023,臺中市,烏日區,住宅竊盜,3,80194,year_end_registered_population,3.740928249
2023,臺中市,烏日區,機車竊盜,7,80194,year_end_registered_population,8.728832581
2023,臺中市,烏日區,毒品,34,80194,year_end_registered_population,42.397186822
2023,臺中市,烏日區,汽車竊盜,1,80194,year_end_registered_population,1.246976083
2023,臺中市,石岡區,機車竊盜,7,14093,year_end_registered_population,49.6700489605
2023,臺中市,石岡區,毒品,1,14093,year_end_registered_population,7.0957212801
2023,臺中市,石岡區,汽車竊盜,1,14093,year_end_registered_population,7.0957212801
2023,臺中市,神岡區,住宅竊盜,2,64362,year_end_registered_population,3.1074236351
2023,臺中市,神岡區,機車竊盜,3,64362,year_end_registered_population,4.6611354526
2023,臺中市,神岡區,毒品,45,64362,year_end_registered_population,69.9170317889
2023,臺中市,神岡區,汽車竊盜,2,64362,year_end_registered_population,3.1074236351
2023,臺中市,西區,住宅竊盜,2,113548,year_end_registered_population,1.761369641
2023,臺中市,西區,強盜,1,113548,year_end_registered_population,0.8806848205
2023,臺中市,西區,搶奪,2,113548,year_end_registered_population,1.761369641
2023,臺中市,西區,機車竊盜,14,113548,year_end_registered_population,12.3295874872
2023,臺中市,西區,毒品,78,113548,year_end_registered_population,68.6934160003
2023,臺中市,西屯區,住宅竊盜,5,235441,year_end_registered_population,2.1236742963
2023,臺中市,西屯區,強盜,1,235441,year_end_registered_population,0.4247348593
2023,臺中市,西屯區,搶奪,1,235441,year_end_registered_population,0.4247348593
2023,臺中市,西屯區,機車竊盜,21,235441,year_end_registered_population,8.9194320445
2023,臺中市,西屯區,毒品,352,235441,year_end_registered_population,149.506670461
2023,臺中市,西屯區,汽車竊盜,3,235441,year_end_registered_population,1.2742045778
2023,臺中市,豐原區,搶奪,1,163948,year_end_registered_population,0.6099494962
2023,臺中市,豐原區,機車竊盜,7,163948,year_end_registered_population,4.2696464733
2023,臺中市,豐原區,毒品,105,163948,year_end_registered_population,64.0446970991
2023,臺中市,豐原區,汽車竊盜,3,163948,year_end_registered_population,1.8298484885
2023,臺中市,霧峰區,搶奪,1,63822,year_end_registered_population,1.5668578233
2023,臺中市,霧峰區,機車竊盜,3,63822,year_end_registered_population,4.70057347
2023,臺中市,霧峰區,毒品,40,63822,year_end_registered_population,62.6743129328
2023,臺中市,霧峰區,汽車竊盜,1,63822,year_end_registered_population,1.5668578233
2023,臺中市,龍井區,住宅竊盜,5,78413,year_end_registered_population,6.3764936936
2023,臺中市,龍井區,強制性交,1,78413,year_end_registered_population,1.2752987387
2023,臺中市,龍井區,機車竊盜,5,78413,year_end_registered_population,6.3764936936
2023,臺中市,龍井區,毒品,33,78413,year_end_registered_population,42.0848583781
2023,臺中市,龍井區,汽車竊盜,4,78413,year_end_registered_population,5.1011949549
2023,臺北市,中山區,住宅竊盜,11,216346,year_end_registered_population,5.0844480601
2023,臺北市,中山區,強制性交,1,216346,year_end_registered_population,0.4622225509
2023,臺北市,中山區,強盜,1,216346,year_end_registered_population,0.4622225509
2023,臺北市,中山區,搶奪,1,216346,year_end_registered_population,0.4622225509
2023,臺北市,中山區,機車竊盜,7,216346,year_end_registered_population,3.2355578564
2023,臺北市,中山區,毒品,358,216346,year_end_registered_population,165.4756732271
2023,臺北市,中山區,汽車竊盜,1,216346,year_end_registered_population,0.4622225509
2023,臺北市,中山區,組織犯罪防制條例,1,216346,year_end_registered_population,0.4622225509
2023,臺北市,中正區,住宅竊盜,8,150155,year_end_registered_population,5.3278279112
2023,臺北市,中正區,搶奪,2,150155,year_end_registered_population,1.3319569778
2023,臺北市,中正區,機車竊盜,8,150155,year_end_registered_population,5.3278279112
2023,臺北市,中正區,毒品,124,150155,year_end_registered_population,82.581332623
2023,臺北市,信義區,住宅竊盜,7,206759,year_end_registered_population,3.3855841826
2023,臺北市,信義區,強制性交,1,206759,year_end_registered_population,0.4836548832
2023,臺北市,信義區,強盜,2,206759,year_end_registered_population,0.9673097664
2023,臺北市,信義區,機車竊盜,12,206759,year_end_registered_population,5.8038585987
2023,臺北市,信義區,毒品,140,206759,year_end_registered_population,67.711683651
2023,臺北市,內湖區,住宅竊盜,10,276180,year_end_registered_population,3.6208269969
2023,臺北市,內湖區,強制性交,3,276180,year_end_registered_population,1.0862480991
2023,臺北市,內湖區,強盜,1,276180,year_end_registered_population,0.3620826997
2023,臺北市,內湖區,機車竊盜,6,276180,year_end_registered_population,2.1724961981
2023,臺北市,內湖區,毒品,109,276180,year_end_registered_population,39.4670142661
2023,臺北市,內湖區,汽車竊盜,1,276180,year_end_registered_population,0.3620826997
2023,臺北市,北投區,住宅竊盜,8,242510,year_end_registered_population,3.2988330378
2023,臺北市,北投區,強制性交,6,242510,year_end_registered_population,2.4741247784
2023,臺北市,北投區,強盜,2,242510,year_end_registered_population,0.8247082595
2023,臺北市,北投區,機車竊盜,8,242510,year_end_registered_population,3.2988330378
2023,臺北市,北投區,毒品,110,242510,year_end_registered_population,45.3589542699
2023,臺北市,北投區,汽車竊盜,6,242510,year_end_registered_population,2.4741247784
2023,臺北市,南港區,住宅竊盜,17,113959,year_end_registered_population,14.91764582
2023,臺北市,南港區,強盜,1,113959,year_end_registered_population,0.8775085776
2023,臺北市,南港區,搶奪,2,113959,year_end_registered_population,1.7550171553
2023,臺北市,南港區,機車竊盜,4,113959,year_end_registered_population,3.5100343106
2023,臺北市,南港區,毒品,71,113959,year_end_registered_population,62.3031090129
2023,臺北市,南港區,汽車竊盜,3,113959,year_end_registered_population,2.6325257329
2023,臺北市,士林區,住宅竊盜,22,266951,year_end_registered_population,8.2412128068
2023,臺北市,士林區,強盜,1,266951,year_end_registered_population,0.3746005821
2023,臺北市,士林區,搶奪,1,266951,year_end_registered_population,0.3746005821
2023,臺北市,士林區,機車竊盜,17,266951,year_end_registered_population,6.3682098962
2023,臺北市,士林區,毒品,98,266951,year_end_registered_population,36.7108570487
2023,臺北市,士林區,汽車竊盜,4,266951,year_end_registered_population,1.4984023285
2023,臺北市,士林區,組織犯罪防制條例,1,266951,year_end_registered_population,0.3746005821
2023,臺北市,大同區,住宅竊盜,10,119930,year_end_registered_population,8.3381972817
2023,臺北市,大同區,機車竊盜,2,119930,year_end_registered_population,1.6676394563
2023,臺北市,大同區,毒品,217,119930,year_end_registered_population,180.9388810139
2023,臺北市,大安區,住宅竊盜,6,291732,year_end_registered_population,2.0566821603
2023,臺北市,大安區,機車竊盜,3,291732,year_end_registered_population,1.0283410802
2023,臺北市,大安區,毒品,340,291732,year_end_registered_population,116.5453224192
2023,臺北市,大安區,汽車竊盜,1,291732,year_end_registered_population,0.3427803601
2023,臺北市,文山區,住宅竊盜,6,260313,year_end_registered_population,2.3049175416
2023,臺北市,文山區,強制性交,1,260313,year_end_registered_population,0.3841529236
2023,臺北市,文山區,搶奪,1,260313,year_end_registered_population,0.3841529236
2023,臺北市,文山區,機車竊盜,7,260313,year_end_registered_population,2.6890704652
2023,臺北市,文山區,毒品,130,260313,year_end_registered_population,49.9398800675
2023,臺北市,文山區,汽車竊盜,4,260313,year_end_registered_population,1.5366116944
2023,臺北市,松山區,住宅竊盜,10,193399,year_end_registered_population,5.1706575525
2023,臺北市,松山區,強制性交,1,193399,year_end_registered_population,0.5170657553
2023,臺北市,松山區,強盜,1,193399,year_end_registered_population,0.5170657553
2023,臺北市,松山區,機車竊盜,3,193399,year_end_registered_population,1.5511972658
2023,臺北市,松山區,毒品,101,193399,year_end_registered_population,52.2236412805
2023,臺北市,松山區,汽車竊盜,1,193399,year_end_registered_population,0.5170657553
2023,臺北市,萬華區,住宅竊盜,20,173652,year_end_registered_population,11.5172874485
2023,臺北市,萬華區,強盜,1,173652,year_end_registered_population,0.5758643724
2023,臺北市,萬華區,搶奪,2,173652,year_end_registered_population,1.1517287448
2023,臺北市,萬華區,機車竊盜,14,173652,year_end_registered_population,8.0621012139
2023,臺北市,萬華區,毒品,803,173652,year_end_registered_population,462.4190910557
2023,臺北市,萬華區,汽車竊盜,3,173652,year_end_registered_population,1.7275931173
2023,臺南市,七股區,搶奪,1,21210,year_end_registered_population,4.71475719
2023,臺南市,七股區,機車竊盜,2,21210,year_end_registered_population,9.42951438
2023,臺南市,七股區,毒品,6,21210,year_end_registered_population,28.28854314
2023,臺南市,下營區,住宅竊盜,1,22420,year_end_registered_population,4.4603033006
2023,臺南市,下營區,毒品,4,22420,year_end_registered_population,17.8412132025
2023,臺南市,中西區,住宅竊盜,7,78096,year_end_registered_population,8.9633271871
2023,臺南市,中西區,強盜,1,78096,year_end_registered_population,1.2804753124
2023,臺南市,中西區,機車竊盜,1,78096,year_end_registered_population,1.2804753124
2023,臺南市,中西區,毒品,182,78096,year_end_registered_population,233.0465068633
2023,臺南市,仁德區,住宅竊盜,6,77312,year_end_registered_population,7.7607615894
2023,臺南市,仁德區,強盜,3,77312,year_end_registered_population,3.8803807947
2023,臺南市,仁德區,機車竊盜,4,77312,year_end_registered_population,5.1738410596
2023,臺南市,仁德區,毒品,78,77312,year_end_registered_population,100.8899006623
2023,臺南市,仁德區,汽車竊盜,1,77312,year_end_registered_population,1.2934602649
2023,臺南市,佳里區,住宅竊盜,1,58232,year_end_registered_population,1.7172688556
2023,臺南市,佳里區,強盜,1,58232,year_end_registered_population,1.7172688556
2023,臺南市,佳里區,搶奪,1,58232,year_end_registered_population,1.7172688556
2023,臺南市,佳里區,機車竊盜,3,58232,year_end_registered_population,5.1518065668
2023,臺南市,佳里區,毒品,25,58232,year_end_registered_population,42.9317213903
2023,臺南市,六甲區,毒品,12,21189,year_end_registered_population,56.6331587144
2023,臺南市,北區,住宅竊盜,19,126575,year_end_registered_population,15.0108631246
2023,臺南市,北區,強盜,2,126575,year_end_registered_population,1.5800908552
2023,臺南市,北區,搶奪,1,126575,year_end_registered_population,0.7900454276
2023,臺南市,北區,機車竊盜,10,126575,year_end_registered_population,7.9004542761
2023,臺南市,北區,毒品,118,126575,year_end_registered_population,93.2253604582
2023,臺南市,北門區,住宅竊盜,3,9994,year_end_registered_population,30.0180108065
2023,臺南市,北門區,毒品,5,9994,year_end_registered_population,50.0300180108
2023,臺南市,南化區,機車竊盜,1,7996,year_end_registered_population,12.5062531266
2023,臺南市,南化區,毒品,2,7996,year_end_registered_population,25.0125062531
2023,臺南市,南區,住宅竊盜,13,121189,year_end_registered_population,10.7270461841
2023,臺南市,南區,強盜,2,121189,year_end_registered_population,1.6503147975
2023,臺南市,南區,搶奪,1,121189,year_end_registered_population,0.8251573988
2023,臺南市,南區,機車竊盜,2,121189,year_end_registered_population,1.6503147975
2023,臺南市,南區,毒品,68,121189,year_end_registered_population,56.1107031166
2023,臺南市,南區,汽車竊盜,4,121189,year_end_registered_population,3.3006295951
2023,臺南市,善化區,機車竊盜,2,52444,year_end_registered_population,3.8135916406
2023,臺南市,善化區,毒品,18,52444,year_end_registered_population,34.3223247655
2023,臺南市,善化區,汽車竊盜,1,52444,year_end_registered_population,1.9067958203
2023,臺南市,大內區,毒品,1,8728,year_end_registered_population,11.4573785518
2023,臺南市,大內區,汽車竊盜,1,8728,year_end_registered_population,11.4573785518
2023,臺南市,學甲區,住宅竊盜,5,24672,year_end_registered_population,20.2658884565
2023,臺南市,學甲區,強盜,1,24672,year_end_registered_population,4.0531776913
2023,臺南市,學甲區,機車竊盜,1,24672,year_end_registered_population,4.0531776913
2023,臺南市,學甲區,毒品,9,24672,year_end_registered_population,36.4785992218
2023,臺南市,安南區,住宅竊盜,2,201824,year_end_registered_population,0.9909624227
2023,臺南市,安南區,強制性交,3,201824,year_end_registered_population,1.4864436341
2023,臺南市,安南區,強盜,2,201824,year_end_registered_population,0.9909624227
2023,臺南市,安南區,機車竊盜,4,201824,year_end_registered_population,1.9819248454
2023,臺南市,安南區,毒品,141,201824,year_end_registered_population,69.8628508007
2023,臺南市,安南區,汽車竊盜,4,201824,year_end_registered_population,1.9819248454
2023,臺南市,安定區,毒品,11,29926,year_end_registered_population,36.7573347591
2023,臺南市,安平區,住宅竊盜,4,69015,year_end_registered_population,5.7958414837
2023,臺南市,安平區,強盜,1,69015,year_end_registered_population,1.4489603709
2023,臺南市,安平區,毒品,45,69015,year_end_registered_population,65.203216692
2023,臺南市,官田區,住宅竊盜,6,20835,year_end_registered_population,28.7976961843
2023,臺南市,官田區,毒品,16,20835,year_end_registered_population,76.7938564915
2023,臺南市,將軍區,住宅竊盜,5,18255,year_end_registered_population,27.3897562312
2023,臺南市,將軍區,強制性交,2,18255,year_end_registered_population,10.9559024925
2023,臺南市,將軍區,毒品,5,18255,year_end_registered_population,27.3897562312
2023,臺南市,山上區,住宅竊盜,1,7018,year_end_registered_population,14.2490738102
2023,臺南市,山上區,毒品,1,7018,year_end_registered_population,14.2490738102
2023,臺南市,左鎮區,住宅竊盜,1,4231,year_end_registered_population,23.6350744505
2023,臺南市,左鎮區,機車竊盜,2,4231,year_end_registered_population,47.270148901
2023,臺南市,後壁區,住宅竊盜,9,21616,year_end_registered_population,41.6358253146
2023,臺南市,後壁區,搶奪,1,21616,year_end_registered_population,4.6262028127
2023,臺南市,後壁區,毒品,7,21616,year_end_registered_population,32.3834196891
2023,臺南市,新化區,住宅竊盜,4,42793,year_end_registered_population,9.3473231603
2023,臺南市,新化區,毒品,18,42793,year_end_registered_population,42.0629542215
2023,臺南市,新市區,住宅竊盜,2,37624,year_end_registered_population,5.3157559005
2023,臺南市,新市區,強制性交,1,37624,year_end_registered_population,2.6578779502
2023,臺南市,新市區,毒品,24,37624,year_end_registered_population,63.7890708059
2023,臺南市,新市區,汽車竊盜,2,37624,year_end_registered_population,5.3157559005
2023,臺南市,新營區,住宅竊盜,13,74921,year_end_registered_population,17.3516103629
2023,臺南市,新營區,強制性交,1,74921,year_end_registered_population,1.3347392587
2023,臺南市,新營區,強盜,4,74921,year_end_registered_population,5.3389570347
2023,臺南市,新營區,搶奪,1,74921,year_end_registered_population,1.3347392587
2023,臺南市,新營區,機車竊盜,3,74921,year_end_registered_population,4.0042177761
2023,臺南市,新營區,毒品,42,74921,year_end_registered_population,56.0590488648
2023,臺南市,東區,強盜,1,182034,year_end_registered_population,0.549347924
2023,臺南市,東區,機車竊盜,6,182034,year_end_registered_population,3.2960875441
2023,臺南市,東區,毒品,116,182034,year_end_registered_population,63.7243591856
2023,臺南市,東山區,住宅竊盜,5,19156,year_end_registered_population,26.1014825642
2023,臺南市,東山區,強制性交,1,19156,year_end_registered_population,5.2202965128
2023,臺南市,東山區,機車竊盜,1,19156,year_end_registered_population,5.2202965128
2023,臺南市,東山區,毒品,13,19156,year_end_registered_population,67.8638546669
2023,臺南市,柳營區,住宅竊盜,2,20306,year_end_registered_population,9.849305624
2023,臺南市,柳營區,毒品,8,20306,year_end_registered_population,39.3972224958
2023,臺南市,楠西區,住宅竊盜,2,8708,year_end_registered_population,22.9673863114
2023,臺南市,楠西區,機車竊盜,1,8708,year_end_registered_population,11.4836931557
2023,臺南市,楠西區,毒品,6,8708,year_end_registered_population,68.9021589343
2023,臺南市,歸仁區,住宅竊盜,3,68726,year_end_registered_population,4.3651602014
2023,臺南市,歸仁區,強制性交,1,68726,year_end_registered_population,1.4550534005
2023,臺南市,歸仁區,機車竊盜,1,68726,year_end_registered_population,1.4550534005
2023,臺南市,歸仁區,毒品,29,68726,year_end_registered_population,42.1965486133
2023,臺南市,永康區,住宅竊盜,1,234953,year_end_registered_population,0.4256170383
2023,臺南市,永康區,強制性交,1,234953,year_end_registered_population,0.4256170383
2023,臺南市,永康區,強盜,3,234953,year_end_registered_population,1.2768511149
2023,臺南市,永康區,機車竊盜,9,234953,year_end_registered_population,3.8305533447
2023,臺南市,永康區,毒品,300,234953,year_end_registered_population,127.6851114904
2023,臺南市,永康區,汽車竊盜,8,234953,year_end_registered_population,3.4049363064
2023,臺南市,玉井區,住宅竊盜,3,13043,year_end_registered_population,23.0008433643
2023,臺南市,玉井區,毒品,8,13043,year_end_registered_population,61.3355823047
2023,臺南市,白河區,住宅竊盜,12,25862,year_end_registered_population,46.4001237337
2023,臺南市,白河區,毒品,7,25862,year_end_registered_population,27.0667388446
2023,臺南市,西港區,住宅竊盜,1,24990,year_end_registered_population,4.0016006403
2023,臺南市,西港區,毒品,2,24990,year_end_registered_population,8.0032012805
2023,臺南市,西港區,汽車竊盜,1,24990,year_end_registered_population,4.0016006403
2023,臺南市,關廟區,機車竊盜,2,33270,year_end_registered_population,6.0114217012
2023,臺南市,關廟區,毒品,7,33270,year_end_registered_population,21.0399759543
2023,臺南市,鹽水區,住宅竊盜,1,24251,year_end_registered_population,4.1235412973
2023,臺南市,鹽水區,毒品,18,24251,year_end_registered_population,74.2237433508
2023,臺南市,麻豆區,住宅竊盜,4,43056,year_end_registered_population,9.2902266815
2023,臺南市,麻豆區,機車竊盜,1,43056,year_end_registered_population,2.3225566704
2023,臺南市,麻豆區,毒品,8,43056,year_end_registered_population,18.5804533631
2023,臺南市,龍崎區,毒品,1,3476,year_end_registered_population,28.7686996548
2023,臺東縣,卑南鄉,強制性交,1,16601,year_end_registered_population,6.02373351
2023,臺東縣,卑南鄉,毒品,17,16601,year_end_registered_population,102.4034696705
2023,臺東縣,卑南鄉,汽車竊盜,1,16601,year_end_registered_population,6.02373351
2023,臺東縣,大武鄉,毒品,2,5553,year_end_registered_population,36.0165676211
2023,臺東縣,太麻里鄉,機車竊盜,2,10679,year_end_registered_population,18.7283453507
2023,臺東縣,太麻里鄉,毒品,9,10679,year_end_registered_population,84.2775540781
2023,臺東縣,太麻里鄉,汽車竊盜,1,10679,year_end_registered_population,9.3641726753
2023,臺東縣,成功鎮,住宅竊盜,4,13078,year_end_registered_population,30.5857164704
2023,臺東縣,成功鎮,強制性交,1,13078,year_end_registered_population,7.6464291176
2023,臺東縣,成功鎮,機車竊盜,1,13078,year_end_registered_population,7.6464291176
2023,臺東縣,成功鎮,毒品,6,13078,year_end_registered_population,45.8785747056
2023,臺東縣,東河鄉,住宅竊盜,1,7896,year_end_registered_population,12.6646403242
2023,臺東縣,池上鄉,住宅竊盜,6,7858,year_end_registered_population,76.3553066938
2023,臺東縣,池上鄉,毒品,10,7858,year_end_registered_population,127.2588444897
2023,臺東縣,海端鄉,住宅竊盜,1,4275,year_end_registered_population,23.3918128655
2023,臺東縣,海端鄉,機車竊盜,1,4275,year_end_registered_population,23.3918128655
2023,臺東縣,臺東市,住宅竊盜,7,103281,year_end_registered_population,6.7776260881
2023,臺東縣,臺東市,強制性交,4,103281,year_end_registered_population,3.8729291932
2023,臺東縣,臺東市,機車竊盜,8,103281,year_end_registered_population,7.7458583863
2023,臺東縣,臺東市,毒品,128,103281,year_end_registered_population,123.9337341815
2023,臺東縣,臺東市,汽車竊盜,11,103281,year_end_registered_population,10.6505552812
2023,臺東縣,達仁鄉,毒品,1,3439,year_end_registered_population,29.0782204129
2023,臺東縣,長濱鄉,毒品,1,6649,year_end_registered_population,15.0398556174
2023,臺東縣,關山鎮,毒品,4,8052,year_end_registered_population,49.6770988574
2023,臺東縣,鹿野鄉,住宅竊盜,2,7193,year_end_registered_population,27.8048102322
2023,臺東縣,鹿野鄉,機車竊盜,1,7193,year_end_registered_population,13.9024051161
2023,臺東縣,鹿野鄉,毒品,2,7193,year_end_registered_population,27.8048102322
2023,臺東縣,鹿野鄉,汽車竊盜,1,7193,year_end_registered_population,13.9024051161
2023,花蓮縣,光復鄉,機車竊盜,1,11739,year_end_registered_population,8.5186131698
2023,花蓮縣,光復鄉,毒品,7,11739,year_end_registered_population,59.6302921884
2023,花蓮縣,光復鄉,組織犯罪防制條例,1,11739,year_end_registered_population,8.5186131698
2023,花蓮縣,卓溪鄉,毒品,2,5973,year_end_registered_population,33.4840113846
2023,花蓮縣,吉安鄉,住宅竊盜,4,83175,year_end_registered_population,4.809137361
2023,花蓮縣,吉安鄉,機車竊盜,15,83175,year_end_registered_population,18.0342651037
2023,花蓮縣,吉安鄉,毒品,83,83175,year_end_registered_population,99.7896002405
2023,花蓮縣,吉安鄉,汽車竊盜,1,83175,year_end_registered_population,1.2022843402
2023,花蓮縣,壽豐鄉,機車竊盜,2,16903,year_end_registered_population,11.8322191327
2023,花蓮縣,壽豐鄉,毒品,11,16903,year_end_registered_population,65.0772052298
2023,花蓮縣,富里鄉,毒品,6,9627,year_end_registered_population,62.3247117482
2023,花蓮縣,新城鄉,強制性交,1,20307,year_end_registered_population,4.9244103019
2023,花蓮縣,新城鄉,強盜,1,20307,year_end_registered_population,4.9244103019
2023,花蓮縣,新城鄉,機車竊盜,1,20307,year_end_registered_population,4.9244103019
2023,花蓮縣,新城鄉,毒品,20,20307,year_end_registered_population,98.4882060373
2023,花蓮縣,玉里鎮,住宅竊盜,1,22034,year_end_registered_population,4.5384405918
2023,花蓮縣,玉里鎮,機車竊盜,1,22034,year_end_registered_population,4.5384405918
2023,花蓮縣,玉里鎮,毒品,19,22034,year_end_registered_population,86.2303712444
2023,花蓮縣,瑞穗鄉,強盜,1,10755,year_end_registered_population,9.2980009298
2023,花蓮縣,瑞穗鄉,機車竊盜,1,10755,year_end_registered_population,9.2980009298
2023,花蓮縣,瑞穗鄉,毒品,10,10755,year_end_registered_population,92.980009298
2023,花蓮縣,秀林鄉,機車竊盜,3,17200,year_end_registered_population,17.4418604651
2023,花蓮縣,秀林鄉,毒品,16,17200,year_end_registered_population,93.023255814
2023,花蓮縣,花蓮市,住宅竊盜,3,99043,year_end_registered_population,3.0289874095
2023,花蓮縣,花蓮市,強盜,2,99043,year_end_registered_population,2.0193249397
2023,花蓮縣,花蓮市,機車竊盜,24,99043,year_end_registered_population,24.2318992761
2023,花蓮縣,花蓮市,毒品,97,99043,year_end_registered_population,97.9372595741
2023,花蓮縣,花蓮市,組織犯罪防制條例,1,99043,year_end_registered_population,1.0096624698
2023,花蓮縣,萬榮鄉,毒品,5,6085,year_end_registered_population,82.1692686935
2023,花蓮縣,豐濱鄉,毒品,2,4213,year_end_registered_population,47.4721101353
2023,花蓮縣,鳳林鎮,毒品,6,10435,year_end_registered_population,57.4988021083
2023,苗栗縣,三灣鄉,毒品,6,5975,year_end_registered_population,100.4184100418
2023,苗栗縣,三義鄉,住宅竊盜,3,14949,year_end_registered_population,20.0682319888
2023,苗栗縣,三義鄉,強制性交,1,14949,year_end_registered_population,6.6894106629
2023,苗栗縣,三義鄉,強盜,1,14949,year_end_registered_population,6.6894106629
2023,苗栗縣,三義鄉,機車竊盜,1,14949,year_end_registered_population,6.6894106629
2023,苗栗縣,三義鄉,毒品,13,14949,year_end_registered_population,86.962338618
2023,苗栗縣,三義鄉,汽車竊盜,1,14949,year_end_registered_population,6.6894106629
2023,苗栗縣,公館鄉,住宅竊盜,3,31235,year_end_registered_population,9.6046102129
2023,苗栗縣,公館鄉,強制性交,3,31235,year_end_registered_population,9.6046102129
2023,苗栗縣,公館鄉,搶奪,1,31235,year_end_registered_population,3.2015367376
2023,苗栗縣,公館鄉,毒品,22,31235,year_end_registered_population,70.4338082279
2023,苗栗縣,卓蘭鎮,住宅竊盜,2,15212,year_end_registered_population,13.1475151196
2023,苗栗縣,卓蘭鎮,毒品,12,15212,year_end_registered_population,78.8850907179
2023,苗栗縣,南庄鄉,住宅竊盜,3,8843,year_end_registered_population,33.9251385276
2023,苗栗縣,南庄鄉,強制性交,1,8843,year_end_registered_population,11.3083795092
2023,苗栗縣,南庄鄉,毒品,14,8843,year_end_registered_population,158.317313129
2023,苗栗縣,大湖鄉,住宅竊盜,1,12964,year_end_registered_population,7.7136686208
2023,苗栗縣,大湖鄉,強制性交,1,12964,year_end_registered_population,7.7136686208
2023,苗栗縣,大湖鄉,毒品,22,12964,year_end_registered_population,169.7007096575
2023,苗栗縣,後龍鎮,住宅竊盜,1,34113,year_end_registered_population,2.9314337643
2023,苗栗縣,後龍鎮,強制性交,1,34113,year_end_registered_population,2.9314337643
2023,苗栗縣,後龍鎮,搶奪,1,34113,year_end_registered_population,2.9314337643
2023,苗栗縣,後龍鎮,毒品,37,34113,year_end_registered_population,108.4630492774
2023,苗栗縣,後龍鎮,汽車竊盜,2,34113,year_end_registered_population,5.8628675285
2023,苗栗縣,泰安鄉,毒品,8,5643,year_end_registered_population,141.7685628212
2023,苗栗縣,獅潭鄉,毒品,8,4095,year_end_registered_population,195.3601953602
2023,苗栗縣,竹南鎮,住宅竊盜,10,89708,year_end_registered_population,11.1472778348
2023,苗栗縣,竹南鎮,強制性交,1,89708,year_end_registered_population,1.1147277835
2023,苗栗縣,竹南鎮,機車竊盜,3,89708,year_end_registered_population,3.3441833504
2023,苗栗縣,竹南鎮,毒品,85,89708,year_end_registered_population,94.7518615954
2023,苗栗縣,竹南鎮,汽車竊盜,4,89708,year_end_registered_population,4.4589111339
2023,苗栗縣,苑裡鎮,住宅竊盜,10,43728,year_end_registered_population,22.8686425174
2023,苗栗縣,苑裡鎮,強制性交,1,43728,year_end_registered_population,2.2868642517
2023,苗栗縣,苑裡鎮,機車竊盜,1,43728,year_end_registered_population,2.2868642517
2023,苗栗縣,苑裡鎮,毒品,39,43728,year_end_registered_population,89.1877058178
2023,苗栗縣,苑裡鎮,汽車竊盜,1,43728,year_end_registered_population,2.2868642517
2023,苗栗縣,苗栗市,住宅竊盜,8,86307,year_end_registered_population,9.2692365625
2023,苗栗縣,苗栗市,強制性交,1,86307,year_end_registered_population,1.1586545703
2023,苗栗縣,苗栗市,搶奪,1,86307,year_end_registered_population,1.1586545703
2023,苗栗縣,苗栗市,機車竊盜,6,86307,year_end_registered_population,6.9519274219
2023,苗栗縣,苗栗市,毒品,51,86307,year_end_registered_population,59.091383086
2023,苗栗縣,苗栗市,汽車竊盜,1,86307,year_end_registered_population,1.1586545703
2023,苗栗縣,西湖鄉,住宅竊盜,1,6258,year_end_registered_population,15.9795461809
2023,苗栗縣,通霄鎮,住宅竊盜,5,31300,year_end_registered_population,15.9744408946
2023,苗栗縣,通霄鎮,強盜,1,31300,year_end_registered_population,3.1948881789
2023,苗栗縣,通霄鎮,毒品,64,31300,year_end_registered_population,204.4728434505
2023,苗栗縣,通霄鎮,汽車竊盜,1,31300,year_end_registered_population,3.1948881789
2023,苗栗縣,造橋鄉,住宅竊盜,3,11602,year_end_registered_population,25.8576107568
2023,苗栗縣,造橋鄉,毒品,14,11602,year_end_registered_population,120.6688501982
2023,苗栗縣,銅鑼鄉,強制性交,2,16505,year_end_registered_population,12.1175401394
2023,苗栗縣,銅鑼鄉,毒品,11,16505,year_end_registered_population,66.6464707664
2023,苗栗縣,頭份市,住宅竊盜,9,106350,year_end_registered_population,8.4626234133
2023,苗栗縣,頭份市,強制性交,3,106350,year_end_registered_population,2.8208744711
2023,苗栗縣,頭份市,機車竊盜,3,106350,year_end_registered_population,2.8208744711
2023,苗栗縣,頭份市,毒品,124,106350,year_end_registered_population,116.5961448049
2023,苗栗縣,頭份市,汽車竊盜,1,106350,year_end_registered_population,0.9402914904
2023,苗栗縣,頭屋鄉,毒品,5,9788,year_end_registered_population,51.082958725
2023,連江縣,南竿鄉,住宅竊盜,4,7827,year_end_registered_population,51.1051488437
2023,連江縣,南竿鄉,強制性交,2,7827,year_end_registered_population,25.5525744219
2023,連江縣,南竿鄉,毒品,2,7827,year_end_registered_population,25.5525744219
2023,連江縣,莒光鄉,住宅竊盜,1,1504,year_end_registered_population,66.4893617021
2023,金門縣,烈嶼鄉,住宅竊盜,2,12766,year_end_registered_population,15.6666144446
2023,金門縣,烈嶼鄉,強制性交,2,12766,year_end_registered_population,15.6666144446
2023,金門縣,金城鎮,住宅竊盜,15,43192,year_end_registered_population,34.7286534543
2023,金門縣,金城鎮,強制性交,2,43192,year_end_registered_population,4.6304871272
2023,金門縣,金城鎮,搶奪,1,43192,year_end_registered_population,2.3152435636
2023,金門縣,金城鎮,機車竊盜,2,43192,year_end_registered_population,4.6304871272
2023,金門縣,金城鎮,毒品,5,43192,year_end_registered_population,11.5762178181
2023,金門縣,金寧鄉,住宅竊盜,6,35400,year_end_registered_population,16.9491525424
2023,金門縣,金寧鄉,強制性交,1,35400,year_end_registered_population,2.8248587571
2023,金門縣,金寧鄉,機車竊盜,3,35400,year_end_registered_population,8.4745762712
2023,金門縣,金寧鄉,毒品,3,35400,year_end_registered_population,8.4745762712
2023,金門縣,金寧鄉,汽車竊盜,2,35400,year_end_registered_population,5.6497175141
2023,金門縣,金沙鎮,住宅竊盜,1,20858,year_end_registered_population,4.794323521
2023,金門縣,金沙鎮,強制性交,1,20858,year_end_registered_population,4.794323521
2023,金門縣,金沙鎮,毒品,1,20858,year_end_registered_population,4.794323521
2023,金門縣,金沙鎮,汽車竊盜,1,20858,year_end_registered_population,4.794323521
2023,金門縣,金湖鎮,住宅竊盜,8,31269,year_end_registered_population,25.5844446576
2023,金門縣,金湖鎮,強制性交,1,31269,year_end_registered_population,3.1980555822
2023,金門縣,金湖鎮,毒品,4,31269,year_end_registered_population,12.7922223288
2023,雲林縣,二崙鄉,住宅竊盜,2,24848,year_end_registered_population,8.0489375402
2023,雲林縣,二崙鄉,毒品,11,24848,year_end_registered_population,44.2691564713
2023,雲林縣,元長鄉,毒品,8,23371,year_end_registered_population,34.2304565487
2023,雲林縣,北港鎮,住宅竊盜,5,37534,year_end_registered_population,13.3212553951
2023,雲林縣,北港鎮,機車竊盜,2,37534,year_end_registered_population,5.328502158
2023,雲林縣,北港鎮,毒品,31,37534,year_end_registered_population,82.5917834497
2023,雲林縣,北港鎮,汽車竊盜,2,37534,year_end_registered_population,5.328502158
2023,雲林縣,口湖鄉,住宅竊盜,4,24985,year_end_registered_population,16.0096057635
2023,雲林縣,口湖鄉,強盜,1,24985,year_end_registered_population,4.0024014409
2023,雲林縣,口湖鄉,機車竊盜,1,24985,year_end_registered_population,4.0024014409
2023,雲林縣,口湖鄉,毒品,18,24985,year_end_registered_population,72.0432259356
2023,雲林縣,口湖鄉,汽車竊盜,1,24985,year_end_registered_population,4.0024014409
2023,雲林縣,古坑鄉,機車竊盜,4,29846,year_end_registered_population,13.4021309388
2023,雲林縣,古坑鄉,毒品,37,29846,year_end_registered_population,123.9697111841
2023,雲林縣,古坑鄉,汽車竊盜,1,29846,year_end_registered_population,3.3505327347
2023,雲林縣,四湖鄉,住宅竊盜,5,21017,year_end_registered_population,23.7902650236
2023,雲林縣,四湖鄉,機車竊盜,1,21017,year_end_registered_population,4.7580530047
2023,雲林縣,四湖鄉,毒品,5,21017,year_end_registered_population,23.7902650236
2023,雲林縣,土庫鎮,住宅竊盜,1,27513,year_end_registered_population,3.6346454403
2023,雲林縣,土庫鎮,毒品,7,27513,year_end_registered_population,25.4425180824
2023,雲林縣,大埤鄉,機車竊盜,3,17929,year_end_registered_population,16.732667745
2023,雲林縣,大埤鄉,毒品,15,17929,year_end_registered_population,83.663338725
2023,雲林縣,崙背鄉,住宅竊盜,2,22853,year_end_registered_population,8.751586225
2023,雲林縣,崙背鄉,強盜,2,22853,year_end_registered_population,8.751586225
2023,雲林縣,崙背鄉,機車竊盜,1,22853,year_end_registered_population,4.3757931125
2023,雲林縣,崙背鄉,毒品,12,22853,year_end_registered_population,52.50951735
2023,雲林縣,崙背鄉,汽車竊盜,1,22853,year_end_registered_population,4.3757931125
2023,雲林縣,斗六市,住宅竊盜,3,108172,year_end_registered_population,2.7733609437
2023,雲林縣,斗六市,強盜,1,108172,year_end_registered_population,0.9244536479
2023,雲林縣,斗六市,機車竊盜,8,108172,year_end_registered_population,7.3956291832
2023,雲林縣,斗六市,毒品,78,108172,year_end_registered_population,72.1073845357
2023,雲林縣,斗六市,汽車竊盜,5,108172,year_end_registered_population,4.6222682395
2023,雲林縣,斗南鎮,住宅竊盜,1,43218,year_end_registered_population,2.3138507104
2023,雲林縣,斗南鎮,機車竊盜,4,43218,year_end_registered_population,9.2554028414
2023,雲林縣,斗南鎮,毒品,71,43218,year_end_registered_population,164.283400435
2023,雲林縣,斗南鎮,汽車竊盜,4,43218,year_end_registered_population,9.2554028414
2023,雲林縣,東勢鄉,住宅竊盜,2,13399,year_end_registered_population,14.9264870513
2023,雲林縣,東勢鄉,毒品,6,13399,year_end_registered_population,44.7794611538
2023,雲林縣,林內鄉,毒品,7,16635,year_end_registered_population,42.0799519086
2023,雲林縣,水林鄉,住宅竊盜,6,22740,year_end_registered_population,26.3852242744
2023,雲林縣,水林鄉,毒品,10,22740,year_end_registered_population,43.9753737907
2023,雲林縣,水林鄉,汽車竊盜,1,22740,year_end_registered_population,4.3975373791
2023,雲林縣,臺西鄉,住宅竊盜,5,21739,year_end_registered_population,23.0001380008
2023,雲林縣,臺西鄉,機車竊盜,1,21739,year_end_registered_population,4.6000276002
2023,雲林縣,臺西鄉,毒品,36,21739,year_end_registered_population,165.600993606
2023,雲林縣,莿桐鄉,毒品,10,27367,year_end_registered_population,36.5403588263
2023,雲林縣,虎尾鎮,住宅竊盜,13,70386,year_end_registered_population,18.4695820192
2023,雲林縣,虎尾鎮,強制性交,1,70386,year_end_registered_population,1.4207370784
2023,雲林縣,虎尾鎮,機車竊盜,9,70386,year_end_registered_population,12.7866337056
2023,雲林縣,虎尾鎮,毒品,55,70386,year_end_registered_population,78.1405393118
2023,雲林縣,虎尾鎮,汽車竊盜,2,70386,year_end_registered_population,2.8414741568
2023,雲林縣,褒忠鄉,住宅竊盜,1,11889,year_end_registered_population,8.4111363445
2023,雲林縣,褒忠鄉,機車竊盜,1,11889,year_end_registered_population,8.4111363445
2023,雲林縣,褒忠鄉,毒品,8,11889,year_end_registered_population,67.2890907562
2023,雲林縣,西螺鎮,住宅竊盜,5,44494,year_end_registered_population,11.2374702207
2023,雲林縣,西螺鎮,強制性交,2,44494,year_end_registered_population,4.4949880883
2023,雲林縣,西螺鎮,機車竊盜,1,44494,year_end_registered_population,2.2474940441
2023,雲林縣,西螺鎮,毒品,20,44494,year_end_registered_population,44.9498808828
2023,雲林縣,麥寮鄉,住宅竊盜,10,49533,year_end_registered_population,20.1885611612
2023,雲林縣,麥寮鄉,機車竊盜,2,49533,year_end_registered_population,4.0377122322
2023,雲林縣,麥寮鄉,毒品,67,49533,year_end_registered_population,135.2633597803
2023,雲林縣,麥寮鄉,汽車竊盜,3,49533,year_end_registered_population,6.0565683484
2023,高雄市,三民區,住宅竊盜,2,331995,year_end_registered_population,0.6024187111
2023,高雄市,三民區,強制性交,1,331995,year_end_registered_population,0.3012093556
2023,高雄市,三民區,機車竊盜,21,331995,year_end_registered_population,6.3253964668
2023,高雄市,三民區,毒品,189,331995,year_end_registered_population,56.9285682013
2023,高雄市,三民區,汽車竊盜,1,331995,year_end_registered_population,0.3012093556
2023,高雄市,仁武區,強盜,1,97337,year_end_registered_population,1.0273585584
2023,高雄市,仁武區,機車竊盜,4,97337,year_end_registered_population,4.1094342336
2023,高雄市,仁武區,毒品,72,97337,year_end_registered_population,73.9698162056
2023,高雄市,內門區,毒品,3,13184,year_end_registered_population,22.7548543689
2023,高雄市,六龜區,住宅竊盜,2,11700,year_end_registered_population,17.094017094
2023,高雄市,六龜區,毒品,14,11700,year_end_registered_population,119.6581196581
2023,高雄市,前金區,住宅竊盜,1,27098,year_end_registered_population,3.6903092479
2023,高雄市,前金區,機車竊盜,4,27098,year_end_registered_population,14.7612369917
2023,高雄市,前金區,毒品,35,27098,year_end_registered_population,129.160823677
2023,高雄市,前金區,汽車竊盜,1,27098,year_end_registered_population,3.6903092479
2023,高雄市,前鎮區,住宅竊盜,1,179854,year_end_registered_population,0.5560065386
2023,高雄市,前鎮區,強制性交,1,179854,year_end_registered_population,0.5560065386
2023,高雄市,前鎮區,搶奪,1,179854,year_end_registered_population,0.5560065386
2023,高雄市,前鎮區,機車竊盜,9,179854,year_end_registered_population,5.0040588477
2023,高雄市,前鎮區,毒品,58,179854,year_end_registered_population,32.2483792409
2023,高雄市,前鎮區,汽車竊盜,1,179854,year_end_registered_population,0.5560065386
2023,高雄市,大寮區,機車竊盜,10,111986,year_end_registered_population,8.9296876395
2023,高雄市,大寮區,毒品,46,111986,year_end_registered_population,41.0765631418
2023,高雄市,大寮區,汽車竊盜,1,111986,year_end_registered_population,0.892968764
2023,高雄市,大樹區,機車竊盜,2,40432,year_end_registered_population,4.9465769687
2023,高雄市,大樹區,毒品,16,40432,year_end_registered_population,39.5726157499
2023,高雄市,大樹區,汽車竊盜,2,40432,year_end_registered_population,4.9465769687
2023,高雄市,大社區,強制性交,1,33729,year_end_registered_population,2.9648077322
2023,高雄市,大社區,機車竊盜,1,33729,year_end_registered_population,2.9648077322
2023,高雄市,大社區,毒品,20,33729,year_end_registered_population,59.2961546444
2023,高雄市,大社區,汽車竊盜,1,33729,year_end_registered_population,2.9648077322
2023,高雄市,小港區,住宅竊盜,2,155009,year_end_registered_population,1.290247663
2023,高雄市,小港區,強盜,1,155009,year_end_registered_population,0.6451238315
2023,高雄市,小港區,機車竊盜,4,155009,year_end_registered_population,2.5804953261
2023,高雄市,小港區,毒品,47,155009,year_end_registered_population,30.3208200814
2023,高雄市,小港區,汽車竊盜,2,155009,year_end_registered_population,1.290247663
2023,高雄市,岡山區,強制性交,1,95574,year_end_registered_population,1.0463096658
2023,高雄市,岡山區,機車竊盜,6,95574,year_end_registered_population,6.2778579949
2023,高雄市,岡山區,毒品,38,95574,year_end_registered_population,39.7597673007
2023,高雄市,左營區,強制性交,1,197276,year_end_registered_population,0.5069040329
2023,高雄市,左營區,搶奪,2,197276,year_end_registered_population,1.0138080659
2023,高雄市,左營區,機車竊盜,6,197276,year_end_registered_population,3.0414241976
2023,高雄市,左營區,毒品,82,197276,year_end_registered_population,41.5661307001
2023,高雄市,左營區,汽車竊盜,2,197276,year_end_registered_population,1.0138080659
2023,高雄市,彌陀區,毒品,8,18273,year_end_registered_population,43.7804410879
2023,高雄市,新興區,強盜,1,49598,year_end_registered_population,2.0162103311
2023,高雄市,新興區,機車竊盜,9,49598,year_end_registered_population,18.1458929796
2023,高雄市,新興區,毒品,56,49598,year_end_registered_population,112.9077785395
2023,高雄市,旗山區,強制性交,1,34304,year_end_registered_population,2.9151119403
2023,高雄市,旗山區,機車竊盜,4,34304,year_end_registered_population,11.6604477612
2023,高雄市,旗山區,毒品,22,34304,year_end_registered_population,64.1324626866
2023,高雄市,旗山區,汽車竊盜,1,34304,year_end_registered_population,2.9151119403
2023,高雄市,旗津區,機車竊盜,1,26220,year_end_registered_population,3.8138825324
2023,高雄市,旗津區,毒品,23,26220,year_end_registered_population,87.7192982456
2023,高雄市,杉林區,毒品,14,10955,year_end_registered_population,127.7955271565
2023,高雄市,林園區,住宅竊盜,1,68216,year_end_registered_population,1.4659317462
2023,高雄市,林園區,強盜,1,68216,year_end_registered_population,1.4659317462
2023,高雄市,林園區,機車竊盜,8,68216,year_end_registered_population,11.7274539697
2023,高雄市,林園區,毒品,34,68216,year_end_registered_population,49.8416793714
2023,高雄市,林園區,汽車竊盜,3,68216,year_end_registered_population,4.3977952387
2023,高雄市,桃源區,住宅竊盜,3,4230,year_end_registered_population,70.9219858156
2023,高雄市,桃源區,毒品,1,4230,year_end_registered_population,23.6406619385
2023,高雄市,梓官區,機車竊盜,1,34813,year_end_registered_population,2.8724901617
2023,高雄市,梓官區,毒品,32,34813,year_end_registered_population,91.9196851751
2023,高雄市,楠梓區,強制性交,3,193139,year_end_registered_population,1.5532854576
2023,高雄市,楠梓區,搶奪,2,193139,year_end_registered_population,1.0355236384
2023,高雄市,楠梓區,機車竊盜,5,193139,year_end_registered_population,2.588809096
2023,高雄市,楠梓區,毒品,60,193139,year_end_registered_population,31.0657091525
2023,高雄市,楠梓區,汽車竊盜,2,193139,year_end_registered_population,1.0355236384
2023,高雄市,橋頭區,機車竊盜,1,41712,year_end_registered_population,2.3973916379
2023,高雄市,橋頭區,毒品,19,41712,year_end_registered_population,45.5504411201
2023,高雄市,橋頭區,汽車竊盜,1,41712,year_end_registered_population,2.3973916379
2023,高雄市,永安區,毒品,4,13863,year_end_registered_population,28.8537834524
2023,高雄市,湖內區,住宅竊盜,1,29525,year_end_registered_population,3.3869602032
2023,高雄市,湖內區,強制性交,1,29525,year_end_registered_population,3.3869602032
2023,高雄市,湖內區,毒品,22,29525,year_end_registered_population,74.5131244708
2023,高雄市,燕巢區,強制性交,1,28776,year_end_registered_population,3.475118154
2023,高雄市,燕巢區,機車竊盜,2,28776,year_end_registered_population,6.950236308
2023,高雄市,燕巢區,毒品,15,28776,year_end_registered_population,52.1267723103
2023,高雄市,燕巢區,汽車竊盜,2,28776,year_end_registered_population,6.950236308
2023,高雄市,田寮區,機車竊盜,1,6530,year_end_registered_population,15.3139356815
2023,高雄市,田寮區,毒品,2,6530,year_end_registered_population,30.6278713629
2023,高雄市,田寮區,汽車竊盜,1,6530,year_end_registered_population,15.3139356815
2023,高雄市,甲仙區,機車竊盜,1,5543,year_end_registered_population,18.040772145
2023,高雄市,美濃區,住宅竊盜,1,37008,year_end_registered_population,2.7021184609
2023,高雄市,美濃區,機車竊盜,3,37008,year_end_registered_population,8.1063553826
2023,高雄市,美濃區,毒品,33,37008,year_end_registered_population,89.1699092088
2023,高雄市,美濃區,汽車竊盜,2,37008,year_end_registered_population,5.4042369217
2023,高雄市,苓雅區,強盜,1,163838,year_end_registered_population,0.6103590132
2023,高雄市,苓雅區,機車竊盜,8,163838,year_end_registered_population,4.8828721054
2023,高雄市,苓雅區,毒品,87,163838,year_end_registered_population,53.1012341459
2023,高雄市,苓雅區,汽車竊盜,1,163838,year_end_registered_population,0.6103590132
2023,高雄市,茄萣區,機車竊盜,2,29241,year_end_registered_population,6.8397113642
2023,高雄市,茄萣區,毒品,26,29241,year_end_registered_population,88.9162477343
2023,高雄市,路竹區,搶奪,1,50355,year_end_registered_population,1.9859001092
2023,高雄市,路竹區,機車竊盜,4,50355,year_end_registered_population,7.9436004369
2023,高雄市,路竹區,毒品,33,50355,year_end_registered_population,65.5347036044
2023,高雄市,路竹區,汽車竊盜,2,50355,year_end_registered_population,3.9718002184
2023,高雄市,阿蓮區,機車竊盜,3,27409,year_end_registered_population,10.9453099347
2023,高雄市,阿蓮區,毒品,11,27409,year_end_registered_population,40.1328030939
2023,高雄市,鳥松區,機車竊盜,2,44373,year_end_registered_population,4.507245397
2023,高雄市,鳥松區,毒品,38,44373,year_end_registered_population,85.6376625425
2023,高雄市,鳳山區,住宅竊盜,2,356536,year_end_registered_population,0.5609531716
2023,高雄市,鳳山區,強制性交,4,356536,year_end_registered_population,1.1219063433
2023,高雄市,鳳山區,強盜,1,356536,year_end_registered_population,0.2804765858
2023,高雄市,鳳山區,搶奪,1,356536,year_end_registered_population,0.2804765858
2023,高雄市,鳳山區,毒品,137,356536,year_end_registered_population,38.4252922566
2023,高雄市,鳳山區,汽車竊盜,3,356536,year_end_registered_population,0.8414297574
2023,高雄市,鹽埕區,住宅竊盜,1,22539,year_end_registered_population,4.4367540707
2023,高雄市,鹽埕區,機車竊盜,3,22539,year_end_registered_population,13.3102622122
2023,高雄市,鹽埕區,毒品,5,22539,year_end_registered_population,22.1837703536
2023,高雄市,鼓山區,住宅竊盜,1,140701,year_end_registered_population,0.7107270027
2023,高雄市,鼓山區,強制性交,2,140701,year_end_registered_population,1.4214540053
2023,高雄市,鼓山區,機車竊盜,5,140701,year_end_registered_population,3.5536350133
2023,高雄市,鼓山區,毒品,53,140701,year_end_registered_population,37.6685311405
2023,高雄市,鼓山區,汽車竊盜,1,140701,year_end_registered_population,0.7107270027
2024,南投縣,中寮鄉,住宅竊盜,2,13194,year_end_registered_population,15.1584053358
2024,南投縣,中寮鄉,毒品,10,13194,year_end_registered_population,75.7920266788
2024,南投縣,仁愛鄉,住宅竊盜,1,15410,year_end_registered_population,6.4892926671
2024,南投縣,仁愛鄉,強制性交,2,15410,year_end_registered_population,12.9785853342
2024,南投縣,仁愛鄉,毒品,16,15410,year_end_registered_population,103.8286826736
2024,南投縣,信義鄉,強制性交,2,15169,year_end_registered_population,13.1847847584
2024,南投縣,信義鄉,機車竊盜,1,15169,year_end_registered_population,6.5923923792
2024,南投縣,信義鄉,毒品,1,15169,year_end_registered_population,6.5923923792
2024,南投縣,南投市,住宅竊盜,29,97042,year_end_registered_population,29.8839677665
2024,南投縣,南投市,強制性交,1,97042,year_end_registered_population,1.0304816471
2024,南投縣,南投市,強盜,2,97042,year_end_registered_population,2.0609632942
2024,南投縣,南投市,搶奪,2,97042,year_end_registered_population,2.0609632942
2024,南投縣,南投市,機車竊盜,12,97042,year_end_registered_population,12.3657797655
2024,南投縣,南投市,毒品,72,97042,year_end_registered_population,74.1946785928
2024,南投縣,南投市,汽車竊盜,3,97042,year_end_registered_population,3.0914449414
2024,南投縣,名間鄉,住宅竊盜,5,35133,year_end_registered_population,14.2316340762
2024,南投縣,名間鄉,機車竊盜,2,35133,year_end_registered_population,5.6926536305
2024,南投縣,名間鄉,毒品,27,35133,year_end_registered_population,76.8508240116
2024,南投縣,名間鄉,汽車竊盜,2,35133,year_end_registered_population,5.6926536305
2024,南投縣,國姓鄉,住宅竊盜,4,16454,year_end_registered_population,24.3101981281
2024,南投縣,國姓鄉,機車竊盜,2,16454,year_end_registered_population,12.1550990641
2024,南投縣,國姓鄉,毒品,17,16454,year_end_registered_population,103.3183420445
2024,南投縣,埔里鎮,住宅竊盜,47,76303,year_end_registered_population,61.5965296253
2024,南投縣,埔里鎮,強盜,1,76303,year_end_registered_population,1.3105644601
2024,南投縣,埔里鎮,機車竊盜,14,76303,year_end_registered_population,18.3479024416
2024,南投縣,埔里鎮,毒品,114,76303,year_end_registered_population,149.4043484529
2024,南投縣,埔里鎮,汽車竊盜,2,76303,year_end_registered_population,2.6211289202
2024,南投縣,水里鄉,住宅竊盜,10,15800,year_end_registered_population,63.2911392405
2024,南投縣,水里鄉,機車竊盜,2,15800,year_end_registered_population,12.6582278481
2024,南投縣,水里鄉,毒品,16,15800,year_end_registered_population,101.2658227848
2024,南投縣,竹山鎮,住宅竊盜,16,50625,year_end_registered_population,31.6049382716
2024,南投縣,竹山鎮,強盜,2,50625,year_end_registered_population,3.950617284
2024,南投縣,竹山鎮,機車竊盜,8,50625,year_end_registered_population,15.8024691358
2024,南投縣,竹山鎮,毒品,45,50625,year_end_registered_population,88.8888888889
2024,南投縣,竹山鎮,汽車竊盜,8,50625,year_end_registered_population,15.8024691358
2024,南投縣,草屯鎮,住宅竊盜,33,97147,year_end_registered_population,33.9691395514
2024,南投縣,草屯鎮,強制性交,1,97147,year_end_registered_population,1.0293678652
2024,南投縣,草屯鎮,強盜,2,97147,year_end_registered_population,2.0587357304
2024,南投縣,草屯鎮,搶奪,2,97147,year_end_registered_population,2.0587357304
2024,南投縣,草屯鎮,機車竊盜,7,97147,year_end_registered_population,7.2055750564
2024,南投縣,草屯鎮,毒品,87,97147,year_end_registered_population,89.5550042719
2024,南投縣,草屯鎮,汽車竊盜,2,97147,year_end_registered_population,2.0587357304
2024,南投縣,集集鎮,住宅竊盜,7,9776,year_end_registered_population,71.6039279869
2024,南投縣,集集鎮,毒品,11,9776,year_end_registered_population,112.5204582651
2024,南投縣,集集鎮,汽車竊盜,1,9776,year_end_registered_population,10.2291325696
2024,南投縣,魚池鄉,住宅竊盜,8,14414,year_end_registered_population,55.5015956709
2024,南投縣,魚池鄉,機車竊盜,2,14414,year_end_registered_population,13.8753989177
2024,南投縣,魚池鄉,毒品,9,14414,year_end_registered_population,62.4392951297
2024,南投縣,鹿谷鄉,住宅竊盜,3,15832,year_end_registered_population,18.9489641233
2024,南投縣,鹿谷鄉,強盜,1,15832,year_end_registered_population,6.3163213744
2024,南投縣,鹿谷鄉,毒品,4,15832,year_end_registered_population,25.2652854977
2024,嘉義市,東區,住宅竊盜,1,117300,year_end_registered_population,0.852514919
2024,嘉義市,東區,強制性交,1,117300,year_end_registered_population,0.852514919
2024,嘉義市,東區,機車竊盜,6,117300,year_end_registered_population,5.1150895141
2024,嘉義市,東區,毒品,141,117300,year_end_registered_population,120.2046035806
2024,嘉義市,東區,汽車竊盜,1,117300,year_end_registered_population,0.852514919
2024,嘉義市,西區,住宅竊盜,4,144877,year_end_registered_population,2.7609627477
2024,嘉義市,西區,強制性交,3,144877,year_end_registered_population,2.0707220608
2024,嘉義市,西區,強盜,2,144877,year_end_registered_population,1.3804813739
2024,嘉義市,西區,搶奪,1,144877,year_end_registered_population,0.6902406869
2024,嘉義市,西區,機車竊盜,12,144877,year_end_registered_population,8.2828882431
2024,嘉義市,西區,毒品,337,144877,year_end_registered_population,232.6111114946
2024,嘉義市,西區,汽車竊盜,5,144877,year_end_registered_population,3.4512034346
2024,嘉義縣,中埔鄉,強制性交,1,42190,year_end_registered_population,2.3702299123
2024,嘉義縣,中埔鄉,毒品,58,42190,year_end_registered_population,137.4733349135
2024,嘉義縣,六腳鄉,機車竊盜,1,20497,year_end_registered_population,4.8787627458
2024,嘉義縣,六腳鄉,毒品,25,20497,year_end_registered_population,121.9690686442
2024,嘉義縣,大林鎮,機車竊盜,1,29610,year_end_registered_population,3.3772374198
2024,嘉義縣,大林鎮,毒品,34,29610,year_end_registered_population,114.8260722729
2024,嘉義縣,太保市,強制性交,1,39342,year_end_registered_population,2.5418128209
2024,嘉義縣,太保市,機車竊盜,2,39342,year_end_registered_population,5.0836256418
2024,嘉義縣,太保市,毒品,30,39342,year_end_registered_population,76.2543846271
2024,嘉義縣,太保市,汽車竊盜,2,39342,year_end_registered_population,5.0836256418
2024,嘉義縣,布袋鎮,住宅竊盜,2,24121,year_end_registered_population,8.2915302019
2024,嘉義縣,布袋鎮,毒品,18,24121,year_end_registered_population,74.6237718171
2024,嘉義縣,新港鄉,毒品,9,29617,year_end_registered_population,30.3879528649
2024,嘉義縣,朴子市,住宅竊盜,2,40409,year_end_registered_population,4.9493924621
2024,嘉義縣,朴子市,強制性交,1,40409,year_end_registered_population,2.474696231
2024,嘉義縣,朴子市,機車竊盜,2,40409,year_end_registered_population,4.9493924621
2024,嘉義縣,朴子市,毒品,24,40409,year_end_registered_population,59.3927095449
2024,嘉義縣,東石鄉,住宅竊盜,1,22201,year_end_registered_population,4.504301608
2024,嘉義縣,東石鄉,機車竊盜,1,22201,year_end_registered_population,4.504301608
2024,嘉義縣,東石鄉,毒品,34,22201,year_end_registered_population,153.1462546732
2024,嘉義縣,東石鄉,汽車竊盜,1,22201,year_end_registered_population,4.504301608
2024,嘉義縣,梅山鄉,毒品,7,17497,year_end_registered_population,40.0068583186
2024,嘉義縣,梅山鄉,汽車竊盜,1,17497,year_end_registered_population,5.7152654741
2024,嘉義縣,民雄鄉,住宅竊盜,1,69923,year_end_registered_population,1.4301445876
2024,嘉義縣,民雄鄉,機車竊盜,6,69923,year_end_registered_population,8.5808675257
2024,嘉義縣,民雄鄉,毒品,71,69923,year_end_registered_population,101.5402657209
2024,嘉義縣,民雄鄉,汽車竊盜,2,69923,year_end_registered_population,2.8602891752
2024,嘉義縣,水上鄉,住宅竊盜,1,47366,year_end_registered_population,2.1112190179
2024,嘉義縣,水上鄉,搶奪,1,47366,year_end_registered_population,2.1112190179
2024,嘉義縣,水上鄉,毒品,29,47366,year_end_registered_population,61.225351518
2024,嘉義縣,水上鄉,汽車竊盜,1,47366,year_end_registered_population,2.1112190179
2024,嘉義縣,溪口鄉,毒品,7,12944,year_end_registered_population,54.0791100124
2024,嘉義縣,番路鄉,住宅竊盜,1,10697,year_end_registered_population,9.3484154436
2024,嘉義縣,番路鄉,機車竊盜,1,10697,year_end_registered_population,9.3484154436
2024,嘉義縣,番路鄉,毒品,3,10697,year_end_registered_population,28.0452463307
2024,嘉義縣,竹崎鄉,機車竊盜,1,32759,year_end_registered_population,3.0525962331
2024,嘉義縣,竹崎鄉,毒品,25,32759,year_end_registered_population,76.3149058274
2024,嘉義縣,義竹鄉,住宅竊盜,1,16163,year_end_registered_population,6.1869702407
2024,嘉義縣,義竹鄉,毒品,6,16163,year_end_registered_population,37.121821444
2024,嘉義縣,阿里山鄉,毒品,1,5236,year_end_registered_population,19.0985485103
2024,嘉義縣,鹿草鄉,住宅竊盜,1,13891,year_end_registered_population,7.1989057663
2024,嘉義縣,鹿草鄉,毒品,2,13891,year_end_registered_population,14.3978115326
2024,基隆市,七堵區,住宅竊盜,7,52528,year_end_registered_population,13.3262260128
2024,基隆市,七堵區,強制性交,1,52528,year_end_registered_population,1.9037465733
2024,基隆市,七堵區,機車竊盜,4,52528,year_end_registered_population,7.614986293
2024,基隆市,七堵區,毒品,39,52528,year_end_registered_population,74.246116357
2024,基隆市,七堵區,汽車竊盜,1,52528,year_end_registered_population,1.9037465733
2024,基隆市,中山區,住宅竊盜,17,45859,year_end_registered_population,37.070149807
2024,基隆市,中山區,機車竊盜,9,45859,year_end_registered_population,19.6253734272
2024,基隆市,中山區,毒品,65,45859,year_end_registered_population,141.7388080857
2024,基隆市,中山區,汽車竊盜,2,45859,year_end_registered_population,4.3611940949
2024,基隆市,中正區,住宅竊盜,13,50950,year_end_registered_population,25.5152109912
2024,基隆市,中正區,機車竊盜,6,50950,year_end_registered_population,11.7762512267
2024,基隆市,中正區,毒品,89,50950,year_end_registered_population,174.6810598626
2024,基隆市,中正區,汽車竊盜,3,50950,year_end_registered_population,5.8881256133
2024,基隆市,仁愛區,住宅竊盜,6,40515,year_end_registered_population,14.8093298778
2024,基隆市,仁愛區,搶奪,1,40515,year_end_registered_population,2.4682216463
2024,基隆市,仁愛區,機車竊盜,5,40515,year_end_registered_population,12.3411082315
2024,基隆市,仁愛區,毒品,224,40515,year_end_registered_population,552.8816487721
2024,基隆市,信義區,住宅竊盜,2,53195,year_end_registered_population,3.7597518564
2024,基隆市,信義區,機車竊盜,7,53195,year_end_registered_population,13.1591314973
2024,基隆市,信義區,毒品,51,53195,year_end_registered_population,95.8736723376
2024,基隆市,信義區,汽車竊盜,1,53195,year_end_registered_population,1.8798759282
2024,基隆市,安樂區,住宅竊盜,19,80060,year_end_registered_population,23.7322008494
2024,基隆市,安樂區,強制性交,1,80060,year_end_registered_population,1.2490632026
2024,基隆市,安樂區,機車竊盜,7,80060,year_end_registered_population,8.7434424182
2024,基隆市,安樂區,毒品,78,80060,year_end_registered_population,97.4269298026
2024,基隆市,安樂區,汽車竊盜,2,80060,year_end_registered_population,2.4981264052
2024,基隆市,暖暖區,住宅竊盜,6,38334,year_end_registered_population,15.6519017061
2024,基隆市,暖暖區,機車竊盜,4,38334,year_end_registered_population,10.4346011374
2024,基隆市,暖暖區,毒品,33,38334,year_end_registered_population,86.0854593833
2024,宜蘭縣,三星鄉,住宅竊盜,14,21179,year_end_registered_population,66.1032154493
2024,宜蘭縣,三星鄉,毒品,5,21179,year_end_registered_population,23.6082912319
2024,宜蘭縣,五結鄉,機車竊盜,3,41600,year_end_registered_population,7.2115384615
2024,宜蘭縣,五結鄉,毒品,29,41600,year_end_registered_population,69.7115384615
2024,宜蘭縣,五結鄉,汽車竊盜,1,41600,year_end_registered_population,2.4038461538
2024,宜蘭縣,冬山鄉,機車竊盜,1,53117,year_end_registered_population,1.8826364441
2024,宜蘭縣,冬山鄉,毒品,27,53117,year_end_registered_population,50.8311839901
2024,宜蘭縣,冬山鄉,汽車竊盜,1,53117,year_end_registered_population,1.8826364441
2024,宜蘭縣,南澳鄉,住宅竊盜,1,6090,year_end_registered_population,16.4203612479
2024,宜蘭縣,南澳鄉,毒品,5,6090,year_end_registered_population,82.1018062397
2024,宜蘭縣,員山鄉,住宅竊盜,8,31986,year_end_registered_population,25.0109422873
2024,宜蘭縣,員山鄉,機車竊盜,2,31986,year_end_registered_population,6.2527355718
2024,宜蘭縣,員山鄉,毒品,20,31986,year_end_registered_population,62.5273557181
2024,宜蘭縣,壯圍鄉,住宅竊盜,2,24469,year_end_registered_population,8.1736074216
2024,宜蘭縣,壯圍鄉,機車竊盜,1,24469,year_end_registered_population,4.0868037108
2024,宜蘭縣,壯圍鄉,毒品,19,24469,year_end_registered_population,77.6492705055
2024,宜蘭縣,大同鄉,住宅竊盜,4,5980,year_end_registered_population,66.889632107
2024,宜蘭縣,大同鄉,毒品,4,5980,year_end_registered_population,66.889632107
2024,宜蘭縣,宜蘭市,住宅竊盜,30,94890,year_end_registered_population,31.615554853
2024,宜蘭縣,宜蘭市,機車竊盜,5,94890,year_end_registered_population,5.2692591422
2024,宜蘭縣,宜蘭市,毒品,76,94890,year_end_registered_population,80.0927389609
2024,宜蘭縣,宜蘭市,汽車竊盜,1,94890,year_end_registered_population,1.0538518284
2024,宜蘭縣,礁溪鄉,住宅竊盜,7,35399,year_end_registered_population,19.7745699031
2024,宜蘭縣,礁溪鄉,毒品,50,35399,year_end_registered_population,141.2469278793
2024,宜蘭縣,礁溪鄉,汽車竊盜,3,35399,year_end_registered_population,8.4748156728
2024,宜蘭縣,羅東鎮,機車竊盜,18,69638,year_end_registered_population,25.8479565754
2024,宜蘭縣,羅東鎮,毒品,48,69638,year_end_registered_population,68.9278842012
2024,宜蘭縣,羅東鎮,汽車竊盜,2,69638,year_end_registered_population,2.871995175
2024,宜蘭縣,蘇澳鎮,住宅竊盜,4,36882,year_end_registered_population,10.8453988395
2024,宜蘭縣,蘇澳鎮,機車竊盜,2,36882,year_end_registered_population,5.4226994198
2024,宜蘭縣,蘇澳鎮,毒品,49,36882,year_end_registered_population,132.8561357844
2024,宜蘭縣,頭城鎮,住宅竊盜,3,27982,year_end_registered_population,10.7211779001
2024,宜蘭縣,頭城鎮,機車竊盜,4,27982,year_end_registered_population,14.2949038668
2024,宜蘭縣,頭城鎮,毒品,23,27982,year_end_registered_population,82.1956972339
2024,屏東縣,三地門鄉,住宅竊盜,1,7683,year_end_registered_population,13.0157490564
2024,屏東縣,三地門鄉,強盜,1,7683,year_end_registered_population,13.0157490564
2024,屏東縣,三地門鄉,毒品,6,7683,year_end_registered_population,78.0944943381
2024,屏東縣,九如鄉,毒品,28,21552,year_end_registered_population,129.9183370453
2024,屏東縣,佳冬鄉,住宅竊盜,2,17591,year_end_registered_population,11.3694502871
2024,屏東縣,佳冬鄉,機車竊盜,3,17591,year_end_registered_population,17.0541754306
2024,屏東縣,佳冬鄉,毒品,4,17591,year_end_registered_population,22.7389005742
2024,屏東縣,佳冬鄉,汽車竊盜,1,17591,year_end_registered_population,5.6847251435
2024,屏東縣,來義鄉,機車竊盜,1,7355,year_end_registered_population,13.5961930659
2024,屏東縣,內埔鄉,強盜,1,52646,year_end_registered_population,1.8994795426
2024,屏東縣,內埔鄉,機車竊盜,1,52646,year_end_registered_population,1.8994795426
2024,屏東縣,內埔鄉,毒品,49,52646,year_end_registered_population,93.0744975877
2024,屏東縣,內埔鄉,汽車竊盜,2,52646,year_end_registered_population,3.7989590852
2024,屏東縣,南州鄉,住宅竊盜,1,9698,year_end_registered_population,10.3114044133
2024,屏東縣,南州鄉,機車竊盜,2,9698,year_end_registered_population,20.6228088266
2024,屏東縣,南州鄉,毒品,9,9698,year_end_registered_population,92.8026397195
2024,屏東縣,南州鄉,汽車竊盜,1,9698,year_end_registered_population,10.3114044133
2024,屏東縣,屏東市,機車竊盜,22,192657,year_end_registered_population,11.4192580597
2024,屏東縣,屏東市,毒品,156,192657,year_end_registered_population,80.9729207867
2024,屏東縣,屏東市,汽車竊盜,5,192657,year_end_registered_population,2.5952859227
2024,屏東縣,崁頂鄉,住宅竊盜,1,14932,year_end_registered_population,6.6970265202
2024,屏東縣,崁頂鄉,機車竊盜,1,14932,year_end_registered_population,6.6970265202
2024,屏東縣,崁頂鄉,毒品,9,14932,year_end_registered_population,60.273238682
2024,屏東縣,恆春鎮,住宅竊盜,15,29375,year_end_registered_population,51.0638297872
2024,屏東縣,恆春鎮,機車竊盜,3,29375,year_end_registered_population,10.2127659574
2024,屏東縣,恆春鎮,毒品,27,29375,year_end_registered_population,91.914893617
2024,屏東縣,恆春鎮,汽車竊盜,1,29375,year_end_registered_population,3.4042553191
2024,屏東縣,新園鄉,住宅竊盜,11,32198,year_end_registered_population,34.1636126467
2024,屏東縣,新園鄉,機車竊盜,5,32198,year_end_registered_population,15.5289148394
2024,屏東縣,新園鄉,毒品,18,32198,year_end_registered_population,55.904093422
2024,屏東縣,新埤鄉,毒品,6,9177,year_end_registered_population,65.3808434129
2024,屏東縣,春日鄉,毒品,8,4860,year_end_registered_population,164.6090534979
2024,屏東縣,東港鎮,住宅竊盜,7,45936,year_end_registered_population,15.2385928248
2024,屏東縣,東港鎮,機車竊盜,6,45936,year_end_registered_population,13.0616509927
2024,屏東縣,東港鎮,毒品,55,45936,year_end_registered_population,119.7318007663
2024,屏東縣,東港鎮,汽車竊盜,2,45936,year_end_registered_population,4.3538836642
2024,屏東縣,枋寮鄉,住宅竊盜,1,22593,year_end_registered_population,4.4261496924
2024,屏東縣,枋寮鄉,強盜,1,22593,year_end_registered_population,4.4261496924
2024,屏東縣,枋寮鄉,毒品,38,22593,year_end_registered_population,168.1936883105
2024,屏東縣,枋山鄉,住宅竊盜,1,4966,year_end_registered_population,20.1369311317
2024,屏東縣,枋山鄉,毒品,3,4966,year_end_registered_population,60.4107933951
2024,屏東縣,林邊鄉,住宅竊盜,3,16087,year_end_registered_population,18.648598247
2024,屏東縣,林邊鄉,機車竊盜,4,16087,year_end_registered_population,24.8647976627
2024,屏東縣,林邊鄉,毒品,16,16087,year_end_registered_population,99.4591906508
2024,屏東縣,泰武鄉,毒品,1,5259,year_end_registered_population,19.0150218673
2024,屏東縣,滿州鄉,住宅竊盜,2,7063,year_end_registered_population,28.3165793572
2024,屏東縣,潮州鎮,住宅竊盜,8,53575,year_end_registered_population,14.9323378441
2024,屏東縣,潮州鎮,機車竊盜,4,53575,year_end_registered_population,7.4661689221
2024,屏東縣,潮州鎮,毒品,79,53575,year_end_registered_population,147.4568362109
2024,屏東縣,牡丹鄉,毒品,1,4707,year_end_registered_population,21.2449543233
2024,屏東縣,獅子鄉,毒品,1,4905,year_end_registered_population,20.3873598369
2024,屏東縣,琉球鄉,住宅竊盜,2,12190,year_end_registered_population,16.4068908942
2024,屏東縣,琉球鄉,機車竊盜,3,12190,year_end_registered_population,24.6103363413
2024,屏東縣,瑪家鄉,機車竊盜,1,6696,year_end_registered_population,14.9342891278
2024,屏東縣,瑪家鄉,毒品,5,6696,year_end_registered_population,74.6714456392
2024,屏東縣,竹田鄉,住宅竊盜,5,15581,year_end_registered_population,32.090366472
2024,屏東縣,竹田鄉,機車竊盜,4,15581,year_end_registered_population,25.6722931776
2024,屏東縣,竹田鄉,毒品,26,15581,year_end_registered_population,166.8699056543
2024,屏東縣,竹田鄉,汽車竊盜,1,15581,year_end_registered_population,6.4180732944
2024,屏東縣,萬丹鄉,機車竊盜,8,48946,year_end_registered_population,16.3445429657
2024,屏東縣,萬丹鄉,毒品,38,48946,year_end_registered_population,77.6365790872
2024,屏東縣,萬丹鄉,汽車竊盜,1,48946,year_end_registered_population,2.0430678707
2024,屏東縣,萬巒鄉,機車竊盜,1,19010,year_end_registered_population,5.2603892688
2024,屏東縣,萬巒鄉,毒品,13,19010,year_end_registered_population,68.3850604945
2024,屏東縣,車城鄉,住宅竊盜,3,7842,year_end_registered_population,38.2555470543
2024,屏東縣,車城鄉,機車竊盜,2,7842,year_end_registered_population,25.5036980362
2024,屏東縣,車城鄉,毒品,3,7842,year_end_registered_population,38.2555470543
2024,屏東縣,里港鄉,機車竊盜,1,25347,year_end_registered_population,3.9452400679
2024,屏東縣,里港鄉,毒品,16,25347,year_end_registered_population,63.1238410857
2024,屏東縣,長治鄉,搶奪,1,29229,year_end_registered_population,3.4212597078
2024,屏東縣,長治鄉,機車竊盜,1,29229,year_end_registered_population,3.4212597078
2024,屏東縣,長治鄉,毒品,15,29229,year_end_registered_population,51.3188956174
2024,屏東縣,長治鄉,汽車竊盜,1,29229,year_end_registered_population,3.4212597078
2024,屏東縣,霧臺鄉,毒品,4,3235,year_end_registered_population,123.6476043277
2024,屏東縣,高樹鄉,機車竊盜,2,22336,year_end_registered_population,8.9541547278
2024,屏東縣,高樹鄉,毒品,25,22336,year_end_registered_population,111.9269340974
2024,屏東縣,鹽埔鄉,機車竊盜,4,23529,year_end_registered_population,17.0002975052
2024,屏東縣,鹽埔鄉,毒品,27,23529,year_end_registered_population,114.7520081601
2024,屏東縣,麟洛鄉,機車竊盜,2,10483,year_end_registered_population,19.0785080607
2024,屏東縣,麟洛鄉,毒品,13,10483,year_end_registered_population,124.0103023944
2024,屏東縣,麟洛鄉,汽車竊盜,3,10483,year_end_registered_population,28.617762091
2024,彰化縣,二林鎮,機車竊盜,3,47119,year_end_registered_population,6.3668583798
2024,彰化縣,二林鎮,毒品,25,47119,year_end_registered_population,53.0571531654
2024,彰化縣,二林鎮,汽車竊盜,2,47119,year_end_registered_population,4.2445722532
2024,彰化縣,二水鄉,毒品,7,13547,year_end_registered_population,51.6719568908
2024,彰化縣,伸港鄉,機車竊盜,1,38422,year_end_registered_population,2.6026755505
2024,彰化縣,伸港鄉,毒品,20,38422,year_end_registered_population,52.0535110093
2024,彰化縣,伸港鄉,汽車竊盜,1,38422,year_end_registered_population,2.6026755505
2024,彰化縣,北斗鎮,搶奪,1,33238,year_end_registered_population,3.0086046092
2024,彰化縣,北斗鎮,機車竊盜,1,33238,year_end_registered_population,3.0086046092
2024,彰化縣,北斗鎮,毒品,29,33238,year_end_registered_population,87.2495336663
2024,彰化縣,和美鎮,機車竊盜,5,87370,year_end_registered_population,5.7227881424
2024,彰化縣,和美鎮,毒品,42,87370,year_end_registered_population,48.071420396
2024,彰化縣,和美鎮,汽車竊盜,1,87370,year_end_registered_population,1.1445576285
2024,彰化縣,員林市,機車竊盜,18,122742,year_end_registered_population,14.6649068778
2024,彰化縣,員林市,毒品,89,122742,year_end_registered_population,72.5098173404
2024,彰化縣,員林市,汽車竊盜,1,122742,year_end_registered_population,0.8147170488
2024,彰化縣,埔心鄉,機車竊盜,2,33366,year_end_registered_population,5.9941257568
2024,彰化縣,埔心鄉,毒品,19,33366,year_end_registered_population,56.9441946892
2024,彰化縣,埔心鄉,汽車竊盜,1,33366,year_end_registered_population,2.9970628784
2024,彰化縣,埔鹽鄉,毒品,10,30546,year_end_registered_population,32.7375106397
2024,彰化縣,埔鹽鄉,汽車竊盜,1,30546,year_end_registered_population,3.273751064
2024,彰化縣,埤頭鄉,住宅竊盜,1,28484,year_end_registered_population,3.5107428732
2024,彰化縣,埤頭鄉,機車竊盜,1,28484,year_end_registered_population,3.5107428732
2024,彰化縣,埤頭鄉,毒品,19,28484,year_end_registered_population,66.7041145906
2024,彰化縣,埤頭鄉,汽車竊盜,1,28484,year_end_registered_population,3.5107428732
2024,彰化縣,大城鄉,住宅竊盜,1,14548,year_end_registered_population,6.8737970855
2024,彰化縣,大城鄉,機車竊盜,2,14548,year_end_registered_population,13.747594171
2024,彰化縣,大城鄉,毒品,1,14548,year_end_registered_population,6.8737970855
2024,彰化縣,大村鄉,機車竊盜,6,39474,year_end_registered_population,15.199878401
2024,彰化縣,大村鄉,毒品,20,39474,year_end_registered_population,50.6662613366
2024,彰化縣,彰化市,住宅竊盜,8,223689,year_end_registered_population,3.5763940113
2024,彰化縣,彰化市,強制性交,1,223689,year_end_registered_population,0.4470492514
2024,彰化縣,彰化市,強盜,1,223689,year_end_registered_population,0.4470492514
2024,彰化縣,彰化市,機車竊盜,23,223689,year_end_registered_population,10.2821327826
2024,彰化縣,彰化市,毒品,145,223689,year_end_registered_population,64.8221414553
2024,彰化縣,彰化市,汽車竊盜,5,223689,year_end_registered_population,2.2352462571
2024,彰化縣,永靖鄉,機車竊盜,1,34664,year_end_registered_population,2.8848372952
2024,彰化縣,永靖鄉,毒品,13,34664,year_end_registered_population,37.5028848373
2024,彰化縣,溪州鄉,住宅竊盜,2,27695,year_end_registered_population,7.22152013
2024,彰化縣,溪州鄉,機車竊盜,4,27695,year_end_registered_population,14.44304026
2024,彰化縣,溪州鄉,毒品,20,27695,year_end_registered_population,72.2152012999
2024,彰化縣,溪州鄉,汽車竊盜,4,27695,year_end_registered_population,14.44304026
2024,彰化縣,溪湖鎮,機車竊盜,6,53385,year_end_registered_population,11.2391121101
2024,彰化縣,溪湖鎮,毒品,38,53385,year_end_registered_population,71.1810433642
2024,彰化縣,溪湖鎮,汽車竊盜,3,53385,year_end_registered_population,5.6195560551
2024,彰化縣,田中鎮,強制性交,1,38819,year_end_registered_population,2.5760581159
2024,彰化縣,田中鎮,機車竊盜,6,38819,year_end_registered_population,15.4563486952
2024,彰化縣,田中鎮,毒品,32,38819,year_end_registered_population,82.4338597079
2024,彰化縣,田尾鄉,住宅竊盜,1,25525,year_end_registered_population,3.9177277179
2024,彰化縣,田尾鄉,機車竊盜,3,25525,year_end_registered_population,11.7531831538
2024,彰化縣,田尾鄉,毒品,26,25525,year_end_registered_population,101.860920666
2024,彰化縣,田尾鄉,汽車竊盜,1,25525,year_end_registered_population,3.9177277179
2024,彰化縣,社頭鄉,機車竊盜,3,40842,year_end_registered_population,7.3453797561
2024,彰化縣,社頭鄉,毒品,29,40842,year_end_registered_population,71.0053376426
2024,彰化縣,福興鄉,住宅竊盜,1,44773,year_end_registered_population,2.2334889331
2024,彰化縣,福興鄉,機車竊盜,1,44773,year_end_registered_population,2.2334889331
2024,彰化縣,福興鄉,毒品,21,44773,year_end_registered_population,46.9032675943
2024,彰化縣,福興鄉,汽車竊盜,3,44773,year_end_registered_population,6.7004667992
2024,彰化縣,秀水鄉,住宅竊盜,2,37773,year_end_registered_population,5.2947872819
2024,彰化縣,秀水鄉,機車竊盜,3,37773,year_end_registered_population,7.9421809229
2024,彰化縣,秀水鄉,毒品,29,37773,year_end_registered_population,76.7744155879
2024,彰化縣,竹塘鄉,毒品,7,14160,year_end_registered_population,49.4350282486
2024,彰化縣,線西鄉,機車竊盜,4,16182,year_end_registered_population,24.718823384
2024,彰化縣,線西鄉,毒品,7,16182,year_end_registered_population,43.257940922
2024,彰化縣,芬園鄉,住宅竊盜,1,21772,year_end_registered_population,4.5930553004
2024,彰化縣,芬園鄉,機車竊盜,2,21772,year_end_registered_population,9.1861106008
2024,彰化縣,芬園鄉,毒品,15,21772,year_end_registered_population,68.8958295058
2024,彰化縣,花壇鄉,住宅竊盜,3,43338,year_end_registered_population,6.9223314412
2024,彰化縣,花壇鄉,機車竊盜,3,43338,year_end_registered_population,6.9223314412
2024,彰化縣,花壇鄉,毒品,42,43338,year_end_registered_population,96.9126401772
2024,彰化縣,芳苑鄉,住宅竊盜,5,30614,year_end_registered_population,16.3323969426
2024,彰化縣,芳苑鄉,毒品,11,30614,year_end_registered_population,35.9312732737
2024,彰化縣,芳苑鄉,汽車竊盜,2,30614,year_end_registered_population,6.532958777
2024,彰化縣,鹿港鎮,住宅竊盜,1,83588,year_end_registered_population,1.1963439728
2024,彰化縣,鹿港鎮,機車竊盜,6,83588,year_end_registered_population,7.1780638369
2024,彰化縣,鹿港鎮,毒品,78,83588,year_end_registered_population,93.3148298799
2024,彰化縣,鹿港鎮,汽車竊盜,1,83588,year_end_registered_population,1.1963439728
2024,新北市,三峽區,住宅竊盜,19,115335,year_end_registered_population,16.4737503793
2024,新北市,三峽區,強盜,2,115335,year_end_registered_population,1.7340789873
2024,新北市,三峽區,搶奪,2,115335,year_end_registered_population,1.7340789873
2024,新北市,三峽區,機車竊盜,12,115335,year_end_registered_population,10.4044739238
2024,新北市,三峽區,毒品,57,115335,year_end_registered_population,49.421251138
2024,新北市,三峽區,汽車竊盜,12,115335,year_end_registered_population,10.4044739238
2024,新北市,三芝區,住宅竊盜,3,22080,year_end_registered_population,13.5869565217
2024,新北市,三芝區,毒品,7,22080,year_end_registered_population,31.7028985507
2024,新北市,三重區,住宅竊盜,42,383355,year_end_registered_population,10.9559024925
2024,新北市,三重區,強制性交,1,383355,year_end_registered_population,0.2608548212
2024,新北市,三重區,強盜,2,383355,year_end_registered_population,0.5217096425
2024,新北市,三重區,搶奪,2,383355,year_end_registered_population,0.5217096425
2024,新北市,三重區,機車竊盜,42,383355,year_end_registered_population,10.9559024925
2024,新北市,三重區,毒品,629,383355,year_end_registered_population,164.0776825658
2024,新北市,三重區,汽車竊盜,6,383355,year_end_registered_population,1.5651289275
2024,新北市,三重區,組織犯罪防制條例,1,383355,year_end_registered_population,0.2608548212
2024,新北市,中和區,住宅竊盜,27,405956,year_end_registered_population,6.6509670999
2024,新北市,中和區,強盜,1,405956,year_end_registered_population,0.2463321148
2024,新北市,中和區,機車竊盜,25,405956,year_end_registered_population,6.1583028703
2024,新北市,中和區,毒品,238,405956,year_end_registered_population,58.6270433249
2024,新北市,中和區,汽車竊盜,4,405956,year_end_registered_population,0.9853284592
2024,新北市,五股區,住宅竊盜,21,93860,year_end_registered_population,22.3737481355
2024,新北市,五股區,搶奪,1,93860,year_end_registered_population,1.0654165779
2024,新北市,五股區,機車竊盜,11,93860,year_end_registered_population,11.7195823567
2024,新北市,五股區,毒品,78,93860,year_end_registered_population,83.1024930748
2024,新北市,五股區,汽車竊盜,2,93860,year_end_registered_population,2.1308331558
2024,新北市,八里區,住宅竊盜,14,42674,year_end_registered_population,32.8068613207
2024,新北市,八里區,機車竊盜,5,42674,year_end_registered_population,11.716736186
2024,新北市,八里區,毒品,44,42674,year_end_registered_population,103.1072784365
2024,新北市,八里區,汽車竊盜,2,42674,year_end_registered_population,4.6866944744
2024,新北市,八里區,組織犯罪防制條例,1,42674,year_end_registered_population,2.3433472372
2024,新北市,土城區,住宅竊盜,47,241224,year_end_registered_population,19.4839651113
2024,新北市,土城區,強制性交,2,241224,year_end_registered_population,0.8291048984
2024,新北市,土城區,機車竊盜,17,241224,year_end_registered_population,7.047391636
2024,新北市,土城區,毒品,221,241224,year_end_registered_population,91.6160912679
2024,新北市,土城區,汽車竊盜,7,241224,year_end_registered_population,2.9018671442
2024,新北市,坪林區,住宅竊盜,2,6324,year_end_registered_population,31.6255534472
2024,新北市,坪林區,毒品,1,6324,year_end_registered_population,15.8127767236
2024,新北市,平溪區,毒品,3,4049,year_end_registered_population,74.092368486
2024,新北市,新店區,住宅竊盜,56,306571,year_end_registered_population,18.2665679402
2024,新北市,新店區,強盜,1,306571,year_end_registered_population,0.3261887132
2024,新北市,新店區,機車竊盜,8,306571,year_end_registered_population,2.6095097057
2024,新北市,新店區,毒品,178,306571,year_end_registered_population,58.0615909528
2024,新北市,新莊區,住宅竊盜,48,423503,year_end_registered_population,11.3340401367
2024,新北市,新莊區,強制性交,2,423503,year_end_registered_population,0.4722516724
2024,新北市,新莊區,強盜,2,423503,year_end_registered_population,0.4722516724
2024,新北市,新莊區,機車竊盜,51,423503,year_end_registered_population,12.0424176452
2024,新北市,新莊區,毒品,252,423503,year_end_registered_population,59.5037107175
2024,新北市,新莊區,汽車竊盜,7,423503,year_end_registered_population,1.6528808533
2024,新北市,新莊區,組織犯罪防制條例,1,423503,year_end_registered_population,0.2361258362
2024,新北市,板橋區,住宅竊盜,61,553538,year_end_registered_population,11.0200203057
2024,新北市,板橋區,強盜,1,553538,year_end_registered_population,0.1806560706
2024,新北市,板橋區,搶奪,1,553538,year_end_registered_population,0.1806560706
2024,新北市,板橋區,機車竊盜,40,553538,year_end_registered_population,7.2262428234
2024,新北市,板橋區,毒品,484,553538,year_end_registered_population,87.4375381636
2024,新北市,板橋區,汽車竊盜,8,553538,year_end_registered_population,1.4452485647
2024,新北市,林口區,住宅竊盜,36,136075,year_end_registered_population,26.4559985302
2024,新北市,林口區,機車竊盜,5,136075,year_end_registered_population,3.6744442403
2024,新北市,林口區,毒品,58,136075,year_end_registered_population,42.6235531876
2024,新北市,林口區,汽車竊盜,3,136075,year_end_registered_population,2.2046665442
2024,新北市,樹林區,住宅竊盜,22,178981,year_end_registered_population,12.2918075103
2024,新北市,樹林區,強制性交,7,178981,year_end_registered_population,3.9110296624
2024,新北市,樹林區,強盜,1,178981,year_end_registered_population,0.5587185232
2024,新北市,樹林區,搶奪,2,178981,year_end_registered_population,1.1174370464
2024,新北市,樹林區,機車竊盜,21,178981,year_end_registered_population,11.7330889871
2024,新北市,樹林區,毒品,195,178981,year_end_registered_population,108.9501120231
2024,新北市,樹林區,汽車竊盜,3,178981,year_end_registered_population,1.6761555696
2024,新北市,永和區,住宅竊盜,40,213742,year_end_registered_population,18.7141507051
2024,新北市,永和區,機車竊盜,10,213742,year_end_registered_population,4.6785376763
2024,新北市,永和區,毒品,76,213742,year_end_registered_population,35.5568863396
2024,新北市,永和區,汽車竊盜,1,213742,year_end_registered_population,0.4678537676
2024,新北市,汐止區,住宅竊盜,50,210817,year_end_registered_population,23.7172524037
2024,新北市,汐止區,強盜,2,210817,year_end_registered_population,0.9486900961
2024,新北市,汐止區,機車竊盜,9,210817,year_end_registered_population,4.2691054327
2024,新北市,汐止區,毒品,120,210817,year_end_registered_population,56.921405769
2024,新北市,汐止區,汽車竊盜,1,210817,year_end_registered_population,0.4743450481
2024,新北市,泰山區,住宅竊盜,46,77667,year_end_registered_population,59.2272136171
2024,新北市,泰山區,強制性交,1,77667,year_end_registered_population,1.2875481221
2024,新北市,泰山區,機車竊盜,5,77667,year_end_registered_population,6.4377406106
2024,新北市,泰山區,毒品,54,77667,year_end_registered_population,69.527598594
2024,新北市,淡水區,住宅竊盜,46,200726,year_end_registered_population,22.9168119725
2024,新北市,淡水區,機車竊盜,16,200726,year_end_registered_population,7.9710650339
2024,新北市,淡水區,毒品,80,200726,year_end_registered_population,39.8553251696
2024,新北市,淡水區,汽車竊盜,1,200726,year_end_registered_population,0.4981915646
2024,新北市,深坑區,住宅竊盜,2,23636,year_end_registered_population,8.4616686411
2024,新北市,深坑區,毒品,5,23636,year_end_registered_population,21.1541716026
2024,新北市,烏來區,住宅竊盜,2,6309,year_end_registered_population,31.7007449675
2024,新北市,烏來區,毒品,6,6309,year_end_registered_population,95.1022349025
2024,新北市,瑞芳區,住宅竊盜,1,36330,year_end_registered_population,2.7525461051
2024,新北市,瑞芳區,強制性交,1,36330,year_end_registered_population,2.7525461051
2024,新北市,瑞芳區,機車竊盜,6,36330,year_end_registered_population,16.5152766309
2024,新北市,瑞芳區,毒品,56,36330,year_end_registered_population,154.1425818882
2024,新北市,石碇區,毒品,2,7068,year_end_registered_population,28.2965478212
2024,新北市,石門區,住宅竊盜,2,10397,year_end_registered_population,19.2363181687
2024,新北市,石門區,毒品,2,10397,year_end_registered_population,19.2363181687
2024,新北市,萬里區,住宅竊盜,4,20622,year_end_registered_population,19.396760741
2024,新北市,萬里區,毒品,8,20622,year_end_registered_population,38.7935214819
2024,新北市,蘆洲區,住宅竊盜,39,198359,year_end_registered_population,19.66132114
2024,新北市,蘆洲區,強制性交,2,198359,year_end_registered_population,1.008272879
2024,新北市,蘆洲區,強盜,1,198359,year_end_registered_population,0.5041364395
2024,新北市,蘆洲區,機車竊盜,13,198359,year_end_registered_population,6.5537737133
2024,新北市,蘆洲區,毒品,163,198359,year_end_registered_population,82.1742396362
2024,新北市,蘆洲區,汽車竊盜,3,198359,year_end_registered_population,1.5124093185
2024,新北市,貢寮區,毒品,8,10719,year_end_registered_population,74.6338277824
2024,新北市,金山區,住宅竊盜,9,20059,year_end_registered_population,44.8676404606
2024,新北市,金山區,機車竊盜,1,20059,year_end_registered_population,4.9852933845
2024,新北市,金山區,毒品,22,20059,year_end_registered_population,109.6764544593
2024,新北市,雙溪區,毒品,7,7686,year_end_registered_population,91.0746812386
2024,新北市,雙溪區,汽車竊盜,1,7686,year_end_registered_population,13.0106687484
2024,新北市,鶯歌區,住宅竊盜,14,89339,year_end_registered_population,15.6706477574
2024,新北市,鶯歌區,強盜,1,89339,year_end_registered_population,1.1193319827
2024,新北市,鶯歌區,機車竊盜,6,89339,year_end_registered_population,6.715991896
2024,新北市,鶯歌區,毒品,64,89339,year_end_registered_population,71.6372468911
2024,新北市,鶯歌區,汽車竊盜,4,89339,year_end_registered_population,4.4773279307
2024,新竹市,北區,強制性交,1,153897,year_end_registered_population,0.649785246
2024,新竹市,北區,機車竊盜,12,153897,year_end_registered_population,7.7974229517
2024,新竹市,北區,毒品,94,153897,year_end_registered_population,61.0798131218
2024,新竹市,北區,汽車竊盜,5,153897,year_end_registered_population,3.2489262299
2024,新竹市,東區,住宅竊盜,23,224043,year_end_registered_population,10.2658864593
2024,新竹市,東區,強制性交,1,224043,year_end_registered_population,0.4463428895
2024,新竹市,東區,搶奪,1,224043,year_end_registered_population,0.4463428895
2024,新竹市,東區,機車竊盜,38,224043,year_end_registered_population,16.9610298023
2024,新竹市,東區,毒品,177,224043,year_end_registered_population,79.0026914476
2024,新竹市,東區,汽車竊盜,11,224043,year_end_registered_population,4.9097717849
2024,新竹市,香山區,住宅竊盜,12,79302,year_end_registered_population,15.132026935
2024,新竹市,香山區,強盜,1,79302,year_end_registered_population,1.2610022446
2024,新竹市,香山區,機車竊盜,7,79302,year_end_registered_population,8.8270157121
2024,新竹市,香山區,毒品,49,79302,year_end_registered_population,61.7891099846
2024,新竹市,香山區,汽車竊盜,4,79302,year_end_registered_population,5.0440089783
2024,新竹縣,五峰鄉,毒品,11,4439,year_end_registered_population,247.8035593602
2024,新竹縣,北埔鄉,毒品,5,8396,year_end_registered_population,59.5521676989
2024,新竹縣,寶山鄉,住宅竊盜,6,14534,year_end_registered_population,41.2825099766
2024,新竹縣,寶山鄉,機車竊盜,2,14534,year_end_registered_population,13.7608366589
2024,新竹縣,寶山鄉,毒品,11,14534,year_end_registered_population,75.6846016238
2024,新竹縣,寶山鄉,汽車竊盜,1,14534,year_end_registered_population,6.8804183294
2024,新竹縣,尖石鄉,住宅竊盜,2,9523,year_end_registered_population,21.0017851517
2024,新竹縣,尖石鄉,機車竊盜,1,9523,year_end_registered_population,10.5008925759
2024,新竹縣,尖石鄉,毒品,12,9523,year_end_registered_population,126.0107109104
2024,新竹縣,峨眉鄉,住宅竊盜,1,5081,year_end_registered_population,19.681165125
2024,新竹縣,峨眉鄉,毒品,6,5081,year_end_registered_population,118.0869907499
2024,新竹縣,新埔鎮,住宅竊盜,1,33464,year_end_registered_population,2.9882859192
2024,新竹縣,新埔鎮,強制性交,1,33464,year_end_registered_population,2.9882859192
2024,新竹縣,新埔鎮,機車竊盜,4,33464,year_end_registered_population,11.9531436768
2024,新竹縣,新埔鎮,毒品,14,33464,year_end_registered_population,41.8360028688
2024,新竹縣,新埔鎮,汽車竊盜,1,33464,year_end_registered_population,2.9882859192
2024,新竹縣,新豐鄉,住宅竊盜,13,59336,year_end_registered_population,21.9091276797
2024,新竹縣,新豐鄉,機車竊盜,11,59336,year_end_registered_population,18.538492652
2024,新竹縣,新豐鄉,毒品,22,59336,year_end_registered_population,37.076985304
2024,新竹縣,新豐鄉,汽車竊盜,5,59336,year_end_registered_population,8.4265875691
2024,新竹縣,橫山鄉,住宅竊盜,2,11990,year_end_registered_population,16.6805671393
2024,新竹縣,橫山鄉,毒品,38,11990,year_end_registered_population,316.9307756464
2024,新竹縣,湖口鄉,住宅竊盜,18,83748,year_end_registered_population,21.4930505803
2024,新竹縣,湖口鄉,搶奪,2,83748,year_end_registered_population,2.3881167311
2024,新竹縣,湖口鄉,機車竊盜,19,83748,year_end_registered_population,22.6871089459
2024,新竹縣,湖口鄉,毒品,68,83748,year_end_registered_population,81.195968859
2024,新竹縣,湖口鄉,汽車竊盜,10,83748,year_end_registered_population,11.9405836557
2024,新竹縣,竹北市,住宅竊盜,28,219605,year_end_registered_population,12.7501650691
2024,新竹縣,竹北市,強制性交,7,219605,year_end_registered_population,3.1875412673
2024,新竹縣,竹北市,搶奪,1,219605,year_end_registered_population,0.4553630382
2024,新竹縣,竹北市,機車竊盜,16,219605,year_end_registered_population,7.2858086109
2024,新竹縣,竹北市,毒品,112,219605,year_end_registered_population,51.0006602764
2024,新竹縣,竹北市,汽車竊盜,12,219605,year_end_registered_population,5.4643564582
2024,新竹縣,竹東鎮,住宅竊盜,8,97733,year_end_registered_population,8.1855667993
2024,新竹縣,竹東鎮,強制性交,3,97733,year_end_registered_population,3.0695875498
2024,新竹縣,竹東鎮,機車竊盜,5,97733,year_end_registered_population,5.1159792496
2024,新竹縣,竹東鎮,毒品,93,97733,year_end_registered_population,95.1572140423
2024,新竹縣,竹東鎮,汽車竊盜,4,97733,year_end_registered_population,4.0927833997
2024,新竹縣,芎林鄉,住宅竊盜,1,20404,year_end_registered_population,4.900999804
2024,新竹縣,芎林鄉,機車竊盜,1,20404,year_end_registered_population,4.900999804
2024,新竹縣,芎林鄉,毒品,21,20404,year_end_registered_population,102.9209958832
2024,新竹縣,關西鎮,住宅竊盜,2,26388,year_end_registered_population,7.5792026679
2024,新竹縣,關西鎮,機車竊盜,2,26388,year_end_registered_population,7.5792026679
2024,新竹縣,關西鎮,毒品,12,26388,year_end_registered_population,45.4752160073
2024,新竹縣,關西鎮,汽車竊盜,1,26388,year_end_registered_population,3.7896013339
2024,桃園市,中壢區,住宅竊盜,133,435050,year_end_registered_population,30.5711987128
2024,桃園市,中壢區,強盜,2,435050,year_end_registered_population,0.4597172739
2024,桃園市,中壢區,搶奪,2,435050,year_end_registered_population,0.4597172739
2024,桃園市,中壢區,機車竊盜,69,435050,year_end_registered_population,15.8602459487
2024,桃園市,中壢區,毒品,771,435050,year_end_registered_population,177.2210090794
2024,桃園市,中壢區,汽車竊盜,8,435050,year_end_registered_population,1.8388690955
2024,桃園市,八德區,住宅竊盜,27,214690,year_end_registered_population,12.5762727654
2024,桃園市,八德區,強盜,1,214690,year_end_registered_population,0.4657878802
2024,桃園市,八德區,機車竊盜,11,214690,year_end_registered_population,5.1236666822
2024,桃園市,八德區,毒品,274,214690,year_end_registered_population,127.6258791746
2024,桃園市,八德區,汽車竊盜,5,214690,year_end_registered_population,2.328939401
2024,桃園市,大園區,住宅竊盜,27,88166,year_end_registered_population,30.6240500873
2024,桃園市,大園區,機車竊盜,7,88166,year_end_registered_population,7.9395685412
2024,桃園市,大園區,毒品,130,88166,year_end_registered_population,147.4491300501
2024,桃園市,大園區,汽車竊盜,2,88166,year_end_registered_population,2.2684481546
2024,桃園市,大溪區,住宅竊盜,6,94404,year_end_registered_population,6.3556628956
2024,桃園市,大溪區,機車竊盜,10,94404,year_end_registered_population,10.5927714927
2024,桃園市,大溪區,毒品,61,94404,year_end_registered_population,64.6159061057
2024,桃園市,大溪區,汽車竊盜,7,94404,year_end_registered_population,7.4149400449
2024,桃園市,平鎮區,住宅竊盜,26,229389,year_end_registered_population,11.3344580603
2024,桃園市,平鎮區,機車竊盜,19,229389,year_end_registered_population,8.2828731979
2024,桃園市,平鎮區,毒品,319,229389,year_end_registered_population,139.0650815863
2024,桃園市,平鎮區,汽車竊盜,3,229389,year_end_registered_population,1.3078220839
2024,桃園市,復興區,毒品,1,13261,year_end_registered_population,7.5409094337
2024,桃園市,新屋區,住宅竊盜,11,49389,year_end_registered_population,22.2721658669
2024,桃園市,新屋區,機車竊盜,8,49389,year_end_registered_population,16.1979388123
2024,桃園市,新屋區,毒品,21,49389,year_end_registered_population,42.5195893823
2024,桃園市,新屋區,汽車竊盜,3,49389,year_end_registered_population,6.0742270546
2024,桃園市,桃園區,住宅竊盜,13,475798,year_end_registered_population,2.732251922
2024,桃園市,桃園區,強盜,2,475798,year_end_registered_population,0.4203464495
2024,桃園市,桃園區,搶奪,1,475798,year_end_registered_population,0.2101732248
2024,桃園市,桃園區,機車竊盜,58,475798,year_end_registered_population,12.1900470368
2024,桃園市,桃園區,毒品,622,475798,year_end_registered_population,130.7277458081
2024,桃園市,桃園區,汽車竊盜,9,475798,year_end_registered_population,1.8915590229
2024,桃園市,楊梅區,住宅竊盜,34,181526,year_end_registered_population,18.7300992695
2024,桃園市,楊梅區,搶奪,1,181526,year_end_registered_population,0.5508852726
2024,桃園市,楊梅區,機車竊盜,15,181526,year_end_registered_population,8.2632790895
2024,桃園市,楊梅區,毒品,123,181526,year_end_registered_population,67.7588885339
2024,桃園市,楊梅區,汽車竊盜,8,181526,year_end_registered_population,4.4070821811
2024,桃園市,蘆竹區,住宅竊盜,19,169936,year_end_registered_population,11.1806797853
2024,桃園市,蘆竹區,強制性交,2,169936,year_end_registered_population,1.1769136616
2024,桃園市,蘆竹區,強盜,2,169936,year_end_registered_population,1.1769136616
2024,桃園市,蘆竹區,搶奪,1,169936,year_end_registered_population,0.5884568308
2024,桃園市,蘆竹區,機車竊盜,10,169936,year_end_registered_population,5.8845683081
2024,桃園市,蘆竹區,毒品,110,169936,year_end_registered_population,64.7302513888
2024,桃園市,蘆竹區,汽車竊盜,4,169936,year_end_registered_population,2.3538273232
2024,桃園市,觀音區,住宅竊盜,21,75874,year_end_registered_population,27.6774652714
2024,桃園市,觀音區,機車竊盜,7,75874,year_end_registered_population,9.2258217571
2024,桃園市,觀音區,毒品,61,75874,year_end_registered_population,80.3964467406
2024,桃園市,觀音區,汽車竊盜,2,75874,year_end_registered_population,2.6359490735
2024,桃園市,龍潭區,住宅竊盜,15,127270,year_end_registered_population,11.7859668421
2024,桃園市,龍潭區,機車竊盜,3,127270,year_end_registered_population,2.3571933684
2024,桃園市,龍潭區,毒品,66,127270,year_end_registered_population,51.8582541054
2024,桃園市,龍潭區,汽車竊盜,5,127270,year_end_registered_population,3.928655614
2024,桃園市,龜山區,住宅竊盜,54,183895,year_end_registered_population,29.3645830501
2024,桃園市,龜山區,搶奪,1,183895,year_end_registered_population,0.543788575
2024,桃園市,龜山區,機車竊盜,22,183895,year_end_registered_population,11.96334865
2024,桃園市,龜山區,毒品,170,183895,year_end_registered_population,92.4440577503
2024,桃園市,龜山區,汽車竊盜,3,183895,year_end_registered_population,1.631365725
2024,澎湖縣,湖西鄉,住宅竊盜,6,16124,year_end_registered_population,37.2116100223
2024,澎湖縣,湖西鄉,毒品,8,16124,year_end_registered_population,49.6154800298
2024,澎湖縣,白沙鄉,住宅竊盜,5,10137,year_end_registered_population,49.3242576699
2024,澎湖縣,白沙鄉,強制性交,1,10137,year_end_registered_population,9.864851534
2024,澎湖縣,西嶼鄉,住宅竊盜,1,8207,year_end_registered_population,12.1847203607
2024,澎湖縣,西嶼鄉,機車竊盜,1,8207,year_end_registered_population,12.1847203607
2024,澎湖縣,馬公市,住宅竊盜,32,64078,year_end_registered_population,49.9391366772
2024,澎湖縣,馬公市,強制性交,3,64078,year_end_registered_population,4.6817940635
2024,澎湖縣,馬公市,機車竊盜,2,64078,year_end_registered_population,3.1211960423
2024,澎湖縣,馬公市,毒品,22,64078,year_end_registered_population,34.3331564656
2024,澎湖縣,馬公市,汽車竊盜,2,64078,year_end_registered_population,3.1211960423
2024,臺中市,中區,住宅竊盜,9,17904,year_end_registered_population,50.2680965147
2024,臺中市,中區,機車竊盜,14,17904,year_end_registered_population,78.1948168007
2024,臺中市,中區,毒品,78,17904,year_end_registered_population,435.6568364611
2024,臺中市,中區,汽車竊盜,3,17904,year_end_registered_population,16.7560321716
2024,臺中市,北區,住宅竊盜,14,143568,year_end_registered_population,9.7514766522
2024,臺中市,北區,強盜,1,143568,year_end_registered_population,0.6965340466
2024,臺中市,北區,機車竊盜,17,143568,year_end_registered_population,11.8410787919
2024,臺中市,北區,毒品,261,143568,year_end_registered_population,181.7953861585
2024,臺中市,北區,汽車竊盜,2,143568,year_end_registered_population,1.3930680932
2024,臺中市,北屯區,住宅竊盜,13,310965,year_end_registered_population,4.1805347869
2024,臺中市,北屯區,強制性交,1,310965,year_end_registered_population,0.321579599
2024,臺中市,北屯區,機車竊盜,20,310965,year_end_registered_population,6.4315919798
2024,臺中市,北屯區,毒品,172,310965,year_end_registered_population,55.3116910263
2024,臺中市,北屯區,汽車竊盜,8,310965,year_end_registered_population,2.5726367919
2024,臺中市,南區,機車竊盜,10,127188,year_end_registered_population,7.8623769538
2024,臺中市,南區,毒品,49,127188,year_end_registered_population,38.5256470736
2024,臺中市,南區,汽車竊盜,2,127188,year_end_registered_population,1.5724753908
2024,臺中市,南屯區,住宅竊盜,2,185192,year_end_registered_population,1.0799602575
2024,臺中市,南屯區,強盜,2,185192,year_end_registered_population,1.0799602575
2024,臺中市,南屯區,機車竊盜,7,185192,year_end_registered_population,3.7798609011
2024,臺中市,南屯區,毒品,70,185192,year_end_registered_population,37.7986090112
2024,臺中市,南屯區,汽車竊盜,6,185192,year_end_registered_population,3.2398807724
2024,臺中市,后里區,機車竊盜,6,53309,year_end_registered_population,11.2551351554
2024,臺中市,后里區,毒品,31,53309,year_end_registered_population,58.1515316363
2024,臺中市,后里區,汽車竊盜,3,53309,year_end_registered_population,5.6275675777
2024,臺中市,和平區,住宅竊盜,5,10656,year_end_registered_population,46.9219219219
2024,臺中市,和平區,毒品,11,10656,year_end_registered_population,103.2282282282
2024,臺中市,外埔區,機車竊盜,4,30902,year_end_registered_population,12.94414601
2024,臺中市,外埔區,毒品,12,30902,year_end_registered_population,38.8324380299
2024,臺中市,外埔區,汽車竊盜,1,30902,year_end_registered_population,3.2360365025
2024,臺中市,大安區,機車竊盜,1,17793,year_end_registered_population,5.6201877143
2024,臺中市,大安區,毒品,11,17793,year_end_registered_population,61.822064857
2024,臺中市,大安區,汽車竊盜,1,17793,year_end_registered_population,5.6201877143
2024,臺中市,大甲區,機車竊盜,8,74206,year_end_registered_population,10.7807993963
2024,臺中市,大甲區,毒品,48,74206,year_end_registered_population,64.6847963777
2024,臺中市,大甲區,汽車竊盜,5,74206,year_end_registered_population,6.7379996227
2024,臺中市,大肚區,住宅竊盜,1,55708,year_end_registered_population,1.7950743161
2024,臺中市,大肚區,機車竊盜,1,55708,year_end_registered_population,1.7950743161
2024,臺中市,大肚區,毒品,31,55708,year_end_registered_population,55.6473037984
2024,臺中市,大肚區,汽車竊盜,3,55708,year_end_registered_population,5.3852229482
2024,臺中市,大里區,住宅竊盜,3,212166,year_end_registered_population,1.413987161
2024,臺中市,大里區,強盜,1,212166,year_end_registered_population,0.4713290537
2024,臺中市,大里區,機車竊盜,9,212166,year_end_registered_population,4.241961483
2024,臺中市,大里區,毒品,80,212166,year_end_registered_population,37.7063242932
2024,臺中市,大雅區,住宅竊盜,9,95229,year_end_registered_population,9.4509025612
2024,臺中市,大雅區,機車竊盜,10,95229,year_end_registered_population,10.5010028458
2024,臺中市,大雅區,毒品,29,95229,year_end_registered_population,30.4529082527
2024,臺中市,大雅區,汽車竊盜,2,95229,year_end_registered_population,2.1002005692
2024,臺中市,太平區,住宅竊盜,9,200007,year_end_registered_population,4.4998425055
2024,臺中市,太平區,機車竊盜,10,200007,year_end_registered_population,4.9998250061
2024,臺中市,太平區,毒品,154,200007,year_end_registered_population,76.9973050943
2024,臺中市,太平區,汽車竊盜,2,200007,year_end_registered_population,0.9999650012
2024,臺中市,新社區,住宅竊盜,2,22849,year_end_registered_population,8.7531182984
2024,臺中市,新社區,機車竊盜,4,22849,year_end_registered_population,17.5062365968
2024,臺中市,新社區,毒品,2,22849,year_end_registered_population,8.7531182984
2024,臺中市,東勢區,住宅竊盜,5,47088,year_end_registered_population,10.6184165817
2024,臺中市,東勢區,機車竊盜,6,47088,year_end_registered_population,12.7420998981
2024,臺中市,東勢區,毒品,45,47088,year_end_registered_population,95.5657492355
2024,臺中市,東勢區,汽車竊盜,5,47088,year_end_registered_population,10.6184165817
2024,臺中市,東區,機車竊盜,13,77688,year_end_registered_population,16.733601071
2024,臺中市,東區,毒品,49,77688,year_end_registered_population,63.0728040367
2024,臺中市,東區,汽車竊盜,3,77688,year_end_registered_population,3.8616002471
2024,臺中市,梧棲區,住宅竊盜,3,62701,year_end_registered_population,4.7846126856
2024,臺中市,梧棲區,搶奪,1,62701,year_end_registered_population,1.5948708952
2024,臺中市,梧棲區,機車竊盜,5,62701,year_end_registered_population,7.974354476
2024,臺中市,梧棲區,毒品,33,62701,year_end_registered_population,52.6307395416
2024,臺中市,梧棲區,汽車竊盜,2,62701,year_end_registered_population,3.1897417904
2024,臺中市,沙鹿區,住宅竊盜,6,100152,year_end_registered_population,5.9908938414
2024,臺中市,沙鹿區,強制性交,1,100152,year_end_registered_population,0.9984823069
2024,臺中市,沙鹿區,機車竊盜,11,100152,year_end_registered_population,10.9833053758
2024,臺中市,沙鹿區,毒品,61,100152,year_end_registered_population,60.9074207205
2024,臺中市,沙鹿區,汽車竊盜,4,100152,year_end_registered_population,3.9939292276
2024,臺中市,清水區,住宅竊盜,2,90501,year_end_registered_population,2.2099203324
2024,臺中市,清水區,搶奪,1,90501,year_end_registered_population,1.1049601662
2024,臺中市,清水區,機車竊盜,12,90501,year_end_registered_population,13.2595219942
2024,臺中市,清水區,毒品,38,90501,year_end_registered_population,41.9884863151
2024,臺中市,清水區,汽車竊盜,3,90501,year_end_registered_population,3.3148804986
2024,臺中市,潭子區,住宅竊盜,10,109415,year_end_registered_population,9.1395146918
2024,臺中市,潭子區,機車竊盜,4,109415,year_end_registered_population,3.6558058767
2024,臺中市,潭子區,毒品,59,109415,year_end_registered_population,53.9231366814
2024,臺中市,潭子區,汽車竊盜,1,109415,year_end_registered_population,0.9139514692
2024,臺中市,烏日區,住宅竊盜,4,81284,year_end_registered_population,4.9210176665
2024,臺中市,烏日區,機車竊盜,2,81284,year_end_registered_population,2.4605088332
2024,臺中市,烏日區,毒品,44,81284,year_end_registered_population,54.131194331
2024,臺中市,烏日區,汽車竊盜,3,81284,year_end_registered_population,3.6907632498
2024,臺中市,石岡區,住宅竊盜,1,13877,year_end_registered_population,7.2061684802
2024,臺中市,石岡區,機車竊盜,3,13877,year_end_registered_population,21.6185054407
2024,臺中市,石岡區,毒品,4,13877,year_end_registered_population,28.8246739209
2024,臺中市,石岡區,汽車竊盜,5,13877,year_end_registered_population,36.0308424011
2024,臺中市,神岡區,機車竊盜,3,64007,year_end_registered_population,4.6869873608
2024,臺中市,神岡區,毒品,20,64007,year_end_registered_population,31.246582405
2024,臺中市,西區,住宅竊盜,8,113890,year_end_registered_population,7.0243217139
2024,臺中市,西區,機車竊盜,7,113890,year_end_registered_population,6.1462814997
2024,臺中市,西區,毒品,58,113890,year_end_registered_population,50.926332426
2024,臺中市,西區,汽車竊盜,2,113890,year_end_registered_population,1.7560804285
2024,臺中市,西屯區,住宅竊盜,8,236821,year_end_registered_population,3.3780788021
2024,臺中市,西屯區,強盜,1,236821,year_end_registered_population,0.4222598503
2024,臺中市,西屯區,搶奪,1,236821,year_end_registered_population,0.4222598503
2024,臺中市,西屯區,機車竊盜,26,236821,year_end_registered_population,10.9787561069
2024,臺中市,西屯區,毒品,292,236821,year_end_registered_population,123.2998762779
2024,臺中市,西屯區,汽車竊盜,1,236821,year_end_registered_population,0.4222598503
2024,臺中市,西屯區,組織犯罪防制條例,1,236821,year_end_registered_population,0.4222598503
2024,臺中市,豐原區,機車竊盜,9,163163,year_end_registered_population,5.5159564362
2024,臺中市,豐原區,毒品,69,163163,year_end_registered_population,42.2889993442
2024,臺中市,豐原區,汽車竊盜,5,163163,year_end_registered_population,3.0644202423
2024,臺中市,霧峰區,住宅竊盜,3,63342,year_end_registered_population,4.7361939945
2024,臺中市,霧峰區,機車竊盜,6,63342,year_end_registered_population,9.472387989
2024,臺中市,霧峰區,毒品,25,63342,year_end_registered_population,39.4682832876
2024,臺中市,霧峰區,汽車竊盜,1,63342,year_end_registered_population,1.5787313315
2024,臺中市,龍井區,住宅竊盜,12,79030,year_end_registered_population,15.184107301
2024,臺中市,龍井區,搶奪,1,79030,year_end_registered_population,1.2653422751
2024,臺中市,龍井區,機車竊盜,4,79030,year_end_registered_population,5.0613691003
2024,臺中市,龍井區,毒品,50,79030,year_end_registered_population,63.2671137543
2024,臺中市,龍井區,汽車竊盜,1,79030,year_end_registered_population,1.2653422751
2024,臺北市,中山區,住宅竊盜,23,215245,year_end_registered_population,10.685497921
2024,臺北市,中山區,強制性交,1,215245,year_end_registered_population,0.4645868661
2024,臺北市,中山區,強盜,1,215245,year_end_registered_population,0.4645868661
2024,臺北市,中山區,搶奪,3,215245,year_end_registered_population,1.3937605984
2024,臺北市,中山區,機車竊盜,12,215245,year_end_registered_population,5.5750423936
2024,臺北市,中山區,毒品,299,215245,year_end_registered_population,138.9114729727
2024,臺北市,中山區,汽車竊盜,2,215245,year_end_registered_population,0.9291737323
2024,臺北市,中正區,住宅竊盜,12,148375,year_end_registered_population,8.0876158382
2024,臺北市,中正區,強盜,1,148375,year_end_registered_population,0.6739679865
2024,臺北市,中正區,搶奪,3,148375,year_end_registered_population,2.0219039596
2024,臺北市,中正區,機車竊盜,3,148375,year_end_registered_population,2.0219039596
2024,臺北市,中正區,毒品,110,148375,year_end_registered_population,74.1364785173
2024,臺北市,中正區,汽車竊盜,1,148375,year_end_registered_population,0.6739679865
2024,臺北市,信義區,住宅竊盜,6,205067,year_end_registered_population,2.9258730074
2024,臺北市,信義區,強制性交,1,205067,year_end_registered_population,0.4876455012
2024,臺北市,信義區,機車竊盜,5,205067,year_end_registered_population,2.4382275061
2024,臺北市,信義區,毒品,161,205067,year_end_registered_population,78.5109256975
2024,臺北市,信義區,汽車竊盜,2,205067,year_end_registered_population,0.9752910025
2024,臺北市,內湖區,住宅竊盜,7,273748,year_end_registered_population,2.5570963076
2024,臺北市,內湖區,強制性交,1,273748,year_end_registered_population,0.3652994725
2024,臺北市,內湖區,強盜,1,273748,year_end_registered_population,0.3652994725
2024,臺北市,內湖區,機車竊盜,1,273748,year_end_registered_population,0.3652994725
2024,臺北市,內湖區,毒品,166,273748,year_end_registered_population,60.6397124363
2024,臺北市,北投區,住宅竊盜,11,240623,year_end_registered_population,4.571466568
2024,臺北市,北投區,強制性交,4,240623,year_end_registered_population,1.6623514793
2024,臺北市,北投區,強盜,1,240623,year_end_registered_population,0.4155878698
2024,臺北市,北投區,搶奪,1,240623,year_end_registered_population,0.4155878698
2024,臺北市,北投區,機車竊盜,6,240623,year_end_registered_population,2.4935272189
2024,臺北市,北投區,毒品,144,240623,year_end_registered_population,59.8446532543
2024,臺北市,北投區,汽車竊盜,4,240623,year_end_registered_population,1.6623514793
2024,臺北市,南港區,住宅竊盜,7,112643,year_end_registered_population,6.214323127
2024,臺北市,南港區,強制性交,3,112643,year_end_registered_population,2.6632813402
2024,臺北市,南港區,機車竊盜,3,112643,year_end_registered_population,2.6632813402
2024,臺北市,南港區,毒品,126,112643,year_end_registered_population,111.8578162869
2024,臺北市,南港區,汽車竊盜,2,112643,year_end_registered_population,1.7755208934
2024,臺北市,士林區,住宅竊盜,20,264194,year_end_registered_population,7.5701946297
2024,臺北市,士林區,強制性交,1,264194,year_end_registered_population,0.3785097315
2024,臺北市,士林區,強盜,1,264194,year_end_registered_population,0.3785097315
2024,臺北市,士林區,搶奪,2,264194,year_end_registered_population,0.757019463
2024,臺北市,士林區,機車竊盜,12,264194,year_end_registered_population,4.5421167778
2024,臺北市,士林區,毒品,105,264194,year_end_registered_population,39.7435218059
2024,臺北市,士林區,汽車竊盜,2,264194,year_end_registered_population,0.757019463
2024,臺北市,大同區,住宅竊盜,5,118992,year_end_registered_population,4.2019631572
2024,臺北市,大同區,強制性交,2,118992,year_end_registered_population,1.6807852629
2024,臺北市,大同區,強盜,2,118992,year_end_registered_population,1.6807852629
2024,臺北市,大同區,搶奪,2,118992,year_end_registered_population,1.6807852629
2024,臺北市,大同區,機車竊盜,8,118992,year_end_registered_population,6.7231410515
2024,臺北市,大同區,毒品,202,118992,year_end_registered_population,169.7593115504
2024,臺北市,大同區,汽車竊盜,1,118992,year_end_registered_population,0.8403926314
2024,臺北市,大安區,住宅竊盜,17,289908,year_end_registered_population,5.8639292465
2024,臺北市,大安區,強制性交,1,289908,year_end_registered_population,0.3449370145
2024,臺北市,大安區,機車竊盜,5,289908,year_end_registered_population,1.7246850725
2024,臺北市,大安區,毒品,397,289908,year_end_registered_population,136.939994757
2024,臺北市,文山區,住宅竊盜,9,258333,year_end_registered_population,3.4838754631
2024,臺北市,文山區,強盜,2,258333,year_end_registered_population,0.7741945473
2024,臺北市,文山區,機車竊盜,10,258333,year_end_registered_population,3.8709727367
2024,臺北市,文山區,毒品,157,258333,year_end_registered_population,60.7742719668
2024,臺北市,文山區,汽車竊盜,1,258333,year_end_registered_population,0.3870972737
2024,臺北市,松山區,住宅竊盜,9,191826,year_end_registered_population,4.6917519002
2024,臺北市,松山區,搶奪,1,191826,year_end_registered_population,0.5213057667
2024,臺北市,松山區,機車竊盜,2,191826,year_end_registered_population,1.0426115334
2024,臺北市,松山區,毒品,60,191826,year_end_registered_population,31.2783460011
2024,臺北市,松山區,汽車竊盜,1,191826,year_end_registered_population,0.5213057667
2024,臺北市,萬華區,住宅竊盜,19,171915,year_end_registered_population,11.0519733589
2024,臺北市,萬華區,搶奪,1,171915,year_end_registered_population,0.5816828084
2024,臺北市,萬華區,機車竊盜,13,171915,year_end_registered_population,7.5618765087
2024,臺北市,萬華區,毒品,697,171915,year_end_registered_population,405.4329174301
2024,臺北市,萬華區,汽車竊盜,3,171915,year_end_registered_population,1.7450484251
2024,臺南市,七股區,住宅竊盜,2,20760,year_end_registered_population,9.633911368
2024,臺南市,七股區,強盜,1,20760,year_end_registered_population,4.816955684
2024,臺南市,七股區,毒品,6,20760,year_end_registered_population,28.901734104
2024,臺南市,下營區,毒品,1,22077,year_end_registered_population,4.5296009422
2024,臺南市,中西區,住宅竊盜,6,77124,year_end_registered_population,7.7796794772
2024,臺南市,中西區,搶奪,1,77124,year_end_registered_population,1.2966132462
2024,臺南市,中西區,機車竊盜,11,77124,year_end_registered_population,14.2627457082
2024,臺南市,中西區,毒品,141,77124,year_end_registered_population,182.8224677143
2024,臺南市,中西區,汽車竊盜,3,77124,year_end_registered_population,3.8898397386
2024,臺南市,仁德區,住宅竊盜,3,77574,year_end_registered_population,3.867275118
2024,臺南市,仁德區,強制性交,2,77574,year_end_registered_population,2.578183412
2024,臺南市,仁德區,機車竊盜,5,77574,year_end_registered_population,6.4454585299
2024,臺南市,仁德區,毒品,58,77574,year_end_registered_population,74.7673189471
2024,臺南市,仁德區,汽車竊盜,2,77574,year_end_registered_population,2.578183412
2024,臺南市,佳里區,住宅竊盜,13,58470,year_end_registered_population,22.2336240807
2024,臺南市,佳里區,機車竊盜,3,58470,year_end_registered_population,5.1308363263
2024,臺南市,佳里區,毒品,23,58470,year_end_registered_population,39.3364118351
2024,臺南市,佳里區,汽車竊盜,2,58470,year_end_registered_population,3.4205575509
2024,臺南市,六甲區,住宅竊盜,1,21110,year_end_registered_population,4.7370914259
2024,臺南市,六甲區,機車竊盜,1,21110,year_end_registered_population,4.7370914259
2024,臺南市,六甲區,毒品,4,21110,year_end_registered_population,18.9483657035
2024,臺南市,六甲區,汽車竊盜,1,21110,year_end_registered_population,4.7370914259
2024,臺南市,北區,住宅竊盜,14,125821,year_end_registered_population,11.1269183999
2024,臺南市,北區,強盜,1,125821,year_end_registered_population,0.7947798857
2024,臺南市,北區,搶奪,3,125821,year_end_registered_population,2.3843396571
2024,臺南市,北區,機車竊盜,12,125821,year_end_registered_population,9.5373586285
2024,臺南市,北區,毒品,130,125821,year_end_registered_population,103.3213851424
2024,臺南市,北區,汽車竊盜,3,125821,year_end_registered_population,2.3843396571
2024,臺南市,北門區,住宅竊盜,5,9712,year_end_registered_population,51.4827018122
2024,臺南市,北門區,毒品,7,9712,year_end_registered_population,72.0757825371
2024,臺南市,南化區,住宅竊盜,2,7786,year_end_registered_population,25.6871307475
2024,臺南市,南化區,毒品,4,7786,year_end_registered_population,51.374261495
2024,臺南市,南區,住宅竊盜,5,120323,year_end_registered_population,4.1554814956
2024,臺南市,南區,強制性交,1,120323,year_end_registered_population,0.8310962991
2024,臺南市,南區,搶奪,1,120323,year_end_registered_population,0.8310962991
2024,臺南市,南區,機車竊盜,3,120323,year_end_registered_population,2.4932888974
2024,臺南市,南區,毒品,71,120323,year_end_registered_population,59.0078372381
2024,臺南市,南區,汽車竊盜,2,120323,year_end_registered_population,1.6621925983
2024,臺南市,善化區,住宅竊盜,2,53300,year_end_registered_population,3.7523452158
2024,臺南市,善化區,強制性交,1,53300,year_end_registered_population,1.8761726079
2024,臺南市,善化區,強盜,2,53300,year_end_registered_population,3.7523452158
2024,臺南市,善化區,機車竊盜,1,53300,year_end_registered_population,1.8761726079
2024,臺南市,善化區,毒品,26,53300,year_end_registered_population,48.7804878049
2024,臺南市,善化區,汽車竊盜,2,53300,year_end_registered_population,3.7523452158
2024,臺南市,大內區,毒品,2,8588,year_end_registered_population,23.2883092687
2024,臺南市,學甲區,住宅竊盜,19,24537,year_end_registered_population,77.4340791458
2024,臺南市,學甲區,機車竊盜,1,24537,year_end_registered_population,4.0754778498
2024,臺南市,學甲區,毒品,24,24537,year_end_registered_population,97.8114683947
2024,臺南市,安南區,住宅竊盜,5,203838,year_end_registered_population,2.4529283058
2024,臺南市,安南區,強制性交,1,203838,year_end_registered_population,0.4905856612
2024,臺南市,安南區,機車竊盜,21,203838,year_end_registered_population,10.3022988844
2024,臺南市,安南區,毒品,115,203838,year_end_registered_population,56.4173510337
2024,臺南市,安南區,汽車竊盜,2,203838,year_end_registered_population,0.9811713223
2024,臺南市,安定區,機車竊盜,3,29842,year_end_registered_population,10.052945513
2024,臺南市,安定區,毒品,23,29842,year_end_registered_population,77.0725822666
2024,臺南市,安定區,汽車竊盜,1,29842,year_end_registered_population,3.3509818377
2024,臺南市,安平區,住宅竊盜,2,70321,year_end_registered_population,2.8441006243
2024,臺南市,安平區,機車竊盜,1,70321,year_end_registered_population,1.4220503121
2024,臺南市,安平區,毒品,43,70321,year_end_registered_population,61.148163422
2024,臺南市,官田區,住宅竊盜,3,20669,year_end_registered_population,14.5144902995
2024,臺南市,官田區,機車竊盜,1,20669,year_end_registered_population,4.8381634332
2024,臺南市,官田區,毒品,4,20669,year_end_registered_population,19.3526537326
2024,臺南市,官田區,汽車竊盜,1,20669,year_end_registered_population,4.8381634332
2024,臺南市,將軍區,住宅竊盜,3,18070,year_end_registered_population,16.602102933
2024,臺南市,將軍區,機車竊盜,1,18070,year_end_registered_population,5.534034311
2024,臺南市,將軍區,毒品,4,18070,year_end_registered_population,22.1361372441
2024,臺南市,將軍區,汽車竊盜,2,18070,year_end_registered_population,11.068068622
2024,臺南市,山上區,住宅竊盜,2,6916,year_end_registered_population,28.9184499711
2024,臺南市,山上區,毒品,1,6916,year_end_registered_population,14.4592249855
2024,臺南市,左鎮區,毒品,1,4124,year_end_registered_population,24.2483026188
2024,臺南市,後壁區,住宅竊盜,4,21292,year_end_registered_population,18.7863986474
2024,臺南市,後壁區,強盜,1,21292,year_end_registered_population,4.6965996618
2024,臺南市,後壁區,機車竊盜,2,21292,year_end_registered_population,9.3931993237
2024,臺南市,後壁區,毒品,4,21292,year_end_registered_population,18.7863986474
2024,臺南市,後壁區,汽車竊盜,1,21292,year_end_registered_population,4.6965996618
2024,臺南市,新化區,住宅竊盜,2,42292,year_end_registered_population,4.7290267663
2024,臺南市,新化區,毒品,7,42292,year_end_registered_population,16.551593682
2024,臺南市,新市區,強制性交,1,37913,year_end_registered_population,2.6376177037
2024,臺南市,新市區,機車竊盜,1,37913,year_end_registered_population,2.6376177037
2024,臺南市,新市區,毒品,18,37913,year_end_registered_population,47.4771186664
2024,臺南市,新市區,汽車竊盜,1,37913,year_end_registered_population,2.6376177037
2024,臺南市,新營區,住宅竊盜,3,74782,year_end_registered_population,4.01166056
2024,臺南市,新營區,強制性交,1,74782,year_end_registered_population,1.3372201867
2024,臺南市,新營區,搶奪,1,74782,year_end_registered_population,1.3372201867
2024,臺南市,新營區,機車竊盜,8,74782,year_end_registered_population,10.6977614934
2024,臺南市,新營區,毒品,39,74782,year_end_registered_population,52.1515872804
2024,臺南市,新營區,汽車竊盜,3,74782,year_end_registered_population,4.01166056
2024,臺南市,東區,強盜,2,181962,year_end_registered_population,1.0991305877
2024,臺南市,東區,搶奪,1,181962,year_end_registered_population,0.5495652939
2024,臺南市,東區,機車竊盜,5,181962,year_end_registered_population,2.7478264693
2024,臺南市,東區,毒品,80,181962,year_end_registered_population,43.9652235082
2024,臺南市,東區,汽車竊盜,1,181962,year_end_registered_population,0.5495652939
2024,臺南市,東山區,住宅竊盜,5,18836,year_end_registered_population,26.5449139945
2024,臺南市,東山區,強盜,1,18836,year_end_registered_population,5.3089827989
2024,臺南市,東山區,毒品,10,18836,year_end_registered_population,53.089827989
2024,臺南市,柳營區,住宅竊盜,3,20007,year_end_registered_population,14.9947518369
2024,臺南市,柳營區,機車竊盜,1,20007,year_end_registered_population,4.9982506123
2024,臺南市,柳營區,毒品,7,20007,year_end_registered_population,34.987754286
2024,臺南市,楠西區,住宅竊盜,1,8532,year_end_registered_population,11.7205813408
2024,臺南市,楠西區,毒品,5,8532,year_end_registered_population,58.6029067042
2024,臺南市,歸仁區,住宅竊盜,5,69818,year_end_registered_population,7.161476983
2024,臺南市,歸仁區,毒品,27,69818,year_end_registered_population,38.6719757083
2024,臺南市,歸仁區,汽車竊盜,1,69818,year_end_registered_population,1.4322953966
2024,臺南市,永康區,強制性交,4,235623,year_end_registered_population,1.6976271417
2024,臺南市,永康區,強盜,1,235623,year_end_registered_population,0.4244067854
2024,臺南市,永康區,搶奪,1,235623,year_end_registered_population,0.4244067854
2024,臺南市,永康區,機車竊盜,18,235623,year_end_registered_population,7.6393221375
2024,臺南市,永康區,毒品,267,235623,year_end_registered_population,113.316611706
2024,臺南市,永康區,汽車竊盜,8,235623,year_end_registered_population,3.3952542833
2024,臺南市,玉井區,住宅竊盜,3,12830,year_end_registered_population,23.3826968044
2024,臺南市,玉井區,強制性交,1,12830,year_end_registered_population,7.7942322681
2024,臺南市,玉井區,機車竊盜,2,12830,year_end_registered_population,15.5884645362
2024,臺南市,玉井區,毒品,8,12830,year_end_registered_population,62.353858145
2024,臺南市,白河區,住宅竊盜,2,25393,year_end_registered_population,7.8761863506
2024,臺南市,白河區,毒品,13,25393,year_end_registered_population,51.1952112787
2024,臺南市,西港區,住宅竊盜,1,25004,year_end_registered_population,3.9993601024
2024,臺南市,西港區,強制性交,1,25004,year_end_registered_population,3.9993601024
2024,臺南市,西港區,毒品,9,25004,year_end_registered_population,35.9942409215
2024,臺南市,關廟區,住宅竊盜,2,33048,year_end_registered_population,6.0518034374
2024,臺南市,關廟區,強盜,1,33048,year_end_registered_population,3.0259017187
2024,臺南市,關廟區,毒品,9,33048,year_end_registered_population,27.2331154684
2024,臺南市,關廟區,組織犯罪防制條例,1,33048,year_end_registered_population,3.0259017187
2024,臺南市,鹽水區,住宅竊盜,1,23969,year_end_registered_population,4.1720555718
2024,臺南市,鹽水區,機車竊盜,2,23969,year_end_registered_population,8.3441111436
2024,臺南市,鹽水區,毒品,16,23969,year_end_registered_population,66.7528891485
2024,臺南市,麻豆區,住宅竊盜,3,43036,year_end_registered_population,6.970908077
2024,臺南市,麻豆區,毒品,10,43036,year_end_registered_population,23.2363602565
2024,臺南市,麻豆區,汽車竊盜,1,43036,year_end_registered_population,2.3236360257
2024,臺東縣,卑南鄉,強制性交,1,16472,year_end_registered_population,6.0709082079
2024,臺東縣,卑南鄉,機車竊盜,1,16472,year_end_registered_population,6.0709082079
2024,臺東縣,卑南鄉,毒品,8,16472,year_end_registered_population,48.5672656629
2024,臺東縣,卑南鄉,汽車竊盜,1,16472,year_end_registered_population,6.0709082079
2024,臺東縣,大武鄉,毒品,1,5465,year_end_registered_population,18.2982616651
2024,臺東縣,太麻里鄉,強制性交,2,10569,year_end_registered_population,18.9232661557
2024,臺東縣,太麻里鄉,毒品,2,10569,year_end_registered_population,18.9232661557
2024,臺東縣,延平鄉,毒品,1,3557,year_end_registered_population,28.1135788586
2024,臺東縣,成功鎮,住宅竊盜,1,12926,year_end_registered_population,7.7363453505
2024,臺東縣,成功鎮,毒品,1,12926,year_end_registered_population,7.7363453505
2024,臺東縣,池上鄉,住宅竊盜,2,7696,year_end_registered_population,25.9875259875
2024,臺東縣,池上鄉,毒品,4,7696,year_end_registered_population,51.9750519751
2024,臺東縣,海端鄉,住宅竊盜,1,4300,year_end_registered_population,23.2558139535
2024,臺東縣,海端鄉,汽車竊盜,1,4300,year_end_registered_population,23.2558139535
2024,臺東縣,綠島鄉,機車竊盜,1,4385,year_end_registered_population,22.8050171038
2024,臺東縣,臺東市,住宅竊盜,5,103115,year_end_registered_population,4.8489550502
2024,臺東縣,臺東市,強制性交,1,103115,year_end_registered_population,0.96979101
2024,臺東縣,臺東市,機車竊盜,14,103115,year_end_registered_population,13.5770741405
2024,臺東縣,臺東市,毒品,57,103115,year_end_registered_population,55.2780875721
2024,臺東縣,臺東市,汽車竊盜,1,103115,year_end_registered_population,0.96979101
2024,臺東縣,長濱鄉,住宅竊盜,2,6538,year_end_registered_population,30.5903946161
2024,臺東縣,長濱鄉,毒品,1,6538,year_end_registered_population,15.295197308
2024,臺東縣,關山鎮,住宅竊盜,2,7954,year_end_registered_population,25.1445813427
2024,臺東縣,關山鎮,毒品,5,7954,year_end_registered_population,62.8614533568
2024,臺東縣,關山鎮,汽車竊盜,2,7954,year_end_registered_population,25.1445813427
2024,臺東縣,鹿野鄉,住宅竊盜,3,7047,year_end_registered_population,42.5713069391
2024,臺東縣,鹿野鄉,機車竊盜,3,7047,year_end_registered_population,42.5713069391
2024,臺東縣,鹿野鄉,毒品,11,7047,year_end_registered_population,156.0947921101
2024,花蓮縣,光復鄉,機車竊盜,1,11534,year_end_registered_population,8.670019074
2024,花蓮縣,光復鄉,毒品,4,11534,year_end_registered_population,34.6800762962
2024,花蓮縣,光復鄉,汽車竊盜,1,11534,year_end_registered_population,8.670019074
2024,花蓮縣,卓溪鄉,毒品,1,5919,year_end_registered_population,16.8947457341
2024,花蓮縣,吉安鄉,住宅竊盜,1,83135,year_end_registered_population,1.2028628135
2024,花蓮縣,吉安鄉,搶奪,2,83135,year_end_registered_population,2.405725627
2024,花蓮縣,吉安鄉,機車竊盜,10,83135,year_end_registered_population,12.028628135
2024,花蓮縣,吉安鄉,毒品,102,83135,year_end_registered_population,122.6920069766
2024,花蓮縣,吉安鄉,汽車竊盜,2,83135,year_end_registered_population,2.405725627
2024,花蓮縣,壽豐鄉,機車竊盜,2,16737,year_end_registered_population,11.9495728028
2024,花蓮縣,壽豐鄉,毒品,5,16737,year_end_registered_population,29.8739320069
2024,花蓮縣,壽豐鄉,汽車竊盜,1,16737,year_end_registered_population,5.9747864014
2024,花蓮縣,富里鄉,住宅竊盜,1,9530,year_end_registered_population,10.4931794334
2024,花蓮縣,富里鄉,機車竊盜,1,9530,year_end_registered_population,10.4931794334
2024,花蓮縣,富里鄉,毒品,6,9530,year_end_registered_population,62.9590766002
2024,花蓮縣,新城鄉,機車竊盜,3,20323,year_end_registered_population,14.7616001575
2024,花蓮縣,新城鄉,毒品,12,20323,year_end_registered_population,59.0464006298
2024,花蓮縣,玉里鎮,住宅竊盜,3,21670,year_end_registered_population,13.8440239963
2024,花蓮縣,玉里鎮,機車竊盜,2,21670,year_end_registered_population,9.2293493309
2024,花蓮縣,玉里鎮,毒品,17,21670,year_end_registered_population,78.4494693124
2024,花蓮縣,瑞穗鄉,機車竊盜,3,10584,year_end_registered_population,28.3446712018
2024,花蓮縣,瑞穗鄉,毒品,2,10584,year_end_registered_population,18.8964474679
2024,花蓮縣,秀林鄉,強盜,1,17095,year_end_registered_population,5.8496636443
2024,花蓮縣,秀林鄉,機車竊盜,3,17095,year_end_registered_population,17.548990933
2024,花蓮縣,秀林鄉,毒品,7,17095,year_end_registered_population,40.9476455104
2024,花蓮縣,花蓮市,住宅竊盜,2,98324,year_end_registered_population,2.0340913714
2024,花蓮縣,花蓮市,強盜,1,98324,year_end_registered_population,1.0170456857
2024,花蓮縣,花蓮市,搶奪,1,98324,year_end_registered_population,1.0170456857
2024,花蓮縣,花蓮市,機車竊盜,28,98324,year_end_registered_population,28.4772791994
2024,花蓮縣,花蓮市,毒品,96,98324,year_end_registered_population,97.6363858265
2024,花蓮縣,花蓮市,汽車竊盜,1,98324,year_end_registered_population,1.0170456857
2024,花蓮縣,花蓮市,組織犯罪防制條例,1,98324,year_end_registered_population,1.0170456857
2024,花蓮縣,萬榮鄉,機車竊盜,1,6070,year_end_registered_population,16.4744645799
2024,花蓮縣,萬榮鄉,毒品,3,6070,year_end_registered_population,49.4233937397
2024,花蓮縣,豐濱鄉,機車竊盜,1,4147,year_end_registered_population,24.1138172173
2024,花蓮縣,鳳林鎮,機車竊盜,1,10306,year_end_registered_population,9.7030855812
2024,花蓮縣,鳳林鎮,毒品,7,10306,year_end_registered_population,67.9215990685
2024,苗栗縣,三灣鄉,住宅竊盜,2,5814,year_end_registered_population,34.3997248022
2024,苗栗縣,三灣鄉,機車竊盜,1,5814,year_end_registered_population,17.1998624011
2024,苗栗縣,三灣鄉,毒品,7,5814,year_end_registered_population,120.3990368077
2024,苗栗縣,三義鄉,住宅竊盜,2,14713,year_end_registered_population,13.5934207843
2024,苗栗縣,三義鄉,毒品,11,14713,year_end_registered_population,74.7638143139
2024,苗栗縣,三義鄉,汽車竊盜,3,14713,year_end_registered_population,20.3901311765
2024,苗栗縣,公館鄉,住宅竊盜,3,30871,year_end_registered_population,9.7178581841
2024,苗栗縣,公館鄉,搶奪,1,30871,year_end_registered_population,3.2392860614
2024,苗栗縣,公館鄉,機車竊盜,3,30871,year_end_registered_population,9.7178581841
2024,苗栗縣,公館鄉,毒品,17,30871,year_end_registered_population,55.067863043
2024,苗栗縣,公館鄉,汽車竊盜,5,30871,year_end_registered_population,16.1964303068
2024,苗栗縣,卓蘭鎮,住宅竊盜,3,14890,year_end_registered_population,20.1477501679
2024,苗栗縣,卓蘭鎮,機車竊盜,1,14890,year_end_registered_population,6.7159167226
2024,苗栗縣,卓蘭鎮,毒品,5,14890,year_end_registered_population,33.5795836132
2024,苗栗縣,卓蘭鎮,汽車竊盜,3,14890,year_end_registered_population,20.1477501679
2024,苗栗縣,南庄鄉,住宅竊盜,1,8686,year_end_registered_population,11.5127791849
2024,苗栗縣,南庄鄉,毒品,21,8686,year_end_registered_population,241.7683628828
2024,苗栗縣,大湖鄉,住宅竊盜,6,12641,year_end_registered_population,47.4645993197
2024,苗栗縣,大湖鄉,機車竊盜,3,12641,year_end_registered_population,23.7322996598
2024,苗栗縣,大湖鄉,毒品,18,12641,year_end_registered_population,142.393797959
2024,苗栗縣,大湖鄉,汽車竊盜,1,12641,year_end_registered_population,7.9107665533
2024,苗栗縣,後龍鎮,住宅竊盜,1,33701,year_end_registered_population,2.9672710009
2024,苗栗縣,後龍鎮,機車竊盜,1,33701,year_end_registered_population,2.9672710009
2024,苗栗縣,後龍鎮,毒品,33,33701,year_end_registered_population,97.9199430284
2024,苗栗縣,後龍鎮,汽車竊盜,2,33701,year_end_registered_population,5.9345420017
2024,苗栗縣,泰安鄉,住宅竊盜,1,5511,year_end_registered_population,18.1455271276
2024,苗栗縣,泰安鄉,機車竊盜,3,5511,year_end_registered_population,54.4365813827
2024,苗栗縣,泰安鄉,毒品,2,5511,year_end_registered_population,36.2910542551
2024,苗栗縣,獅潭鄉,住宅竊盜,2,4008,year_end_registered_population,49.9001996008
2024,苗栗縣,獅潭鄉,機車竊盜,1,4008,year_end_registered_population,24.9500998004
2024,苗栗縣,獅潭鄉,毒品,5,4008,year_end_registered_population,124.750499002
2024,苗栗縣,竹南鎮,住宅竊盜,14,90668,year_end_registered_population,15.4409493978
2024,苗栗縣,竹南鎮,強制性交,2,90668,year_end_registered_population,2.205849914
2024,苗栗縣,竹南鎮,強盜,1,90668,year_end_registered_population,1.102924957
2024,苗栗縣,竹南鎮,機車竊盜,6,90668,year_end_registered_population,6.6175497419
2024,苗栗縣,竹南鎮,毒品,68,90668,year_end_registered_population,74.998897075
2024,苗栗縣,竹南鎮,汽車竊盜,10,90668,year_end_registered_population,11.0292495699
2024,苗栗縣,苑裡鎮,住宅竊盜,9,43446,year_end_registered_population,20.7153708051
2024,苗栗縣,苑裡鎮,機車竊盜,2,43446,year_end_registered_population,4.6034157345
2024,苗栗縣,苑裡鎮,毒品,49,43446,year_end_registered_population,112.7836854946
2024,苗栗縣,苑裡鎮,汽車竊盜,4,43446,year_end_registered_population,9.2068314689
2024,苗栗縣,苗栗市,住宅竊盜,4,86025,year_end_registered_population,4.6498111014
2024,苗栗縣,苗栗市,強制性交,3,86025,year_end_registered_population,3.4873583261
2024,苗栗縣,苗栗市,搶奪,1,86025,year_end_registered_population,1.1624527754
2024,苗栗縣,苗栗市,機車竊盜,12,86025,year_end_registered_population,13.9494333043
2024,苗栗縣,苗栗市,毒品,60,86025,year_end_registered_population,69.7471665214
2024,苗栗縣,苗栗市,汽車竊盜,2,86025,year_end_registered_population,2.3249055507
2024,苗栗縣,西湖鄉,住宅竊盜,2,6035,year_end_registered_population,33.14001657
2024,苗栗縣,西湖鄉,毒品,4,6035,year_end_registered_population,66.28003314
2024,苗栗縣,通霄鎮,住宅竊盜,8,30893,year_end_registered_population,25.8958340077
2024,苗栗縣,通霄鎮,強盜,1,30893,year_end_registered_population,3.236979251
2024,苗栗縣,通霄鎮,毒品,37,30893,year_end_registered_population,119.7682322856
2024,苗栗縣,通霄鎮,汽車竊盜,1,30893,year_end_registered_population,3.236979251
2024,苗栗縣,造橋鄉,住宅竊盜,4,11582,year_end_registered_population,34.5363495079
2024,苗栗縣,造橋鄉,機車竊盜,1,11582,year_end_registered_population,8.634087377
2024,苗栗縣,造橋鄉,毒品,10,11582,year_end_registered_population,86.3408737696
2024,苗栗縣,造橋鄉,汽車竊盜,1,11582,year_end_registered_population,8.634087377
2024,苗栗縣,銅鑼鄉,住宅竊盜,4,16265,year_end_registered_population,24.5926836766
2024,苗栗縣,銅鑼鄉,強制性交,1,16265,year_end_registered_population,6.1481709192
2024,苗栗縣,銅鑼鄉,強盜,1,16265,year_end_registered_population,6.1481709192
2024,苗栗縣,銅鑼鄉,機車竊盜,1,16265,year_end_registered_population,6.1481709192
2024,苗栗縣,銅鑼鄉,毒品,10,16265,year_end_registered_population,61.4817091915
2024,苗栗縣,銅鑼鄉,汽車竊盜,1,16265,year_end_registered_population,6.1481709192
2024,苗栗縣,頭份市,住宅竊盜,11,107478,year_end_registered_population,10.2346526731
2024,苗栗縣,頭份市,機車竊盜,9,107478,year_end_registered_population,8.3738067325
2024,苗栗縣,頭份市,毒品,137,107478,year_end_registered_population,127.4679469287
2024,苗栗縣,頭份市,汽車竊盜,3,107478,year_end_registered_population,2.7912689108
2024,苗栗縣,頭屋鄉,住宅竊盜,1,9627,year_end_registered_population,10.387451958
2024,苗栗縣,頭屋鄉,毒品,4,9627,year_end_registered_population,41.5498078321
2024,苗栗縣,頭屋鄉,汽車竊盜,2,9627,year_end_registered_population,20.7749039161
2024,連江縣,北竿鄉,強制性交,1,3062,year_end_registered_population,32.6583932071
2024,連江縣,北竿鄉,機車竊盜,1,3062,year_end_registered_population,32.6583932071
2024,連江縣,南竿鄉,住宅竊盜,4,7815,year_end_registered_population,51.1836212412
2024,連江縣,南竿鄉,強制性交,1,7815,year_end_registered_population,12.7959053103
2024,連江縣,南竿鄉,毒品,1,7815,year_end_registered_population,12.7959053103
2024,連江縣,莒光鄉,住宅竊盜,1,1518,year_end_registered_population,65.8761528327
2024,金門縣,烈嶼鄉,毒品,1,12538,year_end_registered_population,7.9757537087
2024,金門縣,金城鎮,住宅竊盜,12,42719,year_end_registered_population,28.0905451907
2024,金門縣,金城鎮,機車竊盜,1,42719,year_end_registered_population,2.3408787659
2024,金門縣,金城鎮,毒品,25,42719,year_end_registered_population,58.5219691472
2024,金門縣,金城鎮,汽車竊盜,1,42719,year_end_registered_population,2.3408787659
2024,金門縣,金寧鄉,住宅竊盜,6,35809,year_end_registered_population,16.7555642436
2024,金門縣,金寧鄉,機車竊盜,1,35809,year_end_registered_population,2.7925940406
2024,金門縣,金寧鄉,毒品,6,35809,year_end_registered_population,16.7555642436
2024,金門縣,金寧鄉,汽車竊盜,1,35809,year_end_registered_population,2.7925940406
2024,金門縣,金沙鎮,住宅竊盜,2,20680,year_end_registered_population,9.6711798839
2024,金門縣,金沙鎮,毒品,2,20680,year_end_registered_population,9.6711798839
2024,金門縣,金湖鎮,住宅竊盜,2,31209,year_end_registered_population,6.4084078311
2024,金門縣,金湖鎮,強盜,1,31209,year_end_registered_population,3.2042039155
2024,金門縣,金湖鎮,毒品,10,31209,year_end_registered_population,32.0420391554
2024,金門縣,金湖鎮,汽車竊盜,1,31209,year_end_registered_population,3.2042039155
2024,雲林縣,二崙鄉,住宅竊盜,5,24642,year_end_registered_population,20.2905608311
2024,雲林縣,二崙鄉,強制性交,1,24642,year_end_registered_population,4.0581121662
2024,雲林縣,二崙鄉,機車竊盜,1,24642,year_end_registered_population,4.0581121662
2024,雲林縣,二崙鄉,毒品,9,24642,year_end_registered_population,36.523009496
2024,雲林縣,元長鄉,住宅竊盜,2,23020,year_end_registered_population,8.6880973067
2024,雲林縣,元長鄉,強盜,1,23020,year_end_registered_population,4.3440486533
2024,雲林縣,元長鄉,機車竊盜,1,23020,year_end_registered_population,4.3440486533
2024,雲林縣,元長鄉,毒品,15,23020,year_end_registered_population,65.1607298002
2024,雲林縣,元長鄉,汽車竊盜,1,23020,year_end_registered_population,4.3440486533
2024,雲林縣,北港鎮,住宅竊盜,3,37512,year_end_registered_population,7.9974408189
2024,雲林縣,北港鎮,毒品,33,37512,year_end_registered_population,87.9718490083
2024,雲林縣,口湖鄉,機車竊盜,3,24592,year_end_registered_population,12.1990891347
2024,雲林縣,口湖鄉,毒品,19,24592,year_end_registered_population,77.260897853
2024,雲林縣,古坑鄉,住宅竊盜,6,29554,year_end_registered_population,20.3018203966
2024,雲林縣,古坑鄉,毒品,35,29554,year_end_registered_population,118.4272856466
2024,雲林縣,四湖鄉,住宅竊盜,3,20698,year_end_registered_population,14.4941540245
2024,雲林縣,四湖鄉,機車竊盜,2,20698,year_end_registered_population,9.6627693497
2024,雲林縣,四湖鄉,毒品,14,20698,year_end_registered_population,67.6393854479
2024,雲林縣,土庫鎮,住宅竊盜,1,27361,year_end_registered_population,3.654837177
2024,雲林縣,土庫鎮,機車竊盜,3,27361,year_end_registered_population,10.964511531
2024,雲林縣,土庫鎮,毒品,13,27361,year_end_registered_population,47.512883301
2024,雲林縣,大埤鄉,毒品,20,17794,year_end_registered_population,112.3974373384
2024,雲林縣,大埤鄉,汽車竊盜,2,17794,year_end_registered_population,11.2397437338
2024,雲林縣,崙背鄉,住宅竊盜,1,22599,year_end_registered_population,4.4249745564
2024,雲林縣,崙背鄉,機車竊盜,2,22599,year_end_registered_population,8.8499491128
2024,雲林縣,崙背鄉,毒品,20,22599,year_end_registered_population,88.4994911279
2024,雲林縣,斗六市,住宅竊盜,88,109082,year_end_registered_population,80.6732549825
2024,雲林縣,斗六市,強制性交,1,109082,year_end_registered_population,0.9167415339
2024,雲林縣,斗六市,強盜,1,109082,year_end_registered_population,0.9167415339
2024,雲林縣,斗六市,搶奪,1,109082,year_end_registered_population,0.9167415339
2024,雲林縣,斗六市,機車竊盜,9,109082,year_end_registered_population,8.250673805
2024,雲林縣,斗六市,毒品,75,109082,year_end_registered_population,68.7556150419
2024,雲林縣,斗六市,汽車竊盜,3,109082,year_end_registered_population,2.7502246017
2024,雲林縣,斗南鎮,住宅竊盜,4,43509,year_end_registered_population,9.1935001954
2024,雲林縣,斗南鎮,機車竊盜,5,43509,year_end_registered_population,11.4918752442
2024,雲林縣,斗南鎮,毒品,43,43509,year_end_registered_population,98.8301271001
2024,雲林縣,斗南鎮,汽車竊盜,3,43509,year_end_registered_population,6.8951251465
2024,雲林縣,東勢鄉,住宅竊盜,2,13197,year_end_registered_population,15.1549594605
2024,雲林縣,東勢鄉,機車竊盜,1,13197,year_end_registered_population,7.5774797302
2024,雲林縣,東勢鄉,毒品,14,13197,year_end_registered_population,106.0847162234
2024,雲林縣,林內鄉,住宅竊盜,12,16572,year_end_registered_population,72.4112961622
2024,雲林縣,林內鄉,強盜,1,16572,year_end_registered_population,6.0342746802
2024,雲林縣,林內鄉,機車竊盜,4,16572,year_end_registered_population,24.1370987207
2024,雲林縣,林內鄉,毒品,4,16572,year_end_registered_population,24.1370987207
2024,雲林縣,林內鄉,汽車竊盜,1,16572,year_end_registered_population,6.0342746802
2024,雲林縣,水林鄉,住宅竊盜,2,22426,year_end_registered_population,8.9182199233
2024,雲林縣,水林鄉,機車竊盜,1,22426,year_end_registered_population,4.4591099617
2024,雲林縣,水林鄉,毒品,6,22426,year_end_registered_population,26.7546597699
2024,雲林縣,水林鄉,汽車竊盜,1,22426,year_end_registered_population,4.4591099617
2024,雲林縣,臺西鄉,住宅竊盜,2,21424,year_end_registered_population,9.3353248693
2024,雲林縣,臺西鄉,毒品,18,21424,year_end_registered_population,84.0179238237
2024,雲林縣,臺西鄉,汽車竊盜,1,21424,year_end_registered_population,4.6676624347
2024,雲林縣,莿桐鄉,住宅竊盜,13,27450,year_end_registered_population,47.3588342441
2024,雲林縣,莿桐鄉,強制性交,1,27450,year_end_registered_population,3.6429872495
2024,雲林縣,莿桐鄉,機車竊盜,3,27450,year_end_registered_population,10.9289617486
2024,雲林縣,莿桐鄉,毒品,32,27450,year_end_registered_population,116.5755919854
2024,雲林縣,莿桐鄉,汽車竊盜,2,27450,year_end_registered_population,7.2859744991
2024,雲林縣,虎尾鎮,住宅竊盜,5,70904,year_end_registered_population,7.0517883335
2024,雲林縣,虎尾鎮,機車竊盜,33,70904,year_end_registered_population,46.5418030012
2024,雲林縣,虎尾鎮,毒品,61,70904,year_end_registered_population,86.031817669
2024,雲林縣,虎尾鎮,汽車竊盜,3,70904,year_end_registered_population,4.2310730001
2024,雲林縣,褒忠鄉,毒品,4,11777,year_end_registered_population,33.9645070901
2024,雲林縣,西螺鎮,住宅竊盜,9,44313,year_end_registered_population,20.3100670232
2024,雲林縣,西螺鎮,強盜,1,44313,year_end_registered_population,2.2566741137
2024,雲林縣,西螺鎮,機車竊盜,11,44313,year_end_registered_population,24.8234152506
2024,雲林縣,西螺鎮,毒品,26,44313,year_end_registered_population,58.673526956
2024,雲林縣,西螺鎮,汽車竊盜,1,44313,year_end_registered_population,2.2566741137
2024,雲林縣,麥寮鄉,住宅竊盜,5,50001,year_end_registered_population,9.999800004
2024,雲林縣,麥寮鄉,機車竊盜,2,50001,year_end_registered_population,3.9999200016
2024,雲林縣,麥寮鄉,毒品,30,50001,year_end_registered_population,59.998800024
2024,雲林縣,麥寮鄉,汽車竊盜,1,50001,year_end_registered_population,1.9999600008
2024,高雄市,三民區,住宅竊盜,2,330287,year_end_registered_population,0.605533975
2024,高雄市,三民區,機車竊盜,18,330287,year_end_registered_population,5.449805775
2024,高雄市,三民區,毒品,232,330287,year_end_registered_population,70.2419410997
2024,高雄市,三民區,汽車竊盜,3,330287,year_end_registered_population,0.9083009625
2024,高雄市,仁武區,強制性交,2,98956,year_end_registered_population,2.021100287
2024,高雄市,仁武區,搶奪,1,98956,year_end_registered_population,1.0105501435
2024,高雄市,仁武區,機車竊盜,7,98956,year_end_registered_population,7.0738510045
2024,高雄市,仁武區,毒品,82,98956,year_end_registered_population,82.8651117668
2024,高雄市,仁武區,汽車竊盜,2,98956,year_end_registered_population,2.021100287
2024,高雄市,內門區,毒品,1,12893,year_end_registered_population,7.7561467463
2024,高雄市,內門區,汽車竊盜,1,12893,year_end_registered_population,7.7561467463
2024,高雄市,六龜區,強制性交,1,11511,year_end_registered_population,8.6873425419
2024,高雄市,六龜區,毒品,17,11511,year_end_registered_population,147.6848232126
2024,高雄市,六龜區,汽車竊盜,1,11511,year_end_registered_population,8.6873425419
2024,高雄市,前金區,住宅竊盜,1,27199,year_end_registered_population,3.6766057576
2024,高雄市,前金區,強盜,2,27199,year_end_registered_population,7.3532115151
2024,高雄市,前金區,機車竊盜,10,27199,year_end_registered_population,36.7660575756
2024,高雄市,前金區,毒品,51,27199,year_end_registered_population,187.5068936358
2024,高雄市,前金區,汽車竊盜,1,27199,year_end_registered_population,3.6766057576
2024,高雄市,前鎮區,強制性交,2,178290,year_end_registered_population,1.1217679062
2024,高雄市,前鎮區,搶奪,1,178290,year_end_registered_population,0.5608839531
2024,高雄市,前鎮區,機車竊盜,13,178290,year_end_registered_population,7.2914913904
2024,高雄市,前鎮區,毒品,66,178290,year_end_registered_population,37.0183409053
2024,高雄市,前鎮區,汽車竊盜,1,178290,year_end_registered_population,0.5608839531
2024,高雄市,大寮區,住宅竊盜,2,112213,year_end_registered_population,1.7823246861
2024,高雄市,大寮區,機車竊盜,21,112213,year_end_registered_population,18.7144092039
2024,高雄市,大寮區,毒品,149,112213,year_end_registered_population,132.7831891136
2024,高雄市,大寮區,汽車竊盜,3,112213,year_end_registered_population,2.6734870291
2024,高雄市,大樹區,住宅竊盜,1,40163,year_end_registered_population,2.4898538456
2024,高雄市,大樹區,機車竊盜,3,40163,year_end_registered_population,7.4695615367
2024,高雄市,大樹區,毒品,40,40163,year_end_registered_population,99.5941538232
2024,高雄市,大社區,強制性交,1,33754,year_end_registered_population,2.9626118386
2024,高雄市,大社區,機車竊盜,2,33754,year_end_registered_population,5.9252236772
2024,高雄市,大社區,毒品,37,33754,year_end_registered_population,109.6166380281
2024,高雄市,大社區,汽車竊盜,2,33754,year_end_registered_population,5.9252236772
2024,高雄市,小港區,機車竊盜,2,154354,year_end_registered_population,1.295722819
2024,高雄市,小港區,毒品,62,154354,year_end_registered_population,40.1674073882
2024,高雄市,岡山區,住宅竊盜,2,95176,year_end_registered_population,2.1013700933
2024,高雄市,岡山區,強制性交,2,95176,year_end_registered_population,2.1013700933
2024,高雄市,岡山區,機車竊盜,9,95176,year_end_registered_population,9.4561654199
2024,高雄市,岡山區,毒品,57,95176,year_end_registered_population,59.8890476591
2024,高雄市,岡山區,汽車竊盜,2,95176,year_end_registered_population,2.1013700933
2024,高雄市,左營區,強制性交,2,197784,year_end_registered_population,1.0112041419
2024,高雄市,左營區,搶奪,1,197784,year_end_registered_population,0.5056020709
2024,高雄市,左營區,機車竊盜,12,197784,year_end_registered_population,6.0672248514
2024,高雄市,左營區,毒品,103,197784,year_end_registered_population,52.0770133074
2024,高雄市,左營區,汽車竊盜,4,197784,year_end_registered_population,2.0224082838
2024,高雄市,彌陀區,毒品,8,18069,year_end_registered_population,44.2747246666
2024,高雄市,新興區,強盜,1,49573,year_end_registered_population,2.0172271196
2024,高雄市,新興區,機車竊盜,7,49573,year_end_registered_population,14.1205898372
2024,高雄市,新興區,毒品,62,49573,year_end_registered_population,125.0680814153
2024,高雄市,新興區,汽車竊盜,1,49573,year_end_registered_population,2.0172271196
2024,高雄市,旗山區,住宅竊盜,1,33818,year_end_registered_population,2.9570051452
2024,高雄市,旗山區,機車竊盜,5,33818,year_end_registered_population,14.7850257259
2024,高雄市,旗山區,毒品,17,33818,year_end_registered_population,50.2690874682
2024,高雄市,旗山區,汽車竊盜,2,33818,year_end_registered_population,5.9140102904
2024,高雄市,旗津區,住宅竊盜,2,25587,year_end_registered_population,7.8164693008
2024,高雄市,旗津區,機車竊盜,2,25587,year_end_registered_population,7.8164693008
2024,高雄市,旗津區,毒品,23,25587,year_end_registered_population,89.8893969594
2024,高雄市,杉林區,機車竊盜,3,10714,year_end_registered_population,28.0007466866
2024,高雄市,杉林區,毒品,16,10714,year_end_registered_population,149.3373156618
2024,高雄市,林園區,機車竊盜,7,67903,year_end_registered_population,10.3088228797
2024,高雄市,林園區,毒品,53,67903,year_end_registered_population,78.0525160891
2024,高雄市,林園區,汽車竊盜,1,67903,year_end_registered_population,1.4726889828
2024,高雄市,桃源區,強制性交,1,4190,year_end_registered_population,23.8663484487
2024,高雄市,梓官區,機車竊盜,1,34792,year_end_registered_population,2.8742239595
2024,高雄市,梓官區,毒品,19,34792,year_end_registered_population,54.6102552311
2024,高雄市,楠梓區,住宅竊盜,2,194404,year_end_registered_population,1.0287854159
2024,高雄市,楠梓區,強制性交,2,194404,year_end_registered_population,1.0287854159
2024,高雄市,楠梓區,強盜,2,194404,year_end_registered_population,1.0287854159
2024,高雄市,楠梓區,搶奪,2,194404,year_end_registered_population,1.0287854159
2024,高雄市,楠梓區,機車竊盜,15,194404,year_end_registered_population,7.7158906195
2024,高雄市,楠梓區,毒品,86,194404,year_end_registered_population,44.2377728853
2024,高雄市,楠梓區,汽車竊盜,1,194404,year_end_registered_population,0.514392708
2024,高雄市,橋頭區,住宅竊盜,1,42671,year_end_registered_population,2.3435119871
2024,高雄市,橋頭區,機車竊盜,5,42671,year_end_registered_population,11.7175599353
2024,高雄市,橋頭區,毒品,31,42671,year_end_registered_population,72.648871599
2024,高雄市,永安區,毒品,9,13823,year_end_registered_population,65.1088765102
2024,高雄市,湖內區,機車竊盜,1,29396,year_end_registered_population,3.4018233773
2024,高雄市,湖內區,毒品,8,29396,year_end_registered_population,27.2145870186
2024,高雄市,燕巢區,機車竊盜,5,28576,year_end_registered_population,17.4972004479
2024,高雄市,燕巢區,毒品,23,28576,year_end_registered_population,80.4871220605
2024,高雄市,田寮區,毒品,1,6298,year_end_registered_population,15.8780565259
2024,高雄市,甲仙區,機車竊盜,2,5412,year_end_registered_population,36.9549150037
2024,高雄市,美濃區,機車竊盜,4,36545,year_end_registered_population,10.9454097688
2024,高雄市,美濃區,毒品,10,36545,year_end_registered_population,27.3635244219
2024,高雄市,美濃區,汽車竊盜,1,36545,year_end_registered_population,2.7363524422
2024,高雄市,苓雅區,住宅竊盜,1,163295,year_end_registered_population,0.6123886218
2024,高雄市,苓雅區,強制性交,1,163295,year_end_registered_population,0.6123886218
2024,高雄市,苓雅區,搶奪,1,163295,year_end_registered_population,0.6123886218
2024,高雄市,苓雅區,機車竊盜,15,163295,year_end_registered_population,9.1858293273
2024,高雄市,苓雅區,毒品,158,163295,year_end_registered_population,96.7574022475
2024,高雄市,茄萣區,機車竊盜,1,28959,year_end_registered_population,3.4531579129
2024,高雄市,茄萣區,毒品,30,28959,year_end_registered_population,103.5947373873
2024,高雄市,路竹區,住宅竊盜,3,49715,year_end_registered_population,6.0343960575
2024,高雄市,路竹區,毒品,39,49715,year_end_registered_population,78.4471487479
2024,高雄市,路竹區,汽車竊盜,1,49715,year_end_registered_population,2.0114653525
2024,高雄市,阿蓮區,毒品,20,27131,year_end_registered_population,73.7164129593
2024,高雄市,鳥松區,住宅竊盜,1,44233,year_end_registered_population,2.2607555445
2024,高雄市,鳥松區,機車竊盜,2,44233,year_end_registered_population,4.521511089
2024,高雄市,鳥松區,毒品,50,44233,year_end_registered_population,113.0377772251
2024,高雄市,鳥松區,汽車竊盜,2,44233,year_end_registered_population,4.521511089
2024,高雄市,鳳山區,住宅竊盜,7,355175,year_end_registered_population,1.9708594355
2024,高雄市,鳳山區,強制性交,3,355175,year_end_registered_population,0.8446540438
2024,高雄市,鳳山區,搶奪,1,355175,year_end_registered_population,0.2815513479
2024,高雄市,鳳山區,機車竊盜,17,355175,year_end_registered_population,4.7863729148
2024,高雄市,鳳山區,毒品,190,355175,year_end_registered_population,53.4947561061
2024,高雄市,鹽埕區,住宅竊盜,1,22275,year_end_registered_population,4.4893378227
2024,高雄市,鹽埕區,毒品,5,22275,year_end_registered_population,22.4466891134
2024,高雄市,鼓山區,住宅竊盜,14,141277,year_end_registered_population,9.9096101984
2024,高雄市,鼓山區,強制性交,1,141277,year_end_registered_population,0.7078292999
2024,高雄市,鼓山區,強盜,2,141277,year_end_registered_population,1.4156585998
2024,高雄市,鼓山區,搶奪,1,141277,year_end_registered_population,0.7078292999
2024,高雄市,鼓山區,機車竊盜,6,141277,year_end_registered_population,4.2469757993
2024,高雄市,鼓山區,毒品,42,141277,year_end_registered_population,29.7288305952
2024,高雄市,鼓山區,汽車竊盜,4,141277,year_end_registered_population,2.8313171995
2024,高雄市,鼓山區,組織犯罪防制條例,1,141277,year_end_registered_population,0.7078292999
2025,南投縣,中寮鄉,住宅竊盜,3,12825,year_end_registered_population,23.3918128655
2025,南投縣,中寮鄉,強盜,1,12825,year_end_registered_population,7.7972709552
2025,南投縣,中寮鄉,毒品,7,12825,year_end_registered_population,54.5808966862
2025,南投縣,仁愛鄉,住宅竊盜,4,15293,year_end_registered_population,26.1557575361
2025,南投縣,仁愛鄉,強制性交,4,15293,year_end_registered_population,26.1557575361
2025,南投縣,仁愛鄉,機車竊盜,4,15293,year_end_registered_population,26.1557575361
2025,南投縣,仁愛鄉,毒品,3,15293,year_end_registered_population,19.6168181521
2025,南投縣,信義鄉,住宅竊盜,4,14886,year_end_registered_population,26.8708853957
2025,南投縣,信義鄉,強制性交,2,14886,year_end_registered_population,13.4354426978
2025,南投縣,信義鄉,機車竊盜,3,14886,year_end_registered_population,20.1531640468
2025,南投縣,信義鄉,汽車竊盜,1,14886,year_end_registered_population,6.7177213489
2025,南投縣,南投市,住宅竊盜,33,96229,year_end_registered_population,34.2931964377
2025,南投縣,南投市,強制性交,2,96229,year_end_registered_population,2.0783755417
2025,南投縣,南投市,強盜,1,96229,year_end_registered_population,1.0391877708
2025,南投縣,南投市,搶奪,1,96229,year_end_registered_population,1.0391877708
2025,南投縣,南投市,機車竊盜,19,96229,year_end_registered_population,19.7445676459
2025,南投縣,南投市,毒品,78,96229,year_end_registered_population,81.0566461254
2025,南投縣,南投市,汽車竊盜,7,96229,year_end_registered_population,7.2743143959
2025,南投縣,名間鄉,住宅竊盜,1,34557,year_end_registered_population,2.8937697138
2025,南投縣,名間鄉,強制性交,1,34557,year_end_registered_population,2.8937697138
2025,南投縣,名間鄉,強盜,1,34557,year_end_registered_population,2.8937697138
2025,南投縣,名間鄉,機車竊盜,13,34557,year_end_registered_population,37.6190062795
2025,南投縣,名間鄉,毒品,15,34557,year_end_registered_population,43.4065457071
2025,南投縣,名間鄉,汽車竊盜,5,34557,year_end_registered_population,14.468848569
2025,南投縣,國姓鄉,住宅竊盜,3,15963,year_end_registered_population,18.793459876
2025,南投縣,國姓鄉,機車竊盜,1,15963,year_end_registered_population,6.2644866253
2025,南投縣,國姓鄉,毒品,15,15963,year_end_registered_population,93.9672993798
2025,南投縣,埔里鎮,住宅竊盜,19,75613,year_end_registered_population,25.1279541878
2025,南投縣,埔里鎮,強制性交,1,75613,year_end_registered_population,1.3225239046
2025,南投縣,埔里鎮,機車竊盜,32,75613,year_end_registered_population,42.3207649478
2025,南投縣,埔里鎮,毒品,119,75613,year_end_registered_population,157.3803446497
2025,南投縣,埔里鎮,汽車竊盜,4,75613,year_end_registered_population,5.2900956185
2025,南投縣,水里鄉,住宅竊盜,13,15452,year_end_registered_population,84.1315040124
2025,南投縣,水里鄉,強制性交,1,15452,year_end_registered_population,6.4716541548
2025,南投縣,水里鄉,機車竊盜,7,15452,year_end_registered_population,45.3015790836
2025,南投縣,水里鄉,毒品,23,15452,year_end_registered_population,148.8480455604
2025,南投縣,水里鄉,汽車竊盜,2,15452,year_end_registered_population,12.9433083096
2025,南投縣,竹山鎮,住宅竊盜,12,49905,year_end_registered_population,24.0456868049
2025,南投縣,竹山鎮,強制性交,1,49905,year_end_registered_population,2.0038072337
2025,南投縣,竹山鎮,強盜,1,49905,year_end_registered_population,2.0038072337
2025,南投縣,竹山鎮,機車竊盜,23,49905,year_end_registered_population,46.0875663761
2025,南投縣,竹山鎮,毒品,55,49905,year_end_registered_population,110.2093978559
2025,南投縣,竹山鎮,汽車竊盜,6,49905,year_end_registered_population,12.0228434025
2025,南投縣,草屯鎮,住宅竊盜,28,97724,year_end_registered_population,28.6521223036
2025,南投縣,草屯鎮,強盜,2,97724,year_end_registered_population,2.0465801645
2025,南投縣,草屯鎮,搶奪,1,97724,year_end_registered_population,1.0232900823
2025,南投縣,草屯鎮,機車竊盜,25,97724,year_end_registered_population,25.5822520568
2025,南投縣,草屯鎮,毒品,111,97724,year_end_registered_population,113.5851991322
2025,南投縣,草屯鎮,汽車竊盜,3,97724,year_end_registered_population,3.0698702468
2025,南投縣,集集鎮,住宅竊盜,8,9882,year_end_registered_population,80.9552722121
2025,南投縣,集集鎮,機車竊盜,2,9882,year_end_registered_population,20.238818053
2025,南投縣,集集鎮,毒品,10,9882,year_end_registered_population,101.1940902651
2025,南投縣,集集鎮,汽車竊盜,1,9882,year_end_registered_population,10.1194090265
2025,南投縣,魚池鄉,住宅竊盜,4,14098,year_end_registered_population,28.3728188396
2025,南投縣,魚池鄉,強盜,1,14098,year_end_registered_population,7.0932047099
2025,南投縣,魚池鄉,搶奪,1,14098,year_end_registered_population,7.0932047099
2025,南投縣,魚池鄉,機車竊盜,3,14098,year_end_registered_population,21.2796141297
2025,南投縣,魚池鄉,毒品,8,14098,year_end_registered_population,56.7456376791
2025,南投縣,魚池鄉,汽車竊盜,4,14098,year_end_registered_population,28.3728188396
2025,南投縣,鹿谷鄉,住宅竊盜,7,15454,year_end_registered_population,45.2957163194
2025,南投縣,鹿谷鄉,毒品,9,15454,year_end_registered_population,58.2373495535
2025,南投縣,鹿谷鄉,汽車竊盜,3,15454,year_end_registered_population,19.4124498512
2025,嘉義市,東區,住宅竊盜,1,116567,year_end_registered_population,0.8578757281
2025,嘉義市,東區,強制性交,1,116567,year_end_registered_population,0.8578757281
2025,嘉義市,東區,機車竊盜,6,116567,year_end_registered_population,5.1472543687
2025,嘉義市,東區,毒品,128,116567,year_end_registered_population,109.8080931996
2025,嘉義市,東區,汽車竊盜,4,116567,year_end_registered_population,3.4315029125
2025,嘉義市,西區,住宅竊盜,4,145025,year_end_registered_population,2.7581451474
2025,嘉義市,西區,強制性交,2,145025,year_end_registered_population,1.3790725737
2025,嘉義市,西區,強盜,3,145025,year_end_registered_population,2.0686088605
2025,嘉義市,西區,搶奪,1,145025,year_end_registered_population,0.6895362868
2025,嘉義市,西區,機車竊盜,29,145025,year_end_registered_population,19.9965523186
2025,嘉義市,西區,毒品,468,145025,year_end_registered_population,322.7029822444
2025,嘉義市,西區,汽車竊盜,9,145025,year_end_registered_population,6.2058265816
2025,嘉義縣,中埔鄉,住宅竊盜,7,41673,year_end_registered_population,16.7974467881
2025,嘉義縣,中埔鄉,機車竊盜,8,41673,year_end_registered_population,19.1970820435
2025,嘉義縣,中埔鄉,毒品,67,41673,year_end_registered_population,160.7755621146
2025,嘉義縣,六腳鄉,搶奪,1,20044,year_end_registered_population,4.9890241469
2025,嘉義縣,六腳鄉,毒品,22,20044,year_end_registered_population,109.7585312313
2025,嘉義縣,大埔鄉,汽車竊盜,1,4160,year_end_registered_population,24.0384615385
2025,嘉義縣,大林鎮,住宅竊盜,1,29542,year_end_registered_population,3.3850111705
2025,嘉義縣,大林鎮,強盜,1,29542,year_end_registered_population,3.3850111705
2025,嘉義縣,大林鎮,機車竊盜,5,29542,year_end_registered_population,16.9250558527
2025,嘉義縣,大林鎮,毒品,45,29542,year_end_registered_population,152.3255026742
2025,嘉義縣,大林鎮,汽車竊盜,3,29542,year_end_registered_population,10.1550335116
2025,嘉義縣,大林鎮,組織犯罪防制條例,1,29542,year_end_registered_population,3.3850111705
2025,嘉義縣,太保市,住宅竊盜,6,39923,year_end_registered_population,15.0289306916
2025,嘉義縣,太保市,強盜,1,39923,year_end_registered_population,2.5048217819
2025,嘉義縣,太保市,機車竊盜,12,39923,year_end_registered_population,30.0578613832
2025,嘉義縣,太保市,毒品,43,39923,year_end_registered_population,107.707336623
2025,嘉義縣,太保市,汽車竊盜,5,39923,year_end_registered_population,12.5241089097
2025,嘉義縣,布袋鎮,住宅竊盜,3,23589,year_end_registered_population,12.7177921913
2025,嘉義縣,布袋鎮,機車竊盜,1,23589,year_end_registered_population,4.2392640638
2025,嘉義縣,布袋鎮,毒品,24,23589,year_end_registered_population,101.7423375302
2025,嘉義縣,布袋鎮,汽車竊盜,1,23589,year_end_registered_population,4.2392640638
2025,嘉義縣,新港鄉,住宅竊盜,1,29006,year_end_registered_population,3.4475625733
2025,嘉義縣,新港鄉,強盜,1,29006,year_end_registered_population,3.4475625733
2025,嘉義縣,新港鄉,搶奪,1,29006,year_end_registered_population,3.4475625733
2025,嘉義縣,新港鄉,毒品,17,29006,year_end_registered_population,58.6085637454
2025,嘉義縣,新港鄉,汽車竊盜,1,29006,year_end_registered_population,3.4475625733
2025,嘉義縣,朴子市,住宅竊盜,3,39950,year_end_registered_population,7.5093867334
2025,嘉義縣,朴子市,機車竊盜,4,39950,year_end_registered_population,10.0125156446
2025,嘉義縣,朴子市,毒品,36,39950,year_end_registered_population,90.112640801
2025,嘉義縣,朴子市,汽車竊盜,3,39950,year_end_registered_population,7.5093867334
2025,嘉義縣,東石鄉,機車竊盜,1,21671,year_end_registered_population,4.614461723
2025,嘉義縣,東石鄉,毒品,19,21671,year_end_registered_population,87.6747727378
2025,嘉義縣,梅山鄉,毒品,19,17177,year_end_registered_population,110.6130290505
2025,嘉義縣,梅山鄉,汽車竊盜,1,17177,year_end_registered_population,5.8217383711
2025,嘉義縣,民雄鄉,住宅竊盜,5,69716,year_end_registered_population,7.171954788
2025,嘉義縣,民雄鄉,機車竊盜,12,69716,year_end_registered_population,17.2126914912
2025,嘉義縣,民雄鄉,毒品,89,69716,year_end_registered_population,127.6607952263
2025,嘉義縣,民雄鄉,汽車竊盜,3,69716,year_end_registered_population,4.3031728728
2025,嘉義縣,水上鄉,住宅竊盜,5,46932,year_end_registered_population,10.6537117532
2025,嘉義縣,水上鄉,機車竊盜,2,46932,year_end_registered_population,4.2614847013
2025,嘉義縣,水上鄉,毒品,52,46932,year_end_registered_population,110.798602233
2025,嘉義縣,水上鄉,汽車竊盜,2,46932,year_end_registered_population,4.2614847013
2025,嘉義縣,溪口鄉,機車竊盜,1,12604,year_end_registered_population,7.9339892098
2025,嘉義縣,溪口鄉,毒品,3,12604,year_end_registered_population,23.8019676293
2025,嘉義縣,番路鄉,住宅竊盜,2,10582,year_end_registered_population,18.9000189
2025,嘉義縣,番路鄉,毒品,8,10582,year_end_registered_population,75.6000756001
2025,嘉義縣,竹崎鄉,住宅竊盜,1,32160,year_end_registered_population,3.1094527363
2025,嘉義縣,竹崎鄉,機車竊盜,2,32160,year_end_registered_population,6.2189054726
2025,嘉義縣,竹崎鄉,毒品,51,32160,year_end_registered_population,158.5820895522
2025,嘉義縣,竹崎鄉,汽車竊盜,1,32160,year_end_registered_population,3.1094527363
2025,嘉義縣,義竹鄉,強盜,1,15829,year_end_registered_population,6.3175184787
2025,嘉義縣,義竹鄉,機車竊盜,2,15829,year_end_registered_population,12.6350369575
2025,嘉義縣,義竹鄉,毒品,7,15829,year_end_registered_population,44.2226293512
2025,嘉義縣,阿里山鄉,汽車竊盜,1,5163,year_end_registered_population,19.3685841565
2025,嘉義縣,鹿草鄉,機車竊盜,4,13460,year_end_registered_population,29.7176820208
2025,嘉義縣,鹿草鄉,毒品,11,13460,year_end_registered_population,81.7236255572
2025,嘉義縣,鹿草鄉,汽車竊盜,1,13460,year_end_registered_population,7.4294205052
2025,基隆市,七堵區,住宅竊盜,13,52169,year_end_registered_population,24.9190132071
2025,基隆市,七堵區,強制性交,1,52169,year_end_registered_population,1.9168471698
2025,基隆市,七堵區,強盜,1,52169,year_end_registered_population,1.9168471698
2025,基隆市,七堵區,機車竊盜,9,52169,year_end_registered_population,17.251624528
2025,基隆市,七堵區,毒品,97,52169,year_end_registered_population,185.9341754682
2025,基隆市,七堵區,汽車竊盜,3,52169,year_end_registered_population,5.7505415093
2025,基隆市,中山區,住宅竊盜,18,45556,year_end_registered_population,39.5118096409
2025,基隆市,中山區,機車竊盜,5,45556,year_end_registered_population,10.975502678
2025,基隆市,中山區,毒品,140,45556,year_end_registered_population,307.3140749846
2025,基隆市,中山區,汽車竊盜,1,45556,year_end_registered_population,2.1951005356
2025,基隆市,中正區,住宅竊盜,9,51542,year_end_registered_population,17.4614877188
2025,基隆市,中正區,強制性交,2,51542,year_end_registered_population,3.8803306042
2025,基隆市,中正區,機車竊盜,10,51542,year_end_registered_population,19.4016530208
2025,基隆市,中正區,毒品,164,51542,year_end_registered_population,318.1871095417
2025,基隆市,中正區,汽車竊盜,1,51542,year_end_registered_population,1.9401653021
2025,基隆市,仁愛區,住宅竊盜,10,39689,year_end_registered_population,25.1958981078
2025,基隆市,仁愛區,強制性交,1,39689,year_end_registered_population,2.5195898108
2025,基隆市,仁愛區,強盜,2,39689,year_end_registered_population,5.0391796216
2025,基隆市,仁愛區,搶奪,1,39689,year_end_registered_population,2.5195898108
2025,基隆市,仁愛區,機車竊盜,14,39689,year_end_registered_population,35.2742573509
2025,基隆市,仁愛區,毒品,321,39689,year_end_registered_population,808.78832926
2025,基隆市,仁愛區,汽車竊盜,2,39689,year_end_registered_population,5.0391796216
2025,基隆市,信義區,住宅竊盜,11,52568,year_end_registered_population,20.9252777355
2025,基隆市,信義區,強制性交,1,52568,year_end_registered_population,1.902297976
2025,基隆市,信義區,搶奪,1,52568,year_end_registered_population,1.902297976
2025,基隆市,信義區,機車竊盜,5,52568,year_end_registered_population,9.5114898798
2025,基隆市,信義區,毒品,94,52568,year_end_registered_population,178.8160097398
2025,基隆市,安樂區,住宅竊盜,25,79850,year_end_registered_population,31.3087038197
2025,基隆市,安樂區,強制性交,2,79850,year_end_registered_population,2.5046963056
2025,基隆市,安樂區,機車竊盜,8,79850,year_end_registered_population,10.0187852223
2025,基隆市,安樂區,毒品,102,79850,year_end_registered_population,127.7395115842
2025,基隆市,安樂區,汽車竊盜,1,79850,year_end_registered_population,1.2523481528
2025,基隆市,安樂區,組織犯罪防制條例,1,79850,year_end_registered_population,1.2523481528
2025,基隆市,暖暖區,住宅竊盜,11,38462,year_end_registered_population,28.5996568041
2025,基隆市,暖暖區,強盜,3,38462,year_end_registered_population,7.7999064011
2025,基隆市,暖暖區,機車竊盜,8,38462,year_end_registered_population,20.799750403
2025,基隆市,暖暖區,毒品,60,38462,year_end_registered_population,155.9981280225
2025,基隆市,暖暖區,汽車竊盜,2,38462,year_end_registered_population,5.1999376007
2025,宜蘭縣,三星鄉,住宅竊盜,13,21356,year_end_registered_population,60.872822626
2025,宜蘭縣,三星鄉,毒品,16,21356,year_end_registered_population,74.9203970781
2025,宜蘭縣,三星鄉,汽車竊盜,1,21356,year_end_registered_population,4.6825248174
2025,宜蘭縣,五結鄉,住宅竊盜,6,41737,year_end_registered_population,14.3757337614
2025,宜蘭縣,五結鄉,強制性交,1,41737,year_end_registered_population,2.3959556269
2025,宜蘭縣,五結鄉,機車竊盜,3,41737,year_end_registered_population,7.1878668807
2025,宜蘭縣,五結鄉,毒品,30,41737,year_end_registered_population,71.8786688071
2025,宜蘭縣,五結鄉,汽車竊盜,5,41737,year_end_registered_population,11.9797781345
2025,宜蘭縣,冬山鄉,住宅竊盜,4,52938,year_end_registered_population,7.5560089161
2025,宜蘭縣,冬山鄉,機車竊盜,2,52938,year_end_registered_population,3.778004458
2025,宜蘭縣,冬山鄉,毒品,35,52938,year_end_registered_population,66.1150780158
2025,宜蘭縣,冬山鄉,汽車竊盜,3,52938,year_end_registered_population,5.6670066871
2025,宜蘭縣,南澳鄉,機車竊盜,3,6171,year_end_registered_population,48.6144871172
2025,宜蘭縣,南澳鄉,毒品,8,6171,year_end_registered_population,129.6386323124
2025,宜蘭縣,南澳鄉,汽車竊盜,2,6171,year_end_registered_population,32.4096580781
2025,宜蘭縣,員山鄉,住宅竊盜,1,32226,year_end_registered_population,3.103084466
2025,宜蘭縣,員山鄉,機車竊盜,3,32226,year_end_registered_population,9.3092533979
2025,宜蘭縣,員山鄉,毒品,31,32226,year_end_registered_population,96.1956184447
2025,宜蘭縣,員山鄉,汽車竊盜,1,32226,year_end_registered_population,3.103084466
2025,宜蘭縣,壯圍鄉,住宅竊盜,8,24479,year_end_registered_population,32.6810735733
2025,宜蘭縣,壯圍鄉,機車竊盜,1,24479,year_end_registered_population,4.0851341967
2025,宜蘭縣,壯圍鄉,毒品,17,24479,year_end_registered_population,69.4472813432
2025,宜蘭縣,壯圍鄉,汽車竊盜,4,24479,year_end_registered_population,16.3405367866
2025,宜蘭縣,大同鄉,住宅竊盜,4,5998,year_end_registered_population,66.6888962988
2025,宜蘭縣,大同鄉,毒品,8,5998,year_end_registered_population,133.3777925975
2025,宜蘭縣,大同鄉,汽車竊盜,2,5998,year_end_registered_population,33.3444481494
2025,宜蘭縣,宜蘭市,住宅竊盜,3,94561,year_end_registered_population,3.1725552818
2025,宜蘭縣,宜蘭市,強制性交,2,94561,year_end_registered_population,2.1150368545
2025,宜蘭縣,宜蘭市,強盜,1,94561,year_end_registered_population,1.0575184273
2025,宜蘭縣,宜蘭市,搶奪,2,94561,year_end_registered_population,2.1150368545
2025,宜蘭縣,宜蘭市,機車竊盜,14,94561,year_end_registered_population,14.8052579816
2025,宜蘭縣,宜蘭市,毒品,108,94561,year_end_registered_population,114.2119901439
2025,宜蘭縣,宜蘭市,汽車竊盜,2,94561,year_end_registered_population,2.1150368545
2025,宜蘭縣,礁溪鄉,住宅竊盜,23,36629,year_end_registered_population,62.7917770073
2025,宜蘭縣,礁溪鄉,機車竊盜,8,36629,year_end_registered_population,21.8406180895
2025,宜蘭縣,礁溪鄉,毒品,77,36629,year_end_registered_population,210.2159491114
2025,宜蘭縣,礁溪鄉,汽車竊盜,3,36629,year_end_registered_population,8.1902317836
2025,宜蘭縣,羅東鎮,住宅竊盜,10,68960,year_end_registered_population,14.5011600928
2025,宜蘭縣,羅東鎮,強制性交,1,68960,year_end_registered_population,1.4501160093
2025,宜蘭縣,羅東鎮,搶奪,1,68960,year_end_registered_population,1.4501160093
2025,宜蘭縣,羅東鎮,機車竊盜,11,68960,year_end_registered_population,15.9512761021
2025,宜蘭縣,羅東鎮,毒品,69,68960,year_end_registered_population,100.0580046404
2025,宜蘭縣,蘇澳鎮,住宅竊盜,12,36413,year_end_registered_population,32.9552632302
2025,宜蘭縣,蘇澳鎮,強制性交,2,36413,year_end_registered_population,5.4925438717
2025,宜蘭縣,蘇澳鎮,機車竊盜,5,36413,year_end_registered_population,13.7313596792
2025,宜蘭縣,蘇澳鎮,毒品,38,36413,year_end_registered_population,104.3583335622
2025,宜蘭縣,蘇澳鎮,汽車竊盜,6,36413,year_end_registered_population,16.4776316151
2025,宜蘭縣,蘇澳鎮,組織犯罪防制條例,1,36413,year_end_registered_population,2.7462719358
2025,宜蘭縣,頭城鎮,住宅竊盜,7,27868,year_end_registered_population,25.1184153868
2025,宜蘭縣,頭城鎮,機車竊盜,4,27868,year_end_registered_population,14.353380221
2025,宜蘭縣,頭城鎮,毒品,27,27868,year_end_registered_population,96.885316492
2025,宜蘭縣,頭城鎮,汽車竊盜,2,27868,year_end_registered_population,7.1766901105
2025,屏東縣,三地門鄉,機車竊盜,1,7598,year_end_registered_population,13.1613582522
2025,屏東縣,三地門鄉,毒品,3,7598,year_end_registered_population,39.4840747565
2025,屏東縣,九如鄉,住宅竊盜,3,21420,year_end_registered_population,14.0056022409
2025,屏東縣,九如鄉,機車竊盜,6,21420,year_end_registered_population,28.0112044818
2025,屏東縣,九如鄉,毒品,17,21420,year_end_registered_population,79.3650793651
2025,屏東縣,佳冬鄉,住宅竊盜,8,17323,year_end_registered_population,46.1813773596
2025,屏東縣,佳冬鄉,強制性交,1,17323,year_end_registered_population,5.7726721699
2025,屏東縣,佳冬鄉,機車竊盜,1,17323,year_end_registered_population,5.7726721699
2025,屏東縣,佳冬鄉,毒品,17,17323,year_end_registered_population,98.1354268891
2025,屏東縣,來義鄉,住宅竊盜,2,7282,year_end_registered_population,27.4649821478
2025,屏東縣,來義鄉,毒品,1,7282,year_end_registered_population,13.7324910739
2025,屏東縣,內埔鄉,住宅竊盜,49,52760,year_end_registered_population,92.873388931
2025,屏東縣,內埔鄉,強盜,2,52760,year_end_registered_population,3.7907505686
2025,屏東縣,內埔鄉,機車竊盜,15,52760,year_end_registered_population,28.4306292646
2025,屏東縣,內埔鄉,毒品,37,52760,year_end_registered_population,70.1288855193
2025,屏東縣,內埔鄉,汽車竊盜,6,52760,year_end_registered_population,11.3722517058
2025,屏東縣,南州鄉,住宅竊盜,7,9600,year_end_registered_population,72.9166666667
2025,屏東縣,南州鄉,毒品,6,9600,year_end_registered_population,62.5
2025,屏東縣,屏東市,住宅竊盜,243,191466,year_end_registered_population,126.915483689
2025,屏東縣,屏東市,強制性交,2,191466,year_end_registered_population,1.0445718822
2025,屏東縣,屏東市,強盜,1,191466,year_end_registered_population,0.5222859411
2025,屏東縣,屏東市,機車竊盜,46,191466,year_end_registered_population,24.0251532909
2025,屏東縣,屏東市,毒品,198,191466,year_end_registered_population,103.4126163392
2025,屏東縣,屏東市,汽車竊盜,9,191466,year_end_registered_population,4.70057347
2025,屏東縣,崁頂鄉,住宅竊盜,9,14459,year_end_registered_population,62.2449685317
2025,屏東縣,崁頂鄉,毒品,32,14459,year_end_registered_population,221.3154436683
2025,屏東縣,恆春鎮,住宅竊盜,50,28770,year_end_registered_population,173.7921445951
2025,屏東縣,恆春鎮,機車竊盜,7,28770,year_end_registered_population,24.3309002433
2025,屏東縣,恆春鎮,毒品,13,28770,year_end_registered_population,45.1859575947
2025,屏東縣,恆春鎮,汽車竊盜,3,28770,year_end_registered_population,10.4275286757
2025,屏東縣,新園鄉,住宅竊盜,30,31703,year_end_registered_population,94.6282686181
2025,屏東縣,新園鄉,搶奪,1,31703,year_end_registered_population,3.1542756206
2025,屏東縣,新園鄉,機車竊盜,7,31703,year_end_registered_population,22.0799293442
2025,屏東縣,新園鄉,毒品,17,31703,year_end_registered_population,53.6226855503
2025,屏東縣,新園鄉,汽車竊盜,2,31703,year_end_registered_population,6.3085512412
2025,屏東縣,新埤鄉,住宅竊盜,5,8983,year_end_registered_population,55.660692419
2025,屏東縣,新埤鄉,機車竊盜,1,8983,year_end_registered_population,11.1321384838
2025,屏東縣,新埤鄉,毒品,2,8983,year_end_registered_population,22.2642769676
2025,屏東縣,新埤鄉,汽車竊盜,1,8983,year_end_registered_population,11.1321384838
2025,屏東縣,春日鄉,住宅竊盜,4,4857,year_end_registered_population,82.355363393
2025,屏東縣,春日鄉,機車竊盜,1,4857,year_end_registered_population,20.5888408483
2025,屏東縣,春日鄉,毒品,4,4857,year_end_registered_population,82.355363393
2025,屏東縣,東港鎮,住宅竊盜,50,45879,year_end_registered_population,108.9823230672
2025,屏東縣,東港鎮,機車竊盜,12,45879,year_end_registered_population,26.1557575361
2025,屏東縣,東港鎮,毒品,61,45879,year_end_registered_population,132.958434142
2025,屏東縣,東港鎮,汽車竊盜,1,45879,year_end_registered_population,2.1796464613
2025,屏東縣,枋寮鄉,住宅竊盜,15,22321,year_end_registered_population,67.2012902648
2025,屏東縣,枋寮鄉,機車竊盜,5,22321,year_end_registered_population,22.4004300883
2025,屏東縣,枋寮鄉,毒品,37,22321,year_end_registered_population,165.7631826531
2025,屏東縣,枋寮鄉,汽車竊盜,4,22321,year_end_registered_population,17.9203440706
2025,屏東縣,枋山鄉,住宅竊盜,5,4905,year_end_registered_population,101.9367991845
2025,屏東縣,枋山鄉,機車竊盜,1,4905,year_end_registered_population,20.3873598369
2025,屏東縣,枋山鄉,毒品,4,4905,year_end_registered_population,81.5494393476
2025,屏東縣,林邊鄉,住宅竊盜,11,15821,year_end_registered_population,69.5278427407
2025,屏東縣,林邊鄉,機車竊盜,3,15821,year_end_registered_population,18.9621389293
2025,屏東縣,林邊鄉,毒品,13,15821,year_end_registered_population,82.1692686935
2025,屏東縣,林邊鄉,汽車竊盜,1,15821,year_end_registered_population,6.3207129764
2025,屏東縣,泰武鄉,住宅竊盜,4,5190,year_end_registered_population,77.0712909441
2025,屏東縣,泰武鄉,汽車竊盜,1,5190,year_end_registered_population,19.267822736
2025,屏東縣,滿州鄉,住宅竊盜,8,6927,year_end_registered_population,115.4901111592
2025,屏東縣,滿州鄉,強制性交,1,6927,year_end_registered_population,14.4362638949
2025,屏東縣,滿州鄉,機車竊盜,1,6927,year_end_registered_population,14.4362638949
2025,屏東縣,滿州鄉,毒品,1,6927,year_end_registered_population,14.4362638949
2025,屏東縣,潮州鎮,住宅竊盜,33,53723,year_end_registered_population,61.4262047912
2025,屏東縣,潮州鎮,強制性交,1,53723,year_end_registered_population,1.8614001452
2025,屏東縣,潮州鎮,搶奪,3,53723,year_end_registered_population,5.5842004356
2025,屏東縣,潮州鎮,機車竊盜,17,53723,year_end_registered_population,31.6438024682
2025,屏東縣,潮州鎮,毒品,72,53723,year_end_registered_population,134.0208104536
2025,屏東縣,潮州鎮,汽車竊盜,2,53723,year_end_registered_population,3.7228002904
2025,屏東縣,牡丹鄉,住宅竊盜,1,4671,year_end_registered_population,21.4086919289
2025,屏東縣,獅子鄉,住宅竊盜,1,4825,year_end_registered_population,20.725388601
2025,屏東縣,獅子鄉,毒品,1,4825,year_end_registered_population,20.725388601
2025,屏東縣,獅子鄉,汽車竊盜,1,4825,year_end_registered_population,20.725388601
2025,屏東縣,琉球鄉,住宅竊盜,4,12076,year_end_registered_population,33.1235508447
2025,屏東縣,琉球鄉,強制性交,1,12076,year_end_registered_population,8.2808877112
2025,屏東縣,琉球鄉,機車竊盜,7,12076,year_end_registered_population,57.9662139781
2025,屏東縣,琉球鄉,毒品,2,12076,year_end_registered_population,16.5617754223
2025,屏東縣,瑪家鄉,住宅竊盜,3,6647,year_end_registered_population,45.1331427712
2025,屏東縣,瑪家鄉,毒品,5,6647,year_end_registered_population,75.2219046186
2025,屏東縣,竹田鄉,住宅竊盜,13,15363,year_end_registered_population,84.6188895398
2025,屏東縣,竹田鄉,機車竊盜,5,15363,year_end_registered_population,32.5457267461
2025,屏東縣,竹田鄉,毒品,6,15363,year_end_registered_population,39.0548720953
2025,屏東縣,竹田鄉,汽車竊盜,1,15363,year_end_registered_population,6.5091453492
2025,屏東縣,萬丹鄉,住宅竊盜,33,48586,year_end_registered_population,67.9208002305
2025,屏東縣,萬丹鄉,強盜,1,48586,year_end_registered_population,2.0582060676
2025,屏東縣,萬丹鄉,機車竊盜,9,48586,year_end_registered_population,18.5238546083
2025,屏東縣,萬丹鄉,毒品,27,48586,year_end_registered_population,55.571563825
2025,屏東縣,萬巒鄉,住宅竊盜,16,18654,year_end_registered_population,85.7724884743
2025,屏東縣,萬巒鄉,強盜,1,18654,year_end_registered_population,5.3607805296
2025,屏東縣,萬巒鄉,機車竊盜,4,18654,year_end_registered_population,21.4431221186
2025,屏東縣,萬巒鄉,毒品,11,18654,year_end_registered_population,58.9685858261
2025,屏東縣,萬巒鄉,汽車竊盜,3,18654,year_end_registered_population,16.0823415889
2025,屏東縣,車城鄉,住宅竊盜,8,7694,year_end_registered_population,103.9771250325
2025,屏東縣,車城鄉,機車竊盜,1,7694,year_end_registered_population,12.9971406291
2025,屏東縣,車城鄉,毒品,2,7694,year_end_registered_population,25.9942812581
2025,屏東縣,車城鄉,汽車竊盜,2,7694,year_end_registered_population,25.9942812581
2025,屏東縣,里港鄉,住宅竊盜,5,24948,year_end_registered_population,20.0416867084
2025,屏東縣,里港鄉,機車竊盜,5,24948,year_end_registered_population,20.0416867084
2025,屏東縣,里港鄉,毒品,6,24948,year_end_registered_population,24.05002405
2025,屏東縣,里港鄉,汽車竊盜,2,24948,year_end_registered_population,8.0166746833
2025,屏東縣,長治鄉,住宅竊盜,15,29192,year_end_registered_population,51.3839408057
2025,屏東縣,長治鄉,強盜,1,29192,year_end_registered_population,3.4255960537
2025,屏東縣,長治鄉,機車竊盜,5,29192,year_end_registered_population,17.1279802686
2025,屏東縣,長治鄉,毒品,25,29192,year_end_registered_population,85.6399013428
2025,屏東縣,長治鄉,汽車竊盜,6,29192,year_end_registered_population,20.5535763223
2025,屏東縣,霧臺鄉,毒品,1,3166,year_end_registered_population,31.5855969678
2025,屏東縣,高樹鄉,住宅竊盜,3,21935,year_end_registered_population,13.6767722817
2025,屏東縣,高樹鄉,搶奪,2,21935,year_end_registered_population,9.1178481878
2025,屏東縣,高樹鄉,機車竊盜,9,21935,year_end_registered_population,41.0303168452
2025,屏東縣,高樹鄉,毒品,12,21935,year_end_registered_population,54.707089127
2025,屏東縣,高樹鄉,汽車竊盜,1,21935,year_end_registered_population,4.5589240939
2025,屏東縣,鹽埔鄉,住宅竊盜,5,23106,year_end_registered_population,21.6394010214
2025,屏東縣,鹽埔鄉,機車竊盜,12,23106,year_end_registered_population,51.9345624513
2025,屏東縣,鹽埔鄉,毒品,19,23106,year_end_registered_population,82.2297238812
2025,屏東縣,鹽埔鄉,汽車竊盜,1,23106,year_end_registered_population,4.3278802043
2025,屏東縣,麟洛鄉,住宅竊盜,14,10406,year_end_registered_population,134.5377666731
2025,屏東縣,麟洛鄉,機車竊盜,2,10406,year_end_registered_population,19.2196809533
2025,屏東縣,麟洛鄉,毒品,8,10406,year_end_registered_population,76.8787238132
2025,屏東縣,麟洛鄉,汽車竊盜,1,10406,year_end_registered_population,9.6098404766
2025,彰化縣,二林鎮,強制性交,1,46419,year_end_registered_population,2.1542902691
2025,彰化縣,二林鎮,機車竊盜,3,46419,year_end_registered_population,6.4628708072
2025,彰化縣,二林鎮,毒品,62,46419,year_end_registered_population,133.5659966824
2025,彰化縣,二林鎮,汽車竊盜,2,46419,year_end_registered_population,4.3085805381
2025,彰化縣,二水鄉,住宅竊盜,1,13220,year_end_registered_population,7.5642965204
2025,彰化縣,二水鄉,機車竊盜,8,13220,year_end_registered_population,60.5143721634
2025,彰化縣,二水鄉,毒品,10,13220,year_end_registered_population,75.6429652042
2025,彰化縣,二水鄉,汽車竊盜,1,13220,year_end_registered_population,7.5642965204
2025,彰化縣,伸港鄉,住宅竊盜,1,38146,year_end_registered_population,2.6215068421
2025,彰化縣,伸港鄉,機車竊盜,9,38146,year_end_registered_population,23.5935615792
2025,彰化縣,伸港鄉,毒品,25,38146,year_end_registered_population,65.5376710533
2025,彰化縣,北斗鎮,機車竊盜,8,33099,year_end_registered_population,24.1699144989
2025,彰化縣,北斗鎮,毒品,17,33099,year_end_registered_population,51.3610683102
2025,彰化縣,和美鎮,機車竊盜,9,86635,year_end_registered_population,10.3884111502
2025,彰化縣,和美鎮,毒品,51,86635,year_end_registered_population,58.8676631846
2025,彰化縣,和美鎮,汽車竊盜,4,86635,year_end_registered_population,4.6170716223
2025,彰化縣,員林市,住宅竊盜,2,122148,year_end_registered_population,1.6373579592
2025,彰化縣,員林市,強制性交,1,122148,year_end_registered_population,0.8186789796
2025,彰化縣,員林市,機車竊盜,20,122148,year_end_registered_population,16.373579592
2025,彰化縣,員林市,毒品,122,122148,year_end_registered_population,99.878835511
2025,彰化縣,員林市,汽車竊盜,4,122148,year_end_registered_population,3.2747159184
2025,彰化縣,員林市,組織犯罪防制條例,1,122148,year_end_registered_population,0.8186789796
2025,彰化縣,埔心鄉,住宅竊盜,2,33082,year_end_registered_population,6.0455837011
2025,彰化縣,埔心鄉,機車竊盜,5,33082,year_end_registered_population,15.1139592528
2025,彰化縣,埔心鄉,毒品,53,33082,year_end_registered_population,160.2079680793
2025,彰化縣,埔鹽鄉,機車竊盜,1,30041,year_end_registered_population,3.3287839952
2025,彰化縣,埔鹽鄉,毒品,10,30041,year_end_registered_population,33.2878399521
2025,彰化縣,埔鹽鄉,汽車竊盜,1,30041,year_end_registered_population,3.3287839952
2025,彰化縣,埤頭鄉,機車竊盜,3,27997,year_end_registered_population,10.7154337965
2025,彰化縣,埤頭鄉,毒品,21,27997,year_end_registered_population,75.0080365753
2025,彰化縣,埤頭鄉,汽車竊盜,2,27997,year_end_registered_population,7.143622531
2025,彰化縣,大城鄉,住宅竊盜,2,14146,year_end_registered_population,14.1382723031
2025,彰化縣,大城鄉,機車竊盜,2,14146,year_end_registered_population,14.1382723031
2025,彰化縣,大城鄉,毒品,1,14146,year_end_registered_population,7.0691361516
2025,彰化縣,大城鄉,汽車竊盜,1,14146,year_end_registered_population,7.0691361516
2025,彰化縣,大村鄉,搶奪,1,38919,year_end_registered_population,2.5694390914
2025,彰化縣,大村鄉,機車竊盜,9,38919,year_end_registered_population,23.124951823
2025,彰化縣,大村鄉,毒品,34,38919,year_end_registered_population,87.3609291092
2025,彰化縣,大村鄉,汽車竊盜,2,38919,year_end_registered_population,5.1388781829
2025,彰化縣,彰化市,住宅竊盜,14,220487,year_end_registered_population,6.3495807009
2025,彰化縣,彰化市,機車竊盜,35,220487,year_end_registered_population,15.8739517523
2025,彰化縣,彰化市,毒品,183,220487,year_end_registered_population,82.9980905904
2025,彰化縣,彰化市,汽車竊盜,7,220487,year_end_registered_population,3.1747903505
2025,彰化縣,永靖鄉,機車竊盜,5,34177,year_end_registered_population,14.6297217427
2025,彰化縣,永靖鄉,毒品,14,34177,year_end_registered_population,40.9632208795
2025,彰化縣,溪州鄉,機車竊盜,4,27248,year_end_registered_population,14.679976512
2025,彰化縣,溪州鄉,毒品,32,27248,year_end_registered_population,117.4398120963
2025,彰化縣,溪州鄉,汽車竊盜,1,27248,year_end_registered_population,3.669994128
2025,彰化縣,溪湖鎮,住宅竊盜,2,52832,year_end_registered_population,3.7855844942
2025,彰化縣,溪湖鎮,搶奪,3,52832,year_end_registered_population,5.6783767414
2025,彰化縣,溪湖鎮,機車竊盜,9,52832,year_end_registered_population,17.0351302241
2025,彰化縣,溪湖鎮,毒品,32,52832,year_end_registered_population,60.5693519079
2025,彰化縣,溪湖鎮,汽車竊盜,4,52832,year_end_registered_population,7.5711689885
2025,彰化縣,田中鎮,搶奪,1,38273,year_end_registered_population,2.6128079847
2025,彰化縣,田中鎮,機車竊盜,4,38273,year_end_registered_population,10.451231939
2025,彰化縣,田中鎮,毒品,31,38273,year_end_registered_population,80.997047527
2025,彰化縣,田中鎮,汽車竊盜,2,38273,year_end_registered_population,5.2256159695
2025,彰化縣,田尾鄉,住宅竊盜,1,25251,year_end_registered_population,3.9602391984
2025,彰化縣,田尾鄉,機車竊盜,2,25251,year_end_registered_population,7.9204783969
2025,彰化縣,田尾鄉,毒品,16,25251,year_end_registered_population,63.3638271752
2025,彰化縣,田尾鄉,汽車竊盜,1,25251,year_end_registered_population,3.9602391984
2025,彰化縣,社頭鄉,機車竊盜,6,40272,year_end_registered_population,14.8986889154
2025,彰化縣,社頭鄉,毒品,21,40272,year_end_registered_population,52.1454112038
2025,彰化縣,社頭鄉,汽車竊盜,1,40272,year_end_registered_population,2.4831148192
2025,彰化縣,福興鄉,住宅竊盜,2,44284,year_end_registered_population,4.5163038569
2025,彰化縣,福興鄉,搶奪,1,44284,year_end_registered_population,2.2581519285
2025,彰化縣,福興鄉,機車竊盜,4,44284,year_end_registered_population,9.0326077138
2025,彰化縣,福興鄉,毒品,31,44284,year_end_registered_population,70.0027097823
2025,彰化縣,福興鄉,汽車竊盜,5,44284,year_end_registered_population,11.2907596423
2025,彰化縣,秀水鄉,住宅竊盜,1,37356,year_end_registered_population,2.6769461398
2025,彰化縣,秀水鄉,機車竊盜,4,37356,year_end_registered_population,10.7077845594
2025,彰化縣,秀水鄉,毒品,23,37356,year_end_registered_population,61.5697612164
2025,彰化縣,竹塘鄉,機車竊盜,2,13918,year_end_registered_population,14.36988073
2025,彰化縣,竹塘鄉,毒品,10,13918,year_end_registered_population,71.8494036499
2025,彰化縣,竹塘鄉,汽車竊盜,1,13918,year_end_registered_population,7.184940365
2025,彰化縣,線西鄉,機車竊盜,2,16014,year_end_registered_population,12.4890720619
2025,彰化縣,線西鄉,毒品,10,16014,year_end_registered_population,62.4453603097
2025,彰化縣,線西鄉,汽車竊盜,2,16014,year_end_registered_population,12.4890720619
2025,彰化縣,芬園鄉,住宅竊盜,1,21334,year_end_registered_population,4.6873535202
2025,彰化縣,芬園鄉,機車竊盜,4,21334,year_end_registered_population,18.7494140808
2025,彰化縣,芬園鄉,毒品,18,21334,year_end_registered_population,84.3723633636
2025,彰化縣,花壇鄉,住宅竊盜,2,42816,year_end_registered_population,4.6711509716
2025,彰化縣,花壇鄉,強制性交,1,42816,year_end_registered_population,2.3355754858
2025,彰化縣,花壇鄉,機車竊盜,6,42816,year_end_registered_population,14.0134529148
2025,彰化縣,花壇鄉,毒品,29,42816,year_end_registered_population,67.7316890882
2025,彰化縣,花壇鄉,汽車竊盜,4,42816,year_end_registered_population,9.3423019432
2025,彰化縣,芳苑鄉,機車竊盜,6,29880,year_end_registered_population,20.0803212851
2025,彰化縣,芳苑鄉,毒品,18,29880,year_end_registered_population,60.2409638554
2025,彰化縣,芳苑鄉,汽車竊盜,1,29880,year_end_registered_population,3.3467202142
2025,彰化縣,鹿港鎮,住宅竊盜,2,82212,year_end_registered_population,2.4327348806
2025,彰化縣,鹿港鎮,強制性交,1,82212,year_end_registered_population,1.2163674403
2025,彰化縣,鹿港鎮,強盜,1,82212,year_end_registered_population,1.2163674403
2025,彰化縣,鹿港鎮,機車竊盜,15,82212,year_end_registered_population,18.2455116041
2025,彰化縣,鹿港鎮,毒品,83,82212,year_end_registered_population,100.9584975429
2025,彰化縣,鹿港鎮,汽車竊盜,5,82212,year_end_registered_population,6.0818372014
2025,新北市,三峽區,住宅竊盜,49,115009,year_end_registered_population,42.6053613195
2025,新北市,三峽區,強制性交,1,115009,year_end_registered_population,0.8694971698
2025,新北市,三峽區,機車竊盜,31,115009,year_end_registered_population,26.9544122634
2025,新北市,三峽區,毒品,99,115009,year_end_registered_population,86.0802198089
2025,新北市,三峽區,汽車竊盜,9,115009,year_end_registered_population,7.8254745281
2025,新北市,三芝區,住宅竊盜,8,22061,year_end_registered_population,36.2630887086
2025,新北市,三芝區,機車竊盜,2,22061,year_end_registered_population,9.0657721771
2025,新北市,三芝區,毒品,34,22061,year_end_registered_population,154.1181270115
2025,新北市,三重區,住宅竊盜,70,382778,year_end_registered_population,18.2873623876
2025,新北市,三重區,強制性交,6,382778,year_end_registered_population,1.5674882047
2025,新北市,三重區,強盜,2,382778,year_end_registered_population,0.5224960682
2025,新北市,三重區,搶奪,2,382778,year_end_registered_population,0.5224960682
2025,新北市,三重區,機車竊盜,85,382778,year_end_registered_population,22.2060828992
2025,新北市,三重區,毒品,871,382778,year_end_registered_population,227.5470377085
2025,新北市,三重區,汽車竊盜,11,382778,year_end_registered_population,2.8737283752
2025,新北市,三重區,組織犯罪防制條例,1,382778,year_end_registered_population,0.2612480341
2025,新北市,中和區,住宅竊盜,93,403791,year_end_registered_population,23.0317169031
2025,新北市,中和區,強制性交,2,403791,year_end_registered_population,0.4953057399
2025,新北市,中和區,強盜,3,403791,year_end_registered_population,0.7429586098
2025,新北市,中和區,機車竊盜,34,403791,year_end_registered_population,8.4201975775
2025,新北市,中和區,毒品,484,403791,year_end_registered_population,119.8639890438
2025,新北市,中和區,汽車竊盜,4,403791,year_end_registered_population,0.9906114797
2025,新北市,五股區,住宅竊盜,31,94717,year_end_registered_population,32.7290771456
2025,新北市,五股區,機車竊盜,26,94717,year_end_registered_population,27.450193735
2025,新北市,五股區,毒品,138,94717,year_end_registered_population,145.697182132
2025,新北市,五股區,汽車竊盜,4,94717,year_end_registered_population,4.2231067285
2025,新北市,八里區,住宅竊盜,20,43495,year_end_registered_population,45.9822968157
2025,新北市,八里區,機車竊盜,10,43495,year_end_registered_population,22.9911484079
2025,新北市,八里區,毒品,62,43495,year_end_registered_population,142.5451201288
2025,新北市,八里區,汽車竊盜,3,43495,year_end_registered_population,6.8973445224
2025,新北市,土城區,住宅竊盜,108,242713,year_end_registered_population,44.4969985126
2025,新北市,土城區,強制性交,3,242713,year_end_registered_population,1.2360277365
2025,新北市,土城區,強盜,2,242713,year_end_registered_population,0.824018491
2025,新北市,土城區,搶奪,1,242713,year_end_registered_population,0.4120092455
2025,新北市,土城區,機車竊盜,36,242713,year_end_registered_population,14.8323328375
2025,新北市,土城區,毒品,342,242713,year_end_registered_population,140.9071619567
2025,新北市,土城區,汽車竊盜,4,242713,year_end_registered_population,1.6480369819
2025,新北市,坪林區,住宅竊盜,1,6163,year_end_registered_population,16.2258640273
2025,新北市,坪林區,毒品,7,6163,year_end_registered_population,113.5810481908
2025,新北市,平溪區,住宅竊盜,1,3900,year_end_registered_population,25.641025641
2025,新北市,平溪區,機車竊盜,1,3900,year_end_registered_population,25.641025641
2025,新北市,平溪區,毒品,1,3900,year_end_registered_population,25.641025641
2025,新北市,平溪區,汽車竊盜,1,3900,year_end_registered_population,25.641025641
2025,新北市,新店區,住宅竊盜,160,306884,year_end_registered_population,52.1369638039
2025,新北市,新店區,強制性交,2,306884,year_end_registered_population,0.6517120475
2025,新北市,新店區,強盜,2,306884,year_end_registered_population,0.6517120475
2025,新北市,新店區,機車竊盜,13,306884,year_end_registered_population,4.2361283091
2025,新北市,新店區,毒品,289,306884,year_end_registered_population,94.1723908708
2025,新北市,新店區,汽車竊盜,6,306884,year_end_registered_population,1.9551361426
2025,新北市,新莊區,住宅竊盜,67,421239,year_end_registered_population,15.9054598458
2025,新北市,新莊區,強制性交,5,421239,year_end_registered_population,1.1869746154
2025,新北市,新莊區,強盜,1,421239,year_end_registered_population,0.2373949231
2025,新北市,新莊區,搶奪,2,421239,year_end_registered_population,0.4747898461
2025,新北市,新莊區,機車竊盜,62,421239,year_end_registered_population,14.7184852305
2025,新北市,新莊區,毒品,522,421239,year_end_registered_population,123.9201498437
2025,新北市,新莊區,汽車竊盜,7,421239,year_end_registered_population,1.6617644615
2025,新北市,板橋區,住宅竊盜,198,549762,year_end_registered_population,36.0155849258
2025,新北市,板橋區,強制性交,10,549762,year_end_registered_population,1.8189689356
2025,新北市,板橋區,強盜,4,549762,year_end_registered_population,0.7275875743
2025,新北市,板橋區,搶奪,5,549762,year_end_registered_population,0.9094844678
2025,新北市,板橋區,機車竊盜,53,549762,year_end_registered_population,9.6405353589
2025,新北市,板橋區,毒品,827,549762,year_end_registered_population,150.4287309781
2025,新北市,板橋區,汽車竊盜,6,549762,year_end_registered_population,1.0913813614
2025,新北市,林口區,住宅竊盜,53,138461,year_end_registered_population,38.2779266364
2025,新北市,林口區,強制性交,1,138461,year_end_registered_population,0.7222250309
2025,新北市,林口區,機車竊盜,8,138461,year_end_registered_population,5.777800247
2025,新北市,林口區,毒品,160,138461,year_end_registered_population,115.55600494
2025,新北市,林口區,汽車竊盜,5,138461,year_end_registered_population,3.6111251544
2025,新北市,樹林區,住宅竊盜,54,177412,year_end_registered_population,30.4376254143
2025,新北市,樹林區,強制性交,3,177412,year_end_registered_population,1.6909791897
2025,新北市,樹林區,強盜,1,177412,year_end_registered_population,0.5636597299
2025,新北市,樹林區,搶奪,1,177412,year_end_registered_population,0.5636597299
2025,新北市,樹林區,機車竊盜,25,177412,year_end_registered_population,14.0914932474
2025,新北市,樹林區,毒品,323,177412,year_end_registered_population,182.0620927558
2025,新北市,樹林區,汽車竊盜,6,177412,year_end_registered_population,3.3819583794
2025,新北市,永和區,住宅竊盜,70,211536,year_end_registered_population,33.0912941532
2025,新北市,永和區,強盜,3,211536,year_end_registered_population,1.4181983209
2025,新北市,永和區,機車竊盜,17,211536,year_end_registered_population,8.0364571515
2025,新北市,永和區,毒品,180,211536,year_end_registered_population,85.0918992512
2025,新北市,永和區,汽車竊盜,1,211536,year_end_registered_population,0.4727327736
2025,新北市,汐止區,住宅竊盜,148,212758,year_end_registered_population,69.5626016413
2025,新北市,汐止區,強盜,1,212758,year_end_registered_population,0.4700175787
2025,新北市,汐止區,搶奪,1,212758,year_end_registered_population,0.4700175787
2025,新北市,汐止區,機車竊盜,13,212758,year_end_registered_population,6.1102285225
2025,新北市,汐止區,毒品,251,212758,year_end_registered_population,117.974412243
2025,新北市,汐止區,汽車竊盜,7,212758,year_end_registered_population,3.2901230506
2025,新北市,泰山區,住宅竊盜,47,78083,year_end_registered_population,60.1923594124
2025,新北市,泰山區,強制性交,2,78083,year_end_registered_population,2.5613769963
2025,新北市,泰山區,機車竊盜,27,78083,year_end_registered_population,34.5785894497
2025,新北市,泰山區,毒品,103,78083,year_end_registered_population,131.9109153081
2025,新北市,泰山區,汽車竊盜,2,78083,year_end_registered_population,2.5613769963
2025,新北市,淡水區,住宅竊盜,104,208004,year_end_registered_population,49.99903848
2025,新北市,淡水區,強制性交,1,208004,year_end_registered_population,0.4807599854
2025,新北市,淡水區,機車竊盜,25,208004,year_end_registered_population,12.0189996346
2025,新北市,淡水區,毒品,144,208004,year_end_registered_population,69.2294378954
2025,新北市,淡水區,汽車竊盜,8,208004,year_end_registered_population,3.8460798831
2025,新北市,深坑區,住宅竊盜,8,23639,year_end_registered_population,33.8423791193
2025,新北市,深坑區,毒品,12,23639,year_end_registered_population,50.7635686789
2025,新北市,烏來區,住宅竊盜,2,6199,year_end_registered_population,32.2632682691
2025,新北市,烏來區,機車竊盜,1,6199,year_end_registered_population,16.1316341345
2025,新北市,烏來區,毒品,10,6199,year_end_registered_population,161.3163413454
2025,新北市,瑞芳區,住宅竊盜,13,35623,year_end_registered_population,36.4932768155
2025,新北市,瑞芳區,機車竊盜,3,35623,year_end_registered_population,8.421525419
2025,新北市,瑞芳區,毒品,70,35623,year_end_registered_population,196.502259776
2025,新北市,瑞芳區,汽車竊盜,3,35623,year_end_registered_population,8.421525419
2025,新北市,石碇區,住宅竊盜,5,6917,year_end_registered_population,72.2856729796
2025,新北市,石碇區,毒品,3,6917,year_end_registered_population,43.3714037878
2025,新北市,石門區,住宅竊盜,3,9994,year_end_registered_population,30.0180108065
2025,新北市,石門區,機車竊盜,4,9994,year_end_registered_population,40.0240144086
2025,新北市,石門區,毒品,4,9994,year_end_registered_population,40.0240144086
2025,新北市,萬里區,住宅竊盜,3,20209,year_end_registered_population,14.844871097
2025,新北市,萬里區,強制性交,1,20209,year_end_registered_population,4.9482903657
2025,新北市,萬里區,機車竊盜,5,20209,year_end_registered_population,24.7414518284
2025,新北市,萬里區,毒品,17,20209,year_end_registered_population,84.1209362165
2025,新北市,蘆洲區,住宅竊盜,91,196371,year_end_registered_population,46.3408548105
2025,新北市,蘆洲區,強制性交,1,196371,year_end_registered_population,0.5092401628
2025,新北市,蘆洲區,搶奪,2,196371,year_end_registered_population,1.0184803255
2025,新北市,蘆洲區,機車竊盜,23,196371,year_end_registered_population,11.7125237433
2025,新北市,蘆洲區,毒品,315,196371,year_end_registered_population,160.4106512672
2025,新北市,蘆洲區,汽車竊盜,3,196371,year_end_registered_population,1.5277204883
2025,新北市,貢寮區,住宅竊盜,3,10445,year_end_registered_population,28.7218764959
2025,新北市,貢寮區,毒品,11,10445,year_end_registered_population,105.3135471517
2025,新北市,金山區,住宅竊盜,11,19725,year_end_registered_population,55.7667934094
2025,新北市,金山區,機車竊盜,7,19725,year_end_registered_population,35.4879594423
2025,新北市,金山區,毒品,40,19725,year_end_registered_population,202.7883396705
2025,新北市,雙溪區,住宅竊盜,6,7442,year_end_registered_population,80.6234883096
2025,新北市,雙溪區,機車竊盜,1,7442,year_end_registered_population,13.4372480516
2025,新北市,雙溪區,毒品,3,7442,year_end_registered_population,40.3117441548
2025,新北市,鶯歌區,住宅竊盜,35,89501,year_end_registered_population,39.1057083161
2025,新北市,鶯歌區,搶奪,1,89501,year_end_registered_population,1.1173059519
2025,新北市,鶯歌區,機車竊盜,22,89501,year_end_registered_population,24.5807309416
2025,新北市,鶯歌區,毒品,75,89501,year_end_registered_population,83.7979463917
2025,新北市,鶯歌區,汽車竊盜,7,89501,year_end_registered_population,7.8211416632
2025,新竹市,北區,住宅竊盜,7,153915,year_end_registered_population,4.5479647858
2025,新竹市,北區,機車竊盜,34,153915,year_end_registered_population,22.0901146737
2025,新竹市,北區,毒品,125,153915,year_end_registered_population,81.2136568885
2025,新竹市,北區,汽車竊盜,7,153915,year_end_registered_population,4.5479647858
2025,新竹市,北區,組織犯罪防制條例,1,153915,year_end_registered_population,0.6497092551
2025,新竹市,東區,住宅竊盜,10,222219,year_end_registered_population,4.5000652509
2025,新竹市,東區,強制性交,3,222219,year_end_registered_population,1.3500195753
2025,新竹市,東區,搶奪,2,222219,year_end_registered_population,0.9000130502
2025,新竹市,東區,機車竊盜,63,222219,year_end_registered_population,28.350411081
2025,新竹市,東區,毒品,171,222219,year_end_registered_population,76.9511157912
2025,新竹市,東區,汽車竊盜,7,222219,year_end_registered_population,3.1500456757
2025,新竹市,香山區,住宅竊盜,2,79606,year_end_registered_population,2.5123734392
2025,新竹市,香山區,強盜,1,79606,year_end_registered_population,1.2561867196
2025,新竹市,香山區,機車竊盜,15,79606,year_end_registered_population,18.8428007939
2025,新竹市,香山區,毒品,39,79606,year_end_registered_population,48.9912820642
2025,新竹市,香山區,汽車竊盜,7,79606,year_end_registered_population,8.7933070372
2025,新竹縣,北埔鄉,住宅竊盜,4,8289,year_end_registered_population,48.2567257812
2025,新竹縣,北埔鄉,毒品,7,8289,year_end_registered_population,84.449270117
2025,新竹縣,寶山鄉,住宅竊盜,8,14588,year_end_registered_population,54.839594187
2025,新竹縣,寶山鄉,毒品,7,14588,year_end_registered_population,47.9846449136
2025,新竹縣,寶山鄉,汽車竊盜,2,14588,year_end_registered_population,13.7098985468
2025,新竹縣,尖石鄉,住宅竊盜,3,9464,year_end_registered_population,31.6990701606
2025,新竹縣,尖石鄉,機車竊盜,1,9464,year_end_registered_population,10.5663567202
2025,新竹縣,尖石鄉,毒品,24,9464,year_end_registered_population,253.5925612849
2025,新竹縣,尖石鄉,汽車竊盜,1,9464,year_end_registered_population,10.5663567202
2025,新竹縣,峨眉鄉,住宅竊盜,8,4970,year_end_registered_population,160.9657947686
2025,新竹縣,峨眉鄉,機車竊盜,1,4970,year_end_registered_population,20.1207243461
2025,新竹縣,峨眉鄉,毒品,2,4970,year_end_registered_population,40.2414486922
2025,新竹縣,新埔鎮,住宅竊盜,15,33561,year_end_registered_population,44.6947349602
2025,新竹縣,新埔鎮,強制性交,1,33561,year_end_registered_population,2.9796489973
2025,新竹縣,新埔鎮,機車竊盜,4,33561,year_end_registered_population,11.9185959894
2025,新竹縣,新埔鎮,毒品,37,33561,year_end_registered_population,110.2470129019
2025,新竹縣,新埔鎮,汽車竊盜,6,33561,year_end_registered_population,17.8778939841
2025,新竹縣,新豐鄉,住宅竊盜,30,59839,year_end_registered_population,50.1345276492
2025,新竹縣,新豐鄉,強制性交,1,59839,year_end_registered_population,1.6711509216
2025,新竹縣,新豐鄉,機車竊盜,24,59839,year_end_registered_population,40.1076221194
2025,新竹縣,新豐鄉,毒品,33,59839,year_end_registered_population,55.1479804141
2025,新竹縣,新豐鄉,汽車竊盜,8,59839,year_end_registered_population,13.3692073731
2025,新竹縣,橫山鄉,住宅竊盜,3,11901,year_end_registered_population,25.2079657172
2025,新竹縣,橫山鄉,機車竊盜,1,11901,year_end_registered_population,8.4026552391
2025,新竹縣,橫山鄉,毒品,33,11901,year_end_registered_population,277.2876228888
2025,新竹縣,橫山鄉,汽車竊盜,3,11901,year_end_registered_population,25.2079657172
2025,新竹縣,湖口鄉,住宅竊盜,64,84963,year_end_registered_population,75.3269070066
2025,新竹縣,湖口鄉,強制性交,1,84963,year_end_registered_population,1.176982922
2025,新竹縣,湖口鄉,搶奪,2,84963,year_end_registered_population,2.353965844
2025,新竹縣,湖口鄉,機車竊盜,28,84963,year_end_registered_population,32.9555218154
2025,新竹縣,湖口鄉,毒品,90,84963,year_end_registered_population,105.928462978
2025,新竹縣,湖口鄉,汽車竊盜,14,84963,year_end_registered_population,16.4777609077
2025,新竹縣,竹北市,住宅竊盜,77,220973,year_end_registered_population,34.845886149
2025,新竹縣,竹北市,強制性交,6,220973,year_end_registered_population,2.7152638558
2025,新竹縣,竹北市,搶奪,1,220973,year_end_registered_population,0.452543976
2025,新竹縣,竹北市,機車竊盜,14,220973,year_end_registered_population,6.3356156635
2025,新竹縣,竹北市,毒品,106,220973,year_end_registered_population,47.9696614519
2025,新竹縣,竹北市,汽車竊盜,6,220973,year_end_registered_population,2.7152638558
2025,新竹縣,竹東鎮,住宅竊盜,30,97894,year_end_registered_population,30.6453919546
2025,新竹縣,竹東鎮,機車竊盜,20,97894,year_end_registered_population,20.430261303
2025,新竹縣,竹東鎮,毒品,84,97894,year_end_registered_population,85.8070974728
2025,新竹縣,竹東鎮,汽車竊盜,8,97894,year_end_registered_population,8.1721045212
2025,新竹縣,芎林鄉,住宅竊盜,8,20385,year_end_registered_population,39.2445425558
2025,新竹縣,芎林鄉,機車竊盜,4,20385,year_end_registered_population,19.6222712779
2025,新竹縣,芎林鄉,毒品,27,20385,year_end_registered_population,132.4503311258
2025,新竹縣,芎林鄉,汽車竊盜,6,20385,year_end_registered_population,29.4334069169
2025,新竹縣,關西鎮,住宅竊盜,7,26011,year_end_registered_population,26.9116912076
2025,新竹縣,關西鎮,機車竊盜,11,26011,year_end_registered_population,42.289800469
2025,新竹縣,關西鎮,毒品,40,26011,year_end_registered_population,153.7810926147
2025,新竹縣,關西鎮,汽車竊盜,3,26011,year_end_registered_population,11.5335819461
2025,桃園市,中壢區,住宅竊盜,72,439213,year_end_registered_population,16.3929574034
2025,桃園市,中壢區,強制性交,1,439213,year_end_registered_population,0.2276799639
2025,桃園市,中壢區,強盜,4,439213,year_end_registered_population,0.9107198557
2025,桃園市,中壢區,搶奪,2,439213,year_end_registered_population,0.4553599279
2025,桃園市,中壢區,機車竊盜,103,439213,year_end_registered_population,23.4510362854
2025,桃園市,中壢區,毒品,814,439213,year_end_registered_population,185.3314906435
2025,桃園市,中壢區,汽車竊盜,27,439213,year_end_registered_population,6.1473590263
2025,桃園市,八德區,住宅竊盜,104,216058,year_end_registered_population,48.1352229494
2025,桃園市,八德區,強盜,1,216058,year_end_registered_population,0.4628386822
2025,桃園市,八德區,搶奪,2,216058,year_end_registered_population,0.9256773644
2025,桃園市,八德區,機車竊盜,37,216058,year_end_registered_population,17.1250312416
2025,桃園市,八德區,毒品,241,216058,year_end_registered_population,111.5441224116
2025,桃園市,八德區,汽車竊盜,16,216058,year_end_registered_population,7.4054189153
2025,桃園市,大園區,住宅竊盜,26,89713,year_end_registered_population,28.9813070569
2025,桃園市,大園區,強盜,3,89713,year_end_registered_population,3.3439969681
2025,桃園市,大園區,搶奪,1,89713,year_end_registered_population,1.114665656
2025,桃園市,大園區,機車竊盜,17,89713,year_end_registered_population,18.9493161526
2025,桃園市,大園區,毒品,118,89713,year_end_registered_population,131.5305474123
2025,桃園市,大園區,汽車竊盜,10,89713,year_end_registered_population,11.1466565604
2025,桃園市,大溪區,住宅竊盜,40,93799,year_end_registered_population,42.6443778718
2025,桃園市,大溪區,強盜,1,93799,year_end_registered_population,1.0661094468
2025,桃園市,大溪區,機車竊盜,12,93799,year_end_registered_population,12.7933133615
2025,桃園市,大溪區,毒品,108,93799,year_end_registered_population,115.1398202539
2025,桃園市,大溪區,汽車竊盜,5,93799,year_end_registered_population,5.330547234
2025,桃園市,平鎮區,住宅竊盜,45,228210,year_end_registered_population,19.718680163
2025,桃園市,平鎮區,強制性交,2,228210,year_end_registered_population,0.876385785
2025,桃園市,平鎮區,強盜,1,228210,year_end_registered_population,0.4381928925
2025,桃園市,平鎮區,機車竊盜,33,228210,year_end_registered_population,14.4603654529
2025,桃園市,平鎮區,毒品,276,228210,year_end_registered_population,120.9412383331
2025,桃園市,平鎮區,汽車竊盜,8,228210,year_end_registered_population,3.5055431401
2025,桃園市,復興區,住宅竊盜,2,13296,year_end_registered_population,15.0421179302
2025,桃園市,復興區,機車竊盜,3,13296,year_end_registered_population,22.5631768953
2025,桃園市,復興區,毒品,7,13296,year_end_registered_population,52.6474127557
2025,桃園市,新屋區,住宅竊盜,11,49723,year_end_registered_population,22.1225589767
2025,桃園市,新屋區,搶奪,1,49723,year_end_registered_population,2.0111417252
2025,桃園市,新屋區,機車竊盜,10,49723,year_end_registered_population,20.1114172516
2025,桃園市,新屋區,毒品,64,49723,year_end_registered_population,128.7130704101
2025,桃園市,新屋區,汽車竊盜,7,49723,year_end_registered_population,14.0779920761
2025,桃園市,桃園區,住宅竊盜,30,478487,year_end_registered_population,6.2697628149
2025,桃園市,桃園區,強制性交,3,478487,year_end_registered_population,0.6269762815
2025,桃園市,桃園區,強盜,2,478487,year_end_registered_population,0.4179841877
2025,桃園市,桃園區,搶奪,2,478487,year_end_registered_population,0.4179841877
2025,桃園市,桃園區,機車竊盜,84,478487,year_end_registered_population,17.5553358816
2025,桃園市,桃園區,毒品,652,478487,year_end_registered_population,136.2628451766
2025,桃園市,桃園區,汽車竊盜,12,478487,year_end_registered_population,2.5079051259
2025,桃園市,楊梅區,住宅竊盜,38,182837,year_end_registered_population,20.7835394368
2025,桃園市,楊梅區,強制性交,5,182837,year_end_registered_population,2.7346762417
2025,桃園市,楊梅區,強盜,2,182837,year_end_registered_population,1.0938704967
2025,桃園市,楊梅區,機車竊盜,29,182837,year_end_registered_population,15.8611222017
2025,桃園市,楊梅區,毒品,196,182837,year_end_registered_population,107.1993086738
2025,桃園市,楊梅區,汽車竊盜,20,182837,year_end_registered_population,10.9387049667
2025,桃園市,蘆竹區,住宅竊盜,45,170556,year_end_registered_population,26.384296067
2025,桃園市,蘆竹區,強制性交,4,170556,year_end_registered_population,2.3452707615
2025,桃園市,蘆竹區,強盜,1,170556,year_end_registered_population,0.5863176904
2025,桃園市,蘆竹區,搶奪,3,170556,year_end_registered_population,1.7589530711
2025,桃園市,蘆竹區,機車竊盜,14,170556,year_end_registered_population,8.2084476653
2025,桃園市,蘆竹區,毒品,149,170556,year_end_registered_population,87.3613358662
2025,桃園市,蘆竹區,汽車竊盜,10,170556,year_end_registered_population,5.8631769038
2025,桃園市,觀音區,住宅竊盜,27,77526,year_end_registered_population,34.827025772
2025,桃園市,觀音區,強制性交,3,77526,year_end_registered_population,3.8696695302
2025,桃園市,觀音區,機車竊盜,21,77526,year_end_registered_population,27.0876867116
2025,桃園市,觀音區,毒品,76,77526,year_end_registered_population,98.031628099
2025,桃園市,觀音區,汽車竊盜,12,77526,year_end_registered_population,15.4786781209
2025,桃園市,龍潭區,住宅竊盜,62,127360,year_end_registered_population,48.6809045226
2025,桃園市,龍潭區,強制性交,1,127360,year_end_registered_population,0.7851758794
2025,桃園市,龍潭區,強盜,2,127360,year_end_registered_population,1.5703517588
2025,桃園市,龍潭區,機車竊盜,25,127360,year_end_registered_population,19.6293969849
2025,桃園市,龍潭區,毒品,156,127360,year_end_registered_population,122.4874371859
2025,桃園市,龍潭區,汽車竊盜,6,127360,year_end_registered_population,4.7110552764
2025,桃園市,龜山區,住宅竊盜,103,188328,year_end_registered_population,54.6918142815
2025,桃園市,龜山區,強制性交,2,188328,year_end_registered_population,1.0619769763
2025,桃園市,龜山區,強盜,2,188328,year_end_registered_population,1.0619769763
2025,桃園市,龜山區,機車竊盜,37,188328,year_end_registered_population,19.6465740623
2025,桃園市,龜山區,毒品,225,188328,year_end_registered_population,119.4724098382
2025,桃園市,龜山區,汽車竊盜,12,188328,year_end_registered_population,6.371861858
2025,澎湖縣,七美鄉,住宅竊盜,1,3914,year_end_registered_population,25.5493101686
2025,澎湖縣,望安鄉,住宅竊盜,1,5266,year_end_registered_population,18.9897455374
2025,澎湖縣,湖西鄉,住宅竊盜,5,16131,year_end_registered_population,30.9962184613
2025,澎湖縣,湖西鄉,毒品,12,16131,year_end_registered_population,74.3909243072
2025,澎湖縣,湖西鄉,汽車竊盜,2,16131,year_end_registered_population,12.3984873845
2025,澎湖縣,白沙鄉,住宅竊盜,4,10084,year_end_registered_population,39.6667988893
2025,澎湖縣,白沙鄉,毒品,2,10084,year_end_registered_population,19.8333994447
2025,澎湖縣,西嶼鄉,住宅竊盜,4,8039,year_end_registered_population,49.7574325165
2025,澎湖縣,馬公市,住宅竊盜,50,63282,year_end_registered_population,79.0114092475
2025,澎湖縣,馬公市,強制性交,6,63282,year_end_registered_population,9.4813691097
2025,澎湖縣,馬公市,機車竊盜,9,63282,year_end_registered_population,14.2220536645
2025,澎湖縣,馬公市,毒品,49,63282,year_end_registered_population,77.4311810625
2025,臺中市,中區,住宅竊盜,12,18029,year_end_registered_population,66.5594320262
2025,臺中市,中區,強制性交,1,18029,year_end_registered_population,5.5466193355
2025,臺中市,中區,搶奪,2,18029,year_end_registered_population,11.093238671
2025,臺中市,中區,機車竊盜,25,18029,year_end_registered_population,138.6654833879
2025,臺中市,中區,毒品,106,18029,year_end_registered_population,587.9416495646
2025,臺中市,中區,汽車竊盜,1,18029,year_end_registered_population,5.5466193355
2025,臺中市,北區,住宅竊盜,13,143537,year_end_registered_population,9.0568982214
2025,臺中市,北區,強盜,1,143537,year_end_registered_population,0.6966844786
2025,臺中市,北區,機車竊盜,41,143537,year_end_registered_population,28.5640636212
2025,臺中市,北區,毒品,301,143537,year_end_registered_population,209.7020280485
2025,臺中市,北區,汽車竊盜,1,143537,year_end_registered_population,0.6966844786
2025,臺中市,北屯區,住宅竊盜,83,317182,year_end_registered_population,26.1679414343
2025,臺中市,北屯區,強盜,1,317182,year_end_registered_population,0.3152764028
2025,臺中市,北屯區,搶奪,1,317182,year_end_registered_population,0.3152764028
2025,臺中市,北屯區,機車竊盜,30,317182,year_end_registered_population,9.4582920847
2025,臺中市,北屯區,毒品,252,317182,year_end_registered_population,79.4496535112
2025,臺中市,北屯區,汽車竊盜,1,317182,year_end_registered_population,0.3152764028
2025,臺中市,南區,住宅竊盜,33,128309,year_end_registered_population,25.7191623347
2025,臺中市,南區,機車竊盜,35,128309,year_end_registered_population,27.2778994459
2025,臺中市,南區,毒品,57,128309,year_end_registered_population,44.424007669
2025,臺中市,南區,汽車竊盜,6,128309,year_end_registered_population,4.6762113336
2025,臺中市,南屯區,住宅竊盜,11,186105,year_end_registered_population,5.910641842
2025,臺中市,南屯區,強制性交,1,186105,year_end_registered_population,0.5373310765
2025,臺中市,南屯區,搶奪,1,186105,year_end_registered_population,0.5373310765
2025,臺中市,南屯區,機車竊盜,9,186105,year_end_registered_population,4.8359796889
2025,臺中市,南屯區,毒品,106,186105,year_end_registered_population,56.9570941135
2025,臺中市,南屯區,汽車竊盜,4,186105,year_end_registered_population,2.1493243062
2025,臺中市,后里區,住宅竊盜,31,52754,year_end_registered_population,58.7633165258
2025,臺中市,后里區,強制性交,2,52754,year_end_registered_population,3.7911817113
2025,臺中市,后里區,強盜,1,52754,year_end_registered_population,1.8955908557
2025,臺中市,后里區,機車竊盜,16,52754,year_end_registered_population,30.3294536907
2025,臺中市,后里區,毒品,34,52754,year_end_registered_population,64.4500890928
2025,臺中市,后里區,汽車竊盜,6,52754,year_end_registered_population,11.373545134
2025,臺中市,后里區,組織犯罪防制條例,1,52754,year_end_registered_population,1.8955908557
2025,臺中市,和平區,住宅竊盜,5,10469,year_end_registered_population,47.7600534913
2025,臺中市,和平區,機車竊盜,3,10469,year_end_registered_population,28.6560320948
2025,臺中市,和平區,毒品,10,10469,year_end_registered_population,95.5201069825
2025,臺中市,外埔區,住宅竊盜,8,30823,year_end_registered_population,25.9546442592
2025,臺中市,外埔區,機車竊盜,9,30823,year_end_registered_population,29.1989747916
2025,臺中市,外埔區,毒品,17,30823,year_end_registered_population,55.1536190507
2025,臺中市,外埔區,汽車竊盜,1,30823,year_end_registered_population,3.2443305324
2025,臺中市,大安區,住宅竊盜,14,17487,year_end_registered_population,80.0594727512
2025,臺中市,大安區,機車竊盜,1,17487,year_end_registered_population,5.7185337679
2025,臺中市,大安區,毒品,7,17487,year_end_registered_population,40.0297363756
2025,臺中市,大甲區,住宅竊盜,33,73108,year_end_registered_population,45.1386989112
2025,臺中市,大甲區,機車竊盜,12,73108,year_end_registered_population,16.4140723313
2025,臺中市,大甲區,毒品,51,73108,year_end_registered_population,69.7598074082
2025,臺中市,大甲區,汽車竊盜,4,73108,year_end_registered_population,5.4713574438
2025,臺中市,大肚區,住宅竊盜,15,55255,year_end_registered_population,27.1468645371
2025,臺中市,大肚區,機車竊盜,3,55255,year_end_registered_population,5.4293729074
2025,臺中市,大肚區,毒品,34,55255,year_end_registered_population,61.5328929509
2025,臺中市,大肚區,汽車竊盜,3,55255,year_end_registered_population,5.4293729074
2025,臺中市,大里區,住宅竊盜,57,211094,year_end_registered_population,27.0021885984
2025,臺中市,大里區,強盜,3,211094,year_end_registered_population,1.421167821
2025,臺中市,大里區,搶奪,1,211094,year_end_registered_population,0.473722607
2025,臺中市,大里區,機車竊盜,21,211094,year_end_registered_population,9.9481747468
2025,臺中市,大里區,毒品,121,211094,year_end_registered_population,57.3204354458
2025,臺中市,大里區,汽車竊盜,7,211094,year_end_registered_population,3.3160582489
2025,臺中市,大雅區,住宅竊盜,21,94741,year_end_registered_population,22.165693839
2025,臺中市,大雅區,機車竊盜,14,94741,year_end_registered_population,14.777129226
2025,臺中市,大雅區,毒品,68,94741,year_end_registered_population,71.7746276691
2025,臺中市,大雅區,汽車竊盜,3,94741,year_end_registered_population,3.1665276913
2025,臺中市,太平區,住宅竊盜,20,201536,year_end_registered_population,9.9237853287
2025,臺中市,太平區,強制性交,1,201536,year_end_registered_population,0.4961892664
2025,臺中市,太平區,機車竊盜,14,201536,year_end_registered_population,6.9466497301
2025,臺中市,太平區,毒品,176,201536,year_end_registered_population,87.3293108923
2025,臺中市,太平區,汽車竊盜,2,201536,year_end_registered_population,0.9923785329
2025,臺中市,太平區,組織犯罪防制條例,1,201536,year_end_registered_population,0.4961892664
2025,臺中市,新社區,住宅竊盜,2,22579,year_end_registered_population,8.8577882103
2025,臺中市,新社區,機車竊盜,4,22579,year_end_registered_population,17.7155764206
2025,臺中市,新社區,毒品,5,22579,year_end_registered_population,22.1444705257
2025,臺中市,東勢區,住宅竊盜,9,46488,year_end_registered_population,19.3598347961
2025,臺中市,東勢區,機車竊盜,10,46488,year_end_registered_population,21.5109275512
2025,臺中市,東勢區,毒品,63,46488,year_end_registered_population,135.5188435725
2025,臺中市,東勢區,汽車竊盜,5,46488,year_end_registered_population,10.7554637756
2025,臺中市,東區,住宅竊盜,48,77745,year_end_registered_population,61.7403048428
2025,臺中市,東區,機車竊盜,44,77745,year_end_registered_population,56.5952794392
2025,臺中市,東區,毒品,92,77745,year_end_registered_population,118.3355842819
2025,臺中市,東區,汽車竊盜,5,77745,year_end_registered_population,6.4312817545
2025,臺中市,梧棲區,住宅竊盜,30,65685,year_end_registered_population,45.6725279744
2025,臺中市,梧棲區,強盜,1,65685,year_end_registered_population,1.5224175991
2025,臺中市,梧棲區,機車竊盜,11,65685,year_end_registered_population,16.7465935906
2025,臺中市,梧棲區,毒品,36,65685,year_end_registered_population,54.8070335693
2025,臺中市,梧棲區,汽車竊盜,3,65685,year_end_registered_population,4.5672527974
2025,臺中市,沙鹿區,住宅竊盜,60,101419,year_end_registered_population,59.16051233
2025,臺中市,沙鹿區,強盜,1,101419,year_end_registered_population,0.9860085388
2025,臺中市,沙鹿區,機車竊盜,19,101419,year_end_registered_population,18.7341622378
2025,臺中市,沙鹿區,毒品,75,101419,year_end_registered_population,73.9506404125
2025,臺中市,沙鹿區,汽車竊盜,2,101419,year_end_registered_population,1.9720170777
2025,臺中市,清水區,住宅竊盜,37,90640,year_end_registered_population,40.8208296558
2025,臺中市,清水區,強盜,1,90640,year_end_registered_population,1.1032656664
2025,臺中市,清水區,機車竊盜,7,90640,year_end_registered_population,7.7228596646
2025,臺中市,清水區,毒品,47,90640,year_end_registered_population,51.8534863195
2025,臺中市,清水區,汽車竊盜,2,90640,year_end_registered_population,2.2065313327
2025,臺中市,潭子區,住宅竊盜,17,109314,year_end_registered_population,15.5515304536
2025,臺中市,潭子區,機車竊盜,8,109314,year_end_registered_population,7.3183672723
2025,臺中市,潭子區,毒品,87,109314,year_end_registered_population,79.5872440858
2025,臺中市,潭子區,汽車竊盜,2,109314,year_end_registered_population,1.8295918181
2025,臺中市,烏日區,住宅竊盜,25,82248,year_end_registered_population,30.3958758876
2025,臺中市,烏日區,搶奪,1,82248,year_end_registered_population,1.2158350355
2025,臺中市,烏日區,機車竊盜,12,82248,year_end_registered_population,14.590020426
2025,臺中市,烏日區,毒品,55,82248,year_end_registered_population,66.8709269526
2025,臺中市,烏日區,汽車竊盜,4,82248,year_end_registered_population,4.863340142
2025,臺中市,石岡區,住宅竊盜,1,13668,year_end_registered_population,7.3163593796
2025,臺中市,石岡區,機車竊盜,1,13668,year_end_registered_population,7.3163593796
2025,臺中市,石岡區,毒品,7,13668,year_end_registered_population,51.214515657
2025,臺中市,石岡區,汽車竊盜,2,13668,year_end_registered_population,14.6327187591
2025,臺中市,神岡區,住宅竊盜,8,63271,year_end_registered_population,12.6440233282
2025,臺中市,神岡區,強制性交,1,63271,year_end_registered_population,1.580502916
2025,臺中市,神岡區,機車竊盜,4,63271,year_end_registered_population,6.3220116641
2025,臺中市,神岡區,毒品,36,63271,year_end_registered_population,56.898104977
2025,臺中市,神岡區,汽車竊盜,2,63271,year_end_registered_population,3.1610058321
2025,臺中市,西區,住宅竊盜,22,113288,year_end_registered_population,19.4195325189
2025,臺中市,西區,搶奪,2,113288,year_end_registered_population,1.7654120472
2025,臺中市,西區,機車竊盜,15,113288,year_end_registered_population,13.2405903538
2025,臺中市,西區,毒品,87,113288,year_end_registered_population,76.795424052
2025,臺中市,西區,汽車竊盜,2,113288,year_end_registered_population,1.7654120472
2025,臺中市,西屯區,住宅竊盜,11,238052,year_end_registered_population,4.6208391444
2025,臺中市,西屯區,強盜,1,238052,year_end_registered_population,0.4200762859
2025,臺中市,西屯區,搶奪,1,238052,year_end_registered_population,0.4200762859
2025,臺中市,西屯區,機車竊盜,38,238052,year_end_registered_population,15.9628988624
2025,臺中市,西屯區,毒品,391,238052,year_end_registered_population,164.2498277687
2025,臺中市,西屯區,汽車竊盜,6,238052,year_end_registered_population,2.5204577151
2025,臺中市,豐原區,住宅竊盜,25,161771,year_end_registered_population,15.4539441556
2025,臺中市,豐原區,搶奪,1,161771,year_end_registered_population,0.6181577662
2025,臺中市,豐原區,機車竊盜,28,161771,year_end_registered_population,17.3084174543
2025,臺中市,豐原區,毒品,59,161771,year_end_registered_population,36.4713082073
2025,臺中市,豐原區,汽車竊盜,5,161771,year_end_registered_population,3.0907888311
2025,臺中市,霧峰區,住宅竊盜,15,62627,year_end_registered_population,23.9513308956
2025,臺中市,霧峰區,機車竊盜,16,62627,year_end_registered_population,25.5480862887
2025,臺中市,霧峰區,毒品,32,62627,year_end_registered_population,51.0961725773
2025,臺中市,龍井區,住宅竊盜,37,79241,year_end_registered_population,46.6929998359
2025,臺中市,龍井區,機車竊盜,7,79241,year_end_registered_population,8.8338107798
2025,臺中市,龍井區,毒品,84,79241,year_end_registered_population,106.0057293573
2025,臺中市,龍井區,汽車竊盜,3,79241,year_end_registered_population,3.7859189056
2025,臺北市,中山區,住宅竊盜,24,212152,year_end_registered_population,11.3126437648
2025,臺北市,中山區,強制性交,1,212152,year_end_registered_population,0.4713601569
2025,臺北市,中山區,強盜,2,212152,year_end_registered_population,0.9427203137
2025,臺北市,中山區,搶奪,2,212152,year_end_registered_population,0.9427203137
2025,臺北市,中山區,機車竊盜,18,212152,year_end_registered_population,8.4844828236
2025,臺北市,中山區,毒品,425,212152,year_end_registered_population,200.3280666692
2025,臺北市,中山區,汽車竊盜,1,212152,year_end_registered_population,0.4713601569
2025,臺北市,中正區,住宅竊盜,16,144109,year_end_registered_population,11.1027069787
2025,臺北市,中正區,強制性交,1,144109,year_end_registered_population,0.6939191862
2025,臺北市,中正區,強盜,1,144109,year_end_registered_population,0.6939191862
2025,臺北市,中正區,機車竊盜,21,144109,year_end_registered_population,14.5723029096
2025,臺北市,中正區,毒品,126,144109,year_end_registered_population,87.4338174576
2025,臺北市,中正區,汽車竊盜,1,144109,year_end_registered_population,0.6939191862
2025,臺北市,信義區,住宅竊盜,17,201446,year_end_registered_population,8.4389861303
2025,臺北市,信義區,強制性交,1,201446,year_end_registered_population,0.4964109488
2025,臺北市,信義區,強盜,3,201446,year_end_registered_population,1.4892328465
2025,臺北市,信義區,機車竊盜,13,201446,year_end_registered_population,6.4533423349
2025,臺北市,信義區,毒品,160,201446,year_end_registered_population,79.4257518144
2025,臺北市,信義區,汽車竊盜,2,201446,year_end_registered_population,0.9928218977
2025,臺北市,內湖區,住宅竊盜,13,267959,year_end_registered_population,4.851488474
2025,臺北市,內湖區,機車竊盜,6,267959,year_end_registered_population,2.2391485265
2025,臺北市,內湖區,毒品,211,267959,year_end_registered_population,78.743389847
2025,臺北市,內湖區,汽車竊盜,1,267959,year_end_registered_population,0.3731914211
2025,臺北市,北投區,住宅竊盜,29,235678,year_end_registered_population,12.3049245157
2025,臺北市,北投區,強制性交,1,235678,year_end_registered_population,0.4243077419
2025,臺北市,北投區,強盜,1,235678,year_end_registered_population,0.4243077419
2025,臺北市,北投區,搶奪,1,235678,year_end_registered_population,0.4243077419
2025,臺北市,北投區,機車竊盜,11,235678,year_end_registered_population,4.6673851611
2025,臺北市,北投區,毒品,177,235678,year_end_registered_population,75.1024703197
2025,臺北市,北投區,汽車竊盜,1,235678,year_end_registered_population,0.4243077419
2025,臺北市,南港區,住宅竊盜,17,111239,year_end_registered_population,15.2824099462
2025,臺北市,南港區,搶奪,2,111239,year_end_registered_population,1.7979305819
2025,臺北市,南港區,機車竊盜,9,111239,year_end_registered_population,8.0906876186
2025,臺北市,南港區,毒品,106,111239,year_end_registered_population,95.2903208407
2025,臺北市,南港區,汽車竊盜,1,111239,year_end_registered_population,0.898965291
2025,臺北市,士林區,住宅竊盜,49,258163,year_end_registered_population,18.9802566596
2025,臺北市,士林區,強盜,1,258163,year_end_registered_population,0.3873521767
2025,臺北市,士林區,機車竊盜,19,258163,year_end_registered_population,7.3596913578
2025,臺北市,士林區,毒品,179,258163,year_end_registered_population,69.3360396339
2025,臺北市,士林區,汽車竊盜,3,258163,year_end_registered_population,1.1620565302
2025,臺北市,大同區,住宅竊盜,14,116618,year_end_registered_population,12.0050078033
2025,臺北市,大同區,強盜,1,116618,year_end_registered_population,0.8575005574
2025,臺北市,大同區,搶奪,2,116618,year_end_registered_population,1.7150011148
2025,臺北市,大同區,機車竊盜,12,116618,year_end_registered_population,10.2900066885
2025,臺北市,大同區,毒品,222,116618,year_end_registered_population,190.3651237373
2025,臺北市,大同區,汽車竊盜,2,116618,year_end_registered_population,1.7150011148
2025,臺北市,大安區,住宅竊盜,13,282328,year_end_registered_population,4.604573404
2025,臺北市,大安區,強制性交,2,282328,year_end_registered_population,0.7083959083
2025,臺北市,大安區,機車竊盜,8,282328,year_end_registered_population,2.8335836332
2025,臺北市,大安區,毒品,394,282328,year_end_registered_population,139.5539939361
2025,臺北市,文山區,住宅竊盜,20,253822,year_end_registered_population,7.8795376287
2025,臺北市,文山區,搶奪,3,253822,year_end_registered_population,1.1819306443
2025,臺北市,文山區,機車竊盜,12,253822,year_end_registered_population,4.7277225772
2025,臺北市,文山區,毒品,175,253822,year_end_registered_population,68.9459542514
2025,臺北市,文山區,汽車竊盜,3,253822,year_end_registered_population,1.1819306443
2025,臺北市,松山區,住宅竊盜,16,187318,year_end_registered_population,8.5416244034
2025,臺北市,松山區,強制性交,1,187318,year_end_registered_population,0.5338515252
2025,臺北市,松山區,機車竊盜,9,187318,year_end_registered_population,4.8046637269
2025,臺北市,松山區,毒品,88,187318,year_end_registered_population,46.9789342188
2025,臺北市,松山區,汽車竊盜,2,187318,year_end_registered_population,1.0677030504
2025,臺北市,松山區,組織犯罪防制條例,1,187318,year_end_registered_population,0.5338515252
2025,臺北市,萬華區,住宅竊盜,21,168675,year_end_registered_population,12.4499777679
2025,臺北市,萬華區,強制性交,4,168675,year_end_registered_population,2.3714243367
2025,臺北市,萬華區,強盜,3,168675,year_end_registered_population,1.7785682526
2025,臺北市,萬華區,搶奪,9,168675,year_end_registered_population,5.3357047577
2025,臺北市,萬華區,機車竊盜,27,168675,year_end_registered_population,16.007114273
2025,臺北市,萬華區,毒品,947,168675,year_end_registered_population,561.4347117237
2025,臺北市,萬華區,汽車竊盜,3,168675,year_end_registered_population,1.7785682526
2025,臺南市,七股區,住宅竊盜,1,20493,year_end_registered_population,4.8797150246
2025,臺南市,七股區,強盜,1,20493,year_end_registered_population,4.8797150246
2025,臺南市,七股區,機車竊盜,5,20493,year_end_registered_population,24.3985751232
2025,臺南市,七股區,毒品,7,20493,year_end_registered_population,34.1580051725
2025,臺南市,七股區,汽車竊盜,1,20493,year_end_registered_population,4.8797150246
2025,臺南市,下營區,住宅竊盜,2,21742,year_end_registered_population,9.1987857603
2025,臺南市,下營區,機車竊盜,1,21742,year_end_registered_population,4.5993928801
2025,臺南市,下營區,毒品,9,21742,year_end_registered_population,41.3945359213
2025,臺南市,下營區,汽車竊盜,2,21742,year_end_registered_population,9.1987857603
2025,臺南市,中西區,住宅竊盜,10,75802,year_end_registered_population,13.1922640564
2025,臺南市,中西區,強制性交,1,75802,year_end_registered_population,1.3192264056
2025,臺南市,中西區,強盜,2,75802,year_end_registered_population,2.6384528113
2025,臺南市,中西區,搶奪,2,75802,year_end_registered_population,2.6384528113
2025,臺南市,中西區,機車竊盜,22,75802,year_end_registered_population,29.022980924
2025,臺南市,中西區,毒品,233,75802,year_end_registered_population,307.3797525131
2025,臺南市,仁德區,住宅竊盜,13,77496,year_end_registered_population,16.7750593579
2025,臺南市,仁德區,強制性交,2,77496,year_end_registered_population,2.5807783628
2025,臺南市,仁德區,強盜,1,77496,year_end_registered_population,1.2903891814
2025,臺南市,仁德區,機車竊盜,10,77496,year_end_registered_population,12.9038918138
2025,臺南市,仁德區,毒品,106,77496,year_end_registered_population,136.781253226
2025,臺南市,仁德區,汽車竊盜,2,77496,year_end_registered_population,2.5807783628
2025,臺南市,佳里區,住宅竊盜,5,58328,year_end_registered_population,8.5722123166
2025,臺南市,佳里區,強制性交,2,58328,year_end_registered_population,3.4288849266
2025,臺南市,佳里區,機車竊盜,2,58328,year_end_registered_population,3.4288849266
2025,臺南市,佳里區,毒品,30,58328,year_end_registered_population,51.4332738993
2025,臺南市,六甲區,住宅竊盜,1,20880,year_end_registered_population,4.7892720307
2025,臺南市,六甲區,毒品,11,20880,year_end_registered_population,52.6819923372
2025,臺南市,北區,住宅竊盜,6,125439,year_end_registered_population,4.7832013967
2025,臺南市,北區,強制性交,1,125439,year_end_registered_population,0.7972002328
2025,臺南市,北區,強盜,2,125439,year_end_registered_population,1.5944004656
2025,臺南市,北區,搶奪,2,125439,year_end_registered_population,1.5944004656
2025,臺南市,北區,機車竊盜,15,125439,year_end_registered_population,11.9580034917
2025,臺南市,北區,毒品,216,125439,year_end_registered_population,172.195250281
2025,臺南市,北區,汽車竊盜,2,125439,year_end_registered_population,1.5944004656
2025,臺南市,北區,組織犯罪防制條例,1,125439,year_end_registered_population,0.7972002328
2025,臺南市,北門區,住宅竊盜,1,9436,year_end_registered_population,10.5977108944
2025,臺南市,北門區,機車竊盜,1,9436,year_end_registered_population,10.5977108944
2025,臺南市,北門區,毒品,6,9436,year_end_registered_population,63.5862653667
2025,臺南市,南化區,住宅竊盜,3,7606,year_end_registered_population,39.4425453589
2025,臺南市,南化區,毒品,7,7606,year_end_registered_population,92.0326058375
2025,臺南市,南區,住宅竊盜,10,119121,year_end_registered_population,8.3948254296
2025,臺南市,南區,機車竊盜,15,119121,year_end_registered_population,12.5922381444
2025,臺南市,南區,毒品,82,119121,year_end_registered_population,68.8375685228
2025,臺南市,南區,汽車竊盜,1,119121,year_end_registered_population,0.839482543
2025,臺南市,南區,組織犯罪防制條例,1,119121,year_end_registered_population,0.839482543
2025,臺南市,善化區,機車竊盜,6,53888,year_end_registered_population,11.1342042755
2025,臺南市,善化區,毒品,78,53888,year_end_registered_population,144.7446555819
2025,臺南市,善化區,汽車竊盜,1,53888,year_end_registered_population,1.8557007126
2025,臺南市,大內區,毒品,8,8427,year_end_registered_population,94.9329536015
2025,臺南市,學甲區,住宅竊盜,5,24365,year_end_registered_population,20.5212394829
2025,臺南市,學甲區,毒品,18,24365,year_end_registered_population,73.8764621383
2025,臺南市,安南區,住宅竊盜,8,204534,year_end_registered_population,3.9113301456
2025,臺南市,安南區,強制性交,3,204534,year_end_registered_population,1.4667488046
2025,臺南市,安南區,強盜,3,204534,year_end_registered_population,1.4667488046
2025,臺南市,安南區,機車竊盜,8,204534,year_end_registered_population,3.9113301456
2025,臺南市,安南區,毒品,160,204534,year_end_registered_population,78.226602912
2025,臺南市,安南區,汽車竊盜,6,204534,year_end_registered_population,2.9334976092
2025,臺南市,安定區,機車竊盜,5,29783,year_end_registered_population,16.7881005943
2025,臺南市,安定區,毒品,38,29783,year_end_registered_population,127.5895645167
2025,臺南市,安定區,汽車竊盜,1,29783,year_end_registered_population,3.3576201189
2025,臺南市,安平區,住宅竊盜,2,71256,year_end_registered_population,2.8067811833
2025,臺南市,安平區,機車竊盜,2,71256,year_end_registered_population,2.8067811833
2025,臺南市,安平區,毒品,45,71256,year_end_registered_population,63.1525766251
2025,臺南市,官田區,住宅竊盜,5,20527,year_end_registered_population,24.3581624202
2025,臺南市,官田區,機車竊盜,5,20527,year_end_registered_population,24.3581624202
2025,臺南市,官田區,毒品,6,20527,year_end_registered_population,29.2297949043
2025,臺南市,官田區,汽車竊盜,4,20527,year_end_registered_population,19.4865299362
2025,臺南市,將軍區,住宅竊盜,1,17598,year_end_registered_population,5.6824639164
2025,臺南市,將軍區,搶奪,1,17598,year_end_registered_population,5.6824639164
2025,臺南市,將軍區,機車竊盜,3,17598,year_end_registered_population,17.0473917491
2025,臺南市,將軍區,毒品,6,17598,year_end_registered_population,34.0947834981
2025,臺南市,將軍區,汽車竊盜,1,17598,year_end_registered_population,5.6824639164
2025,臺南市,山上區,住宅竊盜,1,6796,year_end_registered_population,14.7145379635
2025,臺南市,山上區,毒品,10,6796,year_end_registered_population,147.1453796351
2025,臺南市,左鎮區,住宅竊盜,3,4095,year_end_registered_population,73.2600732601
2025,臺南市,左鎮區,機車竊盜,2,4095,year_end_registered_population,48.84004884
2025,臺南市,左鎮區,毒品,2,4095,year_end_registered_population,48.84004884
2025,臺南市,後壁區,住宅竊盜,2,20840,year_end_registered_population,9.5969289827
2025,臺南市,後壁區,機車竊盜,4,20840,year_end_registered_population,19.1938579655
2025,臺南市,後壁區,毒品,3,20840,year_end_registered_population,14.3953934741
2025,臺南市,新化區,住宅竊盜,8,41932,year_end_registered_population,19.0785080607
2025,臺南市,新化區,強盜,1,41932,year_end_registered_population,2.3848135076
2025,臺南市,新化區,機車竊盜,4,41932,year_end_registered_population,9.5392540303
2025,臺南市,新化區,毒品,20,41932,year_end_registered_population,47.6962701517
2025,臺南市,新化區,汽車竊盜,1,41932,year_end_registered_population,2.3848135076
2025,臺南市,新市區,住宅竊盜,1,38279,year_end_registered_population,2.612398443
2025,臺南市,新市區,機車竊盜,5,38279,year_end_registered_population,13.0619922151
2025,臺南市,新市區,毒品,23,38279,year_end_registered_population,60.0851641892
2025,臺南市,新營區,住宅竊盜,5,74493,year_end_registered_population,6.7120400575
2025,臺南市,新營區,強盜,1,74493,year_end_registered_population,1.3424080115
2025,臺南市,新營區,搶奪,2,74493,year_end_registered_population,2.684816023
2025,臺南市,新營區,機車竊盜,16,74493,year_end_registered_population,21.4785281839
2025,臺南市,新營區,毒品,60,74493,year_end_registered_population,80.5444806895
2025,臺南市,新營區,汽車竊盜,2,74493,year_end_registered_population,2.684816023
2025,臺南市,東區,住宅竊盜,4,180856,year_end_registered_population,2.2117043394
2025,臺南市,東區,強制性交,2,180856,year_end_registered_population,1.1058521697
2025,臺南市,東區,強盜,1,180856,year_end_registered_population,0.5529260848
2025,臺南市,東區,搶奪,1,180856,year_end_registered_population,0.5529260848
2025,臺南市,東區,機車竊盜,15,180856,year_end_registered_population,8.2938912726
2025,臺南市,東區,毒品,107,180856,year_end_registered_population,59.163091078
2025,臺南市,東區,汽車竊盜,2,180856,year_end_registered_population,1.1058521697
2025,臺南市,東山區,住宅竊盜,1,18490,year_end_registered_population,5.4083288264
2025,臺南市,東山區,機車竊盜,3,18490,year_end_registered_population,16.2249864792
2025,臺南市,東山區,毒品,12,18490,year_end_registered_population,64.8999459167
2025,臺南市,柳營區,住宅竊盜,2,19831,year_end_registered_population,10.0852201099
2025,臺南市,柳營區,搶奪,1,19831,year_end_registered_population,5.042610055
2025,臺南市,柳營區,機車竊盜,3,19831,year_end_registered_population,15.1278301649
2025,臺南市,柳營區,毒品,13,19831,year_end_registered_population,65.5539307145
2025,臺南市,楠西區,住宅竊盜,1,8392,year_end_registered_population,11.9161105815
2025,臺南市,楠西區,毒品,9,8392,year_end_registered_population,107.2449952336
2025,臺南市,歸仁區,住宅竊盜,3,70574,year_end_registered_population,4.2508572562
2025,臺南市,歸仁區,機車竊盜,8,70574,year_end_registered_population,11.3356193499
2025,臺南市,歸仁區,毒品,51,70574,year_end_registered_population,72.2645733556
2025,臺南市,歸仁區,汽車竊盜,3,70574,year_end_registered_population,4.2508572562
2025,臺南市,永康區,住宅竊盜,16,235805,year_end_registered_population,6.785267488
2025,臺南市,永康區,強制性交,5,235805,year_end_registered_population,2.12039609
2025,臺南市,永康區,強盜,4,235805,year_end_registered_population,1.696316872
2025,臺南市,永康區,搶奪,1,235805,year_end_registered_population,0.424079218
2025,臺南市,永康區,機車竊盜,34,235805,year_end_registered_population,14.4186934119
2025,臺南市,永康區,毒品,335,235805,year_end_registered_population,142.0665380293
2025,臺南市,永康區,汽車竊盜,2,235805,year_end_registered_population,0.848158436
2025,臺南市,永康區,組織犯罪防制條例,1,235805,year_end_registered_population,0.424079218
2025,臺南市,玉井區,住宅竊盜,2,12674,year_end_registered_population,15.7803376992
2025,臺南市,玉井區,機車竊盜,5,12674,year_end_registered_population,39.4508442481
2025,臺南市,玉井區,毒品,4,12674,year_end_registered_population,31.5606753985
2025,臺南市,玉井區,汽車竊盜,1,12674,year_end_registered_population,7.8901688496
2025,臺南市,白河區,住宅竊盜,2,24948,year_end_registered_population,8.0166746833
2025,臺南市,白河區,機車竊盜,5,24948,year_end_registered_population,20.0416867084
2025,臺南市,白河區,毒品,34,24948,year_end_registered_population,136.2834696168
2025,臺南市,西港區,住宅竊盜,2,24811,year_end_registered_population,8.0609407118
2025,臺南市,西港區,強制性交,1,24811,year_end_registered_population,4.0304703559
2025,臺南市,西港區,機車竊盜,2,24811,year_end_registered_population,8.0609407118
2025,臺南市,西港區,毒品,10,24811,year_end_registered_population,40.3047035589
2025,臺南市,關廟區,住宅竊盜,2,33198,year_end_registered_population,6.0244593048
2025,臺南市,關廟區,強制性交,2,33198,year_end_registered_population,6.0244593048
2025,臺南市,關廟區,機車竊盜,1,33198,year_end_registered_population,3.0122296524
2025,臺南市,關廟區,毒品,15,33198,year_end_registered_population,45.1834447858
2025,臺南市,鹽水區,住宅竊盜,2,23635,year_end_registered_population,8.4620266554
2025,臺南市,鹽水區,強盜,2,23635,year_end_registered_population,8.4620266554
2025,臺南市,鹽水區,機車竊盜,4,23635,year_end_registered_population,16.9240533108
2025,臺南市,鹽水區,毒品,40,23635,year_end_registered_population,169.2405331077
2025,臺南市,麻豆區,住宅竊盜,3,42873,year_end_registered_population,6.9974109579
2025,臺南市,麻豆區,機車竊盜,3,42873,year_end_registered_population,6.9974109579
2025,臺南市,麻豆區,毒品,17,42873,year_end_registered_population,39.6519954284
2025,臺南市,麻豆區,汽車竊盜,1,42873,year_end_registered_population,2.3324703193
2025,臺東縣,卑南鄉,住宅竊盜,4,16264,year_end_registered_population,24.5941957698
2025,臺東縣,卑南鄉,機車竊盜,2,16264,year_end_registered_population,12.2970978849
2025,臺東縣,卑南鄉,毒品,7,16264,year_end_registered_population,43.0398425971
2025,臺東縣,卑南鄉,汽車竊盜,1,16264,year_end_registered_population,6.1485489424
2025,臺東縣,大武鄉,毒品,5,5327,year_end_registered_population,93.8614604843
2025,臺東縣,太麻里鄉,機車竊盜,2,10375,year_end_registered_population,19.2771084337
2025,臺東縣,太麻里鄉,毒品,2,10375,year_end_registered_population,19.2771084337
2025,臺東縣,延平鄉,住宅竊盜,1,3547,year_end_registered_population,28.1928390189
2025,臺東縣,成功鎮,住宅竊盜,3,12754,year_end_registered_population,23.5220323036
2025,臺東縣,成功鎮,機車竊盜,2,12754,year_end_registered_population,15.6813548691
2025,臺東縣,成功鎮,毒品,5,12754,year_end_registered_population,39.2033871727
2025,臺東縣,東河鄉,住宅竊盜,5,7710,year_end_registered_population,64.850843061
2025,臺東縣,東河鄉,毒品,1,7710,year_end_registered_population,12.9701686122
2025,臺東縣,池上鄉,住宅竊盜,5,7529,year_end_registered_population,66.4098817904
2025,臺東縣,池上鄉,毒品,12,7529,year_end_registered_population,159.383716297
2025,臺東縣,海端鄉,住宅竊盜,2,4317,year_end_registered_population,46.3284688441
2025,臺東縣,綠島鄉,住宅竊盜,3,4327,year_end_registered_population,69.3321007627
2025,臺東縣,臺東市,住宅竊盜,58,102681,year_end_registered_population,56.485620514
2025,臺東縣,臺東市,強制性交,1,102681,year_end_registered_population,0.9738900089
2025,臺東縣,臺東市,強盜,1,102681,year_end_registered_population,0.9738900089
2025,臺東縣,臺東市,機車竊盜,21,102681,year_end_registered_population,20.4516901861
2025,臺東縣,臺東市,毒品,89,102681,year_end_registered_population,86.6762107888
2025,臺東縣,臺東市,汽車竊盜,6,102681,year_end_registered_population,5.8433400532
2025,臺東縣,蘭嶼鄉,機車竊盜,1,5220,year_end_registered_population,19.1570881226
2025,臺東縣,達仁鄉,機車竊盜,1,3437,year_end_registered_population,29.0951411114
2025,臺東縣,金峰鄉,住宅竊盜,1,3682,year_end_registered_population,27.1591526344
2025,臺東縣,長濱鄉,住宅竊盜,1,6469,year_end_registered_population,15.4583397743
2025,臺東縣,關山鎮,住宅竊盜,4,7757,year_end_registered_population,51.5663271883
2025,臺東縣,關山鎮,機車竊盜,4,7757,year_end_registered_population,51.5663271883
2025,臺東縣,關山鎮,毒品,7,7757,year_end_registered_population,90.2410725796
2025,臺東縣,鹿野鄉,住宅竊盜,4,6924,year_end_registered_population,57.7700751011
2025,臺東縣,鹿野鄉,毒品,6,6924,year_end_registered_population,86.6551126516
2025,花蓮縣,光復鄉,住宅竊盜,6,11478,year_end_registered_population,52.2739153163
2025,花蓮縣,光復鄉,機車竊盜,2,11478,year_end_registered_population,17.4246384388
2025,花蓮縣,光復鄉,毒品,3,11478,year_end_registered_population,26.1369576581
2025,花蓮縣,光復鄉,汽車竊盜,2,11478,year_end_registered_population,17.4246384388
2025,花蓮縣,卓溪鄉,住宅竊盜,2,5851,year_end_registered_population,34.1821910784
2025,花蓮縣,卓溪鄉,機車竊盜,1,5851,year_end_registered_population,17.0910955392
2025,花蓮縣,卓溪鄉,毒品,2,5851,year_end_registered_population,34.1821910784
2025,花蓮縣,吉安鄉,住宅竊盜,7,83004,year_end_registered_population,8.4333285143
2025,花蓮縣,吉安鄉,強盜,1,83004,year_end_registered_population,1.2047612163
2025,花蓮縣,吉安鄉,搶奪,3,83004,year_end_registered_population,3.614283649
2025,花蓮縣,吉安鄉,機車竊盜,17,83004,year_end_registered_population,20.4809406776
2025,花蓮縣,吉安鄉,毒品,89,83004,year_end_registered_population,107.2237482531
2025,花蓮縣,吉安鄉,汽車竊盜,6,83004,year_end_registered_population,7.228567298
2025,花蓮縣,壽豐鄉,住宅竊盜,2,16628,year_end_registered_population,12.027904739
2025,花蓮縣,壽豐鄉,強制性交,1,16628,year_end_registered_population,6.0139523695
2025,花蓮縣,壽豐鄉,搶奪,1,16628,year_end_registered_population,6.0139523695
2025,花蓮縣,壽豐鄉,機車竊盜,6,16628,year_end_registered_population,36.083714217
2025,花蓮縣,壽豐鄉,毒品,8,16628,year_end_registered_population,48.111618956
2025,花蓮縣,壽豐鄉,汽車竊盜,1,16628,year_end_registered_population,6.0139523695
2025,花蓮縣,富里鄉,住宅竊盜,2,9386,year_end_registered_population,21.3083315576
2025,花蓮縣,富里鄉,毒品,6,9386,year_end_registered_population,63.9249946729
2025,花蓮縣,新城鄉,住宅竊盜,6,20492,year_end_registered_population,29.2797189147
2025,花蓮縣,新城鄉,機車竊盜,10,20492,year_end_registered_population,48.7995315245
2025,花蓮縣,新城鄉,毒品,15,20492,year_end_registered_population,73.1992972867
2025,花蓮縣,新城鄉,汽車竊盜,1,20492,year_end_registered_population,4.8799531524
2025,花蓮縣,玉里鎮,住宅竊盜,3,21277,year_end_registered_population,14.0997321051
2025,花蓮縣,玉里鎮,機車竊盜,8,21277,year_end_registered_population,37.5992856136
2025,花蓮縣,玉里鎮,毒品,19,21277,year_end_registered_population,89.2983033322
2025,花蓮縣,玉里鎮,汽車竊盜,2,21277,year_end_registered_population,9.3998214034
2025,花蓮縣,瑞穗鄉,住宅竊盜,4,10388,year_end_registered_population,38.5059684251
2025,花蓮縣,瑞穗鄉,機車竊盜,6,10388,year_end_registered_population,57.7589526377
2025,花蓮縣,瑞穗鄉,毒品,4,10388,year_end_registered_population,38.5059684251
2025,花蓮縣,瑞穗鄉,汽車竊盜,3,10388,year_end_registered_population,28.8794763188
2025,花蓮縣,秀林鄉,住宅竊盜,5,17178,year_end_registered_population,29.1069973222
2025,花蓮縣,秀林鄉,強盜,1,17178,year_end_registered_population,5.8213994644
2025,花蓮縣,秀林鄉,搶奪,1,17178,year_end_registered_population,5.8213994644
2025,花蓮縣,秀林鄉,機車竊盜,2,17178,year_end_registered_population,11.6427989289
2025,花蓮縣,秀林鄉,毒品,6,17178,year_end_registered_population,34.9283967866
2025,花蓮縣,秀林鄉,汽車竊盜,2,17178,year_end_registered_population,11.6427989289
2025,花蓮縣,花蓮市,住宅竊盜,27,96860,year_end_registered_population,27.8752839149
2025,花蓮縣,花蓮市,強盜,2,96860,year_end_registered_population,2.0648358456
2025,花蓮縣,花蓮市,機車竊盜,51,96860,year_end_registered_population,52.6533140615
2025,花蓮縣,花蓮市,毒品,141,96860,year_end_registered_population,145.5709271113
2025,花蓮縣,花蓮市,汽車竊盜,5,96860,year_end_registered_population,5.1620896139
2025,花蓮縣,萬榮鄉,住宅竊盜,4,6047,year_end_registered_population,66.1485033901
2025,花蓮縣,萬榮鄉,毒品,2,6047,year_end_registered_population,33.0742516951
2025,花蓮縣,萬榮鄉,汽車竊盜,1,6047,year_end_registered_population,16.5371258475
2025,花蓮縣,鳳林鎮,住宅竊盜,1,10136,year_end_registered_population,9.865824783
2025,花蓮縣,鳳林鎮,強制性交,1,10136,year_end_registered_population,9.865824783
2025,花蓮縣,鳳林鎮,強盜,1,10136,year_end_registered_population,9.865824783
2025,花蓮縣,鳳林鎮,搶奪,2,10136,year_end_registered_population,19.7316495659
2025,花蓮縣,鳳林鎮,機車竊盜,2,10136,year_end_registered_population,19.7316495659
2025,花蓮縣,鳳林鎮,毒品,6,10136,year_end_registered_population,59.1949486977
2025,苗栗縣,三灣鄉,住宅竊盜,3,5664,year_end_registered_population,52.9661016949
2025,苗栗縣,三灣鄉,毒品,5,5664,year_end_registered_population,88.2768361582
2025,苗栗縣,三義鄉,住宅竊盜,12,14485,year_end_registered_population,82.8443217121
2025,苗栗縣,三義鄉,機車竊盜,6,14485,year_end_registered_population,41.4221608561
2025,苗栗縣,三義鄉,毒品,6,14485,year_end_registered_population,41.4221608561
2025,苗栗縣,三義鄉,汽車竊盜,3,14485,year_end_registered_population,20.711080428
2025,苗栗縣,公館鄉,住宅竊盜,10,30461,year_end_registered_population,32.8288631365
2025,苗栗縣,公館鄉,強制性交,1,30461,year_end_registered_population,3.2828863136
2025,苗栗縣,公館鄉,毒品,15,30461,year_end_registered_population,49.2432947047
2025,苗栗縣,卓蘭鎮,住宅竊盜,12,14483,year_end_registered_population,82.8557619278
2025,苗栗縣,卓蘭鎮,強制性交,1,14483,year_end_registered_population,6.9046468273
2025,苗栗縣,卓蘭鎮,機車竊盜,3,14483,year_end_registered_population,20.7139404819
2025,苗栗縣,卓蘭鎮,毒品,10,14483,year_end_registered_population,69.0464682731
2025,苗栗縣,卓蘭鎮,汽車竊盜,4,14483,year_end_registered_population,27.6185873093
2025,苗栗縣,南庄鄉,住宅竊盜,1,8576,year_end_registered_population,11.6604477612
2025,苗栗縣,南庄鄉,毒品,9,8576,year_end_registered_population,104.9440298507
2025,苗栗縣,大湖鄉,住宅竊盜,9,12310,year_end_registered_population,73.1112916328
2025,苗栗縣,大湖鄉,機車竊盜,3,12310,year_end_registered_population,24.3704305443
2025,苗栗縣,大湖鄉,毒品,13,12310,year_end_registered_population,105.6051990252
2025,苗栗縣,後龍鎮,住宅竊盜,4,33531,year_end_registered_population,11.9292594912
2025,苗栗縣,後龍鎮,強制性交,1,33531,year_end_registered_population,2.9823148728
2025,苗栗縣,後龍鎮,毒品,22,33531,year_end_registered_population,65.6109272017
2025,苗栗縣,後龍鎮,汽車竊盜,1,33531,year_end_registered_population,2.9823148728
2025,苗栗縣,泰安鄉,住宅竊盜,2,5401,year_end_registered_population,37.0301795964
2025,苗栗縣,泰安鄉,毒品,8,5401,year_end_registered_population,148.1207183855
2025,苗栗縣,獅潭鄉,住宅竊盜,1,3943,year_end_registered_population,25.3613999493
2025,苗栗縣,獅潭鄉,毒品,2,3943,year_end_registered_population,50.7227998986
2025,苗栗縣,竹南鎮,住宅竊盜,45,91538,year_end_registered_population,49.1599117306
2025,苗栗縣,竹南鎮,強制性交,4,91538,year_end_registered_population,4.3697699316
2025,苗栗縣,竹南鎮,強盜,1,91538,year_end_registered_population,1.0924424829
2025,苗栗縣,竹南鎮,搶奪,1,91538,year_end_registered_population,1.0924424829
2025,苗栗縣,竹南鎮,機車竊盜,18,91538,year_end_registered_population,19.6639646923
2025,苗栗縣,竹南鎮,毒品,82,91538,year_end_registered_population,89.5802835981
2025,苗栗縣,竹南鎮,汽車竊盜,8,91538,year_end_registered_population,8.7395398632
2025,苗栗縣,苑裡鎮,住宅竊盜,23,43237,year_end_registered_population,53.1951800541
2025,苗栗縣,苑裡鎮,機車竊盜,3,43237,year_end_registered_population,6.9385017462
2025,苗栗縣,苑裡鎮,毒品,32,43237,year_end_registered_population,74.0106852927
2025,苗栗縣,苑裡鎮,汽車竊盜,1,43237,year_end_registered_population,2.3128339154
2025,苗栗縣,苗栗市,住宅竊盜,64,85838,year_end_registered_population,74.5590531
2025,苗栗縣,苗栗市,強制性交,3,85838,year_end_registered_population,3.4949556141
2025,苗栗縣,苗栗市,機車竊盜,20,85838,year_end_registered_population,23.2997040938
2025,苗栗縣,苗栗市,毒品,40,85838,year_end_registered_population,46.5994081875
2025,苗栗縣,苗栗市,汽車竊盜,6,85838,year_end_registered_population,6.9899112281
2025,苗栗縣,西湖鄉,住宅竊盜,1,5875,year_end_registered_population,17.0212765957
2025,苗栗縣,西湖鄉,機車竊盜,2,5875,year_end_registered_population,34.0425531915
2025,苗栗縣,西湖鄉,毒品,3,5875,year_end_registered_population,51.0638297872
2025,苗栗縣,通霄鎮,住宅竊盜,27,30618,year_end_registered_population,88.1834215168
2025,苗栗縣,通霄鎮,強盜,2,30618,year_end_registered_population,6.5321052975
2025,苗栗縣,通霄鎮,機車竊盜,2,30618,year_end_registered_population,6.5321052975
2025,苗栗縣,通霄鎮,毒品,43,30618,year_end_registered_population,140.4402638971
2025,苗栗縣,造橋鄉,住宅竊盜,13,11548,year_end_registered_population,112.5736058192
2025,苗栗縣,造橋鄉,強制性交,3,11548,year_end_registered_population,25.9785244198
2025,苗栗縣,造橋鄉,機車竊盜,2,11548,year_end_registered_population,17.3190162799
2025,苗栗縣,造橋鄉,毒品,15,11548,year_end_registered_population,129.8926220991
2025,苗栗縣,銅鑼鄉,住宅竊盜,8,16079,year_end_registered_population,49.7543379563
2025,苗栗縣,銅鑼鄉,強制性交,1,16079,year_end_registered_population,6.2192922445
2025,苗栗縣,銅鑼鄉,機車竊盜,1,16079,year_end_registered_population,6.2192922445
2025,苗栗縣,銅鑼鄉,毒品,13,16079,year_end_registered_population,80.8507991791
2025,苗栗縣,銅鑼鄉,汽車竊盜,2,16079,year_end_registered_population,12.4385844891
2025,苗栗縣,頭份市,住宅竊盜,42,108231,year_end_registered_population,38.8058874075
2025,苗栗縣,頭份市,強制性交,2,108231,year_end_registered_population,1.8478994004
2025,苗栗縣,頭份市,強盜,1,108231,year_end_registered_population,0.9239497002
2025,苗栗縣,頭份市,搶奪,3,108231,year_end_registered_population,2.7718491005
2025,苗栗縣,頭份市,機車竊盜,20,108231,year_end_registered_population,18.4789940036
2025,苗栗縣,頭份市,毒品,137,108231,year_end_registered_population,126.5811089244
2025,苗栗縣,頭份市,汽車竊盜,2,108231,year_end_registered_population,1.8478994004
2025,苗栗縣,頭屋鄉,住宅竊盜,5,9354,year_end_registered_population,53.4530682061
2025,苗栗縣,頭屋鄉,強制性交,2,9354,year_end_registered_population,21.3812272824
2025,苗栗縣,頭屋鄉,機車竊盜,2,9354,year_end_registered_population,21.3812272824
2025,苗栗縣,頭屋鄉,毒品,5,9354,year_end_registered_population,53.4530682061
2025,連江縣,北竿鄉,住宅竊盜,1,2930,year_end_registered_population,34.1296928328
2025,連江縣,南竿鄉,住宅竊盜,1,7629,year_end_registered_population,13.1078778346
2025,連江縣,南竿鄉,強制性交,1,7629,year_end_registered_population,13.1078778346
2025,連江縣,南竿鄉,機車竊盜,1,7629,year_end_registered_population,13.1078778346
2025,連江縣,南竿鄉,毒品,2,7629,year_end_registered_population,26.2157556692
2025,連江縣,莒光鄉,住宅竊盜,1,1537,year_end_registered_population,65.0618087183
2025,金門縣,烈嶼鄉,住宅竊盜,1,12050,year_end_registered_population,8.2987551867
2025,金門縣,烈嶼鄉,毒品,3,12050,year_end_registered_population,24.8962655602
2025,金門縣,金城鎮,住宅竊盜,7,40998,year_end_registered_population,17.0740036099
2025,金門縣,金城鎮,強制性交,3,40998,year_end_registered_population,7.3174301185
2025,金門縣,金城鎮,機車竊盜,4,40998,year_end_registered_population,9.7565734914
2025,金門縣,金城鎮,毒品,14,40998,year_end_registered_population,34.1480072199
2025,金門縣,金城鎮,汽車竊盜,2,40998,year_end_registered_population,4.8782867457
2025,金門縣,金寧鄉,住宅竊盜,7,35287,year_end_registered_population,19.8373338623
2025,金門縣,金寧鄉,強制性交,1,35287,year_end_registered_population,2.8339048375
2025,金門縣,金寧鄉,機車竊盜,2,35287,year_end_registered_population,5.667809675
2025,金門縣,金寧鄉,毒品,7,35287,year_end_registered_population,19.8373338623
2025,金門縣,金寧鄉,汽車竊盜,1,35287,year_end_registered_population,2.8339048375
2025,金門縣,金沙鎮,住宅竊盜,1,19840,year_end_registered_population,5.0403225806
2025,金門縣,金沙鎮,毒品,2,19840,year_end_registered_population,10.0806451613
2025,金門縣,金湖鎮,住宅竊盜,2,30545,year_end_registered_population,6.5477164839
2025,金門縣,金湖鎮,機車竊盜,3,30545,year_end_registered_population,9.8215747258
2025,金門縣,金湖鎮,毒品,9,30545,year_end_registered_population,29.4647241774
2025,金門縣,金湖鎮,汽車竊盜,1,30545,year_end_registered_population,3.2738582419
2025,雲林縣,二崙鄉,住宅竊盜,3,24165,year_end_registered_population,12.4146492862
2025,雲林縣,二崙鄉,搶奪,1,24165,year_end_registered_population,4.1382164287
2025,雲林縣,二崙鄉,機車竊盜,2,24165,year_end_registered_population,8.2764328574
2025,雲林縣,二崙鄉,毒品,7,24165,year_end_registered_population,28.967515001
2025,雲林縣,元長鄉,住宅竊盜,12,22478,year_end_registered_population,53.3855325207
2025,雲林縣,元長鄉,機車竊盜,5,22478,year_end_registered_population,22.2439718836
2025,雲林縣,元長鄉,毒品,8,22478,year_end_registered_population,35.5903550138
2025,雲林縣,元長鄉,汽車竊盜,2,22478,year_end_registered_population,8.8975887534
2025,雲林縣,北港鎮,住宅竊盜,10,37053,year_end_registered_population,26.9883680134
2025,雲林縣,北港鎮,機車竊盜,6,37053,year_end_registered_population,16.193020808
2025,雲林縣,北港鎮,毒品,43,37053,year_end_registered_population,116.0499824576
2025,雲林縣,北港鎮,汽車竊盜,7,37053,year_end_registered_population,18.8918576094
2025,雲林縣,口湖鄉,住宅竊盜,8,23945,year_end_registered_population,33.4098976822
2025,雲林縣,口湖鄉,機車竊盜,5,23945,year_end_registered_population,20.8811860514
2025,雲林縣,口湖鄉,毒品,17,23945,year_end_registered_population,70.9960325747
2025,雲林縣,古坑鄉,住宅竊盜,1,29193,year_end_registered_population,3.4254787106
2025,雲林縣,古坑鄉,機車竊盜,1,29193,year_end_registered_population,3.4254787106
2025,雲林縣,古坑鄉,毒品,84,29193,year_end_registered_population,287.7402116946
2025,雲林縣,古坑鄉,汽車竊盜,3,29193,year_end_registered_population,10.2764361319
2025,雲林縣,四湖鄉,住宅竊盜,5,20210,year_end_registered_population,24.7402276101
2025,雲林縣,四湖鄉,機車竊盜,3,20210,year_end_registered_population,14.8441365661
2025,雲林縣,四湖鄉,毒品,17,20210,year_end_registered_population,84.1167738743
2025,雲林縣,土庫鎮,住宅竊盜,8,27234,year_end_registered_population,29.3750458985
2025,雲林縣,土庫鎮,機車竊盜,2,27234,year_end_registered_population,7.3437614746
2025,雲林縣,土庫鎮,毒品,15,27234,year_end_registered_population,55.0782110597
2025,雲林縣,大埤鄉,住宅竊盜,4,17521,year_end_registered_population,22.8297471606
2025,雲林縣,大埤鄉,強制性交,1,17521,year_end_registered_population,5.7074367901
2025,雲林縣,大埤鄉,毒品,24,17521,year_end_registered_population,136.9784829633
2025,雲林縣,崙背鄉,住宅竊盜,3,22255,year_end_registered_population,13.4801168277
2025,雲林縣,崙背鄉,機車竊盜,3,22255,year_end_registered_population,13.4801168277
2025,雲林縣,崙背鄉,毒品,19,22255,year_end_registered_population,85.374073242
2025,雲林縣,崙背鄉,汽車竊盜,1,22255,year_end_registered_population,4.4933722759
2025,雲林縣,斗六市,住宅竊盜,98,109030,year_end_registered_population,89.8835182977
2025,雲林縣,斗六市,強制性交,2,109030,year_end_registered_population,1.8343575163
2025,雲林縣,斗六市,機車竊盜,19,109030,year_end_registered_population,17.4263964047
2025,雲林縣,斗六市,毒品,129,109030,year_end_registered_population,118.3160598001
2025,雲林縣,斗六市,汽車竊盜,8,109030,year_end_registered_population,7.3374300651
2025,雲林縣,斗南鎮,住宅竊盜,9,43322,year_end_registered_population,20.7746641429
2025,雲林縣,斗南鎮,機車竊盜,10,43322,year_end_registered_population,23.0829601588
2025,雲林縣,斗南鎮,毒品,78,43322,year_end_registered_population,180.0470892387
2025,雲林縣,斗南鎮,汽車竊盜,2,43322,year_end_registered_population,4.6165920318
2025,雲林縣,東勢鄉,住宅竊盜,7,12885,year_end_registered_population,54.3267365153
2025,雲林縣,東勢鄉,機車竊盜,4,12885,year_end_registered_population,31.0438494373
2025,雲林縣,東勢鄉,毒品,5,12885,year_end_registered_population,38.8048117967
2025,雲林縣,林內鄉,住宅竊盜,5,16285,year_end_registered_population,30.7031010132
2025,雲林縣,林內鄉,機車竊盜,5,16285,year_end_registered_population,30.7031010132
2025,雲林縣,林內鄉,毒品,13,16285,year_end_registered_population,79.8280626343
2025,雲林縣,林內鄉,汽車竊盜,2,16285,year_end_registered_population,12.2812404053
2025,雲林縣,水林鄉,住宅竊盜,9,21805,year_end_registered_population,41.2749369411
2025,雲林縣,水林鄉,機車竊盜,4,21805,year_end_registered_population,18.3444164183
2025,雲林縣,水林鄉,毒品,18,21805,year_end_registered_population,82.5498738821
2025,雲林縣,水林鄉,汽車竊盜,2,21805,year_end_registered_population,9.1722082091
2025,雲林縣,臺西鄉,住宅竊盜,13,20778,year_end_registered_population,62.5661757628
2025,雲林縣,臺西鄉,機車竊盜,10,20778,year_end_registered_population,48.1278275099
2025,雲林縣,臺西鄉,毒品,18,20778,year_end_registered_population,86.6300895178
2025,雲林縣,臺西鄉,汽車竊盜,6,20778,year_end_registered_population,28.8766965059
2025,雲林縣,莿桐鄉,住宅竊盜,11,27201,year_end_registered_population,40.4396897173
2025,雲林縣,莿桐鄉,強制性交,1,27201,year_end_registered_population,3.6763354288
2025,雲林縣,莿桐鄉,機車竊盜,5,27201,year_end_registered_population,18.3816771442
2025,雲林縣,莿桐鄉,毒品,18,27201,year_end_registered_population,66.1740377192
2025,雲林縣,莿桐鄉,汽車竊盜,3,27201,year_end_registered_population,11.0290062865
2025,雲林縣,虎尾鎮,住宅竊盜,20,71349,year_end_registered_population,28.0312267866
2025,雲林縣,虎尾鎮,強盜,1,71349,year_end_registered_population,1.4015613393
2025,雲林縣,虎尾鎮,機車竊盜,40,71349,year_end_registered_population,56.0624535733
2025,雲林縣,虎尾鎮,毒品,73,71349,year_end_registered_population,102.3139777712
2025,雲林縣,虎尾鎮,汽車竊盜,3,71349,year_end_registered_population,4.204684018
2025,雲林縣,褒忠鄉,住宅竊盜,2,11490,year_end_registered_population,17.4064403829
2025,雲林縣,褒忠鄉,機車竊盜,4,11490,year_end_registered_population,34.8128807659
2025,雲林縣,褒忠鄉,毒品,11,11490,year_end_registered_population,95.7354221062
2025,雲林縣,褒忠鄉,汽車竊盜,1,11490,year_end_registered_population,8.7032201915
2025,雲林縣,西螺鎮,住宅竊盜,12,43975,year_end_registered_population,27.28823195
2025,雲林縣,西螺鎮,機車竊盜,17,43975,year_end_registered_population,38.6583285958
2025,雲林縣,西螺鎮,毒品,22,43975,year_end_registered_population,50.0284252416
2025,雲林縣,西螺鎮,汽車竊盜,5,43975,year_end_registered_population,11.3700966458
2025,雲林縣,麥寮鄉,住宅竊盜,31,48815,year_end_registered_population,63.5050701629
2025,雲林縣,麥寮鄉,強制性交,1,48815,year_end_registered_population,2.0485506504
2025,雲林縣,麥寮鄉,機車竊盜,9,48815,year_end_registered_population,18.4369558537
2025,雲林縣,麥寮鄉,毒品,75,48815,year_end_registered_population,153.6412987811
2025,雲林縣,麥寮鄉,汽車竊盜,5,48815,year_end_registered_population,10.2427532521
2025,高雄市,三民區,住宅竊盜,14,328827,year_end_registered_population,4.2575579256
2025,高雄市,三民區,強制性交,2,328827,year_end_registered_population,0.6082225608
2025,高雄市,三民區,強盜,1,328827,year_end_registered_population,0.3041112804
2025,高雄市,三民區,機車竊盜,45,328827,year_end_registered_population,13.685007618
2025,高雄市,三民區,毒品,356,328827,year_end_registered_population,108.2636158223
2025,高雄市,三民區,汽車竊盜,7,328827,year_end_registered_population,2.1287789628
2025,高雄市,仁武區,住宅竊盜,7,100311,year_end_registered_population,6.9782974948
2025,高雄市,仁武區,強制性交,2,100311,year_end_registered_population,1.9937992842
2025,高雄市,仁武區,搶奪,1,100311,year_end_registered_population,0.9968996421
2025,高雄市,仁武區,機車竊盜,19,100311,year_end_registered_population,18.9410932001
2025,高雄市,仁武區,毒品,144,100311,year_end_registered_population,143.5535484643
2025,高雄市,仁武區,汽車竊盜,2,100311,year_end_registered_population,1.9937992842
2025,高雄市,內門區,機車竊盜,1,12519,year_end_registered_population,7.9878584551
2025,高雄市,內門區,毒品,1,12519,year_end_registered_population,7.9878584551
2025,高雄市,內門區,汽車竊盜,2,12519,year_end_registered_population,15.9757169103
2025,高雄市,六龜區,住宅竊盜,1,11286,year_end_registered_population,8.8605351763
2025,高雄市,六龜區,毒品,15,11286,year_end_registered_population,132.9080276449
2025,高雄市,前金區,強制性交,1,27670,year_end_registered_population,3.6140224069
2025,高雄市,前金區,強盜,1,27670,year_end_registered_population,3.6140224069
2025,高雄市,前金區,機車竊盜,12,27670,year_end_registered_population,43.3682688833
2025,高雄市,前金區,毒品,68,27670,year_end_registered_population,245.7535236718
2025,高雄市,前金區,汽車竊盜,1,27670,year_end_registered_population,3.6140224069
2025,高雄市,前鎮區,住宅竊盜,9,176845,year_end_registered_population,5.0892024089
2025,高雄市,前鎮區,強制性交,2,176845,year_end_registered_population,1.1309338686
2025,高雄市,前鎮區,搶奪,1,176845,year_end_registered_population,0.5654669343
2025,高雄市,前鎮區,機車竊盜,33,176845,year_end_registered_population,18.6604088326
2025,高雄市,前鎮區,毒品,85,176845,year_end_registered_population,48.0646894173
2025,高雄市,前鎮區,汽車竊盜,2,176845,year_end_registered_population,1.1309338686
2025,高雄市,大寮區,住宅竊盜,3,112239,year_end_registered_population,2.6728677198
2025,高雄市,大寮區,強制性交,1,112239,year_end_registered_population,0.8909559066
2025,高雄市,大寮區,強盜,2,112239,year_end_registered_population,1.7819118132
2025,高雄市,大寮區,搶奪,1,112239,year_end_registered_population,0.8909559066
2025,高雄市,大寮區,機車竊盜,42,112239,year_end_registered_population,37.4201480769
2025,高雄市,大寮區,毒品,223,112239,year_end_registered_population,198.6831671701
2025,高雄市,大寮區,汽車竊盜,8,112239,year_end_registered_population,7.1276472527
2025,高雄市,大樹區,住宅竊盜,3,39906,year_end_registered_population,7.5176665163
2025,高雄市,大樹區,強制性交,1,39906,year_end_registered_population,2.5058888388
2025,高雄市,大樹區,機車竊盜,11,39906,year_end_registered_population,27.5647772265
2025,高雄市,大樹區,毒品,29,39906,year_end_registered_population,72.6707763244
2025,高雄市,大樹區,汽車竊盜,1,39906,year_end_registered_population,2.5058888388
2025,高雄市,大社區,住宅竊盜,8,33741,year_end_registered_population,23.7100263774
2025,高雄市,大社區,強制性交,3,33741,year_end_registered_population,8.8912598915
2025,高雄市,大社區,機車竊盜,5,33741,year_end_registered_population,14.8187664859
2025,高雄市,大社區,毒品,42,33741,year_end_registered_population,124.4776384814
2025,高雄市,小港區,住宅竊盜,7,153310,year_end_registered_population,4.565912204
2025,高雄市,小港區,強制性交,2,153310,year_end_registered_population,1.304546344
2025,高雄市,小港區,機車竊盜,23,153310,year_end_registered_population,15.0022829561
2025,高雄市,小港區,毒品,112,153310,year_end_registered_population,73.0545952645
2025,高雄市,小港區,汽車竊盜,5,153310,year_end_registered_population,3.26136586
2025,高雄市,岡山區,住宅竊盜,2,94624,year_end_registered_population,2.1136286777
2025,高雄市,岡山區,機車竊盜,16,94624,year_end_registered_population,16.9090294217
2025,高雄市,岡山區,毒品,56,94624,year_end_registered_population,59.181602976
2025,高雄市,左營區,住宅竊盜,4,197621,year_end_registered_population,2.0240763886
2025,高雄市,左營區,搶奪,2,197621,year_end_registered_population,1.0120381943
2025,高雄市,左營區,機車竊盜,17,197621,year_end_registered_population,8.6023246517
2025,高雄市,左營區,毒品,139,197621,year_end_registered_population,70.3366545053
2025,高雄市,左營區,汽車竊盜,3,197621,year_end_registered_population,1.5180572915
2025,高雄市,彌陀區,機車竊盜,2,17715,year_end_registered_population,11.2898673441
2025,高雄市,彌陀區,毒品,8,17715,year_end_registered_population,45.1594693762
2025,高雄市,新興區,住宅竊盜,1,49380,year_end_registered_population,2.0251113811
2025,高雄市,新興區,機車竊盜,15,49380,year_end_registered_population,30.3766707169
2025,高雄市,新興區,毒品,153,49380,year_end_registered_population,309.8420413123
2025,高雄市,旗山區,住宅竊盜,1,33368,year_end_registered_population,2.9968832414
2025,高雄市,旗山區,機車竊盜,7,33368,year_end_registered_population,20.97818269
2025,高雄市,旗山區,毒品,31,33368,year_end_registered_population,92.9033804843
2025,高雄市,旗山區,汽車竊盜,2,33368,year_end_registered_population,5.9937664829
2025,高雄市,旗津區,住宅竊盜,1,24906,year_end_registered_population,4.0150967638
2025,高雄市,旗津區,機車竊盜,3,24906,year_end_registered_population,12.0452902915
2025,高雄市,旗津區,毒品,76,24906,year_end_registered_population,305.1473540512
2025,高雄市,旗津區,汽車竊盜,1,24906,year_end_registered_population,4.0150967638
2025,高雄市,杉林區,機車竊盜,2,10569,year_end_registered_population,18.9232661557
2025,高雄市,杉林區,毒品,12,10569,year_end_registered_population,113.5395969344
2025,高雄市,林園區,強制性交,1,67341,year_end_registered_population,1.484979433
2025,高雄市,林園區,機車竊盜,20,67341,year_end_registered_population,29.6995886607
2025,高雄市,林園區,毒品,119,67341,year_end_registered_population,176.7125525311
2025,高雄市,林園區,汽車竊盜,1,67341,year_end_registered_population,1.484979433
2025,高雄市,桃源區,住宅竊盜,1,4151,year_end_registered_population,24.090580583
2025,高雄市,梓官區,機車竊盜,4,34701,year_end_registered_population,11.5270453301
2025,高雄市,梓官區,毒品,43,34701,year_end_registered_population,123.9157372986
2025,高雄市,楠梓區,住宅竊盜,14,195613,year_end_registered_population,7.1569885437
2025,高雄市,楠梓區,強制性交,4,195613,year_end_registered_population,2.0448538696
2025,高雄市,楠梓區,搶奪,1,195613,year_end_registered_population,0.5112134674
2025,高雄市,楠梓區,機車竊盜,18,195613,year_end_registered_population,9.2018424133
2025,高雄市,楠梓區,毒品,129,195613,year_end_registered_population,65.9465372956
2025,高雄市,楠梓區,汽車竊盜,8,195613,year_end_registered_population,4.0897077393
2025,高雄市,橋頭區,強制性交,1,43341,year_end_registered_population,2.3072840959
2025,高雄市,橋頭區,機車竊盜,8,43341,year_end_registered_population,18.4582727671
2025,高雄市,橋頭區,毒品,46,43341,year_end_registered_population,106.135068411
2025,高雄市,橋頭區,汽車竊盜,2,43341,year_end_registered_population,4.6145681918
2025,高雄市,永安區,機車竊盜,2,13510,year_end_registered_population,14.8038490007
2025,高雄市,永安區,毒品,13,13510,year_end_registered_population,96.2250185048
2025,高雄市,湖內區,住宅竊盜,2,29295,year_end_registered_population,6.8271036013
2025,高雄市,湖內區,強盜,1,29295,year_end_registered_population,3.4135518006
2025,高雄市,湖內區,機車竊盜,3,29295,year_end_registered_population,10.2406554019
2025,高雄市,湖內區,毒品,18,29295,year_end_registered_population,61.4439324117
2025,高雄市,燕巢區,機車竊盜,10,28348,year_end_registered_population,35.2758572033
2025,高雄市,燕巢區,毒品,44,28348,year_end_registered_population,155.2137716947
2025,高雄市,田寮區,住宅竊盜,1,6125,year_end_registered_population,16.3265306122
2025,高雄市,田寮區,機車竊盜,1,6125,year_end_registered_population,16.3265306122
2025,高雄市,田寮區,毒品,3,6125,year_end_registered_population,48.9795918367
2025,高雄市,甲仙區,住宅竊盜,1,5279,year_end_registered_population,18.9429816253
2025,高雄市,甲仙區,機車竊盜,2,5279,year_end_registered_population,37.8859632506
2025,高雄市,甲仙區,毒品,2,5279,year_end_registered_population,37.8859632506
2025,高雄市,美濃區,住宅竊盜,5,36074,year_end_registered_population,13.8603980706
2025,高雄市,美濃區,強制性交,1,36074,year_end_registered_population,2.7720796141
2025,高雄市,美濃區,機車竊盜,4,36074,year_end_registered_population,11.0883184565
2025,高雄市,美濃區,毒品,28,36074,year_end_registered_population,77.6182291955
2025,高雄市,美濃區,汽車竊盜,3,36074,year_end_registered_population,8.3162388424
2025,高雄市,苓雅區,住宅竊盜,5,161185,year_end_registered_population,3.1020256227
2025,高雄市,苓雅區,強制性交,2,161185,year_end_registered_population,1.2408102491
2025,高雄市,苓雅區,搶奪,3,161185,year_end_registered_population,1.8612153736
2025,高雄市,苓雅區,機車竊盜,25,161185,year_end_registered_population,15.5101281137
2025,高雄市,苓雅區,毒品,260,161185,year_end_registered_population,161.305332382
2025,高雄市,茂林區,毒品,2,1846,year_end_registered_population,108.3423618635
2025,高雄市,茄萣區,住宅竊盜,3,28732,year_end_registered_population,10.4413197828
2025,高雄市,茄萣區,強制性交,1,28732,year_end_registered_population,3.4804399276
2025,高雄市,茄萣區,機車竊盜,4,28732,year_end_registered_population,13.9217597104
2025,高雄市,茄萣區,毒品,57,28732,year_end_registered_population,198.3850758736
2025,高雄市,路竹區,住宅竊盜,2,48906,year_end_registered_population,4.0894777737
2025,高雄市,路竹區,搶奪,1,48906,year_end_registered_population,2.0447388868
2025,高雄市,路竹區,機車竊盜,6,48906,year_end_registered_population,12.2684333211
2025,高雄市,路竹區,毒品,38,48906,year_end_registered_population,77.7000777001
2025,高雄市,那瑪夏區,住宅竊盜,1,3111,year_end_registered_population,32.144005143
2025,高雄市,阿蓮區,機車竊盜,9,26785,year_end_registered_population,33.6008960239
2025,高雄市,阿蓮區,毒品,22,26785,year_end_registered_population,82.135523614
2025,高雄市,鳥松區,住宅竊盜,3,43703,year_end_registered_population,6.86451731
2025,高雄市,鳥松區,強制性交,1,43703,year_end_registered_population,2.2881724367
2025,高雄市,鳥松區,機車竊盜,12,43703,year_end_registered_population,27.4580692401
2025,高雄市,鳥松區,毒品,84,43703,year_end_registered_population,192.2064846807
2025,高雄市,鳥松區,汽車竊盜,2,43703,year_end_registered_population,4.5763448733
2025,高雄市,鳳山區,住宅竊盜,7,353000,year_end_registered_population,1.9830028329
2025,高雄市,鳳山區,強制性交,2,353000,year_end_registered_population,0.566572238
2025,高雄市,鳳山區,機車竊盜,56,353000,year_end_registered_population,15.8640226629
2025,高雄市,鳳山區,毒品,346,353000,year_end_registered_population,98.0169971671
2025,高雄市,鳳山區,汽車竊盜,6,353000,year_end_registered_population,1.6997167139
2025,高雄市,鳳山區,組織犯罪防制條例,1,353000,year_end_registered_population,0.283286119
2025,高雄市,鹽埕區,住宅竊盜,7,21871,year_end_registered_population,32.0058524987
2025,高雄市,鹽埕區,機車竊盜,1,21871,year_end_registered_population,4.5722646427
2025,高雄市,鹽埕區,毒品,15,21871,year_end_registered_population,68.5839696402
2025,高雄市,鹽埕區,汽車竊盜,1,21871,year_end_registered_population,4.5722646427
2025,高雄市,鼓山區,住宅竊盜,30,140791,year_end_registered_population,21.3081802104
2025,高雄市,鼓山區,強制性交,1,140791,year_end_registered_population,0.7102726737
2025,高雄市,鼓山區,強盜,1,140791,year_end_registered_population,0.7102726737
2025,高雄市,鼓山區,機車竊盜,17,140791,year_end_registered_population,12.0746354526
2025,高雄市,鼓山區,毒品,112,140791,year_end_registered_population,79.5505394521
2025,高雄市,鼓山區,汽車竊盜,2,140791,year_end_registered_population,1.4205453474
