year,county,district,population,population_basis,area,population_density,source_dataset_id,source_file
2016,南投縣,中寮鄉,15083,year_end_registered_population,146.6541,103,8410,population_density_105.csv
2016,南投縣,仁愛鄉,15709,year_end_registered_population,1273.5312,12,8410,population_density_105.csv
2016,南投縣,信義鄉,16381,year_end_registered_population,1422.4188,12,8410,population_density_105.csv
2016,南投縣,南投市,100960,year_end_registered_population,71.6021,1410,8410,population_density_105.csv
2016,南投縣,名間鄉,39220,year_end_registered_population,83.0955,472,8410,population_density_105.csv
2016,南投縣,國姓鄉,19098,year_end_registered_population,175.7042,109,8410,population_density_105.csv
2016,南投縣,埔里鎮,81574,year_end_registered_population,162.2227,503,8410,population_density_105.csv
2016,南投縣,水里鄉,18015,year_end_registered_population,106.8424,169,8410,population_density_105.csv
2016,南投縣,竹山鎮,55493,year_end_registered_population,247.3339,224,8410,population_density_105.csv
2016,南投縣,草屯鎮,98431,year_end_registered_population,104.0327,946,8410,population_density_105.csv
2016,南投縣,集集鎮,11035,year_end_registered_population,49.7268,222,8410,population_density_105.csv
2016,南投縣,魚池鄉,16154,year_end_registered_population,121.3735,133,8410,population_density_105.csv
2016,南投縣,鹿谷鄉,18010,year_end_registered_population,141.8981,127,8410,population_density_105.csv
2016,嘉義市,東區,122462,year_end_registered_population,30.1556,4061,8410,population_density_105.csv
2016,嘉義市,西區,147412,year_end_registered_population,29.87,4935,8410,population_density_105.csv
2016,嘉義縣,中埔鄉,45395,year_end_registered_population,129.5016,351,8410,population_density_105.csv
2016,嘉義縣,六腳鄉,23787,year_end_registered_population,62.2619,382,8410,population_density_105.csv
2016,嘉義縣,大埔鄉,4610,year_end_registered_population,173.2472,27,8410,population_density_105.csv
2016,嘉義縣,大林鎮,31379,year_end_registered_population,64.1663,489,8410,population_density_105.csv
2016,嘉義縣,太保市,37497,year_end_registered_population,66.8964,561,8410,population_density_105.csv
2016,嘉義縣,布袋鎮,27509,year_end_registered_population,61.7307,446,8410,population_density_105.csv
2016,嘉義縣,新港鄉,32385,year_end_registered_population,66.0495,490,8410,population_density_105.csv
2016,嘉義縣,朴子市,42585,year_end_registered_population,49.5737,859,8410,population_density_105.csv
2016,嘉義縣,東石鄉,25307,year_end_registered_population,81.5821,310,8410,population_density_105.csv
2016,嘉義縣,梅山鄉,19800,year_end_registered_population,119.7571,165,8410,population_density_105.csv
2016,嘉義縣,民雄鄉,71834,year_end_registered_population,85.4969,840,8410,population_density_105.csv
2016,嘉義縣,水上鄉,50084,year_end_registered_population,69.1198,725,8410,population_density_105.csv
2016,嘉義縣,溪口鄉,14933,year_end_registered_population,33.0463,452,8410,population_density_105.csv
2016,嘉義縣,番路鄉,11695,year_end_registered_population,117.5269,100,8410,population_density_105.csv
2016,嘉義縣,竹崎鄉,36226,year_end_registered_population,162.2256,223,8410,population_density_105.csv
2016,嘉義縣,義竹鄉,18822,year_end_registered_population,79.2925,237,8410,population_density_105.csv
2016,嘉義縣,阿里山鄉,5664,year_end_registered_population,427.8471,13,8410,population_density_105.csv
2016,嘉義縣,鹿草鄉,15808,year_end_registered_population,54.3151,291,8410,population_density_105.csv
2016,基隆市,七堵區,54103,year_end_registered_population,56.2659,962,8410,population_density_105.csv
2016,基隆市,中山區,48115,year_end_registered_population,10.5238,4572,8410,population_density_105.csv
2016,基隆市,中正區,52572,year_end_registered_population,10.2118,5148,8410,population_density_105.csv
2016,基隆市,仁愛區,45021,year_end_registered_population,4.2335,10634,8410,population_density_105.csv
2016,基隆市,信義區,51868,year_end_registered_population,10.6706,4861,8410,population_density_105.csv
2016,基隆市,安樂區,82014,year_end_registered_population,18.025,4550,8410,population_density_105.csv
2016,基隆市,暖暖區,38407,year_end_registered_population,22.8283,1682,8410,population_density_105.csv
2016,宜蘭縣,三星鄉,21422,year_end_registered_population,144.2238,149,8410,population_density_105.csv
2016,宜蘭縣,五結鄉,39657,year_end_registered_population,38.8671,1020,8410,population_density_105.csv
2016,宜蘭縣,冬山鄉,53327,year_end_registered_population,79.8573,668,8410,population_density_105.csv
2016,宜蘭縣,南澳鄉,5938,year_end_registered_population,740.652,8,8410,population_density_105.csv
2016,宜蘭縣,員山鄉,32376,year_end_registered_population,111.9106,289,8410,population_density_105.csv
2016,宜蘭縣,壯圍鄉,24236,year_end_registered_population,38.4769,630,8410,population_density_105.csv
2016,宜蘭縣,大同鄉,6083,year_end_registered_population,657.5442,9,8410,population_density_105.csv
2016,宜蘭縣,宜蘭市,95907,year_end_registered_population,29.408,3261,8410,population_density_105.csv
2016,宜蘭縣,礁溪鄉,35948,year_end_registered_population,101.4278,354,8410,population_density_105.csv
2016,宜蘭縣,羅東鎮,72485,year_end_registered_population,11.3448,6389,8410,population_density_105.csv
2016,宜蘭縣,蘇澳鎮,40493,year_end_registered_population,89.0196,455,8410,population_density_105.csv
2016,宜蘭縣,頭城鎮,29666,year_end_registered_population,100.893,294,8410,population_density_105.csv
2016,屏東縣,三地門鄉,7662,year_end_registered_population,196.3965,39,8410,population_density_105.csv
2016,屏東縣,九如鄉,22083,year_end_registered_population,42.0187,526,8410,population_density_105.csv
2016,屏東縣,佳冬鄉,19689,year_end_registered_population,30.9842,635,8410,population_density_105.csv
2016,屏東縣,來義鄉,7494,year_end_registered_population,167.7756,45,8410,population_density_105.csv
2016,屏東縣,內埔鄉,55181,year_end_registered_population,81.8554,674,8410,population_density_105.csv
2016,屏東縣,南州鄉,10808,year_end_registered_population,18.97,570,8410,population_density_105.csv
2016,屏東縣,屏東市,201644,year_end_registered_population,65.067,3099,8410,population_density_105.csv
2016,屏東縣,崁頂鄉,15916,year_end_registered_population,31.2659,509,8410,population_density_105.csv
2016,屏東縣,恆春鎮,30783,year_end_registered_population,136.763,225,8410,population_density_105.csv
2016,屏東縣,新園鄉,35680,year_end_registered_population,38.3109,931,8410,population_density_105.csv
2016,屏東縣,新埤鄉,9927,year_end_registered_population,59.0102,168,8410,population_density_105.csv
2016,屏東縣,春日鄉,4855,year_end_registered_population,160.001,30,8410,population_density_105.csv
2016,屏東縣,東港鎮,48097,year_end_registered_population,29.4635,1632,8410,population_density_105.csv
2016,屏東縣,枋寮鄉,24826,year_end_registered_population,57.7347,430,8410,population_density_105.csv
2016,屏東縣,枋山鄉,5535,year_end_registered_population,17.2697,321,8410,population_density_105.csv
2016,屏東縣,林邊鄉,18317,year_end_registered_population,15.6233,1172,8410,population_density_105.csv
2016,屏東縣,泰武鄉,5262,year_end_registered_population,118.6266,44,8410,population_density_105.csv
2016,屏東縣,滿州鄉,7847,year_end_registered_population,142.2013,55,8410,population_density_105.csv
2016,屏東縣,潮州鎮,54703,year_end_registered_population,42.4331,1289,8410,population_density_105.csv
2016,屏東縣,牡丹鄉,4853,year_end_registered_population,181.8366,27,8410,population_density_105.csv
2016,屏東縣,獅子鄉,4827,year_end_registered_population,301.0018,16,8410,population_density_105.csv
2016,屏東縣,琉球鄉,12423,year_end_registered_population,6.8018,1826,8410,population_density_105.csv
2016,屏東縣,瑪家鄉,6773,year_end_registered_population,78.7008,86,8410,population_density_105.csv
2016,屏東縣,竹田鄉,17351,year_end_registered_population,29.0732,597,8410,population_density_105.csv
2016,屏東縣,萬丹鄉,51261,year_end_registered_population,57.4679,892,8410,population_density_105.csv
2016,屏東縣,萬巒鄉,20609,year_end_registered_population,60.7315,339,8410,population_density_105.csv
2016,屏東縣,車城鄉,8741,year_end_registered_population,49.8517,175,8410,population_density_105.csv
2016,屏東縣,里港鄉,26995,year_end_registered_population,68.9208,392,8410,population_density_105.csv
2016,屏東縣,長治鄉,30159,year_end_registered_population,39.8861,756,8410,population_density_105.csv
2016,屏東縣,霧臺鄉,3285,year_end_registered_population,278.796,12,8410,population_density_105.csv
2016,屏東縣,高樹鄉,24882,year_end_registered_population,90.1522,276,8410,population_density_105.csv
2016,屏東縣,鹽埔鄉,26199,year_end_registered_population,64.3493,407,8410,population_density_105.csv
2016,屏東縣,麟洛鄉,11125,year_end_registered_population,16.26,684,8410,population_density_105.csv
2016,彰化縣,二林鎮,51516,year_end_registered_population,92.8478,555,8410,population_density_105.csv
2016,彰化縣,二水鄉,15500,year_end_registered_population,29.4449,526,8410,population_density_105.csv
2016,彰化縣,伸港鄉,36756,year_end_registered_population,22.3268,1646,8410,population_density_105.csv
2016,彰化縣,北斗鎮,33253,year_end_registered_population,19.2547,1727,8410,population_density_105.csv
2016,彰化縣,和美鎮,91162,year_end_registered_population,39.9345,2283,8410,population_density_105.csv
2016,彰化縣,員林市,124932,year_end_registered_population,40.038,3120,8410,population_density_105.csv
2016,彰化縣,埔心鄉,34788,year_end_registered_population,20.9526,1660,8410,population_density_105.csv
2016,彰化縣,埔鹽鄉,32782,year_end_registered_population,38.6081,849,8410,population_density_105.csv
2016,彰化縣,埤頭鄉,30797,year_end_registered_population,42.7508,720,8410,population_density_105.csv
2016,彰化縣,大城鄉,17284,year_end_registered_population,63.7406,271,8410,population_density_105.csv
2016,彰化縣,大村鄉,36762,year_end_registered_population,30.7837,1194,8410,population_density_105.csv
2016,彰化縣,彰化市,234690,year_end_registered_population,65.6947,3572,8410,population_density_105.csv
2016,彰化縣,永靖鄉,37773,year_end_registered_population,20.6382,1830,8410,population_density_105.csv
2016,彰化縣,溪州鄉,30391,year_end_registered_population,75.831,401,8410,population_density_105.csv
2016,彰化縣,溪湖鎮,55675,year_end_registered_population,32.0592,1737,8410,population_density_105.csv
2016,彰化縣,田中鎮,42152,year_end_registered_population,34.6056,1218,8410,population_density_105.csv
2016,彰化縣,田尾鄉,27567,year_end_registered_population,24.0375,1147,8410,population_density_105.csv
2016,彰化縣,社頭鄉,43342,year_end_registered_population,36.1449,1199,8410,population_density_105.csv
2016,彰化縣,福興鄉,47479,year_end_registered_population,49.8934,952,8410,population_density_105.csv
2016,彰化縣,秀水鄉,39344,year_end_registered_population,29.3447,1341,8410,population_density_105.csv
2016,彰化縣,竹塘鄉,15491,year_end_registered_population,42.1662,367,8410,population_density_105.csv
2016,彰化縣,線西鄉,16939,year_end_registered_population,18.0856,937,8410,population_density_105.csv
2016,彰化縣,芬園鄉,23881,year_end_registered_population,38.0204,628,8410,population_density_105.csv
2016,彰化縣,花壇鄉,46142,year_end_registered_population,36.3469,1269,8410,population_density_105.csv
2016,彰化縣,芳苑鄉,34039,year_end_registered_population,91.3827,372,8410,population_density_105.csv
2016,彰化縣,鹿港鎮,86709,year_end_registered_population,39.4625,2197,8410,population_density_105.csv
2016,新北市,三峽區,114180,year_end_registered_population,191.4508,596,8410,population_density_105.csv
2016,新北市,三芝區,23369,year_end_registered_population,65.9909,354,8410,population_density_105.csv
2016,新北市,三重區,388581,year_end_registered_population,16.317,23814,8410,population_density_105.csv
2016,新北市,中和區,414266,year_end_registered_population,20.144,20565,8410,population_density_105.csv
2016,新北市,五股區,84134,year_end_registered_population,34.8632,2413,8410,population_density_105.csv
2016,新北市,八里區,38167,year_end_registered_population,39.4933,966,8410,population_density_105.csv
2016,新北市,土城區,238500,year_end_registered_population,29.5578,8069,8410,population_density_105.csv
2016,新北市,坪林區,6538,year_end_registered_population,170.835,38,8410,population_density_105.csv
2016,新北市,平溪區,4778,year_end_registered_population,71.3382,67,8410,population_density_105.csv
2016,新北市,新店區,301168,year_end_registered_population,120.2255,2505,8410,population_density_105.csv
2016,新北市,新莊區,414156,year_end_registered_population,19.7383,20982,8410,population_density_105.csv
2016,新北市,板橋區,552285,year_end_registered_population,23.1373,23870,8410,population_density_105.csv
2016,新北市,林口區,103219,year_end_registered_population,54.1519,1906,8410,population_density_105.csv
2016,新北市,樹林區,184400,year_end_registered_population,33.1288,5566,8410,population_density_105.csv
2016,新北市,永和區,223999,year_end_registered_population,5.7138,39203,8410,population_density_105.csv
2016,新北市,汐止區,197749,year_end_registered_population,71.2354,2776,8410,population_density_105.csv
2016,新北市,泰山區,78817,year_end_registered_population,19.1603,4114,8410,population_density_105.csv
2016,新北市,淡水區,165765,year_end_registered_population,70.6565,2346,8410,population_density_105.csv
2016,新北市,深坑區,23683,year_end_registered_population,20.5787,1151,8410,population_density_105.csv
2016,新北市,烏來區,6212,year_end_registered_population,321.1306,19,8410,population_density_105.csv
2016,新北市,瑞芳區,40600,year_end_registered_population,70.7336,574,8410,population_density_105.csv
2016,新北市,石碇區,7736,year_end_registered_population,144.3498,54,8410,population_density_105.csv
2016,新北市,石門區,12496,year_end_registered_population,51.2645,244,8410,population_density_105.csv
2016,新北市,萬里區,22490,year_end_registered_population,63.3766,355,8410,population_density_105.csv
2016,新北市,蘆洲區,200702,year_end_registered_population,7.4351,26994,8410,population_density_105.csv
2016,新北市,貢寮區,12706,year_end_registered_population,99.9734,127,8410,population_density_105.csv
2016,新北市,金山區,22207,year_end_registered_population,49.2132,451,8410,population_density_105.csv
2016,新北市,雙溪區,9074,year_end_registered_population,146.2484,62,8410,population_density_105.csv
2016,新北市,鶯歌區,87231,year_end_registered_population,21.1248,4129,8410,population_density_105.csv
2016,新竹市,北區,149993,year_end_registered_population,15.7267,9537,8410,population_density_105.csv
2016,新竹市,東區,209826,year_end_registered_population,33.5768,6249,8410,population_density_105.csv
2016,新竹市,香山區,77518,year_end_registered_population,54.8491,1413,8410,population_density_105.csv
2016,新竹縣,五峰鄉,4562,year_end_registered_population,227.728,20,8410,population_density_105.csv
2016,新竹縣,北埔鄉,9531,year_end_registered_population,50.6676,188,8410,population_density_105.csv
2016,新竹縣,寶山鄉,14378,year_end_registered_population,64.7871,222,8410,population_density_105.csv
2016,新竹縣,尖石鄉,9412,year_end_registered_population,527.5795,18,8410,population_density_105.csv
2016,新竹縣,峨眉鄉,5593,year_end_registered_population,46.801,120,8410,population_density_105.csv
2016,新竹縣,新埔鎮,33737,year_end_registered_population,72.1911,467,8410,population_density_105.csv
2016,新竹縣,新豐鄉,56452,year_end_registered_population,46.3496,1218,8410,population_density_105.csv
2016,新竹縣,橫山鄉,13298,year_end_registered_population,66.3502,200,8410,population_density_105.csv
2016,新竹縣,湖口鄉,77524,year_end_registered_population,58.4303,1327,8410,population_density_105.csv
2016,新竹縣,竹北市,176604,year_end_registered_population,46.8341,3771,8410,population_density_105.csv
2016,新竹縣,竹東鎮,96817,year_end_registered_population,53.5133,1809,8410,population_density_105.csv
2016,新竹縣,芎林鄉,20165,year_end_registered_population,40.7858,494,8410,population_density_105.csv
2016,新竹縣,關西鎮,29408,year_end_registered_population,125.5193,234,8410,population_density_105.csv
2016,桃園市,中壢區,396453,year_end_registered_population,76.52,5181,8410,population_density_105.csv
2016,桃園市,八德區,192922,year_end_registered_population,33.7111,5723,8410,population_density_105.csv
2016,桃園市,大園區,87158,year_end_registered_population,87.3925,997,8410,population_density_105.csv
2016,桃園市,大溪區,94102,year_end_registered_population,105.1206,895,8410,population_density_105.csv
2016,桃園市,平鎮區,221587,year_end_registered_population,47.7532,4640,8410,population_density_105.csv
2016,桃園市,復興區,11192,year_end_registered_population,350.7775,32,8410,population_density_105.csv
2016,桃園市,新屋區,48772,year_end_registered_population,85.0166,574,8410,population_density_105.csv
2016,桃園市,桃園區,434243,year_end_registered_population,34.8046,12477,8410,population_density_105.csv
2016,桃園市,楊梅區,163959,year_end_registered_population,89.1229,1840,8410,population_density_105.csv
2016,桃園市,蘆竹區,158802,year_end_registered_population,75.5025,2103,8410,population_density_105.csv
2016,桃園市,觀音區,65555,year_end_registered_population,87.9807,745,8410,population_density_105.csv
2016,桃園市,龍潭區,120201,year_end_registered_population,75.2341,1598,8410,population_density_105.csv
2016,桃園市,龜山區,152817,year_end_registered_population,72.0177,2122,8410,population_density_105.csv
2016,澎湖縣,七美鄉,3755,year_end_registered_population,6.9868,537,8410,population_density_105.csv
2016,澎湖縣,望安鄉,5131,year_end_registered_population,13.7824,372,8410,population_density_105.csv
2016,澎湖縣,湖西鄉,14435,year_end_registered_population,33.3008,433,8410,population_density_105.csv
2016,澎湖縣,白沙鄉,9799,year_end_registered_population,20.0875,488,8410,population_density_105.csv
2016,澎湖縣,西嶼鄉,8403,year_end_registered_population,18.7148,449,8410,population_density_105.csv
2016,澎湖縣,馬公市,61740,year_end_registered_population,33.9918,1816,8410,population_density_105.csv
2016,臺中市,中區,18708,year_end_registered_population,0.8803,21252,8410,population_density_105.csv
2016,臺中市,北區,147585,year_end_registered_population,6.9376,21273,8410,population_density_105.csv
2016,臺中市,北屯區,270547,year_end_registered_population,62.7034,4315,8410,population_density_105.csv
2016,臺中市,南區,123502,year_end_registered_population,6.8101,18135,8410,population_density_105.csv
2016,臺中市,南屯區,166685,year_end_registered_population,31.2578,5333,8410,population_density_105.csv
2016,臺中市,后里區,54332,year_end_registered_population,58.9439,922,8410,population_density_105.csv
2016,臺中市,和平區,10795,year_end_registered_population,1037.8192,10,8410,population_density_105.csv
2016,臺中市,外埔區,32034,year_end_registered_population,42.4099,755,8410,population_density_105.csv
2016,臺中市,大安區,19409,year_end_registered_population,27.4045,708,8410,population_density_105.csv
2016,臺中市,大甲區,77656,year_end_registered_population,58.5192,1327,8410,population_density_105.csv
2016,臺中市,大肚區,57207,year_end_registered_population,37.0024,1546,8410,population_density_105.csv
2016,臺中市,大里區,210285,year_end_registered_population,28.8758,7282,8410,population_density_105.csv
2016,臺中市,大雅區,94488,year_end_registered_population,32.4109,2915,8410,population_density_105.csv
2016,臺中市,太平區,186271,year_end_registered_population,120.7473,1543,8410,population_density_105.csv
2016,臺中市,新社區,24947,year_end_registered_population,68.8874,362,8410,population_density_105.csv
2016,臺中市,東勢區,50952,year_end_registered_population,117.4065,434,8410,population_density_105.csv
2016,臺中市,東區,75396,year_end_registered_population,9.2855,8120,8410,population_density_105.csv
2016,臺中市,梧棲區,57645,year_end_registered_population,16.6049,3472,8410,population_density_105.csv
2016,臺中市,沙鹿區,91338,year_end_registered_population,40.4604,2257,8410,population_density_105.csv
2016,臺中市,清水區,86350,year_end_registered_population,64.1709,1346,8410,population_density_105.csv
2016,臺中市,潭子區,107530,year_end_registered_population,25.8497,4160,8410,population_density_105.csv
2016,臺中市,烏日區,73647,year_end_registered_population,43.4032,1697,8410,population_density_105.csv
2016,臺中市,石岡區,15174,year_end_registered_population,18.2105,833,8410,population_density_105.csv
2016,臺中市,神岡區,65496,year_end_registered_population,35.0445,1869,8410,population_density_105.csv
2016,臺中市,西區,115747,year_end_registered_population,5.7042,20292,8410,population_density_105.csv
2016,臺中市,西屯區,224601,year_end_registered_population,39.8467,5637,8410,population_density_105.csv
2016,臺中市,豐原區,166778,year_end_registered_population,41.1845,4050,8410,population_density_105.csv
2016,臺中市,霧峰區,64898,year_end_registered_population,98.0779,662,8410,population_density_105.csv
2016,臺中市,龍井區,77236,year_end_registered_population,38.0377,2031,8410,population_density_105.csv
2016,臺北市,中山區,231247,year_end_registered_population,13.6821,16901,8410,population_density_105.csv
2016,臺北市,中正區,160403,year_end_registered_population,7.6071,21086,8410,population_density_105.csv
2016,臺北市,信義區,227823,year_end_registered_population,11.2077,20327,8410,population_density_105.csv
2016,臺北市,內湖區,287733,year_end_registered_population,31.5787,9112,8410,population_density_105.csv
2016,臺北市,北投區,257370,year_end_registered_population,56.8216,4529,8410,population_density_105.csv
2016,臺北市,南港區,122516,year_end_registered_population,21.8424,5609,8410,population_density_105.csv
2016,臺北市,士林區,289939,year_end_registered_population,62.3682,4649,8410,population_density_105.csv
2016,臺北市,大同區,130071,year_end_registered_population,5.6815,22894,8410,population_density_105.csv
2016,臺北市,大安區,311506,year_end_registered_population,11.3614,27418,8410,population_density_105.csv
2016,臺北市,文山區,275231,year_end_registered_population,31.509,8735,8410,population_density_105.csv
2016,臺北市,松山區,208326,year_end_registered_population,9.2878,22430,8410,population_density_105.csv
2016,臺北市,萬華區,193539,year_end_registered_population,8.8522,21863,8410,population_density_105.csv
2016,臺南市,七股區,23172,year_end_registered_population,110.1492,210,8410,population_density_105.csv
2016,臺南市,下營區,24508,year_end_registered_population,33.5291,731,8410,population_density_105.csv
2016,臺南市,中西區,76967,year_end_registered_population,6.26,12295,8410,population_density_105.csv
2016,臺南市,仁德區,74637,year_end_registered_population,50.7664,1470,8410,population_density_105.csv
2016,臺南市,佳里區,59458,year_end_registered_population,38.9422,1527,8410,population_density_105.csv
2016,臺南市,六甲區,22406,year_end_registered_population,67.5471,332,8410,population_density_105.csv
2016,臺南市,北區,133091,year_end_registered_population,10.434,12756,8410,population_density_105.csv
2016,臺南市,北門區,11333,year_end_registered_population,44.1003,257,8410,population_density_105.csv
2016,臺南市,南化區,8838,year_end_registered_population,171.5198,52,8410,population_density_105.csv
2016,臺南市,南區,125768,year_end_registered_population,27.2681,4612,8410,population_density_105.csv
2016,臺南市,善化區,47660,year_end_registered_population,55.3097,862,8410,population_density_105.csv
2016,臺南市,大內區,9962,year_end_registered_population,70.3125,142,8410,population_density_105.csv
2016,臺南市,學甲區,26377,year_end_registered_population,53.9919,489,8410,population_density_105.csv
2016,臺南市,安南區,191196,year_end_registered_population,107.2016,1784,8410,population_density_105.csv
2016,臺南市,安定區,30447,year_end_registered_population,31.27,974,8410,population_density_105.csv
2016,臺南市,安平區,65813,year_end_registered_population,11.0663,5947,8410,population_density_105.csv
2016,臺南市,官田區,21535,year_end_registered_population,70.7953,304,8410,population_density_105.csv
2016,臺南市,將軍區,20051,year_end_registered_population,41.9796,478,8410,population_density_105.csv
2016,臺南市,山上區,7359,year_end_registered_population,27.878,264,8410,population_density_105.csv
2016,臺南市,左鎮區,4980,year_end_registered_population,74.9025,66,8410,population_density_105.csv
2016,臺南市,後壁區,24066,year_end_registered_population,72.2189,333,8410,population_density_105.csv
2016,臺南市,新化區,43727,year_end_registered_population,62.0579,705,8410,population_density_105.csv
2016,臺南市,新市區,36268,year_end_registered_population,47.8096,759,8410,population_density_105.csv
2016,臺南市,新營區,78101,year_end_registered_population,38.5386,2027,8410,population_density_105.csv
2016,臺南市,東區,187834,year_end_registered_population,13.4156,14001,8410,population_density_105.csv
2016,臺南市,東山區,21320,year_end_registered_population,124.9178,171,8410,population_density_105.csv
2016,臺南市,柳營區,21520,year_end_registered_population,61.2929,351,8410,population_density_105.csv
2016,臺南市,楠西區,9898,year_end_registered_population,109.6316,90,8410,population_density_105.csv
2016,臺南市,歸仁區,68170,year_end_registered_population,55.7913,1222,8410,population_density_105.csv
2016,臺南市,永康區,232210,year_end_registered_population,40.2753,5766,8410,population_density_105.csv
2016,臺南市,玉井區,14281,year_end_registered_population,76.3662,187,8410,population_density_105.csv
2016,臺南市,白河區,28819,year_end_registered_population,126.4046,228,8410,population_density_105.csv
2016,臺南市,西港區,24870,year_end_registered_population,33.7666,737,8410,population_density_105.csv
2016,臺南市,關廟區,34601,year_end_registered_population,53.6413,645,8410,population_density_105.csv
2016,臺南市,鹽水區,25871,year_end_registered_population,52.2455,495,8410,population_density_105.csv
2016,臺南市,麻豆區,44812,year_end_registered_population,53.9744,830,8410,population_density_105.csv
2016,臺南市,龍崎區,4107,year_end_registered_population,64.0814,64,8410,population_density_105.csv
2016,臺東縣,卑南鄉,17443,year_end_registered_population,412.6871,42,8410,population_density_105.csv
2016,臺東縣,大武鄉,6238,year_end_registered_population,69.1454,90,8410,population_density_105.csv
2016,臺東縣,太麻里鄉,11304,year_end_registered_population,96.6523,117,8410,population_density_105.csv
2016,臺東縣,延平鄉,3523,year_end_registered_population,455.8805,8,8410,population_density_105.csv
2016,臺東縣,成功鎮,14411,year_end_registered_population,143.9939,100,8410,population_density_105.csv
2016,臺東縣,東河鄉,8686,year_end_registered_population,210.1908,41,8410,population_density_105.csv
2016,臺東縣,池上鄉,8375,year_end_registered_population,82.6854,101,8410,population_density_105.csv
2016,臺東縣,海端鄉,4283,year_end_registered_population,880.0382,5,8410,population_density_105.csv
2016,臺東縣,綠島鄉,3724,year_end_registered_population,15.0919,247,8410,population_density_105.csv
2016,臺東縣,臺東市,106368,year_end_registered_population,109.7691,969,8410,population_density_105.csv
2016,臺東縣,蘭嶼鄉,5083,year_end_registered_population,48.3892,105,8410,population_density_105.csv
2016,臺東縣,達仁鄉,3524,year_end_registered_population,306.4454,11,8410,population_density_105.csv
2016,臺東縣,金峰鄉,3612,year_end_registered_population,380.6635,9,8410,population_density_105.csv
2016,臺東縣,長濱鄉,7399,year_end_registered_population,155.1868,48,8410,population_density_105.csv
2016,臺東縣,關山鎮,8811,year_end_registered_population,58.7351,150,8410,population_density_105.csv
2016,臺東縣,鹿野鄉,8018,year_end_registered_population,89.698,89,8410,population_density_105.csv
2016,花蓮縣,光復鄉,13032,year_end_registered_population,157.11,83,8410,population_density_105.csv
2016,花蓮縣,卓溪鄉,6036,year_end_registered_population,1021.313,6,8410,population_density_105.csv
2016,花蓮縣,吉安鄉,83656,year_end_registered_population,65.2582,1282,8410,population_density_105.csv
2016,花蓮縣,壽豐鄉,18146,year_end_registered_population,218.4448,83,8410,population_density_105.csv
2016,花蓮縣,富里鄉,10557,year_end_registered_population,176.3705,60,8410,population_density_105.csv
2016,花蓮縣,新城鄉,20274,year_end_registered_population,29.4095,689,8410,population_density_105.csv
2016,花蓮縣,玉里鎮,24740,year_end_registered_population,252.3719,98,8410,population_density_105.csv
2016,花蓮縣,瑞穗鄉,11757,year_end_registered_population,135.5862,87,8410,population_density_105.csv
2016,花蓮縣,秀林鄉,15796,year_end_registered_population,1641.8555,10,8410,population_density_105.csv
2016,花蓮縣,花蓮市,105034,year_end_registered_population,29.4095,3571,8410,population_density_105.csv
2016,花蓮縣,萬榮鄉,6440,year_end_registered_population,618.491,10,8410,population_density_105.csv
2016,花蓮縣,豐濱鄉,4439,year_end_registered_population,162.4332,27,8410,population_density_105.csv
2016,花蓮縣,鳳林鎮,11004,year_end_registered_population,120.5181,91,8410,population_density_105.csv
2016,苗栗縣,三灣鄉,6884,year_end_registered_population,52.2964,132,8410,population_density_105.csv
2016,苗栗縣,三義鄉,16813,year_end_registered_population,69.3424,242,8410,population_density_105.csv
2016,苗栗縣,公館鄉,34210,year_end_registered_population,71.4523,479,8410,population_density_105.csv
2016,苗栗縣,卓蘭鎮,17612,year_end_registered_population,76.3153,231,8410,population_density_105.csv
2016,苗栗縣,南庄鄉,10391,year_end_registered_population,165.4938,63,8410,population_density_105.csv
2016,苗栗縣,大湖鄉,15070,year_end_registered_population,90.8396,166,8410,population_density_105.csv
2016,苗栗縣,後龍鎮,37251,year_end_registered_population,75.8079,491,8410,population_density_105.csv
2016,苗栗縣,泰安鄉,5930,year_end_registered_population,614.5127,10,8410,population_density_105.csv
2016,苗栗縣,獅潭鄉,4475,year_end_registered_population,79.4324,56,8410,population_density_105.csv
2016,苗栗縣,竹南鎮,85010,year_end_registered_population,37.5592,2263,8410,population_density_105.csv
2016,苗栗縣,苑裡鎮,47040,year_end_registered_population,68.2473,689,8410,population_density_105.csv
2016,苗栗縣,苗栗市,89892,year_end_registered_population,37.8878,2373,8410,population_density_105.csv
2016,苗栗縣,西湖鄉,7288,year_end_registered_population,41.0758,177,8410,population_density_105.csv
2016,苗栗縣,通霄鎮,35433,year_end_registered_population,107.8486,329,8410,population_density_105.csv
2016,苗栗縣,造橋鄉,13166,year_end_registered_population,47.9978,274,8410,population_density_105.csv
2016,苗栗縣,銅鑼鄉,18465,year_end_registered_population,78.3805,236,8410,population_density_105.csv
2016,苗栗縣,頭份市,103157,year_end_registered_population,53.3205,1935,8410,population_density_105.csv
2016,苗栗縣,頭屋鄉,11102,year_end_registered_population,52.5046,211,8410,population_density_105.csv
2016,連江縣,北竿鄉,2344,year_end_registered_population,9.9,237,8410,population_density_105.csv
2016,連江縣,南竿鄉,7382,year_end_registered_population,10.4,710,8410,population_density_105.csv
2016,連江縣,東引鄉,1307,year_end_registered_population,3.8,344,8410,population_density_105.csv
2016,連江縣,莒光鄉,1562,year_end_registered_population,4.7,332,8410,population_density_105.csv
2016,金門縣,烈嶼鄉,12568,year_end_registered_population,16.003,785,8410,population_density_105.csv
2016,金門縣,烏坵鄉,669,year_end_registered_population,1.2,558,8410,population_density_105.csv
2016,金門縣,金城鎮,42726,year_end_registered_population,21.713,1968,8410,population_density_105.csv
2016,金門縣,金寧鄉,30006,year_end_registered_population,29.854,1005,8410,population_density_105.csv
2016,金門縣,金沙鎮,20312,year_end_registered_population,41.19,493,8410,population_density_105.csv
2016,金門縣,金湖鎮,28833,year_end_registered_population,41.696,692,8410,population_density_105.csv
2016,雲林縣,二崙鄉,27518,year_end_registered_population,59.5625,462,8410,population_density_105.csv
2016,雲林縣,元長鄉,26361,year_end_registered_population,71.5872,368,8410,population_density_105.csv
2016,雲林縣,北港鎮,40658,year_end_registered_population,41.4999,980,8410,population_density_105.csv
2016,雲林縣,口湖鄉,28074,year_end_registered_population,80.4612,349,8410,population_density_105.csv
2016,雲林縣,古坑鄉,31995,year_end_registered_population,166.6059,192,8410,population_density_105.csv
2016,雲林縣,四湖鄉,24151,year_end_registered_population,77.1189,313,8410,population_density_105.csv
2016,雲林縣,土庫鎮,29275,year_end_registered_population,49.0212,597,8410,population_density_105.csv
2016,雲林縣,大埤鄉,19480,year_end_registered_population,44.9973,433,8410,population_density_105.csv
2016,雲林縣,崙背鄉,25083,year_end_registered_population,58.484,429,8410,population_density_105.csv
2016,雲林縣,斗六市,108401,year_end_registered_population,93.7151,1157,8410,population_density_105.csv
2016,雲林縣,斗南鎮,45227,year_end_registered_population,48.1505,939,8410,population_density_105.csv
2016,雲林縣,東勢鄉,15120,year_end_registered_population,48.3562,313,8410,population_density_105.csv
2016,雲林縣,林內鄉,18453,year_end_registered_population,37.6035,491,8410,population_density_105.csv
2016,雲林縣,水林鄉,26071,year_end_registered_population,72.9582,357,8410,population_density_105.csv
2016,雲林縣,臺西鄉,24212,year_end_registered_population,54.0983,448,8410,population_density_105.csv
2016,雲林縣,莿桐鄉,29089,year_end_registered_population,50.8502,572,8410,population_density_105.csv
2016,雲林縣,虎尾鎮,70815,year_end_registered_population,68.742,1030,8410,population_density_105.csv
2016,雲林縣,褒忠鄉,13167,year_end_registered_population,37.0552,355,8410,population_density_105.csv
2016,雲林縣,西螺鎮,46597,year_end_registered_population,49.7985,936,8410,population_density_105.csv
2016,雲林縣,麥寮鄉,45126,year_end_registered_population,80.1668,563,8410,population_density_105.csv
2016,高雄市,三民區,344888,year_end_registered_population,19.7866,17430,8410,population_density_105.csv
2016,高雄市,仁武區,84122,year_end_registered_population,36.0808,2331,8410,population_density_105.csv
2016,高雄市,內門區,14743,year_end_registered_population,95.6224,154,8410,population_density_105.csv
2016,高雄市,六龜區,13217,year_end_registered_population,194.1584,68,8410,population_density_105.csv
2016,高雄市,前金區,27151,year_end_registered_population,1.8573,14619,8410,population_density_105.csv
2016,高雄市,前鎮區,191262,year_end_registered_population,19.1207,10003,8410,population_density_105.csv
2016,高雄市,大寮區,112258,year_end_registered_population,71.04,1580,8410,population_density_105.csv
2016,高雄市,大樹區,43067,year_end_registered_population,66.9811,643,8410,population_density_105.csv
2016,高雄市,大社區,34615,year_end_registered_population,26.5848,1302,8410,population_density_105.csv
2016,高雄市,小港區,157023,year_end_registered_population,45.4426,3455,8410,population_density_105.csv
2016,高雄市,岡山區,97643,year_end_registered_population,47.9421,2037,8410,population_density_105.csv
2016,高雄市,左營區,196936,year_end_registered_population,19.3823,10161,8410,population_density_105.csv
2016,高雄市,彌陀區,19555,year_end_registered_population,14.7772,1323,8410,population_density_105.csv
2016,高雄市,新興區,51431,year_end_registered_population,1.9764,26023,8410,population_density_105.csv
2016,高雄市,旗山區,37342,year_end_registered_population,94.6122,395,8410,population_density_105.csv
2016,高雄市,旗津區,28898,year_end_registered_population,1.4639,19740,8410,population_density_105.csv
2016,高雄市,杉林區,12201,year_end_registered_population,104.0036,117,8410,population_density_105.csv
2016,高雄市,林園區,70201,year_end_registered_population,32.286,2174,8410,population_density_105.csv
2016,高雄市,桃源區,4220,year_end_registered_population,928.98,5,8410,population_density_105.csv
2016,高雄市,梓官區,36252,year_end_registered_population,11.5967,3126,8410,population_density_105.csv
2016,高雄市,楠梓區,181845,year_end_registered_population,25.8276,7041,8410,population_density_105.csv
2016,高雄市,橋頭區,37448,year_end_registered_population,25.9379,1444,8410,population_density_105.csv
2016,高雄市,永安區,14039,year_end_registered_population,22.6141,621,8410,population_density_105.csv
2016,高雄市,湖內區,29876,year_end_registered_population,20.1615,1482,8410,population_density_105.csv
2016,高雄市,燕巢區,29960,year_end_registered_population,65.395,458,8410,population_density_105.csv
2016,高雄市,田寮區,7340,year_end_registered_population,92.6802,79,8410,population_density_105.csv
2016,高雄市,甲仙區,6214,year_end_registered_population,124.034,50,8410,population_density_105.csv
2016,高雄市,美濃區,40399,year_end_registered_population,120.0316,337,8410,population_density_105.csv
2016,高雄市,苓雅區,172895,year_end_registered_population,8.1522,21208,8410,population_density_105.csv
2016,高雄市,茂林區,1896,year_end_registered_population,194,10,8410,population_density_105.csv
2016,高雄市,茄萣區,30412,year_end_registered_population,15.7624,1929,8410,population_density_105.csv
2016,高雄市,路竹區,53007,year_end_registered_population,48.4348,1094,8410,population_density_105.csv
2016,高雄市,那瑪夏區,3131,year_end_registered_population,252.9895,12,8410,population_density_105.csv
2016,高雄市,阿蓮區,29093,year_end_registered_population,34.6164,840,8410,population_density_105.csv
2016,高雄市,鳥松區,44265,year_end_registered_population,24.5927,1800,8410,population_density_105.csv
2016,高雄市,鳳山區,357768,year_end_registered_population,26.759,13370,8410,population_density_105.csv
2016,高雄市,鹽埕區,24659,year_end_registered_population,1.4161,17413,8410,population_density_105.csv
2016,高雄市,鼓山區,138099,year_end_registered_population,14.7523,9361,8410,population_density_105.csv
2017,南投縣,中寮鄉,14842,year_end_registered_population,146.6541,101,8410,population_density_106.csv
2017,南投縣,仁愛鄉,15748,year_end_registered_population,1273.5312,12,8410,population_density_106.csv
2017,南投縣,信義鄉,16253,year_end_registered_population,1422.4188,11,8410,population_density_106.csv
2017,南投縣,南投市,100180,year_end_registered_population,71.6021,1399,8410,population_density_106.csv
2017,南投縣,名間鄉,38796,year_end_registered_population,83.0955,467,8410,population_density_106.csv
2017,南投縣,國姓鄉,18803,year_end_registered_population,175.7042,107,8410,population_density_106.csv
2017,南投縣,埔里鎮,81033,year_end_registered_population,162.2227,500,8410,population_density_106.csv
2017,南投縣,水里鄉,17803,year_end_registered_population,106.8424,167,8410,population_density_106.csv
2017,南投縣,竹山鎮,55060,year_end_registered_population,247.3339,223,8410,population_density_106.csv
2017,南投縣,草屯鎮,97875,year_end_registered_population,104.0327,941,8410,population_density_106.csv
2017,南投縣,集集鎮,10904,year_end_registered_population,49.7268,219,8410,population_density_106.csv
2017,南投縣,魚池鄉,15946,year_end_registered_population,121.3735,131,8410,population_density_106.csv
2017,南投縣,鹿谷鄉,17808,year_end_registered_population,141.8981,125,8410,population_density_106.csv
2017,嘉義市,東區,122103,year_end_registered_population,30.1556,4049,8410,population_density_106.csv
2017,嘉義市,西區,147295,year_end_registered_population,29.87,4931,8410,population_density_106.csv
2017,嘉義縣,中埔鄉,44974,year_end_registered_population,129.5016,347,8410,population_density_106.csv
2017,嘉義縣,六腳鄉,23318,year_end_registered_population,62.2619,375,8410,population_density_106.csv
2017,嘉義縣,大埔鄉,4564,year_end_registered_population,173.2472,26,8410,population_density_106.csv
2017,嘉義縣,大林鎮,31198,year_end_registered_population,64.1663,486,8410,population_density_106.csv
2017,嘉義縣,太保市,37781,year_end_registered_population,66.8964,565,8410,population_density_106.csv
2017,嘉義縣,布袋鎮,27143,year_end_registered_population,61.7307,440,8410,population_density_106.csv
2017,嘉義縣,新港鄉,31935,year_end_registered_population,66.0495,484,8410,population_density_106.csv
2017,嘉義縣,朴子市,42382,year_end_registered_population,49.5737,855,8410,population_density_106.csv
2017,嘉義縣,東石鄉,24969,year_end_registered_population,81.5821,306,8410,population_density_106.csv
2017,嘉義縣,梅山鄉,19475,year_end_registered_population,119.7571,163,8410,population_density_106.csv
2017,嘉義縣,民雄鄉,71693,year_end_registered_population,85.4969,839,8410,population_density_106.csv
2017,嘉義縣,水上鄉,49744,year_end_registered_population,69.1198,720,8410,population_density_106.csv
2017,嘉義縣,溪口鄉,14751,year_end_registered_population,33.0463,446,8410,population_density_106.csv
2017,嘉義縣,番路鄉,11599,year_end_registered_population,117.5269,99,8410,population_density_106.csv
2017,嘉義縣,竹崎鄉,35962,year_end_registered_population,162.2256,222,8410,population_density_106.csv
2017,嘉義縣,義竹鄉,18486,year_end_registered_population,79.2925,233,8410,population_density_106.csv
2017,嘉義縣,阿里山鄉,5631,year_end_registered_population,427.8471,13,8410,population_density_106.csv
2017,嘉義縣,鹿草鄉,15577,year_end_registered_population,54.3151,287,8410,population_density_106.csv
2017,基隆市,七堵區,53972,year_end_registered_population,56.2659,959,8410,population_density_106.csv
2017,基隆市,中山區,47908,year_end_registered_population,10.5238,4552,8410,population_density_106.csv
2017,基隆市,中正區,52163,year_end_registered_population,10.2118,5108,8410,population_density_106.csv
2017,基隆市,仁愛區,44314,year_end_registered_population,4.2335,10467,8410,population_density_106.csv
2017,基隆市,信義區,52035,year_end_registered_population,10.6706,4876,8410,population_density_106.csv
2017,基隆市,安樂區,82358,year_end_registered_population,18.025,4569,8410,population_density_106.csv
2017,基隆市,暖暖區,38708,year_end_registered_population,22.8283,1696,8410,population_density_106.csv
2017,宜蘭縣,三星鄉,21467,year_end_registered_population,144.2238,149,8410,population_density_106.csv
2017,宜蘭縣,五結鄉,39673,year_end_registered_population,38.8671,1021,8410,population_density_106.csv
2017,宜蘭縣,冬山鄉,53289,year_end_registered_population,79.8573,667,8410,population_density_106.csv
2017,宜蘭縣,南澳鄉,5900,year_end_registered_population,740.652,8,8410,population_density_106.csv
2017,宜蘭縣,員山鄉,32458,year_end_registered_population,111.9106,290,8410,population_density_106.csv
2017,宜蘭縣,壯圍鄉,24250,year_end_registered_population,38.4769,630,8410,population_density_106.csv
2017,宜蘭縣,大同鄉,6102,year_end_registered_population,657.5442,9,8410,population_density_106.csv
2017,宜蘭縣,宜蘭市,95918,year_end_registered_population,29.408,3262,8410,population_density_106.csv
2017,宜蘭縣,礁溪鄉,35777,year_end_registered_population,101.4278,353,8410,population_density_106.csv
2017,宜蘭縣,羅東鎮,72319,year_end_registered_population,11.3448,6375,8410,population_density_106.csv
2017,宜蘭縣,蘇澳鎮,40056,year_end_registered_population,89.0196,450,8410,population_density_106.csv
2017,宜蘭縣,頭城鎮,29398,year_end_registered_population,100.893,291,8410,population_density_106.csv
2017,屏東縣,三地門鄉,7644,year_end_registered_population,196.3965,39,8410,population_density_106.csv
2017,屏東縣,九如鄉,22110,year_end_registered_population,42.0187,526,8410,population_density_106.csv
2017,屏東縣,佳冬鄉,19380,year_end_registered_population,30.9842,625,8410,population_density_106.csv
2017,屏東縣,來義鄉,7465,year_end_registered_population,167.7756,44,8410,population_density_106.csv
2017,屏東縣,內埔鄉,54707,year_end_registered_population,81.8554,668,8410,population_density_106.csv
2017,屏東縣,南州鄉,10670,year_end_registered_population,18.97,562,8410,population_density_106.csv
2017,屏東縣,屏東市,200452,year_end_registered_population,65.067,3081,8410,population_density_106.csv
2017,屏東縣,崁頂鄉,15720,year_end_registered_population,31.2659,503,8410,population_density_106.csv
2017,屏東縣,恆春鎮,30726,year_end_registered_population,136.763,225,8410,population_density_106.csv
2017,屏東縣,新園鄉,35321,year_end_registered_population,38.3109,922,8410,population_density_106.csv
2017,屏東縣,新埤鄉,9936,year_end_registered_population,59.0102,168,8410,population_density_106.csv
2017,屏東縣,春日鄉,4867,year_end_registered_population,160.001,30,8410,population_density_106.csv
2017,屏東縣,東港鎮,47866,year_end_registered_population,29.4635,1625,8410,population_density_106.csv
2017,屏東縣,枋寮鄉,24571,year_end_registered_population,57.7347,426,8410,population_density_106.csv
2017,屏東縣,枋山鄉,5478,year_end_registered_population,17.2697,317,8410,population_density_106.csv
2017,屏東縣,林邊鄉,18080,year_end_registered_population,15.6233,1157,8410,population_density_106.csv
2017,屏東縣,泰武鄉,5271,year_end_registered_population,118.6266,44,8410,population_density_106.csv
2017,屏東縣,滿州鄉,7840,year_end_registered_population,142.2013,55,8410,population_density_106.csv
2017,屏東縣,潮州鎮,54377,year_end_registered_population,42.4331,1281,8410,population_density_106.csv
2017,屏東縣,牡丹鄉,4926,year_end_registered_population,181.8366,27,8410,population_density_106.csv
2017,屏東縣,獅子鄉,4806,year_end_registered_population,301.0018,16,8410,population_density_106.csv
2017,屏東縣,琉球鄉,12337,year_end_registered_population,6.8018,1814,8410,population_density_106.csv
2017,屏東縣,瑪家鄉,6746,year_end_registered_population,78.7008,86,8410,population_density_106.csv
2017,屏東縣,竹田鄉,17158,year_end_registered_population,29.0732,590,8410,population_density_106.csv
2017,屏東縣,萬丹鄉,50935,year_end_registered_population,57.4679,886,8410,population_density_106.csv
2017,屏東縣,萬巒鄉,20556,year_end_registered_population,60.7315,338,8410,population_density_106.csv
2017,屏東縣,車城鄉,8586,year_end_registered_population,49.8517,172,8410,population_density_106.csv
2017,屏東縣,里港鄉,26459,year_end_registered_population,68.9208,384,8410,population_density_106.csv
2017,屏東縣,長治鄉,30008,year_end_registered_population,39.8861,752,8410,population_density_106.csv
2017,屏東縣,霧臺鄉,3246,year_end_registered_population,278.796,12,8410,population_density_106.csv
2017,屏東縣,高樹鄉,24622,year_end_registered_population,90.1522,273,8410,population_density_106.csv
2017,屏東縣,鹽埔鄉,25997,year_end_registered_population,64.3493,404,8410,population_density_106.csv
2017,屏東縣,麟洛鄉,11076,year_end_registered_population,16.26,681,8410,population_density_106.csv
2017,彰化縣,二林鎮,50980,year_end_registered_population,92.8478,549,8410,population_density_106.csv
2017,彰化縣,二水鄉,15325,year_end_registered_population,29.4449,520,8410,population_density_106.csv
2017,彰化縣,伸港鄉,36957,year_end_registered_population,22.3268,1655,8410,population_density_106.csv
2017,彰化縣,北斗鎮,33355,year_end_registered_population,19.2547,1732,8410,population_density_106.csv
2017,彰化縣,和美鎮,90986,year_end_registered_population,39.9345,2278,8410,population_density_106.csv
2017,彰化縣,員林市,124632,year_end_registered_population,40.038,3113,8410,population_density_106.csv
2017,彰化縣,埔心鄉,34836,year_end_registered_population,20.9526,1663,8410,population_density_106.csv
2017,彰化縣,埔鹽鄉,32587,year_end_registered_population,38.6081,844,8410,population_density_106.csv
2017,彰化縣,埤頭鄉,30642,year_end_registered_population,42.7508,717,8410,population_density_106.csv
2017,彰化縣,大城鄉,16987,year_end_registered_population,63.7406,267,8410,population_density_106.csv
2017,彰化縣,大村鄉,36870,year_end_registered_population,30.7837,1198,8410,population_density_106.csv
2017,彰化縣,彰化市,233613,year_end_registered_population,65.6947,3556,8410,population_density_106.csv
2017,彰化縣,永靖鄉,37334,year_end_registered_population,20.6382,1809,8410,population_density_106.csv
2017,彰化縣,溪州鄉,30060,year_end_registered_population,75.831,396,8410,population_density_106.csv
2017,彰化縣,溪湖鎮,55686,year_end_registered_population,32.0592,1737,8410,population_density_106.csv
2017,彰化縣,田中鎮,41890,year_end_registered_population,34.6056,1210,8410,population_density_106.csv
2017,彰化縣,田尾鄉,27462,year_end_registered_population,24.0375,1142,8410,population_density_106.csv
2017,彰化縣,社頭鄉,43144,year_end_registered_population,36.1449,1194,8410,population_density_106.csv
2017,彰化縣,福興鄉,47332,year_end_registered_population,49.8934,949,8410,population_density_106.csv
2017,彰化縣,秀水鄉,39357,year_end_registered_population,29.3447,1341,8410,population_density_106.csv
2017,彰化縣,竹塘鄉,15303,year_end_registered_population,42.1662,363,8410,population_density_106.csv
2017,彰化縣,線西鄉,16928,year_end_registered_population,18.0856,936,8410,population_density_106.csv
2017,彰化縣,芬園鄉,23755,year_end_registered_population,38.0204,625,8410,population_density_106.csv
2017,彰化縣,花壇鄉,45924,year_end_registered_population,36.3469,1263,8410,population_density_106.csv
2017,彰化縣,芳苑鄉,33714,year_end_registered_population,91.3827,369,8410,population_density_106.csv
2017,彰化縣,鹿港鎮,86799,year_end_registered_population,39.4625,2200,8410,population_density_106.csv
2017,新北市,三峽區,114926,year_end_registered_population,191.4508,600,8410,population_density_106.csv
2017,新北市,三芝區,23200,year_end_registered_population,65.9909,352,8410,population_density_106.csv
2017,新北市,三重區,387484,year_end_registered_population,16.317,23747,8410,population_density_106.csv
2017,新北市,中和區,413590,year_end_registered_population,20.144,20532,8410,population_density_106.csv
2017,新北市,五股區,84919,year_end_registered_population,34.8632,2436,8410,population_density_106.csv
2017,新北市,八里區,38493,year_end_registered_population,39.4933,975,8410,population_density_106.csv
2017,新北市,土城區,238067,year_end_registered_population,29.5578,8054,8410,population_density_106.csv
2017,新北市,坪林區,6528,year_end_registered_population,170.835,38,8410,population_density_106.csv
2017,新北市,平溪區,4719,year_end_registered_population,71.3382,66,8410,population_density_106.csv
2017,新北市,新店區,302089,year_end_registered_population,120.2255,2513,8410,population_density_106.csv
2017,新北市,新莊區,416524,year_end_registered_population,19.7383,21102,8410,population_density_106.csv
2017,新北市,板橋區,551480,year_end_registered_population,23.1373,23835,8410,population_density_106.csv
2017,新北市,林口區,106101,year_end_registered_population,54.1519,1959,8410,population_density_106.csv
2017,新北市,樹林區,184149,year_end_registered_population,33.1288,5559,8410,population_density_106.csv
2017,新北市,永和區,222585,year_end_registered_population,5.7138,38956,8410,population_density_106.csv
2017,新北市,汐止區,199321,year_end_registered_population,71.2354,2798,8410,population_density_106.csv
2017,新北市,泰山區,78911,year_end_registered_population,19.1603,4118,8410,population_density_106.csv
2017,新北市,淡水區,169597,year_end_registered_population,70.6565,2400,8410,population_density_106.csv
2017,新北市,深坑區,23660,year_end_registered_population,20.5787,1150,8410,population_density_106.csv
2017,新北市,烏來區,6320,year_end_registered_population,321.1306,20,8410,population_density_106.csv
2017,新北市,瑞芳區,40353,year_end_registered_population,70.7336,570,8410,population_density_106.csv
2017,新北市,石碇區,7683,year_end_registered_population,144.3498,53,8410,population_density_106.csv
2017,新北市,石門區,12286,year_end_registered_population,51.2645,240,8410,population_density_106.csv
2017,新北市,萬里區,22296,year_end_registered_population,63.3766,352,8410,population_density_106.csv
2017,新北市,蘆洲區,201309,year_end_registered_population,7.4351,27075,8410,population_density_106.csv
2017,新北市,貢寮區,12552,year_end_registered_population,99.9734,126,8410,population_density_106.csv
2017,新北市,金山區,22015,year_end_registered_population,49.2132,447,8410,population_density_106.csv
2017,新北市,雙溪區,8939,year_end_registered_population,146.2484,61,8410,population_density_106.csv
2017,新北市,鶯歌區,86593,year_end_registered_population,21.1248,4099,8410,population_density_106.csv
2017,新竹市,北區,150636,year_end_registered_population,15.7267,9578,8410,population_density_106.csv
2017,新竹市,東區,212553,year_end_registered_population,33.5768,6330,8410,population_density_106.csv
2017,新竹市,香山區,77943,year_end_registered_population,54.8491,1421,8410,population_density_106.csv
2017,新竹縣,五峰鄉,4559,year_end_registered_population,227.728,20,8410,population_density_106.csv
2017,新竹縣,北埔鄉,9390,year_end_registered_population,50.6676,185,8410,population_density_106.csv
2017,新竹縣,寶山鄉,14550,year_end_registered_population,64.7871,225,8410,population_density_106.csv
2017,新竹縣,尖石鄉,9543,year_end_registered_population,527.5795,18,8410,population_density_106.csv
2017,新竹縣,峨眉鄉,5538,year_end_registered_population,46.801,118,8410,population_density_106.csv
2017,新竹縣,新埔鎮,33415,year_end_registered_population,72.1911,463,8410,population_density_106.csv
2017,新竹縣,新豐鄉,56836,year_end_registered_population,46.3496,1226,8410,population_density_106.csv
2017,新竹縣,橫山鄉,13064,year_end_registered_population,66.3502,197,8410,population_density_106.csv
2017,新竹縣,湖口鄉,77444,year_end_registered_population,58.4303,1325,8410,population_density_106.csv
2017,新竹縣,竹北市,181955,year_end_registered_population,46.8341,3885,8410,population_density_106.csv
2017,新竹縣,竹東鎮,96918,year_end_registered_population,53.5133,1811,8410,population_density_106.csv
2017,新竹縣,芎林鄉,20061,year_end_registered_population,40.7858,492,8410,population_density_106.csv
2017,新竹縣,關西鎮,28896,year_end_registered_population,125.5193,230,8410,population_density_106.csv
2017,桃園市,中壢區,405216,year_end_registered_population,76.52,5296,8410,population_density_106.csv
2017,桃園市,八德區,198074,year_end_registered_population,33.7111,5876,8410,population_density_106.csv
2017,桃園市,大園區,89281,year_end_registered_population,87.3925,1022,8410,population_density_106.csv
2017,桃園市,大溪區,94451,year_end_registered_population,105.1206,899,8410,population_density_106.csv
2017,桃園市,平鎮區,224219,year_end_registered_population,47.7532,4695,8410,population_density_106.csv
2017,桃園市,復興區,11505,year_end_registered_population,350.7775,33,8410,population_density_106.csv
2017,桃園市,新屋區,48953,year_end_registered_population,85.0166,576,8410,population_density_106.csv
2017,桃園市,桃園區,440840,year_end_registered_population,34.8046,12666,8410,population_density_106.csv
2017,桃園市,楊梅區,167639,year_end_registered_population,89.1229,1881,8410,population_density_106.csv
2017,桃園市,蘆竹區,161912,year_end_registered_population,75.5025,2144,8410,population_density_106.csv
2017,桃園市,觀音區,66472,year_end_registered_population,87.9807,756,8410,population_density_106.csv
2017,桃園市,龍潭區,121822,year_end_registered_population,75.2341,1619,8410,population_density_106.csv
2017,桃園市,龜山區,157633,year_end_registered_population,72.0177,2189,8410,population_density_106.csv
2017,澎湖縣,七美鄉,3856,year_end_registered_population,6.9868,552,8410,population_density_106.csv
2017,澎湖縣,望安鄉,5176,year_end_registered_population,13.7824,376,8410,population_density_106.csv
2017,澎湖縣,湖西鄉,14508,year_end_registered_population,33.3008,436,8410,population_density_106.csv
2017,澎湖縣,白沙鄉,9817,year_end_registered_population,20.0875,489,8410,population_density_106.csv
2017,澎湖縣,西嶼鄉,8408,year_end_registered_population,18.7148,449,8410,population_density_106.csv
2017,澎湖縣,馬公市,62308,year_end_registered_population,33.9918,1833,8410,population_density_106.csv
2017,臺中市,中區,18450,year_end_registered_population,0.8803,20959,8410,population_density_106.csv
2017,臺中市,北區,147653,year_end_registered_population,6.9376,21283,8410,population_density_106.csv
2017,臺中市,北屯區,274819,year_end_registered_population,62.7034,4383,8410,population_density_106.csv
2017,臺中市,南區,125067,year_end_registered_population,6.8101,18365,8410,population_density_106.csv
2017,臺中市,南屯區,168760,year_end_registered_population,31.2578,5399,8410,population_density_106.csv
2017,臺中市,后里區,54482,year_end_registered_population,58.9439,924,8410,population_density_106.csv
2017,臺中市,和平區,10949,year_end_registered_population,1037.8192,11,8410,population_density_106.csv
2017,臺中市,外埔區,32185,year_end_registered_population,42.4099,759,8410,population_density_106.csv
2017,臺中市,大安區,19303,year_end_registered_population,27.4045,704,8410,population_density_106.csv
2017,臺中市,大甲區,77761,year_end_registered_population,58.5192,1329,8410,population_density_106.csv
2017,臺中市,大肚區,57322,year_end_registered_population,37.0024,1549,8410,population_density_106.csv
2017,臺中市,大里區,211492,year_end_registered_population,28.8758,7324,8410,population_density_106.csv
2017,臺中市,大雅區,95203,year_end_registered_population,32.4109,2937,8410,population_density_106.csv
2017,臺中市,太平區,189066,year_end_registered_population,120.7473,1566,8410,population_density_106.csv
2017,臺中市,新社區,24754,year_end_registered_population,68.8874,359,8410,population_density_106.csv
2017,臺中市,東勢區,50714,year_end_registered_population,117.4065,432,8410,population_density_106.csv
2017,臺中市,東區,75811,year_end_registered_population,9.2855,8164,8410,population_density_106.csv
2017,臺中市,梧棲區,57993,year_end_registered_population,16.6049,3493,8410,population_density_106.csv
2017,臺中市,沙鹿區,92645,year_end_registered_population,40.4604,2290,8410,population_density_106.csv
2017,臺中市,清水區,86420,year_end_registered_population,64.1709,1347,8410,population_density_106.csv
2017,臺中市,潭子區,108288,year_end_registered_population,25.8497,4189,8410,population_density_106.csv
2017,臺中市,烏日區,74554,year_end_registered_population,43.4032,1718,8410,population_density_106.csv
2017,臺中市,石岡區,15066,year_end_registered_population,18.2105,827,8410,population_density_106.csv
2017,臺中市,神岡區,65553,year_end_registered_population,35.0445,1871,8410,population_density_106.csv
2017,臺中市,西區,115627,year_end_registered_population,5.7042,20271,8410,population_density_106.csv
2017,臺中市,西屯區,227043,year_end_registered_population,39.8467,5698,8410,population_density_106.csv
2017,臺中市,豐原區,166879,year_end_registered_population,41.1845,4052,8410,population_density_106.csv
2017,臺中市,霧峰區,65393,year_end_registered_population,98.0779,667,8410,population_density_106.csv
2017,臺中市,龍井區,77818,year_end_registered_population,38.0377,2046,8410,population_density_106.csv
2017,臺北市,中山區,230710,year_end_registered_population,13.6821,16862,8410,population_density_106.csv
2017,臺北市,中正區,159608,year_end_registered_population,7.6071,20981,8410,population_density_106.csv
2017,臺北市,信義區,225753,year_end_registered_population,11.2077,20143,8410,population_density_106.csv
2017,臺北市,內湖區,287771,year_end_registered_population,31.5787,9113,8410,population_density_106.csv
2017,臺北市,北投區,256456,year_end_registered_population,56.8216,4513,8410,population_density_106.csv
2017,臺北市,南港區,122155,year_end_registered_population,21.8424,5593,8410,population_density_106.csv
2017,臺北市,士林區,288295,year_end_registered_population,62.3682,4622,8410,population_density_106.csv
2017,臺北市,大同區,129278,year_end_registered_population,5.6815,22754,8410,population_density_106.csv
2017,臺北市,大安區,309969,year_end_registered_population,11.3614,27283,8410,population_density_106.csv
2017,臺北市,文山區,274424,year_end_registered_population,31.509,8709,8410,population_density_106.csv
2017,臺北市,松山區,206988,year_end_registered_population,9.2878,22286,8410,population_density_106.csv
2017,臺北市,萬華區,191850,year_end_registered_population,8.8522,21673,8410,population_density_106.csv
2017,臺南市,七股區,22974,year_end_registered_population,110.1492,209,8410,population_density_106.csv
2017,臺南市,下營區,24239,year_end_registered_population,33.5291,723,8410,population_density_106.csv
2017,臺南市,中西區,77770,year_end_registered_population,6.26,12423,8410,population_density_106.csv
2017,臺南市,仁德區,75518,year_end_registered_population,50.7664,1488,8410,population_density_106.csv
2017,臺南市,佳里區,59380,year_end_registered_population,38.9422,1525,8410,population_density_106.csv
2017,臺南市,六甲區,22275,year_end_registered_population,67.5471,330,8410,population_density_106.csv
2017,臺南市,北區,132726,year_end_registered_population,10.434,12721,8410,population_density_106.csv
2017,臺南市,北門區,11188,year_end_registered_population,44.1003,254,8410,population_density_106.csv
2017,臺南市,南化區,8787,year_end_registered_population,171.5198,51,8410,population_density_106.csv
2017,臺南市,南區,125394,year_end_registered_population,27.2681,4599,8410,population_density_106.csv
2017,臺南市,善化區,48386,year_end_registered_population,55.3097,875,8410,population_density_106.csv
2017,臺南市,大內區,9761,year_end_registered_population,70.3125,139,8410,population_density_106.csv
2017,臺南市,學甲區,26078,year_end_registered_population,53.9919,483,8410,population_density_106.csv
2017,臺南市,安南區,192224,year_end_registered_population,107.2016,1793,8410,population_density_106.csv
2017,臺南市,安定區,30564,year_end_registered_population,31.27,977,8410,population_density_106.csv
2017,臺南市,安平區,66496,year_end_registered_population,11.0663,6009,8410,population_density_106.csv
2017,臺南市,官田區,21448,year_end_registered_population,70.7953,303,8410,population_density_106.csv
2017,臺南市,將軍區,19849,year_end_registered_population,41.9796,473,8410,population_density_106.csv
2017,臺南市,山上區,7314,year_end_registered_population,27.878,262,8410,population_density_106.csv
2017,臺南市,左鎮區,4876,year_end_registered_population,74.9025,65,8410,population_density_106.csv
2017,臺南市,後壁區,23718,year_end_registered_population,72.2189,328,8410,population_density_106.csv
2017,臺南市,新化區,43630,year_end_registered_population,62.0579,703,8410,population_density_106.csv
2017,臺南市,新市區,36574,year_end_registered_population,47.8096,765,8410,population_density_106.csv
2017,臺南市,新營區,77966,year_end_registered_population,38.5386,2023,8410,population_density_106.csv
2017,臺南市,東區,186841,year_end_registered_population,13.4156,13927,8410,population_density_106.csv
2017,臺南市,東山區,21049,year_end_registered_population,124.9178,169,8410,population_density_106.csv
2017,臺南市,柳營區,21365,year_end_registered_population,61.2929,349,8410,population_density_106.csv
2017,臺南市,楠西區,9717,year_end_registered_population,109.6316,89,8410,population_density_106.csv
2017,臺南市,歸仁區,68424,year_end_registered_population,55.7913,1226,8410,population_density_106.csv
2017,臺南市,永康區,233905,year_end_registered_population,40.2753,5808,8410,population_density_106.csv
2017,臺南市,玉井區,14151,year_end_registered_population,76.3662,185,8410,population_density_106.csv
2017,臺南市,白河區,28520,year_end_registered_population,126.4046,226,8410,population_density_106.csv
2017,臺南市,西港區,24758,year_end_registered_population,33.7666,733,8410,population_density_106.csv
2017,臺南市,關廟區,34433,year_end_registered_population,53.6413,642,8410,population_density_106.csv
2017,臺南市,鹽水區,25583,year_end_registered_population,52.2455,490,8410,population_density_106.csv
2017,臺南市,麻豆區,44603,year_end_registered_population,53.9744,826,8410,population_density_106.csv
2017,臺南市,龍崎區,4038,year_end_registered_population,64.0814,63,8410,population_density_106.csv
2017,臺東縣,卑南鄉,17399,year_end_registered_population,412.6871,42,8410,population_density_106.csv
2017,臺東縣,大武鄉,6117,year_end_registered_population,69.1454,88,8410,population_density_106.csv
2017,臺東縣,太麻里鄉,11163,year_end_registered_population,96.6523,115,8410,population_density_106.csv
2017,臺東縣,延平鄉,3551,year_end_registered_population,455.8805,8,8410,population_density_106.csv
2017,臺東縣,成功鎮,14238,year_end_registered_population,143.9939,99,8410,population_density_106.csv
2017,臺東縣,東河鄉,8517,year_end_registered_population,210.1908,41,8410,population_density_106.csv
2017,臺東縣,池上鄉,8248,year_end_registered_population,82.6854,100,8410,population_density_106.csv
2017,臺東縣,海端鄉,4222,year_end_registered_population,880.0382,5,8410,population_density_106.csv
2017,臺東縣,綠島鄉,3926,year_end_registered_population,15.0919,260,8410,population_density_106.csv
2017,臺東縣,臺東市,105960,year_end_registered_population,109.7691,965,8410,population_density_106.csv
2017,臺東縣,蘭嶼鄉,5075,year_end_registered_population,48.3892,105,8410,population_density_106.csv
2017,臺東縣,達仁鄉,3518,year_end_registered_population,306.4454,11,8410,population_density_106.csv
2017,臺東縣,金峰鄉,3653,year_end_registered_population,380.6635,10,8410,population_density_106.csv
2017,臺東縣,長濱鄉,7260,year_end_registered_population,155.1868,47,8410,population_density_106.csv
2017,臺東縣,關山鎮,8742,year_end_registered_population,58.7351,149,8410,population_density_106.csv
2017,臺東縣,鹿野鄉,7951,year_end_registered_population,89.698,89,8410,population_density_106.csv
2017,花蓮縣,光復鄉,12888,year_end_registered_population,157.11,82,8410,population_density_106.csv
2017,花蓮縣,卓溪鄉,6066,year_end_registered_population,1021.313,6,8410,population_density_106.csv
2017,花蓮縣,吉安鄉,83747,year_end_registered_population,65.2582,1283,8410,population_density_106.csv
2017,花蓮縣,壽豐鄉,18043,year_end_registered_population,218.4448,83,8410,population_density_106.csv
2017,花蓮縣,富里鄉,10413,year_end_registered_population,176.3705,59,8410,population_density_106.csv
2017,花蓮縣,新城鄉,20185,year_end_registered_population,29.4095,686,8410,population_density_106.csv
2017,花蓮縣,玉里鎮,24345,year_end_registered_population,252.3719,96,8410,population_density_106.csv
2017,花蓮縣,瑞穗鄉,11653,year_end_registered_population,135.5862,86,8410,population_density_106.csv
2017,花蓮縣,秀林鄉,15889,year_end_registered_population,1641.8555,10,8410,population_density_106.csv
2017,花蓮縣,花蓮市,104380,year_end_registered_population,29.4095,3549,8410,population_density_106.csv
2017,花蓮縣,萬榮鄉,6384,year_end_registered_population,618.491,10,8410,population_density_106.csv
2017,花蓮縣,豐濱鄉,4383,year_end_registered_population,162.4332,27,8410,population_density_106.csv
2017,花蓮縣,鳳林鎮,10861,year_end_registered_population,120.5181,90,8410,population_density_106.csv
2017,苗栗縣,三灣鄉,6756,year_end_registered_population,52.2964,129,8410,population_density_106.csv
2017,苗栗縣,三義鄉,16530,year_end_registered_population,69.3424,238,8410,population_density_106.csv
2017,苗栗縣,公館鄉,33773,year_end_registered_population,71.4523,473,8410,population_density_106.csv
2017,苗栗縣,卓蘭鎮,17134,year_end_registered_population,76.3153,225,8410,population_density_106.csv
2017,苗栗縣,南庄鄉,10176,year_end_registered_population,165.4938,61,8410,population_density_106.csv
2017,苗栗縣,大湖鄉,14738,year_end_registered_population,90.8396,162,8410,population_density_106.csv
2017,苗栗縣,後龍鎮,36750,year_end_registered_population,75.8079,485,8410,population_density_106.csv
2017,苗栗縣,泰安鄉,5883,year_end_registered_population,614.5127,10,8410,population_density_106.csv
2017,苗栗縣,獅潭鄉,4417,year_end_registered_population,79.4324,56,8410,population_density_106.csv
2017,苗栗縣,竹南鎮,85587,year_end_registered_population,37.5592,2279,8410,population_density_106.csv
2017,苗栗縣,苑裡鎮,45976,year_end_registered_population,68.2473,674,8410,population_density_106.csv
2017,苗栗縣,苗栗市,89165,year_end_registered_population,37.8878,2353,8410,population_density_106.csv
2017,苗栗縣,西湖鄉,7154,year_end_registered_population,41.0758,174,8410,population_density_106.csv
2017,苗栗縣,通霄鎮,34691,year_end_registered_population,107.8486,322,8410,population_density_106.csv
2017,苗栗縣,造橋鄉,12952,year_end_registered_population,47.9978,270,8410,population_density_106.csv
2017,苗栗縣,銅鑼鄉,18138,year_end_registered_population,78.3805,231,8410,population_density_106.csv
2017,苗栗縣,頭份市,103147,year_end_registered_population,53.3205,1934,8410,population_density_106.csv
2017,苗栗縣,頭屋鄉,10840,year_end_registered_population,52.5046,206,8410,population_density_106.csv
2017,連江縣,北竿鄉,2360,year_end_registered_population,9.9,238,8410,population_density_106.csv
2017,連江縣,南竿鄉,7544,year_end_registered_population,10.4,725,8410,population_density_106.csv
2017,連江縣,東引鄉,1352,year_end_registered_population,3.8,356,8410,population_density_106.csv
2017,連江縣,莒光鄉,1624,year_end_registered_population,4.7,346,8410,population_density_106.csv
2017,金門縣,烈嶼鄉,12700,year_end_registered_population,16.003,794,8410,population_density_106.csv
2017,金門縣,烏坵鄉,685,year_end_registered_population,1.2,571,8410,population_density_106.csv
2017,金門縣,金城鎮,43285,year_end_registered_population,21.713,1994,8410,population_density_106.csv
2017,金門縣,金寧鄉,30838,year_end_registered_population,29.854,1033,8410,population_density_106.csv
2017,金門縣,金沙鎮,20535,year_end_registered_population,41.19,499,8410,population_density_106.csv
2017,金門縣,金湖鎮,29413,year_end_registered_population,41.696,705,8410,population_density_106.csv
2017,雲林縣,二崙鄉,27255,year_end_registered_population,59.5625,458,8410,population_density_106.csv
2017,雲林縣,元長鄉,25980,year_end_registered_population,71.5872,363,8410,population_density_106.csv
2017,雲林縣,北港鎮,40278,year_end_registered_population,41.4999,971,8410,population_density_106.csv
2017,雲林縣,口湖鄉,27653,year_end_registered_population,80.4612,344,8410,population_density_106.csv
2017,雲林縣,古坑鄉,31708,year_end_registered_population,166.6059,190,8410,population_density_106.csv
2017,雲林縣,四湖鄉,23667,year_end_registered_population,77.1189,307,8410,population_density_106.csv
2017,雲林縣,土庫鎮,28932,year_end_registered_population,49.0212,590,8410,population_density_106.csv
2017,雲林縣,大埤鄉,19263,year_end_registered_population,44.9973,428,8410,population_density_106.csv
2017,雲林縣,崙背鄉,24678,year_end_registered_population,58.484,422,8410,population_density_106.csv
2017,雲林縣,斗六市,108567,year_end_registered_population,93.7151,1158,8410,population_density_106.csv
2017,雲林縣,斗南鎮,44941,year_end_registered_population,48.1505,933,8410,population_density_106.csv
2017,雲林縣,東勢鄉,14893,year_end_registered_population,48.3562,308,8410,population_density_106.csv
2017,雲林縣,林內鄉,18230,year_end_registered_population,37.6035,485,8410,population_density_106.csv
2017,雲林縣,水林鄉,25624,year_end_registered_population,72.9582,351,8410,population_density_106.csv
2017,雲林縣,臺西鄉,23954,year_end_registered_population,54.0983,443,8410,population_density_106.csv
2017,雲林縣,莿桐鄉,28939,year_end_registered_population,50.8502,569,8410,population_density_106.csv
2017,雲林縣,虎尾鎮,70892,year_end_registered_population,68.742,1031,8410,population_density_106.csv
2017,雲林縣,褒忠鄉,13010,year_end_registered_population,37.0552,351,8410,population_density_106.csv
2017,雲林縣,西螺鎮,46244,year_end_registered_population,49.7985,929,8410,population_density_106.csv
2017,雲林縣,麥寮鄉,45665,year_end_registered_population,80.1668,570,8410,population_density_106.csv
2017,高雄市,三民區,343243,year_end_registered_population,19.7866,17347,8410,population_density_106.csv
2017,高雄市,仁武區,85894,year_end_registered_population,36.0808,2381,8410,population_density_106.csv
2017,高雄市,內門區,14540,year_end_registered_population,95.6224,152,8410,population_density_106.csv
2017,高雄市,六龜區,13016,year_end_registered_population,194.1584,67,8410,population_density_106.csv
2017,高雄市,前金區,26991,year_end_registered_population,1.8573,14532,8410,population_density_106.csv
2017,高雄市,前鎮區,189839,year_end_registered_population,19.1207,9928,8410,population_density_106.csv
2017,高雄市,大寮區,112397,year_end_registered_population,71.04,1582,8410,population_density_106.csv
2017,高雄市,大樹區,42757,year_end_registered_population,66.9811,638,8410,population_density_106.csv
2017,高雄市,大社區,34577,year_end_registered_population,26.5848,1301,8410,population_density_106.csv
2017,高雄市,小港區,157475,year_end_registered_population,45.4426,3465,8410,population_density_106.csv
2017,高雄市,岡山區,97329,year_end_registered_population,47.9421,2030,8410,population_density_106.csv
2017,高雄市,左營區,197072,year_end_registered_population,19.3823,10168,8410,population_density_106.csv
2017,高雄市,彌陀區,19383,year_end_registered_population,14.7772,1312,8410,population_density_106.csv
2017,高雄市,新興區,51153,year_end_registered_population,1.9764,25882,8410,population_density_106.csv
2017,高雄市,旗山區,36940,year_end_registered_population,94.6122,390,8410,population_density_106.csv
2017,高雄市,旗津區,28763,year_end_registered_population,1.4639,19648,8410,population_density_106.csv
2017,高雄市,杉林區,12038,year_end_registered_population,104.0036,116,8410,population_density_106.csv
2017,高雄市,林園區,69990,year_end_registered_population,32.286,2168,8410,population_density_106.csv
2017,高雄市,桃源區,4246,year_end_registered_population,928.98,5,8410,population_density_106.csv
2017,高雄市,梓官區,36116,year_end_registered_population,11.5967,3114,8410,population_density_106.csv
2017,高雄市,楠梓區,183751,year_end_registered_population,25.8276,7115,8410,population_density_106.csv
2017,高雄市,橋頭區,37579,year_end_registered_population,25.9379,1449,8410,population_density_106.csv
2017,高雄市,永安區,13980,year_end_registered_population,22.6141,618,8410,population_density_106.csv
2017,高雄市,湖內區,29803,year_end_registered_population,20.1615,1478,8410,population_density_106.csv
2017,高雄市,燕巢區,29922,year_end_registered_population,65.395,458,8410,population_density_106.csv
2017,高雄市,田寮區,7245,year_end_registered_population,92.6802,78,8410,population_density_106.csv
2017,高雄市,甲仙區,6107,year_end_registered_population,124.034,49,8410,population_density_106.csv
2017,高雄市,美濃區,39973,year_end_registered_population,120.0316,333,8410,population_density_106.csv
2017,高雄市,苓雅區,171033,year_end_registered_population,8.1522,20980,8410,population_density_106.csv
2017,高雄市,茂林區,1924,year_end_registered_population,194,10,8410,population_density_106.csv
2017,高雄市,茄萣區,30217,year_end_registered_population,15.7624,1917,8410,population_density_106.csv
2017,高雄市,路竹區,52761,year_end_registered_population,48.4348,1089,8410,population_density_106.csv
2017,高雄市,那瑪夏區,3125,year_end_registered_population,252.9895,12,8410,population_density_106.csv
2017,高雄市,阿蓮區,28844,year_end_registered_population,34.6164,833,8410,population_density_106.csv
2017,高雄市,鳥松區,44291,year_end_registered_population,24.5927,1801,8410,population_density_106.csv
2017,高雄市,鳳山區,359120,year_end_registered_population,26.759,13421,8410,population_density_106.csv
2017,高雄市,鹽埕區,24219,year_end_registered_population,1.4161,17103,8410,population_density_106.csv
2017,高雄市,鼓山區,139259,year_end_registered_population,14.7523,9440,8410,population_density_106.csv
2018,南投縣,中寮鄉,14680,year_end_registered_population,146.6541,100,8410,population_density_107.csv
2018,南投縣,仁愛鄉,15969,year_end_registered_population,1273.5312,13,8410,population_density_107.csv
2018,南投縣,信義鄉,16230,year_end_registered_population,1422.4188,11,8410,population_density_107.csv
2018,南投縣,南投市,99519,year_end_registered_population,71.6021,1390,8410,population_density_107.csv
2018,南投縣,名間鄉,38265,year_end_registered_population,83.0955,460,8410,population_density_107.csv
2018,南投縣,國姓鄉,18629,year_end_registered_population,175.7042,106,8410,population_density_107.csv
2018,南投縣,埔里鎮,80340,year_end_registered_population,162.2227,495,8410,population_density_107.csv
2018,南投縣,水里鄉,17496,year_end_registered_population,106.8424,164,8410,population_density_107.csv
2018,南投縣,竹山鎮,54540,year_end_registered_population,247.3339,221,8410,population_density_107.csv
2018,南投縣,草屯鎮,97119,year_end_registered_population,104.0327,934,8410,population_density_107.csv
2018,南投縣,集集鎮,10804,year_end_registered_population,49.7268,217,8410,population_density_107.csv
2018,南投縣,魚池鄉,15753,year_end_registered_population,121.3735,130,8410,population_density_107.csv
2018,南投縣,鹿谷鄉,17687,year_end_registered_population,141.8981,125,8410,population_density_107.csv
2018,嘉義市,東區,121162,year_end_registered_population,30.1556,4018,8410,population_density_107.csv
2018,嘉義市,西區,147460,year_end_registered_population,29.87,4937,8410,population_density_107.csv
2018,嘉義縣,中埔鄉,44584,year_end_registered_population,129.5016,344,8410,population_density_107.csv
2018,嘉義縣,六腳鄉,22960,year_end_registered_population,62.2619,369,8410,population_density_107.csv
2018,嘉義縣,大埔鄉,4603,year_end_registered_population,173.2472,27,8410,population_density_107.csv
2018,嘉義縣,大林鎮,30896,year_end_registered_population,64.1663,481,8410,population_density_107.csv
2018,嘉義縣,太保市,38069,year_end_registered_population,66.8964,569,8410,population_density_107.csv
2018,嘉義縣,布袋鎮,26773,year_end_registered_population,61.7307,434,8410,population_density_107.csv
2018,嘉義縣,新港鄉,31723,year_end_registered_population,66.0495,480,8410,population_density_107.csv
2018,嘉義縣,朴子市,42112,year_end_registered_population,49.5737,849,8410,population_density_107.csv
2018,嘉義縣,東石鄉,24580,year_end_registered_population,81.5821,301,8410,population_density_107.csv
2018,嘉義縣,梅山鄉,19282,year_end_registered_population,119.7571,161,8410,population_density_107.csv
2018,嘉義縣,民雄鄉,71367,year_end_registered_population,85.4969,835,8410,population_density_107.csv
2018,嘉義縣,水上鄉,49316,year_end_registered_population,69.1198,713,8410,population_density_107.csv
2018,嘉義縣,溪口鄉,14592,year_end_registered_population,33.0463,442,8410,population_density_107.csv
2018,嘉義縣,番路鄉,11430,year_end_registered_population,117.5269,97,8410,population_density_107.csv
2018,嘉義縣,竹崎鄉,35584,year_end_registered_population,162.2256,219,8410,population_density_107.csv
2018,嘉義縣,義竹鄉,18242,year_end_registered_population,79.2925,230,8410,population_density_107.csv
2018,嘉義縣,阿里山鄉,5597,year_end_registered_population,427.8471,13,8410,population_density_107.csv
2018,嘉義縣,鹿草鄉,15358,year_end_registered_population,54.3151,283,8410,population_density_107.csv
2018,基隆市,七堵區,53782,year_end_registered_population,56.2659,956,8410,population_density_107.csv
2018,基隆市,中山區,47398,year_end_registered_population,10.5238,4504,8410,population_density_107.csv
2018,基隆市,中正區,51670,year_end_registered_population,10.2118,5060,8410,population_density_107.csv
2018,基隆市,仁愛區,43730,year_end_registered_population,4.2335,10330,8410,population_density_107.csv
2018,基隆市,信義區,52662,year_end_registered_population,10.6706,4935,8410,population_density_107.csv
2018,基隆市,安樂區,82294,year_end_registered_population,18.025,4566,8410,population_density_107.csv
2018,基隆市,暖暖區,38619,year_end_registered_population,22.8283,1692,8410,population_density_107.csv
2018,宜蘭縣,三星鄉,21359,year_end_registered_population,144.2238,148,8410,population_density_107.csv
2018,宜蘭縣,五結鄉,39543,year_end_registered_population,38.8671,1017,8410,population_density_107.csv
2018,宜蘭縣,冬山鄉,52880,year_end_registered_population,79.8573,662,8410,population_density_107.csv
2018,宜蘭縣,南澳鄉,6015,year_end_registered_population,740.652,8,8410,population_density_107.csv
2018,宜蘭縣,員山鄉,32281,year_end_registered_population,111.9106,288,8410,population_density_107.csv
2018,宜蘭縣,壯圍鄉,24302,year_end_registered_population,38.4769,632,8410,population_density_107.csv
2018,宜蘭縣,大同鄉,6242,year_end_registered_population,657.5442,9,8410,population_density_107.csv
2018,宜蘭縣,宜蘭市,95732,year_end_registered_population,29.408,3255,8410,population_density_107.csv
2018,宜蘭縣,礁溪鄉,35619,year_end_registered_population,101.4278,351,8410,population_density_107.csv
2018,宜蘭縣,羅東鎮,72433,year_end_registered_population,11.3448,6385,8410,population_density_107.csv
2018,宜蘭縣,蘇澳鎮,39682,year_end_registered_population,89.0196,446,8410,population_density_107.csv
2018,宜蘭縣,頭城鎮,29133,year_end_registered_population,100.893,289,8410,population_density_107.csv
2018,屏東縣,三地門鄉,7697,year_end_registered_population,196.3965,39,8410,population_density_107.csv
2018,屏東縣,九如鄉,22061,year_end_registered_population,42.0187,525,8410,population_density_107.csv
2018,屏東縣,佳冬鄉,19121,year_end_registered_population,30.9842,617,8410,population_density_107.csv
2018,屏東縣,來義鄉,7433,year_end_registered_population,167.7756,44,8410,population_density_107.csv
2018,屏東縣,內埔鄉,54115,year_end_registered_population,81.8554,661,8410,population_density_107.csv
2018,屏東縣,南州鄉,10639,year_end_registered_population,18.97,561,8410,population_density_107.csv
2018,屏東縣,屏東市,199606,year_end_registered_population,65.067,3068,8410,population_density_107.csv
2018,屏東縣,崁頂鄉,15519,year_end_registered_population,31.2659,496,8410,population_density_107.csv
2018,屏東縣,恆春鎮,30818,year_end_registered_population,136.763,225,8410,population_density_107.csv
2018,屏東縣,新園鄉,34880,year_end_registered_population,38.3109,910,8410,population_density_107.csv
2018,屏東縣,新埤鄉,9981,year_end_registered_population,59.0102,169,8410,population_density_107.csv
2018,屏東縣,春日鄉,4909,year_end_registered_population,160.001,31,8410,population_density_107.csv
2018,屏東縣,東港鎮,47613,year_end_registered_population,29.4635,1616,8410,population_density_107.csv
2018,屏東縣,枋寮鄉,24323,year_end_registered_population,57.7347,421,8410,population_density_107.csv
2018,屏東縣,枋山鄉,5498,year_end_registered_population,17.2697,318,8410,population_density_107.csv
2018,屏東縣,林邊鄉,17795,year_end_registered_population,15.6233,1139,8410,population_density_107.csv
2018,屏東縣,泰武鄉,5392,year_end_registered_population,118.6266,45,8410,population_density_107.csv
2018,屏東縣,滿州鄉,7968,year_end_registered_population,142.2013,56,8410,population_density_107.csv
2018,屏東縣,潮州鎮,53893,year_end_registered_population,42.4331,1270,8410,population_density_107.csv
2018,屏東縣,牡丹鄉,4981,year_end_registered_population,181.8366,27,8410,population_density_107.csv
2018,屏東縣,獅子鄉,4954,year_end_registered_population,301.0018,16,8410,population_density_107.csv
2018,屏東縣,琉球鄉,12364,year_end_registered_population,6.8018,1818,8410,population_density_107.csv
2018,屏東縣,瑪家鄉,6829,year_end_registered_population,78.7008,87,8410,population_density_107.csv
2018,屏東縣,竹田鄉,17119,year_end_registered_population,29.0732,589,8410,population_density_107.csv
2018,屏東縣,萬丹鄉,50514,year_end_registered_population,57.4679,879,8410,population_density_107.csv
2018,屏東縣,萬巒鄉,20593,year_end_registered_population,60.7315,339,8410,population_density_107.csv
2018,屏東縣,車城鄉,8577,year_end_registered_population,49.8517,172,8410,population_density_107.csv
2018,屏東縣,里港鄉,26044,year_end_registered_population,68.9208,378,8410,population_density_107.csv
2018,屏東縣,長治鄉,29677,year_end_registered_population,39.8861,744,8410,population_density_107.csv
2018,屏東縣,霧臺鄉,3354,year_end_registered_population,278.796,12,8410,population_density_107.csv
2018,屏東縣,高樹鄉,24384,year_end_registered_population,90.1522,270,8410,population_density_107.csv
2018,屏東縣,鹽埔鄉,25719,year_end_registered_population,64.3493,400,8410,population_density_107.csv
2018,屏東縣,麟洛鄉,11036,year_end_registered_population,16.26,679,8410,population_density_107.csv
2018,彰化縣,二林鎮,50536,year_end_registered_population,92.8478,544,8410,population_density_107.csv
2018,彰化縣,二水鄉,15153,year_end_registered_population,29.4449,515,8410,population_density_107.csv
2018,彰化縣,伸港鄉,37121,year_end_registered_population,22.3268,1663,8410,population_density_107.csv
2018,彰化縣,北斗鎮,33321,year_end_registered_population,19.2547,1731,8410,population_density_107.csv
2018,彰化縣,和美鎮,90782,year_end_registered_population,39.9345,2273,8410,population_density_107.csv
2018,彰化縣,員林市,124890,year_end_registered_population,40.038,3119,8410,population_density_107.csv
2018,彰化縣,埔心鄉,34745,year_end_registered_population,20.9526,1658,8410,population_density_107.csv
2018,彰化縣,埔鹽鄉,32460,year_end_registered_population,38.6081,841,8410,population_density_107.csv
2018,彰化縣,埤頭鄉,30508,year_end_registered_population,42.7508,714,8410,population_density_107.csv
2018,彰化縣,大城鄉,16717,year_end_registered_population,63.7406,262,8410,population_density_107.csv
2018,彰化縣,大村鄉,36968,year_end_registered_population,30.7837,1201,8410,population_density_107.csv
2018,彰化縣,彰化市,232729,year_end_registered_population,65.6947,3543,8410,population_density_107.csv
2018,彰化縣,永靖鄉,36962,year_end_registered_population,20.6382,1791,8410,population_density_107.csv
2018,彰化縣,溪州鄉,29760,year_end_registered_population,75.831,392,8410,population_density_107.csv
2018,彰化縣,溪湖鎮,55365,year_end_registered_population,32.0592,1727,8410,population_density_107.csv
2018,彰化縣,田中鎮,41541,year_end_registered_population,34.6056,1200,8410,population_density_107.csv
2018,彰化縣,田尾鄉,27336,year_end_registered_population,24.0375,1137,8410,population_density_107.csv
2018,彰化縣,社頭鄉,42882,year_end_registered_population,36.1449,1186,8410,population_density_107.csv
2018,彰化縣,福興鄉,47059,year_end_registered_population,49.8934,943,8410,population_density_107.csv
2018,彰化縣,秀水鄉,39291,year_end_registered_population,29.3447,1339,8410,population_density_107.csv
2018,彰化縣,竹塘鄉,15095,year_end_registered_population,42.1662,358,8410,population_density_107.csv
2018,彰化縣,線西鄉,16860,year_end_registered_population,18.0856,932,8410,population_density_107.csv
2018,彰化縣,芬園鄉,23583,year_end_registered_population,38.0204,620,8410,population_density_107.csv
2018,彰化縣,花壇鄉,45853,year_end_registered_population,36.3469,1262,8410,population_density_107.csv
2018,彰化縣,芳苑鄉,33489,year_end_registered_population,91.3827,366,8410,population_density_107.csv
2018,彰化縣,鹿港鎮,86818,year_end_registered_population,39.4625,2200,8410,population_density_107.csv
2018,新北市,三峽區,115820,year_end_registered_population,191.4508,605,8410,population_density_107.csv
2018,新北市,三芝區,22978,year_end_registered_population,65.9909,348,8410,population_density_107.csv
2018,新北市,三重區,385826,year_end_registered_population,16.317,23646,8410,population_density_107.csv
2018,新北市,中和區,412486,year_end_registered_population,20.144,20477,8410,population_density_107.csv
2018,新北市,五股區,86329,year_end_registered_population,34.8632,2476,8410,population_density_107.csv
2018,新北市,八里區,38906,year_end_registered_population,39.4933,985,8410,population_density_107.csv
2018,新北市,土城區,236901,year_end_registered_population,29.5578,8015,8410,population_density_107.csv
2018,新北市,坪林區,6612,year_end_registered_population,170.835,39,8410,population_density_107.csv
2018,新北市,平溪區,4666,year_end_registered_population,71.3382,65,8410,population_density_107.csv
2018,新北市,新店區,302231,year_end_registered_population,120.2255,2514,8410,population_density_107.csv
2018,新北市,新莊區,417754,year_end_registered_population,19.7383,21165,8410,population_density_107.csv
2018,新北市,板橋區,554742,year_end_registered_population,23.1373,23976,8410,population_density_107.csv
2018,新北市,林口區,110081,year_end_registered_population,54.1519,2033,8410,population_density_107.csv
2018,新北市,樹林區,183946,year_end_registered_population,33.1288,5552,8410,population_density_107.csv
2018,新北市,永和區,221098,year_end_registered_population,5.7138,38695,8410,population_density_107.csv
2018,新北市,汐止區,200535,year_end_registered_population,71.2354,2815,8410,population_density_107.csv
2018,新北市,泰山區,78708,year_end_registered_population,19.1603,4108,8410,population_density_107.csv
2018,新北市,淡水區,173502,year_end_registered_population,70.6565,2456,8410,population_density_107.csv
2018,新北市,深坑區,23634,year_end_registered_population,20.5787,1148,8410,population_density_107.csv
2018,新北市,烏來區,6438,year_end_registered_population,321.1306,20,8410,population_density_107.csv
2018,新北市,瑞芳區,39982,year_end_registered_population,70.7336,565,8410,population_density_107.csv
2018,新北市,石碇區,7731,year_end_registered_population,144.3498,54,8410,population_density_107.csv
2018,新北市,石門區,12115,year_end_registered_population,51.2645,236,8410,population_density_107.csv
2018,新北市,萬里區,22068,year_end_registered_population,63.3766,348,8410,population_density_107.csv
2018,新北市,蘆洲區,201332,year_end_registered_population,7.4351,27079,8410,population_density_107.csv
2018,新北市,貢寮區,12301,year_end_registered_population,99.9734,123,8410,population_density_107.csv
2018,新北市,金山區,21774,year_end_registered_population,49.2132,442,8410,population_density_107.csv
2018,新北市,雙溪區,8860,year_end_registered_population,146.2484,61,8410,population_density_107.csv
2018,新北市,鶯歌區,86361,year_end_registered_population,21.1248,4088,8410,population_density_107.csv
2018,新竹市,北區,151679,year_end_registered_population,15.7267,9645,8410,population_density_107.csv
2018,新竹市,東區,215566,year_end_registered_population,33.5768,6420,8410,population_density_107.csv
2018,新竹市,香山區,78390,year_end_registered_population,54.8491,1429,8410,population_density_107.csv
2018,新竹縣,五峰鄉,4774,year_end_registered_population,227.728,21,8410,population_density_107.csv
2018,新竹縣,北埔鄉,9335,year_end_registered_population,50.6676,184,8410,population_density_107.csv
2018,新竹縣,寶山鄉,14647,year_end_registered_population,64.7871,226,8410,population_density_107.csv
2018,新竹縣,尖石鄉,9695,year_end_registered_population,527.5795,18,8410,population_density_107.csv
2018,新竹縣,峨眉鄉,5587,year_end_registered_population,46.801,119,8410,population_density_107.csv
2018,新竹縣,新埔鎮,33104,year_end_registered_population,72.1911,459,8410,population_density_107.csv
2018,新竹縣,新豐鄉,56980,year_end_registered_population,46.3496,1229,8410,population_density_107.csv
2018,新竹縣,橫山鄉,12942,year_end_registered_population,66.3502,195,8410,population_density_107.csv
2018,新竹縣,湖口鄉,77668,year_end_registered_population,58.4303,1329,8410,population_density_107.csv
2018,新竹縣,竹北市,187336,year_end_registered_population,46.8341,4000,8410,population_density_107.csv
2018,新竹縣,竹東鎮,96380,year_end_registered_population,53.5133,1801,8410,population_density_107.csv
2018,新竹縣,芎林鄉,20025,year_end_registered_population,40.7858,491,8410,population_density_107.csv
2018,新竹縣,關西鎮,28537,year_end_registered_population,125.5193,227,8410,population_density_107.csv
2018,桃園市,中壢區,412063,year_end_registered_population,76.52,5385,8410,population_density_107.csv
2018,桃園市,八德區,202198,year_end_registered_population,33.7111,5998,8410,population_density_107.csv
2018,桃園市,大園區,90888,year_end_registered_population,87.3925,1040,8410,population_density_107.csv
2018,桃園市,大溪區,94885,year_end_registered_population,105.1206,903,8410,population_density_107.csv
2018,桃園市,平鎮區,226412,year_end_registered_population,47.7532,4741,8410,population_density_107.csv
2018,桃園市,復興區,12026,year_end_registered_population,350.7775,34,8410,population_density_107.csv
2018,桃園市,新屋區,49210,year_end_registered_population,85.0166,579,8410,population_density_107.csv
2018,桃園市,桃園區,447302,year_end_registered_population,34.8046,12852,8410,population_density_107.csv
2018,桃園市,楊梅區,170380,year_end_registered_population,89.1229,1912,8410,population_density_107.csv
2018,桃園市,蘆竹區,164384,year_end_registered_population,75.5025,2177,8410,population_density_107.csv
2018,桃園市,觀音區,67358,year_end_registered_population,87.9807,766,8410,population_density_107.csv
2018,桃園市,龍潭區,123175,year_end_registered_population,75.2341,1637,8410,population_density_107.csv
2018,桃園市,龜山區,160591,year_end_registered_population,72.0177,2230,8410,population_density_107.csv
2018,澎湖縣,七美鄉,3825,year_end_registered_population,6.9868,547,8410,population_density_107.csv
2018,澎湖縣,望安鄉,5235,year_end_registered_population,13.7824,380,8410,population_density_107.csv
2018,澎湖縣,湖西鄉,14594,year_end_registered_population,33.3008,438,8410,population_density_107.csv
2018,澎湖縣,白沙鄉,9827,year_end_registered_population,20.0875,489,8410,population_density_107.csv
2018,澎湖縣,西嶼鄉,8349,year_end_registered_population,18.7148,446,8410,population_density_107.csv
2018,澎湖縣,馬公市,62610,year_end_registered_population,33.9918,1842,8410,population_density_107.csv
2018,臺中市,中區,18514,year_end_registered_population,0.8803,21031,8410,population_density_107.csv
2018,臺中市,北區,147557,year_end_registered_population,6.9376,21269,8410,population_density_107.csv
2018,臺中市,北屯區,279297,year_end_registered_population,62.7034,4454,8410,population_density_107.csv
2018,臺中市,南區,125874,year_end_registered_population,6.8101,18483,8410,population_density_107.csv
2018,臺中市,南屯區,170618,year_end_registered_population,31.2578,5458,8410,population_density_107.csv
2018,臺中市,后里區,54775,year_end_registered_population,58.9439,929,8410,population_density_107.csv
2018,臺中市,和平區,11015,year_end_registered_population,1037.8192,11,8410,population_density_107.csv
2018,臺中市,外埔區,32230,year_end_registered_population,42.4099,760,8410,population_density_107.csv
2018,臺中市,大安區,19267,year_end_registered_population,27.4045,703,8410,population_density_107.csv
2018,臺中市,大甲區,77625,year_end_registered_population,58.5192,1326,8410,population_density_107.csv
2018,臺中市,大肚區,57324,year_end_registered_population,37.0024,1549,8410,population_density_107.csv
2018,臺中市,大里區,212104,year_end_registered_population,28.8758,7345,8410,population_density_107.csv
2018,臺中市,大雅區,95815,year_end_registered_population,32.4109,2956,8410,population_density_107.csv
2018,臺中市,太平區,191752,year_end_registered_population,120.7473,1588,8410,population_density_107.csv
2018,臺中市,新社區,24576,year_end_registered_population,68.8874,357,8410,population_density_107.csv
2018,臺中市,東勢區,50256,year_end_registered_population,117.4065,428,8410,population_density_107.csv
2018,臺中市,東區,76175,year_end_registered_population,9.2855,8204,8410,population_density_107.csv
2018,臺中市,梧棲區,58218,year_end_registered_population,16.6049,3506,8410,population_density_107.csv
2018,臺中市,沙鹿區,94079,year_end_registered_population,40.4604,2325,8410,population_density_107.csv
2018,臺中市,清水區,86862,year_end_registered_population,64.1709,1354,8410,population_density_107.csv
2018,臺中市,潭子區,108952,year_end_registered_population,25.8497,4215,8410,population_density_107.csv
2018,臺中市,烏日區,75372,year_end_registered_population,43.4032,1737,8410,population_density_107.csv
2018,臺中市,石岡區,14956,year_end_registered_population,18.2105,821,8410,population_density_107.csv
2018,臺中市,神岡區,65711,year_end_registered_population,35.0445,1875,8410,population_density_107.csv
2018,臺中市,西區,115698,year_end_registered_population,5.7042,20283,8410,population_density_107.csv
2018,臺中市,西屯區,228630,year_end_registered_population,39.8467,5738,8410,population_density_107.csv
2018,臺中市,豐原區,167025,year_end_registered_population,41.1845,4056,8410,population_density_107.csv
2018,臺中市,霧峰區,65619,year_end_registered_population,98.0779,669,8410,population_density_107.csv
2018,臺中市,龍井區,77998,year_end_registered_population,38.0377,2051,8410,population_density_107.csv
2018,臺北市,中山區,229456,year_end_registered_population,13.6821,16771,8410,population_density_107.csv
2018,臺北市,中正區,159000,year_end_registered_population,7.6071,20902,8410,population_density_107.csv
2018,臺北市,信義區,223406,year_end_registered_population,11.2077,19933,8410,population_density_107.csv
2018,臺北市,內湖區,287429,year_end_registered_population,31.5787,9102,8410,population_density_107.csv
2018,臺北市,北投區,255532,year_end_registered_population,56.8216,4497,8410,population_density_107.csv
2018,臺北市,南港區,121670,year_end_registered_population,21.8424,5570,8410,population_density_107.csv
2018,臺北市,士林區,286544,year_end_registered_population,62.3682,4594,8410,population_density_107.csv
2018,臺北市,大同區,127625,year_end_registered_population,5.6815,22463,8410,population_density_107.csv
2018,臺北市,大安區,308843,year_end_registered_population,11.3614,27184,8410,population_density_107.csv
2018,臺北市,文山區,273762,year_end_registered_population,31.509,8688,8410,population_density_107.csv
2018,臺北市,松山區,205702,year_end_registered_population,9.2878,22148,8410,population_density_107.csv
2018,臺北市,萬華區,189603,year_end_registered_population,8.8522,21419,8410,population_density_107.csv
2018,臺南市,七股區,22732,year_end_registered_population,110.1492,206,8410,population_density_107.csv
2018,臺南市,下營區,23916,year_end_registered_population,33.5291,713,8410,population_density_107.csv
2018,臺南市,中西區,78167,year_end_registered_population,6.26,12487,8410,population_density_107.csv
2018,臺南市,仁德區,75878,year_end_registered_population,50.7664,1495,8410,population_density_107.csv
2018,臺南市,佳里區,59083,year_end_registered_population,38.9422,1517,8410,population_density_107.csv
2018,臺南市,六甲區,22148,year_end_registered_population,67.5471,328,8410,population_density_107.csv
2018,臺南市,北區,132112,year_end_registered_population,10.434,12662,8410,population_density_107.csv
2018,臺南市,北門區,11051,year_end_registered_population,44.1003,251,8410,population_density_107.csv
2018,臺南市,南化區,8724,year_end_registered_population,171.5198,51,8410,population_density_107.csv
2018,臺南市,南區,124824,year_end_registered_population,27.2681,4578,8410,population_density_107.csv
2018,臺南市,善化區,48968,year_end_registered_population,55.3097,885,8410,population_density_107.csv
2018,臺南市,大內區,9605,year_end_registered_population,70.3125,137,8410,population_density_107.csv
2018,臺南市,學甲區,25665,year_end_registered_population,53.9919,475,8410,population_density_107.csv
2018,臺南市,安南區,193438,year_end_registered_population,107.2016,1804,8410,population_density_107.csv
2018,臺南市,安定區,30483,year_end_registered_population,31.27,975,8410,population_density_107.csv
2018,臺南市,安平區,66775,year_end_registered_population,11.0663,6034,8410,population_density_107.csv
2018,臺南市,官田區,21314,year_end_registered_population,70.7953,301,8410,population_density_107.csv
2018,臺南市,將軍區,19664,year_end_registered_population,41.9796,468,8410,population_density_107.csv
2018,臺南市,山上區,7317,year_end_registered_population,27.878,262,8410,population_density_107.csv
2018,臺南市,左鎮區,4781,year_end_registered_population,74.9025,64,8410,population_density_107.csv
2018,臺南市,後壁區,23346,year_end_registered_population,72.2189,323,8410,population_density_107.csv
2018,臺南市,新化區,43456,year_end_registered_population,62.0579,700,8410,population_density_107.csv
2018,臺南市,新市區,36898,year_end_registered_population,47.8096,772,8410,population_density_107.csv
2018,臺南市,新營區,77617,year_end_registered_population,38.5386,2014,8410,population_density_107.csv
2018,臺南市,東區,186250,year_end_registered_population,13.4156,13883,8410,population_density_107.csv
2018,臺南市,東山區,20788,year_end_registered_population,124.9178,166,8410,population_density_107.csv
2018,臺南市,柳營區,21205,year_end_registered_population,61.2929,346,8410,population_density_107.csv
2018,臺南市,楠西區,9537,year_end_registered_population,109.6316,87,8410,population_density_107.csv
2018,臺南市,歸仁區,68403,year_end_registered_population,55.7913,1226,8410,population_density_107.csv
2018,臺南市,永康區,234891,year_end_registered_population,40.2753,5832,8410,population_density_107.csv
2018,臺南市,玉井區,13997,year_end_registered_population,76.3662,183,8410,population_density_107.csv
2018,臺南市,白河區,28105,year_end_registered_population,126.4046,222,8410,population_density_107.csv
2018,臺南市,西港區,24690,year_end_registered_population,33.7666,731,8410,population_density_107.csv
2018,臺南市,關廟區,34353,year_end_registered_population,53.6413,640,8410,population_density_107.csv
2018,臺南市,鹽水區,25395,year_end_registered_population,52.2455,486,8410,population_density_107.csv
2018,臺南市,麻豆區,44260,year_end_registered_population,53.9744,820,8410,population_density_107.csv
2018,臺南市,龍崎區,3995,year_end_registered_population,64.0814,62,8410,population_density_107.csv
2018,臺東縣,卑南鄉,17269,year_end_registered_population,412.6871,42,8410,population_density_107.csv
2018,臺東縣,大武鄉,6046,year_end_registered_population,69.1454,87,8410,population_density_107.csv
2018,臺東縣,太麻里鄉,11147,year_end_registered_population,96.6523,115,8410,population_density_107.csv
2018,臺東縣,延平鄉,3628,year_end_registered_population,455.8805,8,8410,population_density_107.csv
2018,臺東縣,成功鎮,14059,year_end_registered_population,143.9939,98,8410,population_density_107.csv
2018,臺東縣,東河鄉,8479,year_end_registered_population,210.1908,40,8410,population_density_107.csv
2018,臺東縣,池上鄉,8199,year_end_registered_population,82.6854,99,8410,population_density_107.csv
2018,臺東縣,海端鄉,4186,year_end_registered_population,880.0382,5,8410,population_density_107.csv
2018,臺東縣,綠島鄉,4097,year_end_registered_population,15.0919,271,8410,population_density_107.csv
2018,臺東縣,臺東市,105573,year_end_registered_population,109.7691,962,8410,population_density_107.csv
2018,臺東縣,蘭嶼鄉,5157,year_end_registered_population,48.3892,107,8410,population_density_107.csv
2018,臺東縣,達仁鄉,3580,year_end_registered_population,306.4454,12,8410,population_density_107.csv
2018,臺東縣,金峰鄉,3739,year_end_registered_population,380.6635,10,8410,population_density_107.csv
2018,臺東縣,長濱鄉,7182,year_end_registered_population,155.1868,46,8410,population_density_107.csv
2018,臺東縣,關山鎮,8703,year_end_registered_population,58.7351,148,8410,population_density_107.csv
2018,臺東縣,鹿野鄉,7875,year_end_registered_population,89.698,88,8410,population_density_107.csv
2018,花蓮縣,光復鄉,12789,year_end_registered_population,157.11,81,8410,population_density_107.csv
2018,花蓮縣,卓溪鄉,6101,year_end_registered_population,1021.313,6,8410,population_density_107.csv
2018,花蓮縣,吉安鄉,83221,year_end_registered_population,65.2582,1275,8410,population_density_107.csv
2018,花蓮縣,壽豐鄉,17949,year_end_registered_population,218.4448,82,8410,population_density_107.csv
2018,花蓮縣,富里鄉,10277,year_end_registered_population,176.3705,58,8410,population_density_107.csv
2018,花蓮縣,新城鄉,20159,year_end_registered_population,29.4095,685,8410,population_density_107.csv
2018,花蓮縣,玉里鎮,24007,year_end_registered_population,252.3719,95,8410,population_density_107.csv
2018,花蓮縣,瑞穗鄉,11668,year_end_registered_population,135.5862,86,8410,population_density_107.csv
2018,花蓮縣,秀林鄉,15939,year_end_registered_population,1641.8555,10,8410,population_density_107.csv
2018,花蓮縣,花蓮市,103841,year_end_registered_population,29.4095,3531,8410,population_density_107.csv
2018,花蓮縣,萬榮鄉,6419,year_end_registered_population,618.491,10,8410,population_density_107.csv
2018,花蓮縣,豐濱鄉,4752,year_end_registered_population,162.4332,29,8410,population_density_107.csv
2018,花蓮縣,鳳林鎮,10846,year_end_registered_population,120.5181,90,8410,population_density_107.csv
2018,苗栗縣,三灣鄉,6613,year_end_registered_population,52.2964,126,8410,population_density_107.csv
2018,苗栗縣,三義鄉,16204,year_end_registered_population,69.3424,234,8410,population_density_107.csv
2018,苗栗縣,公館鄉,33261,year_end_registered_population,71.4523,465,8410,population_density_107.csv
2018,苗栗縣,卓蘭鎮,16732,year_end_registered_population,76.3153,219,8410,population_density_107.csv
2018,苗栗縣,南庄鄉,10042,year_end_registered_population,165.4938,61,8410,population_density_107.csv
2018,苗栗縣,大湖鄉,14482,year_end_registered_population,90.8396,159,8410,population_density_107.csv
2018,苗栗縣,後龍鎮,36257,year_end_registered_population,75.8079,478,8410,population_density_107.csv
2018,苗栗縣,泰安鄉,6039,year_end_registered_population,614.5127,10,8410,population_density_107.csv
2018,苗栗縣,獅潭鄉,4331,year_end_registered_population,79.4324,55,8410,population_density_107.csv
2018,苗栗縣,竹南鎮,86130,year_end_registered_population,37.5592,2293,8410,population_density_107.csv
2018,苗栗縣,苑裡鎮,45211,year_end_registered_population,68.2473,662,8410,population_density_107.csv
2018,苗栗縣,苗栗市,88216,year_end_registered_population,37.8878,2328,8410,population_density_107.csv
2018,苗栗縣,西湖鄉,7033,year_end_registered_population,41.0758,171,8410,population_density_107.csv
2018,苗栗縣,通霄鎮,33992,year_end_registered_population,107.8486,315,8410,population_density_107.csv
2018,苗栗縣,造橋鄉,12701,year_end_registered_population,47.9978,265,8410,population_density_107.csv
2018,苗栗縣,銅鑼鄉,17871,year_end_registered_population,78.3805,228,8410,population_density_107.csv
2018,苗栗縣,頭份市,103081,year_end_registered_population,53.3205,1933,8410,population_density_107.csv
2018,苗栗縣,頭屋鄉,10667,year_end_registered_population,52.5046,203,8410,population_density_107.csv
2018,連江縣,北竿鄉,2425,year_end_registered_population,9.9,245,8410,population_density_107.csv
2018,連江縣,南竿鄉,7663,year_end_registered_population,10.4,737,8410,population_density_107.csv
2018,連江縣,東引鄉,1350,year_end_registered_population,3.8,355,8410,population_density_107.csv
2018,連江縣,莒光鄉,1618,year_end_registered_population,4.7,344,8410,population_density_107.csv
2018,金門縣,烈嶼鄉,12861,year_end_registered_population,16.003,804,8410,population_density_107.csv
2018,金門縣,烏坵鄉,682,year_end_registered_population,1.2,568,8410,population_density_107.csv
2018,金門縣,金城鎮,43325,year_end_registered_population,21.713,1995,8410,population_density_107.csv
2018,金門縣,金寧鄉,31765,year_end_registered_population,29.854,1064,8410,population_density_107.csv
2018,金門縣,金沙鎮,20784,year_end_registered_population,41.19,505,8410,population_density_107.csv
2018,金門縣,金湖鎮,29856,year_end_registered_population,41.696,716,8410,population_density_107.csv
2018,雲林縣,二崙鄉,26855,year_end_registered_population,59.5625,451,8410,population_density_107.csv
2018,雲林縣,元長鄉,25643,year_end_registered_population,71.5872,358,8410,population_density_107.csv
2018,雲林縣,北港鎮,39905,year_end_registered_population,41.4999,962,8410,population_density_107.csv
2018,雲林縣,口湖鄉,27276,year_end_registered_population,80.4612,339,8410,population_density_107.csv
2018,雲林縣,古坑鄉,31358,year_end_registered_population,166.6059,188,8410,population_density_107.csv
2018,雲林縣,四湖鄉,23209,year_end_registered_population,77.1189,301,8410,population_density_107.csv
2018,雲林縣,土庫鎮,28794,year_end_registered_population,49.0212,587,8410,population_density_107.csv
2018,雲林縣,大埤鄉,19030,year_end_registered_population,44.9973,423,8410,population_density_107.csv
2018,雲林縣,崙背鄉,24345,year_end_registered_population,58.484,416,8410,population_density_107.csv
2018,雲林縣,斗六市,108542,year_end_registered_population,93.7151,1158,8410,population_density_107.csv
2018,雲林縣,斗南鎮,44547,year_end_registered_population,48.1505,925,8410,population_density_107.csv
2018,雲林縣,東勢鄉,14766,year_end_registered_population,48.3562,305,8410,population_density_107.csv
2018,雲林縣,林內鄉,17995,year_end_registered_population,37.6035,479,8410,population_density_107.csv
2018,雲林縣,水林鄉,25308,year_end_registered_population,72.9582,347,8410,population_density_107.csv
2018,雲林縣,臺西鄉,23730,year_end_registered_population,54.0983,439,8410,population_density_107.csv
2018,雲林縣,莿桐鄉,28703,year_end_registered_population,50.8502,564,8410,population_density_107.csv
2018,雲林縣,虎尾鎮,70844,year_end_registered_population,68.742,1031,8410,population_density_107.csv
2018,雲林縣,褒忠鄉,12912,year_end_registered_population,37.0552,348,8410,population_density_107.csv
2018,雲林縣,西螺鎮,46064,year_end_registered_population,49.7985,925,8410,population_density_107.csv
2018,雲林縣,麥寮鄉,46196,year_end_registered_population,80.1668,576,8410,population_density_107.csv
2018,高雄市,三民區,340913,year_end_registered_population,19.7866,17229,8410,population_density_107.csv
2018,高雄市,仁武區,87694,year_end_registered_population,36.0808,2430,8410,population_density_107.csv
2018,高雄市,內門區,14437,year_end_registered_population,95.6224,151,8410,population_density_107.csv
2018,高雄市,六龜區,12939,year_end_registered_population,194.1584,67,8410,population_density_107.csv
2018,高雄市,前金區,26831,year_end_registered_population,1.8573,14446,8410,population_density_107.csv
2018,高雄市,前鎮區,188340,year_end_registered_population,19.1207,9850,8410,population_density_107.csv
2018,高雄市,大寮區,112421,year_end_registered_population,71.04,1583,8410,population_density_107.csv
2018,高雄市,大樹區,42390,year_end_registered_population,66.9811,633,8410,population_density_107.csv
2018,高雄市,大社區,34604,year_end_registered_population,26.5848,1302,8410,population_density_107.csv
2018,高雄市,小港區,157742,year_end_registered_population,45.4426,3471,8410,population_density_107.csv
2018,高雄市,岡山區,97103,year_end_registered_population,47.9421,2025,8410,population_density_107.csv
2018,高雄市,左營區,196872,year_end_registered_population,19.3823,10157,8410,population_density_107.csv
2018,高雄市,彌陀區,19252,year_end_registered_population,14.7772,1303,8410,population_density_107.csv
2018,高雄市,新興區,51032,year_end_registered_population,1.9764,25821,8410,population_density_107.csv
2018,高雄市,旗山區,36652,year_end_registered_population,94.6122,387,8410,population_density_107.csv
2018,高雄市,旗津區,28506,year_end_registered_population,1.4639,19473,8410,population_density_107.csv
2018,高雄市,杉林區,11795,year_end_registered_population,104.0036,113,8410,population_density_107.csv
2018,高雄市,林園區,69870,year_end_registered_population,32.286,2164,8410,population_density_107.csv
2018,高雄市,桃源區,4311,year_end_registered_population,928.98,5,8410,population_density_107.csv
2018,高雄市,梓官區,35940,year_end_registered_population,11.5967,3099,8410,population_density_107.csv
2018,高雄市,楠梓區,185687,year_end_registered_population,25.8276,7189,8410,population_density_107.csv
2018,高雄市,橋頭區,37650,year_end_registered_population,25.9379,1452,8410,population_density_107.csv
2018,高雄市,永安區,13909,year_end_registered_population,22.6141,615,8410,population_density_107.csv
2018,高雄市,湖內區,29794,year_end_registered_population,20.1615,1478,8410,population_density_107.csv
2018,高雄市,燕巢區,29820,year_end_registered_population,65.395,456,8410,population_density_107.csv
2018,高雄市,田寮區,7159,year_end_registered_population,92.6802,77,8410,population_density_107.csv
2018,高雄市,甲仙區,6026,year_end_registered_population,124.034,49,8410,population_density_107.csv
2018,高雄市,美濃區,39589,year_end_registered_population,120.0316,330,8410,population_density_107.csv
2018,高雄市,苓雅區,169648,year_end_registered_population,8.1522,20810,8410,population_density_107.csv
2018,高雄市,茂林區,1994,year_end_registered_population,194,10,8410,population_density_107.csv
2018,高雄市,茄萣區,30089,year_end_registered_population,15.7624,1909,8410,population_density_107.csv
2018,高雄市,路竹區,52538,year_end_registered_population,48.4348,1085,8410,population_density_107.csv
2018,高雄市,那瑪夏區,3148,year_end_registered_population,252.9895,12,8410,population_density_107.csv
2018,高雄市,阿蓮區,28658,year_end_registered_population,34.6164,828,8410,population_density_107.csv
2018,高雄市,鳥松區,44469,year_end_registered_population,24.5927,1808,8410,population_density_107.csv
2018,高雄市,鳳山區,359519,year_end_registered_population,26.759,13435,8410,population_density_107.csv
2018,高雄市,鹽埕區,24059,year_end_registered_population,1.4161,16990,8410,population_density_107.csv
2018,高雄市,鼓山區,140133,year_end_registered_population,14.7523,9499,8410,population_density_107.csv
2019,南投縣,中寮鄉,14495,year_end_registered_population,146.6541,99,8410,population_density_108.csv
2019,南投縣,仁愛鄉,15905,year_end_registered_population,1273.5312,12,8410,population_density_108.csv
2019,南投縣,信義鄉,16006,year_end_registered_population,1422.4188,11,8410,population_density_108.csv
2019,南投縣,南投市,99199,year_end_registered_population,71.6021,1385,8410,population_density_108.csv
2019,南投縣,名間鄉,37951,year_end_registered_population,83.0955,457,8410,population_density_108.csv
2019,南投縣,國姓鄉,18245,year_end_registered_population,175.7042,104,8410,population_density_108.csv
2019,南投縣,埔里鎮,79789,year_end_registered_population,162.2227,492,8410,population_density_108.csv
2019,南投縣,水里鄉,17247,year_end_registered_population,106.8424,161,8410,population_density_108.csv
2019,南投縣,竹山鎮,53932,year_end_registered_population,247.3339,218,8410,population_density_108.csv
2019,南投縣,草屯鎮,97608,year_end_registered_population,104.0327,938,8410,population_density_108.csv
2019,南投縣,集集鎮,10615,year_end_registered_population,49.7268,213,8410,population_density_108.csv
2019,南投縣,魚池鄉,15611,year_end_registered_population,121.3735,129,8410,population_density_108.csv
2019,南投縣,鹿谷鄉,17509,year_end_registered_population,141.8981,123,8410,population_density_108.csv
2019,嘉義市,東區,120825,year_end_registered_population,30.1556,4007,8410,population_density_108.csv
2019,嘉義市,西區,146865,year_end_registered_population,29.87,4917,8410,population_density_108.csv
2019,嘉義縣,中埔鄉,44325,year_end_registered_population,129.5016,342,8410,population_density_108.csv
2019,嘉義縣,六腳鄉,22540,year_end_registered_population,62.2619,362,8410,population_density_108.csv
2019,嘉義縣,大埔鄉,4596,year_end_registered_population,173.2472,27,8410,population_density_108.csv
2019,嘉義縣,大林鎮,30684,year_end_registered_population,64.1663,478,8410,population_density_108.csv
2019,嘉義縣,太保市,38301,year_end_registered_population,66.8964,573,8410,population_density_108.csv
2019,嘉義縣,布袋鎮,26381,year_end_registered_population,61.7307,427,8410,population_density_108.csv
2019,嘉義縣,新港鄉,31420,year_end_registered_population,66.0495,476,8410,population_density_108.csv
2019,嘉義縣,朴子市,41855,year_end_registered_population,49.5737,844,8410,population_density_108.csv
2019,嘉義縣,東石鄉,24194,year_end_registered_population,81.5821,297,8410,population_density_108.csv
2019,嘉義縣,梅山鄉,18963,year_end_registered_population,119.7571,158,8410,population_density_108.csv
2019,嘉義縣,民雄鄉,71362,year_end_registered_population,85.4969,835,8410,population_density_108.csv
2019,嘉義縣,水上鄉,49195,year_end_registered_population,69.1198,712,8410,population_density_108.csv
2019,嘉義縣,溪口鄉,14283,year_end_registered_population,33.0463,432,8410,population_density_108.csv
2019,嘉義縣,番路鄉,11262,year_end_registered_population,117.5269,96,8410,population_density_108.csv
2019,嘉義縣,竹崎鄉,35207,year_end_registered_population,162.2256,217,8410,population_density_108.csv
2019,嘉義縣,義竹鄉,17883,year_end_registered_population,79.2925,226,8410,population_density_108.csv
2019,嘉義縣,阿里山鄉,5544,year_end_registered_population,427.8471,13,8410,population_density_108.csv
2019,嘉義縣,鹿草鄉,15118,year_end_registered_population,54.3151,278,8410,population_density_108.csv
2019,基隆市,七堵區,53732,year_end_registered_population,56.2659,955,8410,population_density_108.csv
2019,基隆市,中山區,46897,year_end_registered_population,10.5238,4456,8410,population_density_108.csv
2019,基隆市,中正區,51483,year_end_registered_population,10.2118,5042,8410,population_density_108.csv
2019,基隆市,仁愛區,43201,year_end_registered_population,4.2335,10205,8410,population_density_108.csv
2019,基隆市,信義區,52778,year_end_registered_population,10.6706,4946,8410,population_density_108.csv
2019,基隆市,安樂區,82267,year_end_registered_population,18.025,4564,8410,population_density_108.csv
2019,基隆市,暖暖區,38535,year_end_registered_population,22.8283,1688,8410,population_density_108.csv
2019,宜蘭縣,三星鄉,21278,year_end_registered_population,144.2238,148,8410,population_density_108.csv
2019,宜蘭縣,五結鄉,39959,year_end_registered_population,38.8671,1028,8410,population_density_108.csv
2019,宜蘭縣,冬山鄉,53103,year_end_registered_population,79.8573,665,8410,population_density_108.csv
2019,宜蘭縣,南澳鄉,5970,year_end_registered_population,740.652,8,8410,population_density_108.csv
2019,宜蘭縣,員山鄉,32284,year_end_registered_population,111.9106,288,8410,population_density_108.csv
2019,宜蘭縣,壯圍鄉,24424,year_end_registered_population,38.4769,635,8410,population_density_108.csv
2019,宜蘭縣,大同鄉,6143,year_end_registered_population,657.5442,9,8410,population_density_108.csv
2019,宜蘭縣,宜蘭市,95562,year_end_registered_population,29.408,3250,8410,population_density_108.csv
2019,宜蘭縣,礁溪鄉,35417,year_end_registered_population,101.4278,349,8410,population_density_108.csv
2019,宜蘭縣,羅東鎮,71898,year_end_registered_population,11.3448,6338,8410,population_density_108.csv
2019,宜蘭縣,蘇澳鎮,39155,year_end_registered_population,89.0196,440,8410,population_density_108.csv
2019,宜蘭縣,頭城鎮,28985,year_end_registered_population,100.893,287,8410,population_density_108.csv
2019,屏東縣,三地門鄉,7673,year_end_registered_population,196.3965,39,8410,population_density_108.csv
2019,屏東縣,九如鄉,21989,year_end_registered_population,42.0187,523,8410,population_density_108.csv
2019,屏東縣,佳冬鄉,18846,year_end_registered_population,30.9842,608,8410,population_density_108.csv
2019,屏東縣,來義鄉,7427,year_end_registered_population,167.7756,44,8410,population_density_108.csv
2019,屏東縣,內埔鄉,53583,year_end_registered_population,81.8554,655,8410,population_density_108.csv
2019,屏東縣,南州鄉,10513,year_end_registered_population,18.97,554,8410,population_density_108.csv
2019,屏東縣,屏東市,198990,year_end_registered_population,65.067,3058,8410,population_density_108.csv
2019,屏東縣,崁頂鄉,15419,year_end_registered_population,31.2659,493,8410,population_density_108.csv
2019,屏東縣,恆春鎮,30662,year_end_registered_population,136.763,224,8410,population_density_108.csv
2019,屏東縣,新園鄉,34468,year_end_registered_population,38.3109,900,8410,population_density_108.csv
2019,屏東縣,新埤鄉,9737,year_end_registered_population,59.0102,165,8410,population_density_108.csv
2019,屏東縣,春日鄉,4944,year_end_registered_population,160.001,31,8410,population_density_108.csv
2019,屏東縣,東港鎮,47161,year_end_registered_population,29.4635,1601,8410,population_density_108.csv
2019,屏東縣,枋寮鄉,24023,year_end_registered_population,57.7347,416,8410,population_density_108.csv
2019,屏東縣,枋山鄉,5349,year_end_registered_population,17.2697,310,8410,population_density_108.csv
2019,屏東縣,林邊鄉,17583,year_end_registered_population,15.6233,1125,8410,population_density_108.csv
2019,屏東縣,泰武鄉,5408,year_end_registered_population,118.6266,46,8410,population_density_108.csv
2019,屏東縣,滿州鄉,7686,year_end_registered_population,142.2013,54,8410,population_density_108.csv
2019,屏東縣,潮州鎮,53831,year_end_registered_population,42.4331,1269,8410,population_density_108.csv
2019,屏東縣,牡丹鄉,4867,year_end_registered_population,181.8366,27,8410,population_density_108.csv
2019,屏東縣,獅子鄉,4912,year_end_registered_population,301.0018,16,8410,population_density_108.csv
2019,屏東縣,琉球鄉,12232,year_end_registered_population,6.8018,1798,8410,population_density_108.csv
2019,屏東縣,瑪家鄉,6787,year_end_registered_population,78.7008,86,8410,population_density_108.csv
2019,屏東縣,竹田鄉,16863,year_end_registered_population,29.0732,580,8410,population_density_108.csv
2019,屏東縣,萬丹鄉,50427,year_end_registered_population,57.4679,877,8410,population_density_108.csv
2019,屏東縣,萬巒鄉,20473,year_end_registered_population,60.7315,337,8410,population_density_108.csv
2019,屏東縣,車城鄉,8403,year_end_registered_population,49.8517,169,8410,population_density_108.csv
2019,屏東縣,里港鄉,25853,year_end_registered_population,68.9208,375,8410,population_density_108.csv
2019,屏東縣,長治鄉,29536,year_end_registered_population,39.8861,741,8410,population_density_108.csv
2019,屏東縣,霧臺鄉,3295,year_end_registered_population,278.796,12,8410,population_density_108.csv
2019,屏東縣,高樹鄉,24006,year_end_registered_population,90.1522,266,8410,population_density_108.csv
2019,屏東縣,鹽埔鄉,25332,year_end_registered_population,64.3493,394,8410,population_density_108.csv
2019,屏東縣,麟洛鄉,10906,year_end_registered_population,16.26,671,8410,population_density_108.csv
2019,彰化縣,二林鎮,50075,year_end_registered_population,92.8478,539,8410,population_density_108.csv
2019,彰化縣,二水鄉,14843,year_end_registered_population,29.4449,504,8410,population_density_108.csv
2019,彰化縣,伸港鄉,37449,year_end_registered_population,22.3268,1677,8410,population_density_108.csv
2019,彰化縣,北斗鎮,33348,year_end_registered_population,19.2547,1732,8410,population_density_108.csv
2019,彰化縣,和美鎮,90530,year_end_registered_population,39.9345,2267,8410,population_density_108.csv
2019,彰化縣,員林市,125008,year_end_registered_population,40.038,3122,8410,population_density_108.csv
2019,彰化縣,埔心鄉,34734,year_end_registered_population,20.9526,1658,8410,population_density_108.csv
2019,彰化縣,埔鹽鄉,32183,year_end_registered_population,38.6081,834,8410,population_density_108.csv
2019,彰化縣,埤頭鄉,30394,year_end_registered_population,42.7508,711,8410,population_density_108.csv
2019,彰化縣,大城鄉,16359,year_end_registered_population,63.7406,257,8410,population_density_108.csv
2019,彰化縣,大村鄉,37124,year_end_registered_population,30.7837,1206,8410,population_density_108.csv
2019,彰化縣,彰化市,232259,year_end_registered_population,65.6947,3535,8410,population_density_108.csv
2019,彰化縣,永靖鄉,36651,year_end_registered_population,20.6382,1776,8410,population_density_108.csv
2019,彰化縣,溪州鄉,29411,year_end_registered_population,75.831,388,8410,population_density_108.csv
2019,彰化縣,溪湖鎮,55185,year_end_registered_population,32.0592,1721,8410,population_density_108.csv
2019,彰化縣,田中鎮,41244,year_end_registered_population,34.6056,1192,8410,population_density_108.csv
2019,彰化縣,田尾鄉,26993,year_end_registered_population,24.0375,1123,8410,population_density_108.csv
2019,彰化縣,社頭鄉,42573,year_end_registered_population,36.1449,1178,8410,population_density_108.csv
2019,彰化縣,福興鄉,46748,year_end_registered_population,49.8934,937,8410,population_density_108.csv
2019,彰化縣,秀水鄉,39068,year_end_registered_population,29.3447,1331,8410,population_density_108.csv
2019,彰化縣,竹塘鄉,14926,year_end_registered_population,42.1662,354,8410,population_density_108.csv
2019,彰化縣,線西鄉,16733,year_end_registered_population,18.0856,925,8410,population_density_108.csv
2019,彰化縣,芬園鄉,23383,year_end_registered_population,38.0204,615,8410,population_density_108.csv
2019,彰化縣,花壇鄉,45566,year_end_registered_population,36.3469,1254,8410,population_density_108.csv
2019,彰化縣,芳苑鄉,33084,year_end_registered_population,91.3827,362,8410,population_density_108.csv
2019,彰化縣,鹿港鎮,86931,year_end_registered_population,39.4625,2203,8410,population_density_108.csv
2019,新北市,三峽區,116478,year_end_registered_population,191.4508,608,8410,population_density_108.csv
2019,新北市,三芝區,22768,year_end_registered_population,65.9909,345,8410,population_density_108.csv
2019,新北市,三重區,386336,year_end_registered_population,16.317,23677,8410,population_density_108.csv
2019,新北市,中和區,413069,year_end_registered_population,20.144,20506,8410,population_density_108.csv
2019,新北市,五股區,88000,year_end_registered_population,34.8632,2524,8410,population_density_108.csv
2019,新北市,八里區,39531,year_end_registered_population,39.4933,1001,8410,population_density_108.csv
2019,新北市,土城區,237696,year_end_registered_population,29.5578,8042,8410,population_density_108.csv
2019,新北市,坪林區,6689,year_end_registered_population,170.835,39,8410,population_density_108.csv
2019,新北市,平溪區,4546,year_end_registered_population,71.3382,64,8410,population_density_108.csv
2019,新北市,新店區,303445,year_end_registered_population,120.2255,2524,8410,population_density_108.csv
2019,新北市,新莊區,420473,year_end_registered_population,19.7383,21302,8410,population_density_108.csv
2019,新北市,板橋區,556897,year_end_registered_population,23.1373,24069,8410,population_density_108.csv
2019,新北市,林口區,115582,year_end_registered_population,54.1519,2134,8410,population_density_108.csv
2019,新北市,樹林區,183926,year_end_registered_population,33.1288,5552,8410,population_density_108.csv
2019,新北市,永和區,220595,year_end_registered_population,5.7138,38607,8410,population_density_108.csv
2019,新北市,汐止區,203429,year_end_registered_population,71.2354,2856,8410,population_density_108.csv
2019,新北市,泰山區,78751,year_end_registered_population,19.1603,4110,8410,population_density_108.csv
2019,新北市,淡水區,178610,year_end_registered_population,70.6565,2528,8410,population_density_108.csv
2019,新北市,深坑區,23725,year_end_registered_population,20.5787,1153,8410,population_density_108.csv
2019,新北市,烏來區,6433,year_end_registered_population,321.1306,20,8410,population_density_108.csv
2019,新北市,瑞芳區,39536,year_end_registered_population,70.7336,559,8410,population_density_108.csv
2019,新北市,石碇區,7629,year_end_registered_population,144.3498,53,8410,population_density_108.csv
2019,新北市,石門區,11834,year_end_registered_population,51.2645,231,8410,population_density_108.csv
2019,新北市,萬里區,21872,year_end_registered_population,63.3766,345,8410,population_density_108.csv
2019,新北市,蘆洲區,201883,year_end_registered_population,7.4351,27153,8410,population_density_108.csv
2019,新北市,貢寮區,12033,year_end_registered_population,99.9734,120,8410,population_density_108.csv
2019,新北市,金山區,21396,year_end_registered_population,49.2132,435,8410,population_density_108.csv
2019,新北市,雙溪區,8665,year_end_registered_population,146.2484,59,8410,population_density_108.csv
2019,新北市,鶯歌區,86869,year_end_registered_population,21.1248,4112,8410,population_density_108.csv
2019,新竹市,北區,152351,year_end_registered_population,15.7267,9687,8410,population_density_108.csv
2019,新竹市,東區,217841,year_end_registered_population,33.5768,6488,8410,population_density_108.csv
2019,新竹市,香山區,78611,year_end_registered_population,54.8491,1433,8410,population_density_108.csv
2019,新竹縣,五峰鄉,4593,year_end_registered_population,227.728,20,8410,population_density_108.csv
2019,新竹縣,北埔鄉,9178,year_end_registered_population,50.6676,181,8410,population_density_108.csv
2019,新竹縣,寶山鄉,14626,year_end_registered_population,64.7871,226,8410,population_density_108.csv
2019,新竹縣,尖石鄉,9638,year_end_registered_population,527.5795,18,8410,population_density_108.csv
2019,新竹縣,峨眉鄉,5479,year_end_registered_population,46.801,117,8410,population_density_108.csv
2019,新竹縣,新埔鎮,32798,year_end_registered_population,72.1911,454,8410,population_density_108.csv
2019,新竹縣,新豐鄉,57292,year_end_registered_population,46.3496,1236,8410,population_density_108.csv
2019,新竹縣,橫山鄉,12789,year_end_registered_population,66.3502,193,8410,population_density_108.csv
2019,新竹縣,湖口鄉,77908,year_end_registered_population,58.4303,1333,8410,population_density_108.csv
2019,新竹縣,竹北市,194516,year_end_registered_population,46.8341,4153,8410,population_density_108.csv
2019,新竹縣,竹東鎮,97127,year_end_registered_population,53.5133,1815,8410,population_density_108.csv
2019,新竹縣,芎林鄉,19934,year_end_registered_population,40.7858,489,8410,population_density_108.csv
2019,新竹縣,關西鎮,28055,year_end_registered_population,125.5193,224,8410,population_density_108.csv
2019,桃園市,中壢區,417380,year_end_registered_population,76.52,5455,8410,population_density_108.csv
2019,桃園市,八德區,205974,year_end_registered_population,33.7111,6110,8410,population_density_108.csv
2019,桃園市,大園區,93078,year_end_registered_population,87.3925,1065,8410,population_density_108.csv
2019,桃園市,大溪區,95550,year_end_registered_population,105.1206,909,8410,population_density_108.csv
2019,桃園市,平鎮區,228436,year_end_registered_population,47.7532,4784,8410,population_density_108.csv
2019,桃園市,復興區,12176,year_end_registered_population,350.7775,35,8410,population_density_108.csv
2019,桃園市,新屋區,49256,year_end_registered_population,85.0166,579,8410,population_density_108.csv
2019,桃園市,桃園區,452824,year_end_registered_population,34.8046,13010,8410,population_density_108.csv
2019,桃園市,楊梅區,173049,year_end_registered_population,89.1229,1942,8410,population_density_108.csv
2019,桃園市,蘆竹區,166406,year_end_registered_population,75.5025,2204,8410,population_density_108.csv
2019,桃園市,觀音區,67956,year_end_registered_population,87.9807,772,8410,population_density_108.csv
2019,桃園市,龍潭區,124031,year_end_registered_population,75.2341,1649,8410,population_density_108.csv
2019,桃園市,龜山區,162921,year_end_registered_population,72.0177,2262,8410,population_density_108.csv
2019,澎湖縣,七美鄉,3799,year_end_registered_population,6.9868,544,8410,population_density_108.csv
2019,澎湖縣,望安鄉,5273,year_end_registered_population,13.7824,383,8410,population_density_108.csv
2019,澎湖縣,湖西鄉,14997,year_end_registered_population,33.3008,450,8410,population_density_108.csv
2019,澎湖縣,白沙鄉,9833,year_end_registered_population,20.0875,490,8410,population_density_108.csv
2019,澎湖縣,西嶼鄉,8306,year_end_registered_population,18.7148,444,8410,population_density_108.csv
2019,澎湖縣,馬公市,62999,year_end_registered_population,33.9918,1853,8410,population_density_108.csv
2019,臺中市,中區,18390,year_end_registered_population,0.8803,20891,8410,population_density_108.csv
2019,臺中市,北區,147391,year_end_registered_population,6.9376,21245,8410,population_density_108.csv
2019,臺中市,北屯區,283621,year_end_registered_population,62.7034,4523,8410,population_density_108.csv
2019,臺中市,南區,126571,year_end_registered_population,6.8101,18586,8410,population_density_108.csv
2019,臺中市,南屯區,173532,year_end_registered_population,31.2578,5552,8410,population_density_108.csv
2019,臺中市,后里區,54666,year_end_registered_population,58.9439,927,8410,population_density_108.csv
2019,臺中市,和平區,10902,year_end_registered_population,1037.8192,11,8410,population_density_108.csv
2019,臺中市,外埔區,32224,year_end_registered_population,42.4099,760,8410,population_density_108.csv
2019,臺中市,大安區,19111,year_end_registered_population,27.4045,697,8410,population_density_108.csv
2019,臺中市,大甲區,76822,year_end_registered_population,58.5192,1313,8410,population_density_108.csv
2019,臺中市,大肚區,57085,year_end_registered_population,37.0024,1543,8410,population_density_108.csv
2019,臺中市,大里區,212711,year_end_registered_population,28.8758,7366,8410,population_density_108.csv
2019,臺中市,大雅區,95772,year_end_registered_population,32.4109,2955,8410,population_density_108.csv
2019,臺中市,太平區,193729,year_end_registered_population,120.7473,1604,8410,population_density_108.csv
2019,臺中市,新社區,24289,year_end_registered_population,68.8874,353,8410,population_density_108.csv
2019,臺中市,東勢區,49773,year_end_registered_population,117.4065,424,8410,population_density_108.csv
2019,臺中市,東區,75943,year_end_registered_population,9.2855,8179,8410,population_density_108.csv
2019,臺中市,梧棲區,58921,year_end_registered_population,16.6049,3548,8410,population_density_108.csv
2019,臺中市,沙鹿區,94755,year_end_registered_population,40.4604,2342,8410,population_density_108.csv
2019,臺中市,清水區,87587,year_end_registered_population,64.1709,1365,8410,population_density_108.csv
2019,臺中市,潭子區,109324,year_end_registered_population,25.8497,4229,8410,population_density_108.csv
2019,臺中市,烏日區,75610,year_end_registered_population,43.4032,1742,8410,population_density_108.csv
2019,臺中市,石岡區,14758,year_end_registered_population,18.2105,810,8410,population_density_108.csv
2019,臺中市,神岡區,65679,year_end_registered_population,35.0445,1874,8410,population_density_108.csv
2019,臺中市,西區,115273,year_end_registered_population,5.7042,20208,8410,population_density_108.csv
2019,臺中市,西屯區,230501,year_end_registered_population,39.8467,5785,8410,population_density_108.csv
2019,臺中市,豐原區,166875,year_end_registered_population,41.1845,4052,8410,population_density_108.csv
2019,臺中市,霧峰區,65419,year_end_registered_population,98.0779,667,8410,population_density_108.csv
2019,臺中市,龍井區,78027,year_end_registered_population,38.0377,2051,8410,population_density_108.csv
2019,臺北市,中山區,227387,year_end_registered_population,13.6821,16619,8410,population_density_108.csv
2019,臺北市,中正區,158014,year_end_registered_population,7.6071,20772,8410,population_density_108.csv
2019,臺北市,信義區,220021,year_end_registered_population,11.2077,19631,8410,population_density_108.csv
2019,臺北市,內湖區,285795,year_end_registered_population,31.5787,9050,8410,population_density_108.csv
2019,臺北市,北投區,253319,year_end_registered_population,56.8216,4458,8410,population_density_108.csv
2019,臺北市,南港區,120297,year_end_registered_population,21.8424,5507,8410,population_density_108.csv
2019,臺北市,士林區,283459,year_end_registered_population,62.3682,4545,8410,population_density_108.csv
2019,臺北市,大同區,126043,year_end_registered_population,5.6815,22185,8410,population_density_108.csv
2019,臺北市,大安區,307631,year_end_registered_population,11.3614,27077,8410,population_density_108.csv
2019,臺北市,文山區,271806,year_end_registered_population,31.509,8626,8410,population_density_108.csv
2019,臺北市,松山區,204193,year_end_registered_population,9.2878,21985,8410,population_density_108.csv
2019,臺北市,萬華區,187076,year_end_registered_population,8.8522,21133,8410,population_density_108.csv
2019,臺南市,七股區,22299,year_end_registered_population,110.1492,202,8410,population_density_108.csv
2019,臺南市,下營區,23686,year_end_registered_population,33.5291,706,8410,population_density_108.csv
2019,臺南市,中西區,78493,year_end_registered_population,6.26,12539,8410,population_density_108.csv
2019,臺南市,仁德區,76094,year_end_registered_population,50.7664,1499,8410,population_density_108.csv
2019,臺南市,佳里區,59089,year_end_registered_population,38.9422,1517,8410,population_density_108.csv
2019,臺南市,六甲區,21886,year_end_registered_population,67.5471,324,8410,population_density_108.csv
2019,臺南市,北區,131480,year_end_registered_population,10.434,12601,8410,population_density_108.csv
2019,臺南市,北門區,10830,year_end_registered_population,44.1003,246,8410,population_density_108.csv
2019,臺南市,南化區,8583,year_end_registered_population,171.5198,50,8410,population_density_108.csv
2019,臺南市,南區,124696,year_end_registered_population,27.2681,4573,8410,population_density_108.csv
2019,臺南市,善化區,50018,year_end_registered_population,55.3097,904,8410,population_density_108.csv
2019,臺南市,大內區,9391,year_end_registered_population,70.3125,134,8410,population_density_108.csv
2019,臺南市,學甲區,25501,year_end_registered_population,53.9919,472,8410,population_density_108.csv
2019,臺南市,安南區,194228,year_end_registered_population,107.2016,1812,8410,population_density_108.csv
2019,臺南市,安定區,30413,year_end_registered_population,31.27,973,8410,population_density_108.csv
2019,臺南市,安平區,67119,year_end_registered_population,11.0663,6065,8410,population_density_108.csv
2019,臺南市,官田區,21371,year_end_registered_population,70.7953,302,8410,population_density_108.csv
2019,臺南市,將軍區,19353,year_end_registered_population,41.9796,461,8410,population_density_108.csv
2019,臺南市,山上區,7199,year_end_registered_population,27.878,258,8410,population_density_108.csv
2019,臺南市,左鎮區,4676,year_end_registered_population,74.9025,62,8410,population_density_108.csv
2019,臺南市,後壁區,23001,year_end_registered_population,72.2189,318,8410,population_density_108.csv
2019,臺南市,新化區,43254,year_end_registered_population,62.0579,697,8410,population_density_108.csv
2019,臺南市,新市區,37269,year_end_registered_population,47.8096,780,8410,population_density_108.csv
2019,臺南市,新營區,76969,year_end_registered_population,38.5386,1997,8410,population_density_108.csv
2019,臺南市,東區,186009,year_end_registered_population,13.4156,13865,8410,population_density_108.csv
2019,臺南市,東山區,20449,year_end_registered_population,124.9178,164,8410,population_density_108.csv
2019,臺南市,柳營區,21068,year_end_registered_population,61.2929,344,8410,population_density_108.csv
2019,臺南市,楠西區,9319,year_end_registered_population,109.6316,85,8410,population_density_108.csv
2019,臺南市,歸仁區,68135,year_end_registered_population,55.7913,1221,8410,population_density_108.csv
2019,臺南市,永康區,235699,year_end_registered_population,40.2753,5852,8410,population_density_108.csv
2019,臺南市,玉井區,13769,year_end_registered_population,76.3662,180,8410,population_density_108.csv
2019,臺南市,白河區,27688,year_end_registered_population,126.4046,219,8410,population_density_108.csv
2019,臺南市,西港區,24554,year_end_registered_population,33.7666,727,8410,population_density_108.csv
2019,臺南市,關廟區,34202,year_end_registered_population,53.6413,638,8410,population_density_108.csv
2019,臺南市,鹽水區,25223,year_end_registered_population,52.2455,483,8410,population_density_108.csv
2019,臺南市,麻豆區,43993,year_end_registered_population,53.9744,815,8410,population_density_108.csv
2019,臺南市,龍崎區,3900,year_end_registered_population,64.0814,61,8410,population_density_108.csv
2019,臺東縣,卑南鄉,17132,year_end_registered_population,412.6871,42,8410,population_density_108.csv
2019,臺東縣,大武鄉,5851,year_end_registered_population,69.1454,85,8410,population_density_108.csv
2019,臺東縣,太麻里鄉,10984,year_end_registered_population,96.6523,114,8410,population_density_108.csv
2019,臺東縣,延平鄉,3540,year_end_registered_population,455.8805,8,8410,population_density_108.csv
2019,臺東縣,成功鎮,13748,year_end_registered_population,143.9939,95,8410,population_density_108.csv
2019,臺東縣,東河鄉,8349,year_end_registered_population,210.1908,40,8410,population_density_108.csv
2019,臺東縣,池上鄉,8141,year_end_registered_population,82.6854,98,8410,population_density_108.csv
2019,臺東縣,海端鄉,4120,year_end_registered_population,880.0382,5,8410,population_density_108.csv
2019,臺東縣,綠島鄉,4045,year_end_registered_population,15.0919,268,8410,population_density_108.csv
2019,臺東縣,臺東市,105202,year_end_registered_population,109.7691,958,8410,population_density_108.csv
2019,臺東縣,蘭嶼鄉,5127,year_end_registered_population,48.3892,106,8410,population_density_108.csv
2019,臺東縣,達仁鄉,3499,year_end_registered_population,306.4454,11,8410,population_density_108.csv
2019,臺東縣,金峰鄉,3703,year_end_registered_population,380.6635,10,8410,population_density_108.csv
2019,臺東縣,長濱鄉,7021,year_end_registered_population,155.1868,45,8410,population_density_108.csv
2019,臺東縣,關山鎮,8575,year_end_registered_population,58.7351,146,8410,population_density_108.csv
2019,臺東縣,鹿野鄉,7744,year_end_registered_population,89.698,86,8410,population_density_108.csv
2019,花蓮縣,光復鄉,12536,year_end_registered_population,157.11,80,8410,population_density_108.csv
2019,花蓮縣,卓溪鄉,6035,year_end_registered_population,1021.313,6,8410,population_density_108.csv
2019,花蓮縣,吉安鄉,83583,year_end_registered_population,65.2582,1281,8410,population_density_108.csv
2019,花蓮縣,壽豐鄉,17820,year_end_registered_population,218.4448,82,8410,population_density_108.csv
2019,花蓮縣,富里鄉,10161,year_end_registered_population,176.3705,58,8410,population_density_108.csv
2019,花蓮縣,新城鄉,20083,year_end_registered_population,29.4095,683,8410,population_density_108.csv
2019,花蓮縣,玉里鎮,23648,year_end_registered_population,252.3719,94,8410,population_density_108.csv
2019,花蓮縣,瑞穗鄉,11433,year_end_registered_population,135.5862,84,8410,population_density_108.csv
2019,花蓮縣,秀林鄉,15953,year_end_registered_population,1641.8555,10,8410,population_density_108.csv
2019,花蓮縣,花蓮市,103404,year_end_registered_population,29.4095,3516,8410,population_density_108.csv
2019,花蓮縣,萬榮鄉,6313,year_end_registered_population,618.491,10,8410,population_density_108.csv
2019,花蓮縣,豐濱鄉,4476,year_end_registered_population,162.4332,28,8410,population_density_108.csv
2019,花蓮縣,鳳林鎮,10802,year_end_registered_population,120.5181,90,8410,population_density_108.csv
2019,苗栗縣,三灣鄉,6532,year_end_registered_population,52.2964,125,8410,population_density_108.csv
2019,苗栗縣,三義鄉,15970,year_end_registered_population,69.3424,230,8410,population_density_108.csv
2019,苗栗縣,公館鄉,32754,year_end_registered_population,71.4523,458,8410,population_density_108.csv
2019,苗栗縣,卓蘭鎮,16448,year_end_registered_population,76.3153,216,8410,population_density_108.csv
2019,苗栗縣,南庄鄉,9813,year_end_registered_population,165.4938,59,8410,population_density_108.csv
2019,苗栗縣,大湖鄉,14194,year_end_registered_population,90.8396,156,8410,population_density_108.csv
2019,苗栗縣,後龍鎮,35675,year_end_registered_population,75.8079,471,8410,population_density_108.csv
2019,苗栗縣,泰安鄉,5888,year_end_registered_population,614.5127,10,8410,population_density_108.csv
2019,苗栗縣,獅潭鄉,4231,year_end_registered_population,79.4324,53,8410,population_density_108.csv
2019,苗栗縣,竹南鎮,86565,year_end_registered_population,37.5592,2305,8410,population_density_108.csv
2019,苗栗縣,苑裡鎮,44848,year_end_registered_population,68.2473,657,8410,population_density_108.csv
2019,苗栗縣,苗栗市,87976,year_end_registered_population,37.8878,2322,8410,population_density_108.csv
2019,苗栗縣,西湖鄉,6877,year_end_registered_population,41.0758,167,8410,population_density_108.csv
2019,苗栗縣,通霄鎮,33471,year_end_registered_population,107.8486,310,8410,population_density_108.csv
2019,苗栗縣,造橋鄉,12473,year_end_registered_population,47.9978,260,8410,population_density_108.csv
2019,苗栗縣,銅鑼鄉,17588,year_end_registered_population,78.3805,224,8410,population_density_108.csv
2019,苗栗縣,頭份市,103701,year_end_registered_population,53.3205,1945,8410,population_density_108.csv
2019,苗栗縣,頭屋鄉,10455,year_end_registered_population,52.5046,199,8410,population_density_108.csv
2019,連江縣,北竿鄉,2595,year_end_registered_population,9.9,262,8410,population_density_108.csv
2019,連江縣,南竿鄉,7599,year_end_registered_population,10.4,731,8410,population_density_108.csv
2019,連江縣,東引鄉,1352,year_end_registered_population,3.8,356,8410,population_density_108.csv
2019,連江縣,莒光鄉,1543,year_end_registered_population,4.7,328,8410,population_density_108.csv
2019,金門縣,烈嶼鄉,12749,year_end_registered_population,16.003,797,8410,population_density_108.csv
2019,金門縣,烏坵鄉,679,year_end_registered_population,1.2,566,8410,population_density_108.csv
2019,金門縣,金城鎮,43253,year_end_registered_population,21.713,1992,8410,population_density_108.csv
2019,金門縣,金寧鄉,32531,year_end_registered_population,29.854,1090,8410,population_density_108.csv
2019,金門縣,金沙鎮,20802,year_end_registered_population,41.19,505,8410,population_density_108.csv
2019,金門縣,金湖鎮,30171,year_end_registered_population,41.696,724,8410,population_density_108.csv
2019,雲林縣,二崙鄉,26371,year_end_registered_population,59.5625,443,8410,population_density_108.csv
2019,雲林縣,元長鄉,25118,year_end_registered_population,71.5872,351,8410,population_density_108.csv
2019,雲林縣,北港鎮,39397,year_end_registered_population,41.4999,949,8410,population_density_108.csv
2019,雲林縣,口湖鄉,26830,year_end_registered_population,80.4612,333,8410,population_density_108.csv
2019,雲林縣,古坑鄉,31202,year_end_registered_population,166.6059,187,8410,population_density_108.csv
2019,雲林縣,四湖鄉,22749,year_end_registered_population,77.1189,295,8410,population_density_108.csv
2019,雲林縣,土庫鎮,28544,year_end_registered_population,49.0212,582,8410,population_density_108.csv
2019,雲林縣,大埤鄉,18801,year_end_registered_population,44.9973,418,8410,population_density_108.csv
2019,雲林縣,崙背鄉,24025,year_end_registered_population,58.484,411,8410,population_density_108.csv
2019,雲林縣,斗六市,108606,year_end_registered_population,93.7151,1159,8410,population_density_108.csv
2019,雲林縣,斗南鎮,44296,year_end_registered_population,48.1505,920,8410,population_density_108.csv
2019,雲林縣,東勢鄉,14416,year_end_registered_population,48.3562,298,8410,population_density_108.csv
2019,雲林縣,林內鄉,17776,year_end_registered_population,37.6035,473,8410,population_density_108.csv
2019,雲林縣,水林鄉,24744,year_end_registered_population,72.9582,339,8410,population_density_108.csv
2019,雲林縣,臺西鄉,23312,year_end_registered_population,54.0983,431,8410,population_density_108.csv
2019,雲林縣,莿桐鄉,28524,year_end_registered_population,50.8502,561,8410,population_density_108.csv
2019,雲林縣,虎尾鎮,70994,year_end_registered_population,68.742,1033,8410,population_density_108.csv
2019,雲林縣,褒忠鄉,12682,year_end_registered_population,37.0552,342,8410,population_density_108.csv
2019,雲林縣,西螺鎮,45723,year_end_registered_population,49.7985,918,8410,population_density_108.csv
2019,雲林縣,麥寮鄉,47196,year_end_registered_population,80.1668,589,8410,population_density_108.csv
2019,高雄市,三民區,339269,year_end_registered_population,19.7866,17146,8410,population_density_108.csv
2019,高雄市,仁武區,89595,year_end_registered_population,36.0808,2483,8410,population_density_108.csv
2019,高雄市,內門區,14195,year_end_registered_population,95.6224,148,8410,population_density_108.csv
2019,高雄市,六龜區,12633,year_end_registered_population,194.1584,65,8410,population_density_108.csv
2019,高雄市,前金區,26879,year_end_registered_population,1.8573,14472,8410,population_density_108.csv
2019,高雄市,前鎮區,187524,year_end_registered_population,19.1207,9807,8410,population_density_108.csv
2019,高雄市,大寮區,112259,year_end_registered_population,71.04,1580,8410,population_density_108.csv
2019,高雄市,大樹區,42142,year_end_registered_population,66.9811,629,8410,population_density_108.csv
2019,高雄市,大社區,34410,year_end_registered_population,26.5848,1294,8410,population_density_108.csv
2019,高雄市,小港區,157793,year_end_registered_population,45.4426,3472,8410,population_density_108.csv
2019,高雄市,岡山區,97127,year_end_registered_population,47.9421,2026,8410,population_density_108.csv
2019,高雄市,左營區,197728,year_end_registered_population,19.3823,10201,8410,population_density_108.csv
2019,高雄市,彌陀區,19049,year_end_registered_population,14.7772,1289,8410,population_density_108.csv
2019,高雄市,新興區,51014,year_end_registered_population,1.9764,25812,8410,population_density_108.csv
2019,高雄市,旗山區,36313,year_end_registered_population,94.6122,384,8410,population_density_108.csv
2019,高雄市,旗津區,28129,year_end_registered_population,1.4639,19215,8410,population_density_108.csv
2019,高雄市,杉林區,11681,year_end_registered_population,104.0036,112,8410,population_density_108.csv
2019,高雄市,林園區,69604,year_end_registered_population,32.286,2156,8410,population_density_108.csv
2019,高雄市,桃源區,4261,year_end_registered_population,928.98,5,8410,population_density_108.csv
2019,高雄市,梓官區,35750,year_end_registered_population,11.5967,3083,8410,population_density_108.csv
2019,高雄市,楠梓區,187999,year_end_registered_population,25.8276,7279,8410,population_density_108.csv
2019,高雄市,橋頭區,38254,year_end_registered_population,25.9379,1475,8410,population_density_108.csv
2019,高雄市,永安區,13786,year_end_registered_population,22.6141,610,8410,population_density_108.csv
2019,高雄市,湖內區,29684,year_end_registered_population,20.1615,1472,8410,population_density_108.csv
2019,高雄市,燕巢區,29686,year_end_registered_population,65.395,454,8410,population_density_108.csv
2019,高雄市,田寮區,7043,year_end_registered_population,92.6802,76,8410,population_density_108.csv
2019,高雄市,甲仙區,5943,year_end_registered_population,124.034,48,8410,population_density_108.csv
2019,高雄市,美濃區,39074,year_end_registered_population,120.0316,326,8410,population_density_108.csv
2019,高雄市,苓雅區,168825,year_end_registered_population,8.1522,20709,8410,population_density_108.csv
2019,高雄市,茂林區,1937,year_end_registered_population,194,10,8410,population_density_108.csv
2019,高雄市,茄萣區,30006,year_end_registered_population,15.7624,1904,8410,population_density_108.csv
2019,高雄市,路竹區,52185,year_end_registered_population,48.4348,1077,8410,population_density_108.csv
2019,高雄市,那瑪夏區,3146,year_end_registered_population,252.9895,12,8410,population_density_108.csv
2019,高雄市,阿蓮區,28489,year_end_registered_population,34.6164,823,8410,population_density_108.csv
2019,高雄市,鳥松區,44960,year_end_registered_population,24.5927,1828,8410,population_density_108.csv
2019,高雄市,鳳山區,359882,year_end_registered_population,26.759,13449,8410,population_density_108.csv
2019,高雄市,鹽埕區,23889,year_end_registered_population,1.4161,16870,8410,population_density_108.csv
2019,高雄市,鼓山區,141055,year_end_registered_population,14.7523,9562,8410,population_density_108.csv
2020,南投縣,中寮鄉,14301,year_end_registered_population,146.6541,98,8410,population_density_109.csv
2020,南投縣,仁愛鄉,15818,year_end_registered_population,1273.5312,12,8410,population_density_109.csv
2020,南投縣,信義鄉,15878,year_end_registered_population,1422.4188,11,8410,population_density_109.csv
2020,南投縣,南投市,99081,year_end_registered_population,71.6021,1384,8410,population_density_109.csv
2020,南投縣,名間鄉,37507,year_end_registered_population,83.0955,451,8410,population_density_109.csv
2020,南投縣,國姓鄉,17965,year_end_registered_population,175.7042,102,8410,population_density_109.csv
2020,南投縣,埔里鎮,79191,year_end_registered_population,162.2227,488,8410,population_density_109.csv
2020,南投縣,水里鄉,16980,year_end_registered_population,106.8424,159,8410,population_density_109.csv
2020,南投縣,竹山鎮,53464,year_end_registered_population,247.3339,216,8410,population_density_109.csv
2020,南投縣,草屯鎮,97489,year_end_registered_population,104.0327,937,8410,population_density_109.csv
2020,南投縣,集集鎮,10461,year_end_registered_population,49.7268,210,8410,population_density_109.csv
2020,南投縣,魚池鄉,15466,year_end_registered_population,121.3735,127,8410,population_density_109.csv
2020,南投縣,鹿谷鄉,17231,year_end_registered_population,141.8981,121,8410,population_density_109.csv
2020,嘉義市,東區,119715,year_end_registered_population,30.1556,3970,8410,population_density_109.csv
2020,嘉義市,西區,146290,year_end_registered_population,29.87,4898,8410,population_density_109.csv
2020,嘉義縣,中埔鄉,44131,year_end_registered_population,129.5016,341,8410,population_density_109.csv
2020,嘉義縣,六腳鄉,22196,year_end_registered_population,62.2619,356,8410,population_density_109.csv
2020,嘉義縣,大埔鄉,4560,year_end_registered_population,173.2472,26,8410,population_density_109.csv
2020,嘉義縣,大林鎮,30381,year_end_registered_population,64.1663,473,8410,population_density_109.csv
2020,嘉義縣,太保市,38536,year_end_registered_population,66.8964,576,8410,population_density_109.csv
2020,嘉義縣,布袋鎮,25990,year_end_registered_population,61.7307,421,8410,population_density_109.csv
2020,嘉義縣,新港鄉,31162,year_end_registered_population,66.0495,472,8410,population_density_109.csv
2020,嘉義縣,朴子市,41669,year_end_registered_population,49.5737,841,8410,population_density_109.csv
2020,嘉義縣,東石鄉,23766,year_end_registered_population,81.5821,291,8410,population_density_109.csv
2020,嘉義縣,梅山鄉,18687,year_end_registered_population,119.7571,156,8410,population_density_109.csv
2020,嘉義縣,民雄鄉,71317,year_end_registered_population,85.4969,834,8410,population_density_109.csv
2020,嘉義縣,水上鄉,49012,year_end_registered_population,69.1198,709,8410,population_density_109.csv
2020,嘉義縣,溪口鄉,14055,year_end_registered_population,33.0463,425,8410,population_density_109.csv
2020,嘉義縣,番路鄉,11180,year_end_registered_population,117.5269,95,8410,population_density_109.csv
2020,嘉義縣,竹崎鄉,34797,year_end_registered_population,162.2256,214,8410,population_density_109.csv
2020,嘉義縣,義竹鄉,17602,year_end_registered_population,79.2925,222,8410,population_density_109.csv
2020,嘉義縣,阿里山鄉,5527,year_end_registered_population,427.8471,13,8410,population_density_109.csv
2020,嘉義縣,鹿草鄉,14913,year_end_registered_population,54.3151,275,8410,population_density_109.csv
2020,基隆市,七堵區,53615,year_end_registered_population,56.2659,953,8410,population_density_109.csv
2020,基隆市,中山區,46459,year_end_registered_population,10.5238,4415,8410,population_density_109.csv
2020,基隆市,中正區,51224,year_end_registered_population,10.2118,5016,8410,population_density_109.csv
2020,基隆市,仁愛區,42787,year_end_registered_population,4.2335,10107,8410,population_density_109.csv
2020,基隆市,信義區,53168,year_end_registered_population,10.6706,4983,8410,population_density_109.csv
2020,基隆市,安樂區,81776,year_end_registered_population,18.025,4537,8410,population_density_109.csv
2020,基隆市,暖暖區,38548,year_end_registered_population,22.8283,1689,8410,population_density_109.csv
2020,宜蘭縣,三星鄉,21215,year_end_registered_population,144.2238,147,8410,population_density_109.csv
2020,宜蘭縣,五結鄉,40297,year_end_registered_population,38.8671,1037,8410,population_density_109.csv
2020,宜蘭縣,冬山鄉,53024,year_end_registered_population,79.8573,664,8410,population_density_109.csv
2020,宜蘭縣,南澳鄉,5954,year_end_registered_population,740.652,8,8410,population_density_109.csv
2020,宜蘭縣,員山鄉,32258,year_end_registered_population,111.9106,288,8410,population_density_109.csv
2020,宜蘭縣,壯圍鄉,24366,year_end_registered_population,38.4769,633,8410,population_density_109.csv
2020,宜蘭縣,大同鄉,6137,year_end_registered_population,657.5442,9,8410,population_density_109.csv
2020,宜蘭縣,宜蘭市,95395,year_end_registered_population,29.408,3244,8410,population_density_109.csv
2020,宜蘭縣,礁溪鄉,35274,year_end_registered_population,101.4278,348,8410,population_density_109.csv
2020,宜蘭縣,羅東鎮,71484,year_end_registered_population,11.3448,6301,8410,population_density_109.csv
2020,宜蘭縣,蘇澳鎮,38864,year_end_registered_population,89.0196,437,8410,population_density_109.csv
2020,宜蘭縣,頭城鎮,28819,year_end_registered_population,100.893,286,8410,population_density_109.csv
2020,屏東縣,三地門鄉,7689,year_end_registered_population,196.3965,39,8410,population_density_109.csv
2020,屏東縣,九如鄉,21962,year_end_registered_population,42.0187,523,8410,population_density_109.csv
2020,屏東縣,佳冬鄉,18620,year_end_registered_population,30.9842,601,8410,population_density_109.csv
2020,屏東縣,來義鄉,7448,year_end_registered_population,167.7756,44,8410,population_density_109.csv
2020,屏東縣,內埔鄉,53330,year_end_registered_population,81.8554,652,8410,population_density_109.csv
2020,屏東縣,南州鄉,10364,year_end_registered_population,18.97,546,8410,population_density_109.csv
2020,屏東縣,屏東市,197647,year_end_registered_population,65.067,3038,8410,population_density_109.csv
2020,屏東縣,崁頂鄉,15378,year_end_registered_population,31.2659,492,8410,population_density_109.csv
2020,屏東縣,恆春鎮,30414,year_end_registered_population,136.763,222,8410,population_density_109.csv
2020,屏東縣,新園鄉,33939,year_end_registered_population,38.3109,886,8410,population_density_109.csv
2020,屏東縣,新埤鄉,9561,year_end_registered_population,59.0102,162,8410,population_density_109.csv
2020,屏東縣,春日鄉,4947,year_end_registered_population,160.001,31,8410,population_density_109.csv
2020,屏東縣,東港鎮,46731,year_end_registered_population,29.4635,1586,8410,population_density_109.csv
2020,屏東縣,枋寮鄉,23680,year_end_registered_population,57.7347,410,8410,population_density_109.csv
2020,屏東縣,枋山鄉,5240,year_end_registered_population,17.2697,303,8410,population_density_109.csv
2020,屏東縣,林邊鄉,17275,year_end_registered_population,15.6233,1106,8410,population_density_109.csv
2020,屏東縣,泰武鄉,5351,year_end_registered_population,118.6266,45,8410,population_density_109.csv
2020,屏東縣,滿州鄉,7471,year_end_registered_population,142.2013,53,8410,population_density_109.csv
2020,屏東縣,潮州鎮,53842,year_end_registered_population,42.4331,1269,8410,population_density_109.csv
2020,屏東縣,牡丹鄉,4865,year_end_registered_population,181.8366,27,8410,population_density_109.csv
2020,屏東縣,獅子鄉,4839,year_end_registered_population,301.0018,16,8410,population_density_109.csv
2020,屏東縣,琉球鄉,12121,year_end_registered_population,6.8018,1782,8410,population_density_109.csv
2020,屏東縣,瑪家鄉,6768,year_end_registered_population,78.7008,86,8410,population_density_109.csv
2020,屏東縣,竹田鄉,16615,year_end_registered_population,29.0732,571,8410,population_density_109.csv
2020,屏東縣,萬丹鄉,50126,year_end_registered_population,57.4679,872,8410,population_density_109.csv
2020,屏東縣,萬巒鄉,20189,year_end_registered_population,60.7315,332,8410,population_density_109.csv
2020,屏東縣,車城鄉,8278,year_end_registered_population,49.8517,166,8410,population_density_109.csv
2020,屏東縣,里港鄉,25707,year_end_registered_population,68.9208,373,8410,population_density_109.csv
2020,屏東縣,長治鄉,29470,year_end_registered_population,39.8861,739,8410,population_density_109.csv
2020,屏東縣,霧臺鄉,3247,year_end_registered_population,278.796,12,8410,population_density_109.csv
2020,屏東縣,高樹鄉,23775,year_end_registered_population,90.1522,264,8410,population_density_109.csv
2020,屏東縣,鹽埔鄉,24999,year_end_registered_population,64.3493,388,8410,population_density_109.csv
2020,屏東縣,麟洛鄉,10770,year_end_registered_population,16.26,662,8410,population_density_109.csv
2020,彰化縣,二林鎮,49687,year_end_registered_population,92.8478,535,8410,population_density_109.csv
2020,彰化縣,二水鄉,14642,year_end_registered_population,29.4449,497,8410,population_density_109.csv
2020,彰化縣,伸港鄉,37740,year_end_registered_population,22.3268,1690,8410,population_density_109.csv
2020,彰化縣,北斗鎮,33358,year_end_registered_population,19.2547,1732,8410,population_density_109.csv
2020,彰化縣,和美鎮,90095,year_end_registered_population,39.9345,2256,8410,population_density_109.csv
2020,彰化縣,員林市,124263,year_end_registered_population,40.038,3104,8410,population_density_109.csv
2020,彰化縣,埔心鄉,34451,year_end_registered_population,20.9526,1644,8410,population_density_109.csv
2020,彰化縣,埔鹽鄉,31919,year_end_registered_population,38.6081,827,8410,population_density_109.csv
2020,彰化縣,埤頭鄉,30072,year_end_registered_population,42.7508,703,8410,population_density_109.csv
2020,彰化縣,大城鄉,16119,year_end_registered_population,63.7406,253,8410,population_density_109.csv
2020,彰化縣,大村鄉,38457,year_end_registered_population,30.7837,1249,8410,population_density_109.csv
2020,彰化縣,彰化市,231317,year_end_registered_population,65.6947,3521,8410,population_density_109.csv
2020,彰化縣,永靖鄉,36300,year_end_registered_population,20.6382,1759,8410,population_density_109.csv
2020,彰化縣,溪州鄉,29158,year_end_registered_population,75.831,385,8410,population_density_109.csv
2020,彰化縣,溪湖鎮,54814,year_end_registered_population,32.0592,1710,8410,population_density_109.csv
2020,彰化縣,田中鎮,40717,year_end_registered_population,34.6056,1177,8410,population_density_109.csv
2020,彰化縣,田尾鄉,26691,year_end_registered_population,24.0375,1110,8410,population_density_109.csv
2020,彰化縣,社頭鄉,42436,year_end_registered_population,36.1449,1174,8410,population_density_109.csv
2020,彰化縣,福興鄉,46399,year_end_registered_population,49.8934,930,8410,population_density_109.csv
2020,彰化縣,秀水鄉,38872,year_end_registered_population,29.3447,1325,8410,population_density_109.csv
2020,彰化縣,竹塘鄉,14808,year_end_registered_population,42.1662,351,8410,population_density_109.csv
2020,彰化縣,線西鄉,16665,year_end_registered_population,18.0856,921,8410,population_density_109.csv
2020,彰化縣,芬園鄉,23188,year_end_registered_population,38.0204,610,8410,population_density_109.csv
2020,彰化縣,花壇鄉,45232,year_end_registered_population,36.3469,1244,8410,population_density_109.csv
2020,彰化縣,芳苑鄉,32720,year_end_registered_population,91.3827,358,8410,population_density_109.csv
2020,彰化縣,鹿港鎮,86550,year_end_registered_population,39.4625,2193,8410,population_density_109.csv
2020,新北市,三峽區,116917,year_end_registered_population,191.4508,611,8410,population_density_109.csv
2020,新北市,三芝區,22540,year_end_registered_population,65.9909,342,8410,population_density_109.csv
2020,新北市,三重區,385328,year_end_registered_population,16.317,23615,8410,population_density_109.csv
2020,新北市,中和區,411214,year_end_registered_population,20.144,20414,8410,population_density_109.csv
2020,新北市,五股區,89470,year_end_registered_population,34.8632,2566,8410,population_density_109.csv
2020,新北市,八里區,39741,year_end_registered_population,39.4933,1006,8410,population_density_109.csv
2020,新北市,土城區,238277,year_end_registered_population,29.5578,8061,8410,population_density_109.csv
2020,新北市,坪林區,6703,year_end_registered_population,170.835,39,8410,population_density_109.csv
2020,新北市,平溪區,4424,year_end_registered_population,71.3382,62,8410,population_density_109.csv
2020,新北市,新店區,303532,year_end_registered_population,120.2255,2525,8410,population_density_109.csv
2020,新北市,新莊區,422653,year_end_registered_population,19.7383,21413,8410,population_density_109.csv
2020,新北市,板橋區,557114,year_end_registered_population,23.1373,24079,8410,population_density_109.csv
2020,新北市,林口區,121192,year_end_registered_population,54.1519,2238,8410,population_density_109.csv
2020,新北市,樹林區,183470,year_end_registered_population,33.1288,5538,8410,population_density_109.csv
2020,新北市,永和區,219364,year_end_registered_population,5.7138,38392,8410,population_density_109.csv
2020,新北市,汐止區,205847,year_end_registered_population,71.2354,2890,8410,population_density_109.csv
2020,新北市,泰山區,78412,year_end_registered_population,19.1603,4092,8410,population_density_109.csv
2020,新北市,淡水區,183278,year_end_registered_population,70.6565,2594,8410,population_density_109.csv
2020,新北市,深坑區,23723,year_end_registered_population,20.5787,1153,8410,population_density_109.csv
2020,新北市,烏來區,6416,year_end_registered_population,321.1306,20,8410,population_density_109.csv
2020,新北市,瑞芳區,39077,year_end_registered_population,70.7336,552,8410,population_density_109.csv
2020,新北市,石碇區,7565,year_end_registered_population,144.3498,52,8410,population_density_109.csv
2020,新北市,石門區,11480,year_end_registered_population,51.2645,224,8410,population_density_109.csv
2020,新北市,萬里區,21710,year_end_registered_population,63.3766,343,8410,population_density_109.csv
2020,新北市,蘆洲區,202456,year_end_registered_population,7.4351,27230,8410,population_density_109.csv
2020,新北市,貢寮區,11782,year_end_registered_population,99.9734,118,8410,population_density_109.csv
2020,新北市,金山區,21127,year_end_registered_population,49.2132,429,8410,population_density_109.csv
2020,新北市,雙溪區,8468,year_end_registered_population,146.2484,58,8410,population_density_109.csv
2020,新北市,鶯歌區,87674,year_end_registered_population,21.1248,4150,8410,population_density_109.csv
2020,新竹市,北區,152612,year_end_registered_population,15.7267,9704,8410,population_density_109.csv
2020,新竹市,東區,220056,year_end_registered_population,33.5768,6554,8410,population_density_109.csv
2020,新竹市,香山區,78744,year_end_registered_population,54.8491,1436,8410,population_density_109.csv
2020,新竹縣,五峰鄉,4487,year_end_registered_population,227.728,20,8410,population_density_109.csv
2020,新竹縣,北埔鄉,9035,year_end_registered_population,50.6676,178,8410,population_density_109.csv
2020,新竹縣,寶山鄉,14619,year_end_registered_population,64.7871,226,8410,population_density_109.csv
2020,新竹縣,尖石鄉,9646,year_end_registered_population,527.5795,18,8410,population_density_109.csv
2020,新竹縣,峨眉鄉,5403,year_end_registered_population,46.801,115,8410,population_density_109.csv
2020,新竹縣,新埔鎮,33027,year_end_registered_population,72.1911,457,8410,population_density_109.csv
2020,新竹縣,新豐鄉,57511,year_end_registered_population,46.3496,1241,8410,population_density_109.csv
2020,新竹縣,橫山鄉,12547,year_end_registered_population,66.3502,189,8410,population_density_109.csv
2020,新竹縣,湖口鄉,78971,year_end_registered_population,58.4303,1352,8410,population_density_109.csv
2020,新竹縣,竹北市,200782,year_end_registered_population,46.8341,4287,8410,population_density_109.csv
2020,新竹縣,竹東鎮,97100,year_end_registered_population,53.5133,1815,8410,population_density_109.csv
2020,新竹縣,芎林鄉,19872,year_end_registered_population,40.7858,487,8410,population_density_109.csv
2020,新竹縣,關西鎮,27775,year_end_registered_population,125.5193,221,8410,population_density_109.csv
2020,桃園市,中壢區,422471,year_end_registered_population,76.52,5521,8410,population_density_109.csv
2020,桃園市,八德區,209202,year_end_registered_population,33.7111,6206,8410,population_density_109.csv
2020,桃園市,大園區,93887,year_end_registered_population,87.3925,1074,8410,population_density_109.csv
2020,桃園市,大溪區,95664,year_end_registered_population,105.1206,910,8410,population_density_109.csv
2020,桃園市,平鎮區,228611,year_end_registered_population,47.7532,4787,8410,population_density_109.csv
2020,桃園市,復興區,12354,year_end_registered_population,350.7775,35,8410,population_density_109.csv
2020,桃園市,新屋區,49333,year_end_registered_population,85.0166,580,8410,population_density_109.csv
2020,桃園市,桃園區,457245,year_end_registered_population,34.8046,13137,8410,population_density_109.csv
2020,桃園市,楊梅區,175142,year_end_registered_population,89.1229,1965,8410,population_density_109.csv
2020,桃園市,蘆竹區,167060,year_end_registered_population,75.5025,2213,8410,population_density_109.csv
2020,桃園市,觀音區,69032,year_end_registered_population,87.9807,785,8410,population_density_109.csv
2020,桃園市,龍潭區,124408,year_end_registered_population,75.2341,1654,8410,population_density_109.csv
2020,桃園市,龜山區,164398,year_end_registered_population,72.0177,2283,8410,population_density_109.csv
2020,澎湖縣,七美鄉,3885,year_end_registered_population,6.9868,556,8410,population_density_109.csv
2020,澎湖縣,望安鄉,5371,year_end_registered_population,13.7824,390,8410,population_density_109.csv
2020,澎湖縣,湖西鄉,15230,year_end_registered_population,33.3008,457,8410,population_density_109.csv
2020,澎湖縣,白沙鄉,9907,year_end_registered_population,20.0875,493,8410,population_density_109.csv
2020,澎湖縣,西嶼鄉,8353,year_end_registered_population,18.7148,446,8410,population_density_109.csv
2020,澎湖縣,馬公市,63206,year_end_registered_population,33.9918,1859,8410,population_density_109.csv
2020,臺中市,中區,18168,year_end_registered_population,0.8803,20638,8410,population_density_109.csv
2020,臺中市,北區,146590,year_end_registered_population,6.9376,21130,8410,population_density_109.csv
2020,臺中市,北屯區,287344,year_end_registered_population,62.7034,4583,8410,population_density_109.csv
2020,臺中市,南區,126769,year_end_registered_population,6.8101,18615,8410,population_density_109.csv
2020,臺中市,南屯區,176062,year_end_registered_population,31.2578,5633,8410,population_density_109.csv
2020,臺中市,后里區,54343,year_end_registered_population,58.9439,922,8410,population_density_109.csv
2020,臺中市,和平區,10809,year_end_registered_population,1037.8192,10,8410,population_density_109.csv
2020,臺中市,外埔區,31940,year_end_registered_population,42.4099,753,8410,population_density_109.csv
2020,臺中市,大安區,18864,year_end_registered_population,27.4045,688,8410,population_density_109.csv
2020,臺中市,大甲區,76130,year_end_registered_population,58.5192,1301,8410,population_density_109.csv
2020,臺中市,大肚區,56777,year_end_registered_population,37.0024,1534,8410,population_density_109.csv
2020,臺中市,大里區,213117,year_end_registered_population,28.8758,7380,8410,population_density_109.csv
2020,臺中市,大雅區,95693,year_end_registered_population,32.4109,2952,8410,population_density_109.csv
2020,臺中市,太平區,194970,year_end_registered_population,120.7473,1615,8410,population_density_109.csv
2020,臺中市,新社區,24064,year_end_registered_population,68.8874,349,8410,population_density_109.csv
2020,臺中市,東勢區,49169,year_end_registered_population,117.4065,419,8410,population_density_109.csv
2020,臺中市,東區,75913,year_end_registered_population,9.2855,8175,8410,population_density_109.csv
2020,臺中市,梧棲區,59273,year_end_registered_population,16.6049,3570,8410,population_density_109.csv
2020,臺中市,沙鹿區,95226,year_end_registered_population,40.4604,2354,8410,population_density_109.csv
2020,臺中市,清水區,88009,year_end_registered_population,64.1709,1371,8410,population_density_109.csv
2020,臺中市,潭子區,109309,year_end_registered_population,25.8497,4229,8410,population_density_109.csv
2020,臺中市,烏日區,76494,year_end_registered_population,43.4032,1762,8410,population_density_109.csv
2020,臺中市,石岡區,14670,year_end_registered_population,18.2105,806,8410,population_density_109.csv
2020,臺中市,神岡區,65529,year_end_registered_population,35.0445,1870,8410,population_density_109.csv
2020,臺中市,西區,114583,year_end_registered_population,5.7042,20087,8410,population_density_109.csv
2020,臺中市,西屯區,231730,year_end_registered_population,39.8467,5816,8410,population_density_109.csv
2020,臺中市,豐原區,166053,year_end_registered_population,41.1845,4032,8410,population_density_109.csv
2020,臺中市,霧峰區,65094,year_end_registered_population,98.0779,664,8410,population_density_109.csv
2020,臺中市,龍井區,78095,year_end_registered_population,38.0377,2053,8410,population_density_109.csv
2020,臺北市,中山區,223876,year_end_registered_population,13.6821,16363,8410,population_density_109.csv
2020,臺北市,中正區,155397,year_end_registered_population,7.6071,20428,8410,population_density_109.csv
2020,臺北市,信義區,215240,year_end_registered_population,11.2077,19205,8410,population_density_109.csv
2020,臺北市,內湖區,282525,year_end_registered_population,31.5787,8947,8410,population_density_109.csv
2020,臺北市,北投區,250144,year_end_registered_population,56.8216,4402,8410,population_density_109.csv
2020,臺北市,南港區,118758,year_end_registered_population,21.8424,5437,8410,population_density_109.csv
2020,臺北市,士林區,278451,year_end_registered_population,62.3682,4465,8410,population_density_109.csv
2020,臺北市,大同區,123849,year_end_registered_population,5.6815,21799,8410,population_density_109.csv
2020,臺北市,大安區,302644,year_end_registered_population,11.3614,26638,8410,population_density_109.csv
2020,臺北市,文山區,268130,year_end_registered_population,31.509,8510,8410,population_density_109.csv
2020,臺北市,松山區,200316,year_end_registered_population,9.2878,21568,8410,population_density_109.csv
2020,臺北市,萬華區,183088,year_end_registered_population,8.8522,20683,8410,population_density_109.csv
2020,臺南市,七股區,22142,year_end_registered_population,110.1492,201,8410,population_density_109.csv
2020,臺南市,下營區,23452,year_end_registered_population,33.5291,699,8410,population_density_109.csv
2020,臺南市,中西區,78556,year_end_registered_population,6.26,12549,8410,population_density_109.csv
2020,臺南市,仁德區,76385,year_end_registered_population,50.7664,1505,8410,population_density_109.csv
2020,臺南市,佳里區,58785,year_end_registered_population,38.9422,1510,8410,population_density_109.csv
2020,臺南市,六甲區,21668,year_end_registered_population,67.5471,321,8410,population_density_109.csv
2020,臺南市,北區,130094,year_end_registered_population,10.434,12468,8410,population_density_109.csv
2020,臺南市,北門區,10601,year_end_registered_population,44.1003,240,8410,population_density_109.csv
2020,臺南市,南化區,8398,year_end_registered_population,171.5198,49,8410,population_density_109.csv
2020,臺南市,南區,123789,year_end_registered_population,27.2681,4540,8410,population_density_109.csv
2020,臺南市,善化區,50814,year_end_registered_population,55.3097,919,8410,population_density_109.csv
2020,臺南市,大內區,9200,year_end_registered_population,70.3125,131,8410,population_density_109.csv
2020,臺南市,學甲區,25293,year_end_registered_population,53.9919,468,8410,population_density_109.csv
2020,臺南市,安南區,195623,year_end_registered_population,107.2016,1825,8410,population_density_109.csv
2020,臺南市,安定區,30374,year_end_registered_population,31.27,971,8410,population_density_109.csv
2020,臺南市,安平區,67213,year_end_registered_population,11.0663,6074,8410,population_density_109.csv
2020,臺南市,官田區,21212,year_end_registered_population,70.7953,300,8410,population_density_109.csv
2020,臺南市,將軍區,19073,year_end_registered_population,41.9796,454,8410,population_density_109.csv
2020,臺南市,山上區,7128,year_end_registered_population,27.878,256,8410,population_density_109.csv
2020,臺南市,左鎮區,4569,year_end_registered_population,74.9025,61,8410,population_density_109.csv
2020,臺南市,後壁區,22755,year_end_registered_population,72.2189,315,8410,population_density_109.csv
2020,臺南市,新化區,43317,year_end_registered_population,62.0579,698,8410,population_density_109.csv
2020,臺南市,新市區,37660,year_end_registered_population,47.8096,788,8410,population_density_109.csv
2020,臺南市,新營區,76331,year_end_registered_population,38.5386,1981,8410,population_density_109.csv
2020,臺南市,東區,184958,year_end_registered_population,13.4156,13787,8410,population_density_109.csv
2020,臺南市,東山區,20152,year_end_registered_population,124.9178,161,8410,population_density_109.csv
2020,臺南市,柳營區,20826,year_end_registered_population,61.2929,340,8410,population_density_109.csv
2020,臺南市,楠西區,9178,year_end_registered_population,109.6316,84,8410,population_density_109.csv
2020,臺南市,歸仁區,68164,year_end_registered_population,55.7913,1222,8410,population_density_109.csv
2020,臺南市,永康區,235415,year_end_registered_population,40.2753,5845,8410,population_density_109.csv
2020,臺南市,玉井區,13602,year_end_registered_population,76.3662,178,8410,population_density_109.csv
2020,臺南市,白河區,27245,year_end_registered_population,126.4046,216,8410,population_density_109.csv
2020,臺南市,西港區,24522,year_end_registered_population,33.7666,726,8410,population_density_109.csv
2020,臺南市,關廟區,33941,year_end_registered_population,53.6413,633,8410,population_density_109.csv
2020,臺南市,鹽水區,25001,year_end_registered_population,52.2455,479,8410,population_density_109.csv
2020,臺南市,麻豆區,43713,year_end_registered_population,53.9744,810,8410,population_density_109.csv
2020,臺南市,龍崎區,3768,year_end_registered_population,64.0814,59,8410,population_density_109.csv
2020,臺東縣,卑南鄉,16961,year_end_registered_population,412.6871,41,8410,population_density_109.csv
2020,臺東縣,大武鄉,5727,year_end_registered_population,69.1454,83,8410,population_density_109.csv
2020,臺東縣,太麻里鄉,10925,year_end_registered_population,96.6523,113,8410,population_density_109.csv
2020,臺東縣,延平鄉,3549,year_end_registered_population,455.8805,8,8410,population_density_109.csv
2020,臺東縣,成功鎮,13505,year_end_registered_population,143.9939,94,8410,population_density_109.csv
2020,臺東縣,東河鄉,8203,year_end_registered_population,210.1908,39,8410,population_density_109.csv
2020,臺東縣,池上鄉,8073,year_end_registered_population,82.6854,98,8410,population_density_109.csv
2020,臺東縣,海端鄉,4105,year_end_registered_population,880.0382,5,8410,population_density_109.csv
2020,臺東縣,綠島鄉,4026,year_end_registered_population,15.0919,267,8410,population_density_109.csv
2020,臺東縣,臺東市,104803,year_end_registered_population,109.7691,955,8410,population_density_109.csv
2020,臺東縣,蘭嶼鄉,5249,year_end_registered_population,48.3892,108,8410,population_density_109.csv
2020,臺東縣,達仁鄉,3489,year_end_registered_population,306.4454,11,8410,population_density_109.csv
2020,臺東縣,金峰鄉,3699,year_end_registered_population,380.6635,10,8410,population_density_109.csv
2020,臺東縣,長濱鄉,6926,year_end_registered_population,155.1868,45,8410,population_density_109.csv
2020,臺東縣,關山鎮,8420,year_end_registered_population,58.7351,143,8410,population_density_109.csv
2020,臺東縣,鹿野鄉,7601,year_end_registered_population,89.698,85,8410,population_density_109.csv
2020,花蓮縣,光復鄉,12369,year_end_registered_population,157.11,79,8410,population_density_109.csv
2020,花蓮縣,卓溪鄉,6036,year_end_registered_population,1021.313,6,8410,population_density_109.csv
2020,花蓮縣,吉安鄉,83507,year_end_registered_population,65.2582,1280,8410,population_density_109.csv
2020,花蓮縣,壽豐鄉,17589,year_end_registered_population,218.4448,81,8410,population_density_109.csv
2020,花蓮縣,富里鄉,10004,year_end_registered_population,176.3705,57,8410,population_density_109.csv
2020,花蓮縣,新城鄉,20058,year_end_registered_population,29.4095,682,8410,population_density_109.csv
2020,花蓮縣,玉里鎮,23381,year_end_registered_population,252.3719,93,8410,population_density_109.csv
2020,花蓮縣,瑞穗鄉,11312,year_end_registered_population,135.5862,83,8410,population_density_109.csv
2020,花蓮縣,秀林鄉,16143,year_end_registered_population,1641.8555,10,8410,population_density_109.csv
2020,花蓮縣,花蓮市,102539,year_end_registered_population,29.4095,3487,8410,population_density_109.csv
2020,花蓮縣,萬榮鄉,6237,year_end_registered_population,618.491,10,8410,population_density_109.csv
2020,花蓮縣,豐濱鄉,4376,year_end_registered_population,162.4332,27,8410,population_density_109.csv
2020,花蓮縣,鳳林鎮,10821,year_end_registered_population,120.5181,90,8410,population_density_109.csv
2020,苗栗縣,三灣鄉,6364,year_end_registered_population,52.2964,122,8410,population_density_109.csv
2020,苗栗縣,三義鄉,15665,year_end_registered_population,69.3424,226,8410,population_density_109.csv
2020,苗栗縣,公館鄉,32397,year_end_registered_population,71.4523,453,8410,population_density_109.csv
2020,苗栗縣,卓蘭鎮,16196,year_end_registered_population,76.3153,212,8410,population_density_109.csv
2020,苗栗縣,南庄鄉,9573,year_end_registered_population,165.4938,58,8410,population_density_109.csv
2020,苗栗縣,大湖鄉,13884,year_end_registered_population,90.8396,153,8410,population_density_109.csv
2020,苗栗縣,後龍鎮,35221,year_end_registered_population,75.8079,465,8410,population_density_109.csv
2020,苗栗縣,泰安鄉,5782,year_end_registered_population,614.5127,9,8410,population_density_109.csv
2020,苗栗縣,獅潭鄉,4158,year_end_registered_population,79.4324,52,8410,population_density_109.csv
2020,苗栗縣,竹南鎮,87190,year_end_registered_population,37.5592,2321,8410,population_density_109.csv
2020,苗栗縣,苑裡鎮,44562,year_end_registered_population,68.2473,653,8410,population_density_109.csv
2020,苗栗縣,苗栗市,87671,year_end_registered_population,37.8878,2314,8410,population_density_109.csv
2020,苗栗縣,西湖鄉,6729,year_end_registered_population,41.0758,164,8410,population_density_109.csv
2020,苗栗縣,通霄鎮,33061,year_end_registered_population,107.8486,307,8410,population_density_109.csv
2020,苗栗縣,造橋鄉,12177,year_end_registered_population,47.9978,254,8410,population_density_109.csv
2020,苗栗縣,銅鑼鄉,17279,year_end_registered_population,78.3805,220,8410,population_density_109.csv
2020,苗栗縣,頭份市,104441,year_end_registered_population,53.3205,1959,8410,population_density_109.csv
2020,苗栗縣,頭屋鄉,10240,year_end_registered_population,52.5046,195,8410,population_density_109.csv
2020,連江縣,北竿鄉,2717,year_end_registered_population,9.9,274,8410,population_density_109.csv
2020,連江縣,南竿鄉,7638,year_end_registered_population,10.4,734,8410,population_density_109.csv
2020,連江縣,東引鄉,1435,year_end_registered_population,3.8,378,8410,population_density_109.csv
2020,連江縣,莒光鄉,1489,year_end_registered_population,4.7,317,8410,population_density_109.csv
2020,金門縣,烈嶼鄉,12733,year_end_registered_population,16.003,796,8410,population_density_109.csv
2020,金門縣,烏坵鄉,662,year_end_registered_population,1.2,552,8410,population_density_109.csv
2020,金門縣,金城鎮,43000,year_end_registered_population,21.713,1980,8410,population_density_109.csv
2020,金門縣,金寧鄉,33070,year_end_registered_population,29.854,1108,8410,population_density_109.csv
2020,金門縣,金沙鎮,20732,year_end_registered_population,41.19,503,8410,population_density_109.csv
2020,金門縣,金湖鎮,30400,year_end_registered_population,41.696,729,8410,population_density_109.csv
2020,雲林縣,二崙鄉,26029,year_end_registered_population,59.5625,437,8410,population_density_109.csv
2020,雲林縣,元長鄉,24694,year_end_registered_population,71.5872,345,8410,population_density_109.csv
2020,雲林縣,北港鎮,39089,year_end_registered_population,41.4999,942,8410,population_density_109.csv
2020,雲林縣,口湖鄉,26403,year_end_registered_population,80.4612,328,8410,population_density_109.csv
2020,雲林縣,古坑鄉,30868,year_end_registered_population,166.6059,185,8410,population_density_109.csv
2020,雲林縣,四湖鄉,22387,year_end_registered_population,77.1189,290,8410,population_density_109.csv
2020,雲林縣,土庫鎮,28305,year_end_registered_population,49.0212,577,8410,population_density_109.csv
2020,雲林縣,大埤鄉,18604,year_end_registered_population,44.9973,413,8410,population_density_109.csv
2020,雲林縣,崙背鄉,23784,year_end_registered_population,58.484,407,8410,population_density_109.csv
2020,雲林縣,斗六市,108677,year_end_registered_population,93.7151,1160,8410,population_density_109.csv
2020,雲林縣,斗南鎮,44154,year_end_registered_population,48.1505,917,8410,population_density_109.csv
2020,雲林縣,東勢鄉,14155,year_end_registered_population,48.3562,293,8410,population_density_109.csv
2020,雲林縣,林內鄉,17434,year_end_registered_population,37.6035,464,8410,population_density_109.csv
2020,雲林縣,水林鄉,24177,year_end_registered_population,72.9582,331,8410,population_density_109.csv
2020,雲林縣,臺西鄉,23012,year_end_registered_population,54.0983,425,8410,population_density_109.csv
2020,雲林縣,莿桐鄉,28311,year_end_registered_population,50.8502,557,8410,population_density_109.csv
2020,雲林縣,虎尾鎮,70899,year_end_registered_population,68.742,1031,8410,population_density_109.csv
2020,雲林縣,褒忠鄉,12477,year_end_registered_population,37.0552,337,8410,population_density_109.csv
2020,雲林縣,西螺鎮,45463,year_end_registered_population,49.7985,913,8410,population_density_109.csv
2020,雲林縣,麥寮鄉,47951,year_end_registered_population,80.1668,598,8410,population_density_109.csv
2020,高雄市,三民區,336868,year_end_registered_population,19.7866,17025,8410,population_density_109.csv
2020,高雄市,仁武區,91893,year_end_registered_population,36.0808,2547,8410,population_density_109.csv
2020,高雄市,內門區,13976,year_end_registered_population,95.6224,146,8410,population_density_109.csv
2020,高雄市,六龜區,12391,year_end_registered_population,194.1584,64,8410,population_density_109.csv
2020,高雄市,前金區,26668,year_end_registered_population,1.8573,14358,8410,population_density_109.csv
2020,高雄市,前鎮區,185828,year_end_registered_population,19.1207,9719,8410,population_density_109.csv
2020,高雄市,大寮區,112265,year_end_registered_population,71.04,1580,8410,population_density_109.csv
2020,高雄市,大樹區,41764,year_end_registered_population,66.9811,624,8410,population_density_109.csv
2020,高雄市,大社區,34324,year_end_registered_population,26.5848,1291,8410,population_density_109.csv
2020,高雄市,小港區,157356,year_end_registered_population,45.4426,3463,8410,population_density_109.csv
2020,高雄市,岡山區,96841,year_end_registered_population,47.9421,2020,8410,population_density_109.csv
2020,高雄市,左營區,197306,year_end_registered_population,19.3823,10180,8410,population_density_109.csv
2020,高雄市,彌陀區,18872,year_end_registered_population,14.7772,1277,8410,population_density_109.csv
2020,高雄市,新興區,50490,year_end_registered_population,1.9764,25546,8410,population_density_109.csv
2020,高雄市,旗山區,35764,year_end_registered_population,94.6122,378,8410,population_density_109.csv
2020,高雄市,旗津區,27785,year_end_registered_population,1.4639,18980,8410,population_density_109.csv
2020,高雄市,杉林區,11541,year_end_registered_population,104.0036,111,8410,population_density_109.csv
2020,高雄市,林園區,69478,year_end_registered_population,32.286,2152,8410,population_density_109.csv
2020,高雄市,桃源區,4223,year_end_registered_population,928.98,5,8410,population_density_109.csv
2020,高雄市,梓官區,35517,year_end_registered_population,11.5967,3063,8410,population_density_109.csv
2020,高雄市,楠梓區,189426,year_end_registered_population,25.8276,7334,8410,population_density_109.csv
2020,高雄市,橋頭區,38955,year_end_registered_population,25.9379,1502,8410,population_density_109.csv
2020,高雄市,永安區,13705,year_end_registered_population,22.6141,606,8410,population_density_109.csv
2020,高雄市,湖內區,29882,year_end_registered_population,20.1615,1482,8410,population_density_109.csv
2020,高雄市,燕巢區,29493,year_end_registered_population,65.395,451,8410,population_density_109.csv
2020,高雄市,田寮區,6919,year_end_registered_population,92.6802,75,8410,population_density_109.csv
2020,高雄市,甲仙區,5877,year_end_registered_population,124.034,47,8410,population_density_109.csv
2020,高雄市,美濃區,38611,year_end_registered_population,120.0316,322,8410,population_density_109.csv
2020,高雄市,苓雅區,167280,year_end_registered_population,8.1522,20520,8410,population_density_109.csv
2020,高雄市,茂林區,1915,year_end_registered_population,194,10,8410,population_density_109.csv
2020,高雄市,茄萣區,29960,year_end_registered_population,15.7624,1901,8410,population_density_109.csv
2020,高雄市,路竹區,51726,year_end_registered_population,48.4348,1068,8410,population_density_109.csv
2020,高雄市,那瑪夏區,3147,year_end_registered_population,252.9895,12,8410,population_density_109.csv
2020,高雄市,阿蓮區,28331,year_end_registered_population,34.6164,818,8410,population_density_109.csv
2020,高雄市,鳥松區,44938,year_end_registered_population,24.5927,1827,8410,population_density_109.csv
2020,高雄市,鳳山區,359576,year_end_registered_population,26.759,13438,8410,population_density_109.csv
2020,高雄市,鹽埕區,23553,year_end_registered_population,1.4161,16632,8410,population_density_109.csv
2020,高雄市,鼓山區,141488,year_end_registered_population,14.7523,9591,8410,population_density_109.csv
2021,南投縣,中寮鄉,14013,year_end_registered_population,146.6541,96,8410,population_density_110.csv
2021,南投縣,仁愛鄉,15810,year_end_registered_population,1273.5312,12,8410,population_density_110.csv
2021,南投縣,信義鄉,15785,year_end_registered_population,1422.4188,11,8410,population_density_110.csv
2021,南投縣,南投市,98244,year_end_registered_population,71.6021,1372,8410,population_density_110.csv
2021,南投縣,名間鄉,36925,year_end_registered_population,83.0955,444,8410,population_density_110.csv
2021,南投縣,國姓鄉,17557,year_end_registered_population,175.7042,100,8410,population_density_110.csv
2021,南投縣,埔里鎮,78107,year_end_registered_population,162.2227,481,8410,population_density_110.csv
2021,南投縣,水里鄉,16665,year_end_registered_population,106.8424,156,8410,population_density_110.csv
2021,南投縣,竹山鎮,52629,year_end_registered_population,247.3339,213,8410,population_density_110.csv
2021,南投縣,草屯鎮,96923,year_end_registered_population,104.0327,932,8410,population_density_110.csv
2021,南投縣,集集鎮,10227,year_end_registered_population,49.7268,206,8410,population_density_110.csv
2021,南投縣,魚池鄉,15162,year_end_registered_population,121.3735,125,8410,population_density_110.csv
2021,南投縣,鹿谷鄉,16850,year_end_registered_population,141.8981,119,8410,population_density_110.csv
2021,嘉義市,東區,118956,year_end_registered_population,30.1556,3945,8410,population_density_110.csv
2021,嘉義市,西區,145771,year_end_registered_population,29.87,4880,8410,population_density_110.csv
2021,嘉義縣,中埔鄉,43602,year_end_registered_population,129.5016,337,8410,population_density_110.csv
2021,嘉義縣,六腳鄉,21774,year_end_registered_population,62.2619,350,8410,population_density_110.csv
2021,嘉義縣,大埔鄉,4533,year_end_registered_population,173.2472,26,8410,population_density_110.csv
2021,嘉義縣,大林鎮,30068,year_end_registered_population,64.1663,469,8410,population_density_110.csv
2021,嘉義縣,太保市,38571,year_end_registered_population,66.8964,577,8410,population_density_110.csv
2021,嘉義縣,布袋鎮,25521,year_end_registered_population,61.7307,413,8410,population_density_110.csv
2021,嘉義縣,新港鄉,30705,year_end_registered_population,66.0495,465,8410,population_density_110.csv
2021,嘉義縣,朴子市,41256,year_end_registered_population,49.5737,832,8410,population_density_110.csv
2021,嘉義縣,東石鄉,23464,year_end_registered_population,81.5821,288,8410,population_density_110.csv
2021,嘉義縣,梅山鄉,18324,year_end_registered_population,119.7571,153,8410,population_density_110.csv
2021,嘉義縣,民雄鄉,70675,year_end_registered_population,85.4969,827,8410,population_density_110.csv
2021,嘉義縣,水上鄉,48529,year_end_registered_population,69.1198,702,8410,population_density_110.csv
2021,嘉義縣,溪口鄉,13761,year_end_registered_population,33.0463,416,8410,population_density_110.csv
2021,嘉義縣,番路鄉,11033,year_end_registered_population,117.5269,94,8410,population_density_110.csv
2021,嘉義縣,竹崎鄉,34190,year_end_registered_population,162.2256,211,8410,population_density_110.csv
2021,嘉義縣,義竹鄉,17232,year_end_registered_population,79.2925,217,8410,population_density_110.csv
2021,嘉義縣,阿里山鄉,5420,year_end_registered_population,427.8471,13,8410,population_density_110.csv
2021,嘉義縣,鹿草鄉,14658,year_end_registered_population,54.3151,270,8410,population_density_110.csv
2021,基隆市,七堵區,53276,year_end_registered_population,56.2659,947,8410,population_density_110.csv
2021,基隆市,中山區,45755,year_end_registered_population,10.5238,4348,8410,population_density_110.csv
2021,基隆市,中正區,50654,year_end_registered_population,10.2118,4960,8410,population_density_110.csv
2021,基隆市,仁愛區,41842,year_end_registered_population,4.2335,9884,8410,population_density_110.csv
2021,基隆市,信義區,53051,year_end_registered_population,10.6706,4972,8410,population_density_110.csv
2021,基隆市,安樂區,81001,year_end_registered_population,18.025,4494,8410,population_density_110.csv
2021,基隆市,暖暖區,38398,year_end_registered_population,22.8283,1682,8410,population_density_110.csv
2021,宜蘭縣,三星鄉,21206,year_end_registered_population,144.2238,147,8410,population_density_110.csv
2021,宜蘭縣,五結鄉,40539,year_end_registered_population,38.8671,1043,8410,population_density_110.csv
2021,宜蘭縣,冬山鄉,52928,year_end_registered_population,79.8573,663,8410,population_density_110.csv
2021,宜蘭縣,南澳鄉,6010,year_end_registered_population,740.652,8,8410,population_density_110.csv
2021,宜蘭縣,員山鄉,32056,year_end_registered_population,111.9106,286,8410,population_density_110.csv
2021,宜蘭縣,壯圍鄉,24391,year_end_registered_population,38.4769,634,8410,population_density_110.csv
2021,宜蘭縣,大同鄉,6088,year_end_registered_population,657.5442,9,8410,population_density_110.csv
2021,宜蘭縣,宜蘭市,94869,year_end_registered_population,29.408,3226,8410,population_density_110.csv
2021,宜蘭縣,礁溪鄉,35057,year_end_registered_population,101.4278,346,8410,population_density_110.csv
2021,宜蘭縣,羅東鎮,70732,year_end_registered_population,11.3448,6235,8410,population_density_110.csv
2021,宜蘭縣,蘇澳鎮,38272,year_end_registered_population,89.0196,430,8410,population_density_110.csv
2021,宜蘭縣,頭城鎮,28544,year_end_registered_population,100.893,283,8410,population_density_110.csv
2021,屏東縣,三地門鄉,7711,year_end_registered_population,196.3965,39,8410,population_density_110.csv
2021,屏東縣,九如鄉,21734,year_end_registered_population,42.0187,517,8410,population_density_110.csv
2021,屏東縣,佳冬鄉,18321,year_end_registered_population,30.9842,591,8410,population_density_110.csv
2021,屏東縣,來義鄉,7397,year_end_registered_population,167.7756,44,8410,population_density_110.csv
2021,屏東縣,內埔鄉,52544,year_end_registered_population,81.8554,642,8410,population_density_110.csv
2021,屏東縣,南州鄉,10133,year_end_registered_population,18.97,534,8410,population_density_110.csv
2021,屏東縣,屏東市,195862,year_end_registered_population,65.067,3010,8410,population_density_110.csv
2021,屏東縣,崁頂鄉,15272,year_end_registered_population,31.2659,488,8410,population_density_110.csv
2021,屏東縣,恆春鎮,30089,year_end_registered_population,136.763,220,8410,population_density_110.csv
2021,屏東縣,新園鄉,33447,year_end_registered_population,38.3109,873,8410,population_density_110.csv
2021,屏東縣,新埤鄉,9451,year_end_registered_population,59.0102,160,8410,population_density_110.csv
2021,屏東縣,春日鄉,4930,year_end_registered_population,160.001,31,8410,population_density_110.csv
2021,屏東縣,東港鎮,46268,year_end_registered_population,29.4635,1570,8410,population_density_110.csv
2021,屏東縣,枋寮鄉,23246,year_end_registered_population,57.7347,403,8410,population_density_110.csv
2021,屏東縣,枋山鄉,5150,year_end_registered_population,17.2697,298,8410,population_density_110.csv
2021,屏東縣,林邊鄉,17023,year_end_registered_population,15.6233,1090,8410,population_density_110.csv
2021,屏東縣,泰武鄉,5360,year_end_registered_population,118.6266,45,8410,population_density_110.csv
2021,屏東縣,滿州鄉,7353,year_end_registered_population,142.2013,52,8410,population_density_110.csv
2021,屏東縣,潮州鎮,53546,year_end_registered_population,42.4331,1262,8410,population_density_110.csv
2021,屏東縣,牡丹鄉,4849,year_end_registered_population,181.8366,27,8410,population_density_110.csv
2021,屏東縣,獅子鄉,4888,year_end_registered_population,301.0018,16,8410,population_density_110.csv
2021,屏東縣,琉球鄉,12104,year_end_registered_population,6.8018,1780,8410,population_density_110.csv
2021,屏東縣,瑪家鄉,6706,year_end_registered_population,78.7008,85,8410,population_density_110.csv
2021,屏東縣,竹田鄉,16318,year_end_registered_population,29.0732,561,8410,population_density_110.csv
2021,屏東縣,萬丹鄉,49696,year_end_registered_population,57.4679,865,8410,population_density_110.csv
2021,屏東縣,萬巒鄉,19915,year_end_registered_population,60.7315,328,8410,population_density_110.csv
2021,屏東縣,車城鄉,8181,year_end_registered_population,49.8517,164,8410,population_density_110.csv
2021,屏東縣,里港鄉,25696,year_end_registered_population,68.9208,373,8410,population_density_110.csv
2021,屏東縣,長治鄉,29337,year_end_registered_population,39.8861,736,8410,population_density_110.csv
2021,屏東縣,霧臺鄉,3259,year_end_registered_population,278.796,12,8410,population_density_110.csv
2021,屏東縣,高樹鄉,23439,year_end_registered_population,90.1522,260,8410,population_density_110.csv
2021,屏東縣,鹽埔鄉,24586,year_end_registered_population,64.3493,382,8410,population_density_110.csv
2021,屏東縣,麟洛鄉,10629,year_end_registered_population,16.26,654,8410,population_density_110.csv
2021,彰化縣,二林鎮,49082,year_end_registered_population,92.8478,529,8410,population_density_110.csv
2021,彰化縣,二水鄉,14377,year_end_registered_population,29.4449,488,8410,population_density_110.csv
2021,彰化縣,伸港鄉,37838,year_end_registered_population,22.3268,1695,8410,population_density_110.csv
2021,彰化縣,北斗鎮,33303,year_end_registered_population,19.2547,1730,8410,population_density_110.csv
2021,彰化縣,和美鎮,89558,year_end_registered_population,39.9345,2243,8410,population_density_110.csv
2021,彰化縣,員林市,122757,year_end_registered_population,40.038,3066,8410,population_density_110.csv
2021,彰化縣,埔心鄉,34037,year_end_registered_population,20.9526,1624,8410,population_density_110.csv
2021,彰化縣,埔鹽鄉,31682,year_end_registered_population,38.6081,821,8410,population_density_110.csv
2021,彰化縣,埤頭鄉,29706,year_end_registered_population,42.7508,695,8410,population_density_110.csv
2021,彰化縣,大城鄉,15733,year_end_registered_population,63.7406,247,8410,population_density_110.csv
2021,彰化縣,大村鄉,39835,year_end_registered_population,30.7837,1294,8410,population_density_110.csv
2021,彰化縣,彰化市,228470,year_end_registered_population,65.6947,3478,8410,population_density_110.csv
2021,彰化縣,永靖鄉,35879,year_end_registered_population,20.6382,1738,8410,population_density_110.csv
2021,彰化縣,溪州鄉,28949,year_end_registered_population,75.831,382,8410,population_density_110.csv
2021,彰化縣,溪湖鎮,54340,year_end_registered_population,32.0592,1695,8410,population_density_110.csv
2021,彰化縣,田中鎮,40123,year_end_registered_population,34.6056,1159,8410,population_density_110.csv
2021,彰化縣,田尾鄉,26407,year_end_registered_population,24.0375,1099,8410,population_density_110.csv
2021,彰化縣,社頭鄉,42026,year_end_registered_population,36.1449,1163,8410,population_density_110.csv
2021,彰化縣,福興鄉,45956,year_end_registered_population,49.8934,921,8410,population_density_110.csv
2021,彰化縣,秀水鄉,38633,year_end_registered_population,29.3447,1317,8410,population_density_110.csv
2021,彰化縣,竹塘鄉,14584,year_end_registered_population,42.1662,346,8410,population_density_110.csv
2021,彰化縣,線西鄉,16486,year_end_registered_population,18.0856,912,8410,population_density_110.csv
2021,彰化縣,芬園鄉,22827,year_end_registered_population,38.0204,600,8410,population_density_110.csv
2021,彰化縣,花壇鄉,44795,year_end_registered_population,36.3469,1232,8410,population_density_110.csv
2021,彰化縣,芳苑鄉,32110,year_end_registered_population,91.3827,351,8410,population_density_110.csv
2021,彰化縣,鹿港鎮,85837,year_end_registered_population,39.4625,2175,8410,population_density_110.csv
2021,新北市,三峽區,116019,year_end_registered_population,191.4508,606,8410,population_density_110.csv
2021,新北市,三芝區,22357,year_end_registered_population,65.9909,339,8410,population_density_110.csv
2021,新北市,三重區,381731,year_end_registered_population,16.317,23395,8410,population_density_110.csv
2021,新北市,中和區,406140,year_end_registered_population,20.144,20162,8410,population_density_110.csv
2021,新北市,五股區,90465,year_end_registered_population,34.8632,2595,8410,population_density_110.csv
2021,新北市,八里區,40178,year_end_registered_population,39.4933,1017,8410,population_density_110.csv
2021,新北市,土城區,237484,year_end_registered_population,29.5578,8035,8410,population_density_110.csv
2021,新北市,坪林區,6619,year_end_registered_population,170.835,39,8410,population_density_110.csv
2021,新北市,平溪區,4333,year_end_registered_population,71.3382,61,8410,population_density_110.csv
2021,新北市,新店區,299696,year_end_registered_population,120.2255,2493,8410,population_density_110.csv
2021,新北市,新莊區,421381,year_end_registered_population,19.7383,21348,8410,population_density_110.csv
2021,新北市,板橋區,552713,year_end_registered_population,23.1373,23888,8410,population_density_110.csv
2021,新北市,林口區,124628,year_end_registered_population,54.1519,2301,8410,population_density_110.csv
2021,新北市,樹林區,181903,year_end_registered_population,33.1288,5491,8410,population_density_110.csv
2021,新北市,永和區,214967,year_end_registered_population,5.7138,37622,8410,population_density_110.csv
2021,新北市,汐止區,205990,year_end_registered_population,71.2354,2892,8410,population_density_110.csv
2021,新北市,泰山區,77451,year_end_registered_population,19.1603,4042,8410,population_density_110.csv
2021,新北市,淡水區,185197,year_end_registered_population,70.6565,2621,8410,population_density_110.csv
2021,新北市,深坑區,23646,year_end_registered_population,20.5787,1149,8410,population_density_110.csv
2021,新北市,烏來區,6391,year_end_registered_population,321.1306,20,8410,population_density_110.csv
2021,新北市,瑞芳區,38449,year_end_registered_population,70.7336,544,8410,population_density_110.csv
2021,新北市,石碇區,7487,year_end_registered_population,144.3498,52,8410,population_density_110.csv
2021,新北市,石門區,11193,year_end_registered_population,51.2645,218,8410,population_density_110.csv
2021,新北市,萬里區,21462,year_end_registered_population,63.3766,339,8410,population_density_110.csv
2021,新北市,蘆洲區,201489,year_end_registered_population,7.4351,27100,8410,population_density_110.csv
2021,新北市,貢寮區,11534,year_end_registered_population,99.9734,115,8410,population_density_110.csv
2021,新北市,金山區,20844,year_end_registered_population,49.2132,424,8410,population_density_110.csv
2021,新北市,雙溪區,8235,year_end_registered_population,146.2484,56,8410,population_density_110.csv
2021,新北市,鶯歌區,88131,year_end_registered_population,21.1248,4172,8410,population_density_110.csv
2021,新竹市,北區,152348,year_end_registered_population,15.7267,9687,8410,population_density_110.csv
2021,新竹市,東區,221651,year_end_registered_population,33.5768,6601,8410,population_density_110.csv
2021,新竹市,香山區,78641,year_end_registered_population,54.8491,1434,8410,population_density_110.csv
2021,新竹縣,五峰鄉,4473,year_end_registered_population,227.728,20,8410,population_density_110.csv
2021,新竹縣,北埔鄉,8797,year_end_registered_population,50.6676,174,8410,population_density_110.csv
2021,新竹縣,寶山鄉,14504,year_end_registered_population,64.7871,224,8410,population_density_110.csv
2021,新竹縣,尖石鄉,9577,year_end_registered_population,527.5795,18,8410,population_density_110.csv
2021,新竹縣,峨眉鄉,5309,year_end_registered_population,46.801,113,8410,population_density_110.csv
2021,新竹縣,新埔鎮,32975,year_end_registered_population,72.1911,457,8410,population_density_110.csv
2021,新竹縣,新豐鄉,57908,year_end_registered_population,46.3496,1249,8410,population_density_110.csv
2021,新竹縣,橫山鄉,12343,year_end_registered_population,66.3502,186,8410,population_density_110.csv
2021,新竹縣,湖口鄉,79602,year_end_registered_population,58.4303,1362,8410,population_density_110.csv
2021,新竹縣,竹北市,206189,year_end_registered_population,46.8341,4403,8410,population_density_110.csv
2021,新竹縣,竹東鎮,96590,year_end_registered_population,53.5133,1805,8410,population_density_110.csv
2021,新竹縣,芎林鄉,19936,year_end_registered_population,40.7858,489,8410,population_density_110.csv
2021,新竹縣,關西鎮,27377,year_end_registered_population,125.5193,218,8410,population_density_110.csv
2021,桃園市,中壢區,422529,year_end_registered_population,76.52,5522,8410,population_density_110.csv
2021,桃園市,八德區,209665,year_end_registered_population,33.7111,6219,8410,population_density_110.csv
2021,桃園市,大園區,92172,year_end_registered_population,87.3925,1055,8410,population_density_110.csv
2021,桃園市,大溪區,94870,year_end_registered_population,105.1206,902,8410,population_density_110.csv
2021,桃園市,平鎮區,228203,year_end_registered_population,47.7532,4779,8410,population_density_110.csv
2021,桃園市,復興區,12656,year_end_registered_population,350.7775,36,8410,population_density_110.csv
2021,桃園市,新屋區,49094,year_end_registered_population,85.0166,577,8410,population_density_110.csv
2021,桃園市,桃園區,458847,year_end_registered_population,34.8046,13184,8410,population_density_110.csv
2021,桃園市,楊梅區,176757,year_end_registered_population,89.1229,1983,8410,population_density_110.csv
2021,桃園市,蘆竹區,166394,year_end_registered_population,75.5025,2204,8410,population_density_110.csv
2021,桃園市,觀音區,69995,year_end_registered_population,87.9807,796,8410,population_density_110.csv
2021,桃園市,龍潭區,124442,year_end_registered_population,75.2341,1654,8410,population_density_110.csv
2021,桃園市,龜山區,166767,year_end_registered_population,72.0177,2316,8410,population_density_110.csv
2021,澎湖縣,七美鄉,3862,year_end_registered_population,6.9868,553,8410,population_density_110.csv
2021,澎湖縣,望安鄉,5415,year_end_registered_population,13.7824,393,8410,population_density_110.csv
2021,澎湖縣,湖西鄉,15447,year_end_registered_population,33.3008,464,8410,population_density_110.csv
2021,澎湖縣,白沙鄉,9989,year_end_registered_population,20.0875,497,8410,population_density_110.csv
2021,澎湖縣,西嶼鄉,8338,year_end_registered_population,18.7148,446,8410,population_density_110.csv
2021,澎湖縣,馬公市,63289,year_end_registered_population,33.9918,1862,8410,population_density_110.csv
2021,臺中市,中區,17689,year_end_registered_population,0.8803,20094,8410,population_density_110.csv
2021,臺中市,北區,143917,year_end_registered_population,6.9376,20744,8410,population_density_110.csv
2021,臺中市,北屯區,290653,year_end_registered_population,62.7034,4635,8410,population_density_110.csv
2021,臺中市,南區,126008,year_end_registered_population,6.8101,18503,8410,population_density_110.csv
2021,臺中市,南屯區,176782,year_end_registered_population,31.2578,5656,8410,population_density_110.csv
2021,臺中市,后里區,53961,year_end_registered_population,58.9439,915,8410,population_density_110.csv
2021,臺中市,和平區,10870,year_end_registered_population,1037.8192,10,8410,population_density_110.csv
2021,臺中市,外埔區,31564,year_end_registered_population,42.4099,744,8410,population_density_110.csv
2021,臺中市,大安區,18485,year_end_registered_population,27.4045,675,8410,population_density_110.csv
2021,臺中市,大甲區,75516,year_end_registered_population,58.5192,1290,8410,population_density_110.csv
2021,臺中市,大肚區,56458,year_end_registered_population,37.0024,1526,8410,population_density_110.csv
2021,臺中市,大里區,212253,year_end_registered_population,28.8758,7351,8410,population_density_110.csv
2021,臺中市,大雅區,95521,year_end_registered_population,32.4109,2947,8410,population_density_110.csv
2021,臺中市,太平區,195613,year_end_registered_population,120.7473,1620,8410,population_density_110.csv
2021,臺中市,新社區,23650,year_end_registered_population,68.8874,343,8410,population_density_110.csv
2021,臺中市,東勢區,48333,year_end_registered_population,117.4065,412,8410,population_density_110.csv
2021,臺中市,東區,75588,year_end_registered_population,9.2855,8140,8410,population_density_110.csv
2021,臺中市,梧棲區,59517,year_end_registered_population,16.6049,3584,8410,population_density_110.csv
2021,臺中市,沙鹿區,96039,year_end_registered_population,40.4604,2374,8410,population_density_110.csv
2021,臺中市,清水區,88366,year_end_registered_population,64.1709,1377,8410,population_density_110.csv
2021,臺中市,潭子區,109270,year_end_registered_population,25.8497,4227,8410,population_density_110.csv
2021,臺中市,烏日區,77245,year_end_registered_population,43.4032,1780,8410,population_density_110.csv
2021,臺中市,石岡區,14419,year_end_registered_population,18.2105,792,8410,population_density_110.csv
2021,臺中市,神岡區,64841,year_end_registered_population,35.0445,1850,8410,population_density_110.csv
2021,臺中市,西區,112740,year_end_registered_population,5.7042,19764,8410,population_density_110.csv
2021,臺中市,西屯區,230888,year_end_registered_population,39.8467,5794,8410,population_density_110.csv
2021,臺中市,豐原區,164726,year_end_registered_population,41.1845,4000,8410,population_density_110.csv
2021,臺中市,霧峰區,64602,year_end_registered_population,98.0779,659,8410,population_density_110.csv
2021,臺中市,龍井區,77976,year_end_registered_population,38.0377,2050,8410,population_density_110.csv
2021,臺北市,中山區,215567,year_end_registered_population,13.6821,15755,8410,population_density_110.csv
2021,臺北市,中正區,150644,year_end_registered_population,7.6071,19803,8410,population_density_110.csv
2021,臺北市,信義區,207500,year_end_registered_population,11.2077,18514,8410,population_density_110.csv
2021,臺北市,內湖區,276707,year_end_registered_population,31.5787,8762,8410,population_density_110.csv
2021,臺北市,北投區,244750,year_end_registered_population,56.8216,4307,8410,population_density_110.csv
2021,臺北市,南港區,115780,year_end_registered_population,21.8424,5301,8410,population_density_110.csv
2021,臺北市,士林區,269682,year_end_registered_population,62.3682,4324,8410,population_density_110.csv
2021,臺北市,大同區,120772,year_end_registered_population,5.6815,21257,8410,population_density_110.csv
2021,臺北市,大安區,291410,year_end_registered_population,11.3614,25649,8410,population_density_110.csv
2021,臺北市,文山區,261576,year_end_registered_population,31.509,8302,8410,population_density_110.csv
2021,臺北市,松山區,193388,year_end_registered_population,9.2878,20822,8410,population_density_110.csv
2021,臺北市,萬華區,176617,year_end_registered_population,8.8522,19952,8410,population_density_110.csv
2021,臺南市,七股區,21757,year_end_registered_population,110.1492,198,8410,population_density_110.csv
2021,臺南市,下營區,23062,year_end_registered_population,33.5291,688,8410,population_density_110.csv
2021,臺南市,中西區,77704,year_end_registered_population,6.26,12413,8410,population_density_110.csv
2021,臺南市,仁德區,76497,year_end_registered_population,50.7664,1507,8410,population_density_110.csv
2021,臺南市,佳里區,58482,year_end_registered_population,38.9422,1502,8410,population_density_110.csv
2021,臺南市,六甲區,21488,year_end_registered_population,67.5471,318,8410,population_density_110.csv
2021,臺南市,北區,127913,year_end_registered_population,10.434,12259,8410,population_density_110.csv
2021,臺南市,北門區,10397,year_end_registered_population,44.1003,236,8410,population_density_110.csv
2021,臺南市,南化區,8264,year_end_registered_population,171.5198,48,8410,population_density_110.csv
2021,臺南市,南區,122345,year_end_registered_population,27.2681,4487,8410,population_density_110.csv
2021,臺南市,善化區,51265,year_end_registered_population,55.3097,927,8410,population_density_110.csv
2021,臺南市,大內區,9048,year_end_registered_population,70.3125,129,8410,population_density_110.csv
2021,臺南市,學甲區,24981,year_end_registered_population,53.9919,463,8410,population_density_110.csv
2021,臺南市,安南區,197061,year_end_registered_population,107.2016,1838,8410,population_density_110.csv
2021,臺南市,安定區,30105,year_end_registered_population,31.27,963,8410,population_density_110.csv
2021,臺南市,安平區,67446,year_end_registered_population,11.0663,6095,8410,population_density_110.csv
2021,臺南市,官田區,21035,year_end_registered_population,70.7953,297,8410,population_density_110.csv
2021,臺南市,將軍區,18843,year_end_registered_population,41.9796,449,8410,population_density_110.csv
2021,臺南市,山上區,6996,year_end_registered_population,27.878,251,8410,population_density_110.csv
2021,臺南市,左鎮區,4428,year_end_registered_population,74.9025,59,8410,population_density_110.csv
2021,臺南市,後壁區,22322,year_end_registered_population,72.2189,309,8410,population_density_110.csv
2021,臺南市,新化區,42809,year_end_registered_population,62.0579,690,8410,population_density_110.csv
2021,臺南市,新市區,37546,year_end_registered_population,47.8096,785,8410,population_density_110.csv
2021,臺南市,新營區,75506,year_end_registered_population,38.5386,1959,8410,population_density_110.csv
2021,臺南市,東區,182489,year_end_registered_population,13.4156,13603,8410,population_density_110.csv
2021,臺南市,東山區,19788,year_end_registered_population,124.9178,158,8410,population_density_110.csv
2021,臺南市,柳營區,20618,year_end_registered_population,61.2929,336,8410,population_density_110.csv
2021,臺南市,楠西區,9031,year_end_registered_population,109.6316,82,8410,population_density_110.csv
2021,臺南市,歸仁區,68001,year_end_registered_population,55.7913,1219,8410,population_density_110.csv
2021,臺南市,永康區,234624,year_end_registered_population,40.2753,5826,8410,population_density_110.csv
2021,臺南市,玉井區,13342,year_end_registered_population,76.3662,175,8410,population_density_110.csv
2021,臺南市,白河區,26693,year_end_registered_population,126.4046,211,8410,population_density_110.csv
2021,臺南市,西港區,24495,year_end_registered_population,33.7666,725,8410,population_density_110.csv
2021,臺南市,關廟區,33860,year_end_registered_population,53.6413,631,8410,population_density_110.csv
2021,臺南市,鹽水區,24777,year_end_registered_population,52.2455,474,8410,population_density_110.csv
2021,臺南市,麻豆區,43373,year_end_registered_population,53.9744,804,8410,population_density_110.csv
2021,臺南市,龍崎區,3668,year_end_registered_population,64.0814,57,8410,population_density_110.csv
2021,臺東縣,卑南鄉,16833,year_end_registered_population,412.6871,41,8410,population_density_110.csv
2021,臺東縣,大武鄉,5635,year_end_registered_population,69.1454,81,8410,population_density_110.csv
2021,臺東縣,太麻里鄉,10819,year_end_registered_population,96.6523,112,8410,population_density_110.csv
2021,臺東縣,延平鄉,3591,year_end_registered_population,455.8805,8,8410,population_density_110.csv
2021,臺東縣,成功鎮,13330,year_end_registered_population,143.9939,93,8410,population_density_110.csv
2021,臺東縣,東河鄉,8106,year_end_registered_population,210.1908,39,8410,population_density_110.csv
2021,臺東縣,池上鄉,7976,year_end_registered_population,82.6854,96,8410,population_density_110.csv
2021,臺東縣,海端鄉,4151,year_end_registered_population,880.0382,5,8410,population_density_110.csv
2021,臺東縣,綠島鄉,4124,year_end_registered_population,15.0919,273,8410,population_density_110.csv
2021,臺東縣,臺東市,103943,year_end_registered_population,109.7691,947,8410,population_density_110.csv
2021,臺東縣,蘭嶼鄉,5231,year_end_registered_population,48.3892,108,8410,population_density_110.csv
2021,臺東縣,達仁鄉,3437,year_end_registered_population,306.4454,11,8410,population_density_110.csv
2021,臺東縣,金峰鄉,3663,year_end_registered_population,380.6635,10,8410,population_density_110.csv
2021,臺東縣,長濱鄉,6791,year_end_registered_population,155.1868,44,8410,population_density_110.csv
2021,臺東縣,關山鎮,8274,year_end_registered_population,58.7351,141,8410,population_density_110.csv
2021,臺東縣,鹿野鄉,7482,year_end_registered_population,89.698,83,8410,population_density_110.csv
2021,花蓮縣,光復鄉,12185,year_end_registered_population,157.11,78,8410,population_density_110.csv
2021,花蓮縣,卓溪鄉,5967,year_end_registered_population,1021.313,6,8410,population_density_110.csv
2021,花蓮縣,吉安鄉,83122,year_end_registered_population,65.2582,1274,8410,population_density_110.csv
2021,花蓮縣,壽豐鄉,17351,year_end_registered_population,218.4448,79,8410,population_density_110.csv
2021,花蓮縣,富里鄉,9812,year_end_registered_population,176.3705,56,8410,population_density_110.csv
2021,花蓮縣,新城鄉,20252,year_end_registered_population,29.4095,689,8410,population_density_110.csv
2021,花蓮縣,玉里鎮,22878,year_end_registered_population,252.3719,91,8410,population_density_110.csv
2021,花蓮縣,瑞穗鄉,11123,year_end_registered_population,135.5862,82,8410,population_density_110.csv
2021,花蓮縣,秀林鄉,16555,year_end_registered_population,1641.8555,10,8410,population_density_110.csv
2021,花蓮縣,花蓮市,100955,year_end_registered_population,29.4095,3433,8410,population_density_110.csv
2021,花蓮縣,萬榮鄉,6152,year_end_registered_population,618.491,10,8410,population_density_110.csv
2021,花蓮縣,豐濱鄉,4327,year_end_registered_population,162.4332,27,8410,population_density_110.csv
2021,花蓮縣,鳳林鎮,10679,year_end_registered_population,120.5181,89,8410,population_density_110.csv
2021,苗栗縣,三灣鄉,6201,year_end_registered_population,52.2964,119,8410,population_density_110.csv
2021,苗栗縣,三義鄉,15388,year_end_registered_population,69.3424,222,8410,population_density_110.csv
2021,苗栗縣,公館鄉,31867,year_end_registered_population,71.4523,446,8410,population_density_110.csv
2021,苗栗縣,卓蘭鎮,15866,year_end_registered_population,76.3153,208,8410,population_density_110.csv
2021,苗栗縣,南庄鄉,9328,year_end_registered_population,165.4938,56,8410,population_density_110.csv
2021,苗栗縣,大湖鄉,13530,year_end_registered_population,90.8396,149,8410,population_density_110.csv
2021,苗栗縣,後龍鎮,34694,year_end_registered_population,75.8079,458,8410,population_density_110.csv
2021,苗栗縣,泰安鄉,5691,year_end_registered_population,614.5127,9,8410,population_density_110.csv
2021,苗栗縣,獅潭鄉,4117,year_end_registered_population,79.4324,52,8410,population_density_110.csv
2021,苗栗縣,竹南鎮,87365,year_end_registered_population,37.5592,2326,8410,population_density_110.csv
2021,苗栗縣,苑裡鎮,44256,year_end_registered_population,68.2473,648,8410,population_density_110.csv
2021,苗栗縣,苗栗市,86939,year_end_registered_population,37.8878,2295,8410,population_density_110.csv
2021,苗栗縣,西湖鄉,6558,year_end_registered_population,41.0758,160,8410,population_density_110.csv
2021,苗栗縣,通霄鎮,32441,year_end_registered_population,107.8486,301,8410,population_density_110.csv
2021,苗栗縣,造橋鄉,11956,year_end_registered_population,47.9978,249,8410,population_density_110.csv
2021,苗栗縣,銅鑼鄉,16871,year_end_registered_population,78.3805,215,8410,population_density_110.csv
2021,苗栗縣,頭份市,105084,year_end_registered_population,53.3205,1971,8410,population_density_110.csv
2021,苗栗縣,頭屋鄉,10026,year_end_registered_population,52.5046,191,8410,population_density_110.csv
2021,連江縣,北竿鄉,2998,year_end_registered_population,9.9,303,8410,population_density_110.csv
2021,連江縣,南竿鄉,7657,year_end_registered_population,10.4,736,8410,population_density_110.csv
2021,連江縣,東引鄉,1494,year_end_registered_population,3.8,393,8410,population_density_110.csv
2021,連江縣,莒光鄉,1496,year_end_registered_population,4.7,318,8410,population_density_110.csv
2021,金門縣,烈嶼鄉,12743,year_end_registered_population,16.003,796,8410,population_density_110.csv
2021,金門縣,烏坵鄉,672,year_end_registered_population,1.2,560,8410,population_density_110.csv
2021,金門縣,金城鎮,42845,year_end_registered_population,21.713,1973,8410,population_density_110.csv
2021,金門縣,金寧鄉,33901,year_end_registered_population,29.854,1136,8410,population_density_110.csv
2021,金門縣,金沙鎮,20785,year_end_registered_population,41.19,505,8410,population_density_110.csv
2021,金門縣,金湖鎮,30593,year_end_registered_population,41.696,734,8410,population_density_110.csv
2021,雲林縣,二崙鄉,25660,year_end_registered_population,59.5625,431,8410,population_density_110.csv
2021,雲林縣,元長鄉,24177,year_end_registered_population,71.5872,338,8410,population_density_110.csv
2021,雲林縣,北港鎮,38437,year_end_registered_population,41.4999,926,8410,population_density_110.csv
2021,雲林縣,口湖鄉,25976,year_end_registered_population,80.4612,323,8410,population_density_110.csv
2021,雲林縣,古坑鄉,30438,year_end_registered_population,166.6059,183,8410,population_density_110.csv
2021,雲林縣,四湖鄉,21891,year_end_registered_population,77.1189,284,8410,population_density_110.csv
2021,雲林縣,土庫鎮,27938,year_end_registered_population,49.0212,570,8410,population_density_110.csv
2021,雲林縣,大埤鄉,18451,year_end_registered_population,44.9973,410,8410,population_density_110.csv
2021,雲林縣,崙背鄉,23584,year_end_registered_population,58.484,403,8410,population_density_110.csv
2021,雲林縣,斗六市,108100,year_end_registered_population,93.7151,1153,8410,population_density_110.csv
2021,雲林縣,斗南鎮,43584,year_end_registered_population,48.1505,905,8410,population_density_110.csv
2021,雲林縣,東勢鄉,13849,year_end_registered_population,48.3562,286,8410,population_density_110.csv
2021,雲林縣,林內鄉,17131,year_end_registered_population,37.6035,456,8410,population_density_110.csv
2021,雲林縣,水林鄉,23737,year_end_registered_population,72.9582,325,8410,population_density_110.csv
2021,雲林縣,臺西鄉,22558,year_end_registered_population,54.0983,417,8410,population_density_110.csv
2021,雲林縣,莿桐鄉,27970,year_end_registered_population,50.8502,550,8410,population_density_110.csv
2021,雲林縣,虎尾鎮,70648,year_end_registered_population,68.742,1028,8410,population_density_110.csv
2021,雲林縣,褒忠鄉,12279,year_end_registered_population,37.0552,331,8410,population_density_110.csv
2021,雲林縣,西螺鎮,45029,year_end_registered_population,49.7985,904,8410,population_density_110.csv
2021,雲林縣,麥寮鄉,48695,year_end_registered_population,80.1668,607,8410,population_density_110.csv
2021,高雄市,三民區,333038,year_end_registered_population,19.7866,16831,8410,population_density_110.csv
2021,高雄市,仁武區,93581,year_end_registered_population,36.0808,2594,8410,population_density_110.csv
2021,高雄市,內門區,13770,year_end_registered_population,95.6224,144,8410,population_density_110.csv
2021,高雄市,六龜區,12135,year_end_registered_population,194.1584,63,8410,population_density_110.csv
2021,高雄市,前金區,26416,year_end_registered_population,1.8573,14223,8410,population_density_110.csv
2021,高雄市,前鎮區,182805,year_end_registered_population,19.1207,9561,8410,population_density_110.csv
2021,高雄市,大寮區,111933,year_end_registered_population,71.04,1576,8410,population_density_110.csv
2021,高雄市,大樹區,41257,year_end_registered_population,66.9811,616,8410,population_density_110.csv
2021,高雄市,大社區,34050,year_end_registered_population,26.5848,1281,8410,population_density_110.csv
2021,高雄市,小港區,156035,year_end_registered_population,45.4426,3434,8410,population_density_110.csv
2021,高雄市,岡山區,95922,year_end_registered_population,47.9421,2001,8410,population_density_110.csv
2021,高雄市,左營區,196314,year_end_registered_population,19.3823,10129,8410,population_density_110.csv
2021,高雄市,彌陀區,18627,year_end_registered_population,14.7772,1261,8410,population_density_110.csv
2021,高雄市,新興區,49383,year_end_registered_population,1.9764,24986,8410,population_density_110.csv
2021,高雄市,旗山區,35162,year_end_registered_population,94.6122,372,8410,population_density_110.csv
2021,高雄市,旗津區,27204,year_end_registered_population,1.4639,18583,8410,population_density_110.csv
2021,高雄市,杉林區,11288,year_end_registered_population,104.0036,109,8410,population_density_110.csv
2021,高雄市,林園區,68893,year_end_registered_population,32.286,2134,8410,population_density_110.csv
2021,高雄市,桃源區,4193,year_end_registered_population,928.98,5,8410,population_density_110.csv
2021,高雄市,梓官區,35117,year_end_registered_population,11.5967,3028,8410,population_density_110.csv
2021,高雄市,楠梓區,190149,year_end_registered_population,25.8276,7362,8410,population_density_110.csv
2021,高雄市,橋頭區,40094,year_end_registered_population,25.9379,1546,8410,population_density_110.csv
2021,高雄市,永安區,13618,year_end_registered_population,22.6141,602,8410,population_density_110.csv
2021,高雄市,湖內區,29648,year_end_registered_population,20.1615,1471,8410,population_density_110.csv
2021,高雄市,燕巢區,29244,year_end_registered_population,65.395,447,8410,population_density_110.csv
2021,高雄市,田寮區,6788,year_end_registered_population,92.6802,73,8410,population_density_110.csv
2021,高雄市,甲仙區,5788,year_end_registered_population,124.034,47,8410,population_density_110.csv
2021,高雄市,美濃區,37949,year_end_registered_population,120.0316,316,8410,population_density_110.csv
2021,高雄市,苓雅區,164572,year_end_registered_population,8.1522,20187,8410,population_density_110.csv
2021,高雄市,茂林區,1874,year_end_registered_population,194,10,8410,population_density_110.csv
2021,高雄市,茄萣區,29812,year_end_registered_population,15.7624,1891,8410,population_density_110.csv
2021,高雄市,路竹區,51217,year_end_registered_population,48.4348,1057,8410,population_density_110.csv
2021,高雄市,那瑪夏區,3143,year_end_registered_population,252.9895,12,8410,population_density_110.csv
2021,高雄市,阿蓮區,28011,year_end_registered_population,34.6164,809,8410,population_density_110.csv
2021,高雄市,鳥松區,44393,year_end_registered_population,24.5927,1805,8410,population_density_110.csv
2021,高雄市,鳳山區,357946,year_end_registered_population,26.759,13377,8410,population_density_110.csv
2021,高雄市,鹽埕區,22912,year_end_registered_population,1.4161,16180,8410,population_density_110.csv
2021,高雄市,鼓山區,140410,year_end_registered_population,14.7523,9518,8410,population_density_110.csv
2022,南投縣,中寮鄉,13841,year_end_registered_population,146.6541,94,8410,population_density_111.csv
2022,南投縣,仁愛鄉,15732,year_end_registered_population,1273.5312,12,8410,population_density_111.csv
2022,南投縣,信義鄉,15594,year_end_registered_population,1422.4188,11,8410,population_density_111.csv
2022,南投縣,南投市,97361,year_end_registered_population,71.6021,1360,8410,population_density_111.csv
2022,南投縣,名間鄉,36234,year_end_registered_population,83.0955,436,8410,population_density_111.csv
2022,南投縣,國姓鄉,17256,year_end_registered_population,175.7042,98,8410,population_density_111.csv
2022,南投縣,埔里鎮,77244,year_end_registered_population,162.2227,476,8410,population_density_111.csv
2022,南投縣,水里鄉,16387,year_end_registered_population,106.8424,153,8410,population_density_111.csv
2022,南投縣,竹山鎮,51863,year_end_registered_population,247.3339,210,8410,population_density_111.csv
2022,南投縣,草屯鎮,96646,year_end_registered_population,104.0327,929,8410,population_density_111.csv
2022,南投縣,集集鎮,10068,year_end_registered_population,49.7268,202,8410,population_density_111.csv
2022,南投縣,魚池鄉,14892,year_end_registered_population,121.3735,123,8410,population_density_111.csv
2022,南投縣,鹿谷鄉,16477,year_end_registered_population,141.8981,116,8410,population_density_111.csv
2022,嘉義市,東區,117826,year_end_registered_population,30.1556,3907,8410,population_density_111.csv
2022,嘉義市,西區,145098,year_end_registered_population,29.87,4858,8410,population_density_111.csv
2022,嘉義縣,中埔鄉,43048,year_end_registered_population,129.5016,332,8410,population_density_111.csv
2022,嘉義縣,六腳鄉,21331,year_end_registered_population,62.2619,343,8410,population_density_111.csv
2022,嘉義縣,大埔鄉,4476,year_end_registered_population,173.2472,26,8410,population_density_111.csv
2022,嘉義縣,大林鎮,29744,year_end_registered_population,64.1663,464,8410,population_density_111.csv
2022,嘉義縣,太保市,38919,year_end_registered_population,66.8964,582,8410,population_density_111.csv
2022,嘉義縣,布袋鎮,25056,year_end_registered_population,61.7307,406,8410,population_density_111.csv
2022,嘉義縣,新港鄉,30302,year_end_registered_population,66.0495,459,8410,population_density_111.csv
2022,嘉義縣,朴子市,40882,year_end_registered_population,49.5737,825,8410,population_density_111.csv
2022,嘉義縣,東石鄉,23144,year_end_registered_population,81.5821,284,8410,population_density_111.csv
2022,嘉義縣,梅山鄉,18052,year_end_registered_population,119.7571,151,8410,population_density_111.csv
2022,嘉義縣,民雄鄉,70298,year_end_registered_population,85.4969,822,8410,population_density_111.csv
2022,嘉義縣,水上鄉,47912,year_end_registered_population,69.1198,693,8410,population_density_111.csv
2022,嘉義縣,溪口鄉,13463,year_end_registered_population,33.0463,407,8410,population_density_111.csv
2022,嘉義縣,番路鄉,10938,year_end_registered_population,117.5269,93,8410,population_density_111.csv
2022,嘉義縣,竹崎鄉,33792,year_end_registered_population,162.2256,208,8410,population_density_111.csv
2022,嘉義縣,義竹鄉,16994,year_end_registered_population,79.2925,214,8410,population_density_111.csv
2022,嘉義縣,阿里山鄉,5381,year_end_registered_population,427.8471,13,8410,population_density_111.csv
2022,嘉義縣,鹿草鄉,14426,year_end_registered_population,54.3151,266,8410,population_density_111.csv
2022,基隆市,七堵區,53003,year_end_registered_population,56.2659,942,8410,population_density_111.csv
2022,基隆市,中山區,45038,year_end_registered_population,10.5238,4280,8410,population_density_111.csv
2022,基隆市,中正區,50574,year_end_registered_population,10.2118,4953,8410,population_density_111.csv
2022,基隆市,仁愛區,41328,year_end_registered_population,4.2335,9762,8410,population_density_111.csv
2022,基隆市,信義區,52966,year_end_registered_population,10.6706,4964,8410,population_density_111.csv
2022,基隆市,安樂區,80297,year_end_registered_population,18.025,4455,8410,population_density_111.csv
2022,基隆市,暖暖區,38320,year_end_registered_population,22.8283,1679,8410,population_density_111.csv
2022,宜蘭縣,三星鄉,21235,year_end_registered_population,144.2238,147,8410,population_density_111.csv
2022,宜蘭縣,五結鄉,40662,year_end_registered_population,38.8671,1046,8410,population_density_111.csv
2022,宜蘭縣,冬山鄉,52761,year_end_registered_population,79.8573,661,8410,population_density_111.csv
2022,宜蘭縣,南澳鄉,6119,year_end_registered_population,740.652,8,8410,population_density_111.csv
2022,宜蘭縣,員山鄉,31918,year_end_registered_population,111.9106,285,8410,population_density_111.csv
2022,宜蘭縣,壯圍鄉,24417,year_end_registered_population,38.4769,635,8410,population_density_111.csv
2022,宜蘭縣,大同鄉,6139,year_end_registered_population,657.5442,9,8410,population_density_111.csv
2022,宜蘭縣,宜蘭市,94679,year_end_registered_population,29.408,3219,8410,population_density_111.csv
2022,宜蘭縣,礁溪鄉,34800,year_end_registered_population,101.4278,343,8410,population_density_111.csv
2022,宜蘭縣,羅東鎮,70012,year_end_registered_population,11.3448,6171,8410,population_density_111.csv
2022,宜蘭縣,蘇澳鎮,37867,year_end_registered_population,89.0196,425,8410,population_density_111.csv
2022,宜蘭縣,頭城鎮,28453,year_end_registered_population,100.893,282,8410,population_density_111.csv
2022,屏東縣,三地門鄉,7793,year_end_registered_population,196.3965,40,8410,population_density_111.csv
2022,屏東縣,九如鄉,21645,year_end_registered_population,42.0187,515,8410,population_density_111.csv
2022,屏東縣,佳冬鄉,18095,year_end_registered_population,30.9842,584,8410,population_density_111.csv
2022,屏東縣,來義鄉,7423,year_end_registered_population,167.7756,44,8410,population_density_111.csv
2022,屏東縣,內埔鄉,52258,year_end_registered_population,81.8554,638,8410,population_density_111.csv
2022,屏東縣,南州鄉,10049,year_end_registered_population,18.97,530,8410,population_density_111.csv
2022,屏東縣,屏東市,193941,year_end_registered_population,65.067,2981,8410,population_density_111.csv
2022,屏東縣,崁頂鄉,15168,year_end_registered_population,31.2659,485,8410,population_density_111.csv
2022,屏東縣,恆春鎮,29899,year_end_registered_population,136.763,219,8410,population_density_111.csv
2022,屏東縣,新園鄉,33091,year_end_registered_population,38.3109,864,8410,population_density_111.csv
2022,屏東縣,新埤鄉,9623,year_end_registered_population,59.0102,163,8410,population_density_111.csv
2022,屏東縣,春日鄉,4889,year_end_registered_population,160.001,31,8410,population_density_111.csv
2022,屏東縣,東港鎮,45908,year_end_registered_population,29.4635,1558,8410,population_density_111.csv
2022,屏東縣,枋寮鄉,22969,year_end_registered_population,57.7347,398,8410,population_density_111.csv
2022,屏東縣,枋山鄉,5128,year_end_registered_population,17.2697,297,8410,population_density_111.csv
2022,屏東縣,林邊鄉,16762,year_end_registered_population,15.6233,1073,8410,population_density_111.csv
2022,屏東縣,泰武鄉,5338,year_end_registered_population,118.6266,45,8410,population_density_111.csv
2022,屏東縣,滿州鄉,7454,year_end_registered_population,142.2013,52,8410,population_density_111.csv
2022,屏東縣,潮州鎮,53124,year_end_registered_population,42.4331,1252,8410,population_density_111.csv
2022,屏東縣,牡丹鄉,4866,year_end_registered_population,181.8366,27,8410,population_density_111.csv
2022,屏東縣,獅子鄉,4891,year_end_registered_population,301.0018,16,8410,population_density_111.csv
2022,屏東縣,琉球鄉,12216,year_end_registered_population,6.8018,1796,8410,population_density_111.csv
2022,屏東縣,瑪家鄉,6796,year_end_registered_population,78.7008,86,8410,population_density_111.csv
2022,屏東縣,竹田鄉,16073,year_end_registered_population,29.0732,553,8410,population_density_111.csv
2022,屏東縣,萬丹鄉,49457,year_end_registered_population,57.4679,861,8410,population_density_111.csv
2022,屏東縣,萬巒鄉,19478,year_end_registered_population,60.7315,321,8410,population_density_111.csv
2022,屏東縣,車城鄉,8194,year_end_registered_population,49.8517,164,8410,population_density_111.csv
2022,屏東縣,里港鄉,25685,year_end_registered_population,68.9208,373,8410,population_density_111.csv
2022,屏東縣,長治鄉,29126,year_end_registered_population,39.8861,730,8410,population_density_111.csv
2022,屏東縣,霧臺鄉,3324,year_end_registered_population,278.796,12,8410,population_density_111.csv
2022,屏東縣,高樹鄉,23182,year_end_registered_population,90.1522,257,8410,population_density_111.csv
2022,屏東縣,鹽埔鄉,24266,year_end_registered_population,64.3493,377,8410,population_density_111.csv
2022,屏東縣,麟洛鄉,10592,year_end_registered_population,16.26,651,8410,population_density_111.csv
2022,彰化縣,二林鎮,48390,year_end_registered_population,92.8478,521,8410,population_density_111.csv
2022,彰化縣,二水鄉,14168,year_end_registered_population,29.4449,481,8410,population_density_111.csv
2022,彰化縣,伸港鄉,37948,year_end_registered_population,22.3268,1700,8410,population_density_111.csv
2022,彰化縣,北斗鎮,33259,year_end_registered_population,19.2547,1727,8410,population_density_111.csv
2022,彰化縣,和美鎮,88666,year_end_registered_population,39.9345,2220,8410,population_density_111.csv
2022,彰化縣,員林市,122367,year_end_registered_population,40.038,3056,8410,population_density_111.csv
2022,彰化縣,埔心鄉,33813,year_end_registered_population,20.9526,1614,8410,population_density_111.csv
2022,彰化縣,埔鹽鄉,31349,year_end_registered_population,38.6081,812,8410,population_density_111.csv
2022,彰化縣,埤頭鄉,29293,year_end_registered_population,42.7508,685,8410,population_density_111.csv
2022,彰化縣,大城鄉,15455,year_end_registered_population,63.7406,242,8410,population_density_111.csv
2022,彰化縣,大村鄉,40392,year_end_registered_population,30.7837,1312,8410,population_density_111.csv
2022,彰化縣,彰化市,226519,year_end_registered_population,65.6947,3448,8410,population_density_111.csv
2022,彰化縣,永靖鄉,35464,year_end_registered_population,20.6382,1718,8410,population_density_111.csv
2022,彰化縣,溪州鄉,28620,year_end_registered_population,75.831,377,8410,population_density_111.csv
2022,彰化縣,溪湖鎮,54056,year_end_registered_population,32.0592,1686,8410,population_density_111.csv
2022,彰化縣,田中鎮,39693,year_end_registered_population,34.6056,1147,8410,population_density_111.csv
2022,彰化縣,田尾鄉,26069,year_end_registered_population,24.0375,1085,8410,population_density_111.csv
2022,彰化縣,社頭鄉,41606,year_end_registered_population,36.1449,1151,8410,population_density_111.csv
2022,彰化縣,福興鄉,45445,year_end_registered_population,49.8934,911,8410,population_density_111.csv
2022,彰化縣,秀水鄉,38258,year_end_registered_population,29.3447,1304,8410,population_density_111.csv
2022,彰化縣,竹塘鄉,14370,year_end_registered_population,42.1662,341,8410,population_density_111.csv
2022,彰化縣,線西鄉,16303,year_end_registered_population,18.0856,901,8410,population_density_111.csv
2022,彰化縣,芬園鄉,22456,year_end_registered_population,38.0204,591,8410,population_density_111.csv
2022,彰化縣,花壇鄉,44296,year_end_registered_population,36.3469,1219,8410,population_density_111.csv
2022,彰化縣,芳苑鄉,31614,year_end_registered_population,91.3827,346,8410,population_density_111.csv
2022,彰化縣,鹿港鎮,85370,year_end_registered_population,39.4625,2163,8410,population_density_111.csv
2022,新北市,三峽區,115274,year_end_registered_population,191.4508,602,8410,population_density_111.csv
2022,新北市,三芝區,22228,year_end_registered_population,65.9909,337,8410,population_density_111.csv
2022,新北市,三重區,379825,year_end_registered_population,16.317,23278,8410,population_density_111.csv
2022,新北市,中和區,403109,year_end_registered_population,20.144,20011,8410,population_density_111.csv
2022,新北市,五股區,91436,year_end_registered_population,34.8632,2623,8410,population_density_111.csv
2022,新北市,八里區,40902,year_end_registered_population,39.4933,1036,8410,population_density_111.csv
2022,新北市,土城區,237538,year_end_registered_population,29.5578,8036,8410,population_density_111.csv
2022,新北市,坪林區,6553,year_end_registered_population,170.835,38,8410,population_density_111.csv
2022,新北市,平溪區,4268,year_end_registered_population,71.3382,60,8410,population_density_111.csv
2022,新北市,新店區,298594,year_end_registered_population,120.2255,2484,8410,population_density_111.csv
2022,新北市,新莊區,419966,year_end_registered_population,19.7383,21277,8410,population_density_111.csv
2022,新北市,板橋區,549572,year_end_registered_population,23.1373,23753,8410,population_density_111.csv
2022,新北市,林口區,127887,year_end_registered_population,54.1519,2362,8410,population_density_111.csv
2022,新北市,樹林區,180067,year_end_registered_population,33.1288,5435,8410,population_density_111.csv
2022,新北市,永和區,212170,year_end_registered_population,5.7138,37133,8410,population_density_111.csv
2022,新北市,汐止區,206265,year_end_registered_population,71.2354,2896,8410,population_density_111.csv
2022,新北市,泰山區,76982,year_end_registered_population,19.1603,4018,8410,population_density_111.csv
2022,新北市,淡水區,187823,year_end_registered_population,70.6565,2658,8410,population_density_111.csv
2022,新北市,深坑區,23528,year_end_registered_population,20.5787,1143,8410,population_density_111.csv
2022,新北市,烏來區,6359,year_end_registered_population,321.1306,20,8410,population_density_111.csv
2022,新北市,瑞芳區,37695,year_end_registered_population,70.7336,533,8410,population_density_111.csv
2022,新北市,石碇區,7292,year_end_registered_population,144.3498,51,8410,population_density_111.csv
2022,新北市,石門區,10961,year_end_registered_population,51.2645,214,8410,population_density_111.csv
2022,新北市,萬里區,21101,year_end_registered_population,63.3766,333,8410,population_density_111.csv
2022,新北市,蘆洲區,199811,year_end_registered_population,7.4351,26874,8410,population_density_111.csv
2022,新北市,貢寮區,11260,year_end_registered_population,99.9734,113,8410,population_density_111.csv
2022,新北市,金山區,20577,year_end_registered_population,49.2132,418,8410,population_density_111.csv
2022,新北市,雙溪區,8102,year_end_registered_population,146.2484,55,8410,population_density_111.csv
2022,新北市,鶯歌區,88406,year_end_registered_population,21.1248,4185,8410,population_density_111.csv
2022,新竹市,北區,152118,year_end_registered_population,15.7267,9673,8410,population_density_111.csv
2022,新竹市,東區,221657,year_end_registered_population,33.5768,6601,8410,population_density_111.csv
2022,新竹市,香山區,78698,year_end_registered_population,54.8491,1435,8410,population_density_111.csv
2022,新竹縣,五峰鄉,4543,year_end_registered_population,227.728,20,8410,population_density_111.csv
2022,新竹縣,北埔鄉,8672,year_end_registered_population,50.6676,171,8410,population_density_111.csv
2022,新竹縣,寶山鄉,14391,year_end_registered_population,64.7871,222,8410,population_density_111.csv
2022,新竹縣,尖石鄉,9574,year_end_registered_population,527.5795,18,8410,population_density_111.csv
2022,新竹縣,峨眉鄉,5319,year_end_registered_population,46.801,114,8410,population_density_111.csv
2022,新竹縣,新埔鎮,33055,year_end_registered_population,72.1911,458,8410,population_density_111.csv
2022,新竹縣,新豐鄉,58651,year_end_registered_population,46.3496,1265,8410,population_density_111.csv
2022,新竹縣,橫山鄉,12212,year_end_registered_population,66.3502,184,8410,population_density_111.csv
2022,新竹縣,湖口鄉,81232,year_end_registered_population,58.4303,1390,8410,population_density_111.csv
2022,新竹縣,竹北市,209221,year_end_registered_population,46.8341,4467,8410,population_density_111.csv
2022,新竹縣,竹東鎮,96375,year_end_registered_population,53.5133,1801,8410,population_density_111.csv
2022,新竹縣,芎林鄉,20159,year_end_registered_population,40.7858,494,8410,population_density_111.csv
2022,新竹縣,關西鎮,27099,year_end_registered_population,125.5193,216,8410,population_density_111.csv
2022,桃園市,中壢區,423722,year_end_registered_population,76.52,5537,8410,population_density_111.csv
2022,桃園市,八德區,209952,year_end_registered_population,33.7111,6228,8410,population_density_111.csv
2022,桃園市,大園區,85991,year_end_registered_population,87.3925,984,8410,population_density_111.csv
2022,桃園市,大溪區,94313,year_end_registered_population,105.1206,897,8410,population_density_111.csv
2022,桃園市,平鎮區,227810,year_end_registered_population,47.7532,4771,8410,population_density_111.csv
2022,桃園市,復興區,13053,year_end_registered_population,350.7775,37,8410,population_density_111.csv
2022,桃園市,新屋區,49205,year_end_registered_population,85.0166,579,8410,population_density_111.csv
2022,桃園市,桃園區,462338,year_end_registered_population,34.8046,13284,8410,population_density_111.csv
2022,桃園市,楊梅區,177602,year_end_registered_population,89.1229,1993,8410,population_density_111.csv
2022,桃園市,蘆竹區,167205,year_end_registered_population,75.5025,2215,8410,population_density_111.csv
2022,桃園市,觀音區,73026,year_end_registered_population,87.9807,830,8410,population_density_111.csv
2022,桃園市,龍潭區,124973,year_end_registered_population,75.2341,1661,8410,population_density_111.csv
2022,桃園市,龜山區,172274,year_end_registered_population,72.0177,2392,8410,population_density_111.csv
2022,澎湖縣,七美鄉,3910,year_end_registered_population,6.9868,560,8410,population_density_111.csv
2022,澎湖縣,望安鄉,5448,year_end_registered_population,13.7824,395,8410,population_density_111.csv
2022,澎湖縣,湖西鄉,15820,year_end_registered_population,33.3008,475,8410,population_density_111.csv
2022,澎湖縣,白沙鄉,10047,year_end_registered_population,20.0875,500,8410,population_density_111.csv
2022,澎湖縣,西嶼鄉,8341,year_end_registered_population,18.7148,446,8410,population_density_111.csv
2022,澎湖縣,馬公市,63657,year_end_registered_population,33.9918,1873,8410,population_density_111.csv
2022,臺中市,中區,17635,year_end_registered_population,0.8803,20033,8410,population_density_111.csv
2022,臺中市,北區,142778,year_end_registered_population,6.9376,20580,8410,population_density_111.csv
2022,臺中市,北屯區,295677,year_end_registered_population,62.7034,4715,8410,population_density_111.csv
2022,臺中市,南區,125466,year_end_registered_population,6.8101,18424,8410,population_density_111.csv
2022,臺中市,南屯區,177930,year_end_registered_population,31.2578,5692,8410,population_density_111.csv
2022,臺中市,后里區,53667,year_end_registered_population,58.9439,910,8410,population_density_111.csv
2022,臺中市,和平區,10919,year_end_registered_population,1037.8192,11,8410,population_density_111.csv
2022,臺中市,外埔區,31264,year_end_registered_population,42.4099,737,8410,population_density_111.csv
2022,臺中市,大安區,18230,year_end_registered_population,27.4045,665,8410,population_density_111.csv
2022,臺中市,大甲區,74737,year_end_registered_population,58.5192,1277,8410,population_density_111.csv
2022,臺中市,大肚區,56129,year_end_registered_population,37.0024,1517,8410,population_density_111.csv
2022,臺中市,大里區,211469,year_end_registered_population,28.8758,7323,8410,population_density_111.csv
2022,臺中市,大雅區,95275,year_end_registered_population,32.4109,2940,8410,population_density_111.csv
2022,臺中市,太平區,196011,year_end_registered_population,120.7473,1623,8410,population_density_111.csv
2022,臺中市,新社區,23283,year_end_registered_population,68.8874,338,8410,population_density_111.csv
2022,臺中市,東勢區,47817,year_end_registered_population,117.4065,407,8410,population_density_111.csv
2022,臺中市,東區,75554,year_end_registered_population,9.2855,8137,8410,population_density_111.csv
2022,臺中市,梧棲區,59848,year_end_registered_population,16.6049,3604,8410,population_density_111.csv
2022,臺中市,沙鹿區,97002,year_end_registered_population,40.4604,2397,8410,population_density_111.csv
2022,臺中市,清水區,88947,year_end_registered_population,64.1709,1386,8410,population_density_111.csv
2022,臺中市,潭子區,108639,year_end_registered_population,25.8497,4203,8410,population_density_111.csv
2022,臺中市,烏日區,78122,year_end_registered_population,43.4032,1800,8410,population_density_111.csv
2022,臺中市,石岡區,14154,year_end_registered_population,18.2105,777,8410,population_density_111.csv
2022,臺中市,神岡區,64308,year_end_registered_population,35.0445,1835,8410,population_density_111.csv
2022,臺中市,西區,112278,year_end_registered_population,5.7042,19683,8410,population_density_111.csv
2022,臺中市,西屯區,231866,year_end_registered_population,39.8467,5819,8410,population_density_111.csv
2022,臺中市,豐原區,163476,year_end_registered_population,41.1845,3969,8410,population_density_111.csv
2022,臺中市,霧峰區,64091,year_end_registered_population,98.0779,653,8410,population_density_111.csv
2022,臺中市,龍井區,77887,year_end_registered_population,38.0377,2048,8410,population_density_111.csv
2022,臺北市,中山區,212669,year_end_registered_population,13.6821,15544,8410,population_density_111.csv
2022,臺北市,中正區,148103,year_end_registered_population,7.6071,19469,8410,population_density_111.csv
2022,臺北市,信義區,203780,year_end_registered_population,11.2077,18182,8410,population_density_111.csv
2022,臺北市,內湖區,272963,year_end_registered_population,31.5787,8644,8410,population_density_111.csv
2022,臺北市,北投區,240725,year_end_registered_population,56.8216,4237,8410,population_density_111.csv
2022,臺北市,南港區,113798,year_end_registered_population,21.8424,5210,8410,population_density_111.csv
2022,臺北市,士林區,264716,year_end_registered_population,62.3682,4244,8410,population_density_111.csv
2022,臺北市,大同區,118833,year_end_registered_population,5.6815,20916,8410,population_density_111.csv
2022,臺北市,大安區,284557,year_end_registered_population,11.3614,25046,8410,population_density_111.csv
2022,臺北市,文山區,257558,year_end_registered_population,31.509,8174,8410,population_density_111.csv
2022,臺北市,松山區,189939,year_end_registered_population,9.2878,20450,8410,population_density_111.csv
2022,臺北市,萬華區,173040,year_end_registered_population,8.8522,19548,8410,population_density_111.csv
2022,臺南市,七股區,21439,year_end_registered_population,110.1492,195,8410,population_density_111.csv
2022,臺南市,下營區,22635,year_end_registered_population,33.5291,675,8410,population_density_111.csv
2022,臺南市,中西區,77408,year_end_registered_population,6.26,12365,8410,population_density_111.csv
2022,臺南市,仁德區,76896,year_end_registered_population,50.7664,1515,8410,population_density_111.csv
2022,臺南市,佳里區,58063,year_end_registered_population,38.9422,1491,8410,population_density_111.csv
2022,臺南市,六甲區,21342,year_end_registered_population,67.5471,316,8410,population_density_111.csv
2022,臺南市,北區,126068,year_end_registered_population,10.434,12082,8410,population_density_111.csv
2022,臺南市,北門區,10183,year_end_registered_population,44.1003,231,8410,population_density_111.csv
2022,臺南市,南化區,8114,year_end_registered_population,171.5198,47,8410,population_density_111.csv
2022,臺南市,南區,121035,year_end_registered_population,27.2681,4439,8410,population_density_111.csv
2022,臺南市,善化區,51842,year_end_registered_population,55.3097,937,8410,population_density_111.csv
2022,臺南市,大內區,8847,year_end_registered_population,70.3125,126,8410,population_density_111.csv
2022,臺南市,學甲區,24749,year_end_registered_population,53.9919,458,8410,population_density_111.csv
2022,臺南市,安南區,199118,year_end_registered_population,107.2016,1857,8410,population_density_111.csv
2022,臺南市,安定區,29904,year_end_registered_population,31.27,956,8410,population_density_111.csv
2022,臺南市,安平區,68025,year_end_registered_population,11.0663,6147,8410,population_density_111.csv
2022,臺南市,官田區,20849,year_end_registered_population,70.7953,294,8410,population_density_111.csv
2022,臺南市,將軍區,18618,year_end_registered_population,41.9796,444,8410,population_density_111.csv
2022,臺南市,山上區,6976,year_end_registered_population,27.878,250,8410,population_density_111.csv
2022,臺南市,左鎮區,4366,year_end_registered_population,74.9025,58,8410,population_density_111.csv
2022,臺南市,後壁區,21891,year_end_registered_population,72.2189,303,8410,population_density_111.csv
2022,臺南市,新化區,42467,year_end_registered_population,62.0579,684,8410,population_density_111.csv
2022,臺南市,新市區,37482,year_end_registered_population,47.8096,784,8410,population_density_111.csv
2022,臺南市,新營區,74908,year_end_registered_population,38.5386,1944,8410,population_density_111.csv
2022,臺南市,東區,180511,year_end_registered_population,13.4156,13455,8410,population_density_111.csv
2022,臺南市,東山區,19366,year_end_registered_population,124.9178,155,8410,population_density_111.csv
2022,臺南市,柳營區,20407,year_end_registered_population,61.2929,333,8410,population_density_111.csv
2022,臺南市,楠西區,8870,year_end_registered_population,109.6316,81,8410,population_density_111.csv
2022,臺南市,歸仁區,68044,year_end_registered_population,55.7913,1220,8410,population_density_111.csv
2022,臺南市,永康區,234130,year_end_registered_population,40.2753,5813,8410,population_density_111.csv
2022,臺南市,玉井區,13118,year_end_registered_population,76.3662,172,8410,population_density_111.csv
2022,臺南市,白河區,26203,year_end_registered_population,126.4046,207,8410,population_density_111.csv
2022,臺南市,西港區,24713,year_end_registered_population,33.7666,732,8410,population_density_111.csv
2022,臺南市,關廟區,33424,year_end_registered_population,53.6413,623,8410,population_density_111.csv
2022,臺南市,鹽水區,24452,year_end_registered_population,52.2455,468,8410,population_density_111.csv
2022,臺南市,麻豆區,42933,year_end_registered_population,53.9744,795,8410,population_density_111.csv
2022,臺南市,龍崎區,3601,year_end_registered_population,64.0814,56,8410,population_density_111.csv
2022,臺東縣,卑南鄉,16846,year_end_registered_population,412.6871,41,8410,population_density_111.csv
2022,臺東縣,大武鄉,5635,year_end_registered_population,69.1454,81,8410,population_density_111.csv
2022,臺東縣,太麻里鄉,10744,year_end_registered_population,96.6523,111,8410,population_density_111.csv
2022,臺東縣,延平鄉,3630,year_end_registered_population,455.8805,8,8410,population_density_111.csv
2022,臺東縣,成功鎮,13212,year_end_registered_population,143.9939,92,8410,population_density_111.csv
2022,臺東縣,東河鄉,8060,year_end_registered_population,210.1908,38,8410,population_density_111.csv
2022,臺東縣,池上鄉,7995,year_end_registered_population,82.6854,97,8410,population_density_111.csv
2022,臺東縣,海端鄉,4222,year_end_registered_population,880.0382,5,8410,population_density_111.csv
2022,臺東縣,綠島鄉,4285,year_end_registered_population,15.0919,284,8410,population_density_111.csv
2022,臺東縣,臺東市,103252,year_end_registered_population,109.7691,941,8410,population_density_111.csv
2022,臺東縣,蘭嶼鄉,5263,year_end_registered_population,48.3892,109,8410,population_density_111.csv
2022,臺東縣,達仁鄉,3482,year_end_registered_population,306.4454,11,8410,population_density_111.csv
2022,臺東縣,金峰鄉,3713,year_end_registered_population,380.6635,10,8410,population_density_111.csv
2022,臺東縣,長濱鄉,6733,year_end_registered_population,155.1868,43,8410,population_density_111.csv
2022,臺東縣,關山鎮,8165,year_end_registered_population,58.7351,139,8410,population_density_111.csv
2022,臺東縣,鹿野鄉,7314,year_end_registered_population,89.698,82,8410,population_density_111.csv
2022,花蓮縣,光復鄉,12015,year_end_registered_population,157.11,76,8410,population_density_111.csv
2022,花蓮縣,卓溪鄉,6052,year_end_registered_population,1021.313,6,8410,population_density_111.csv
2022,花蓮縣,吉安鄉,82795,year_end_registered_population,65.2582,1269,8410,population_density_111.csv
2022,花蓮縣,壽豐鄉,17133,year_end_registered_population,218.4448,78,8410,population_density_111.csv
2022,花蓮縣,富里鄉,9689,year_end_registered_population,176.3705,55,8410,population_density_111.csv
2022,花蓮縣,新城鄉,20256,year_end_registered_population,29.4095,689,8410,population_density_111.csv
2022,花蓮縣,玉里鎮,22408,year_end_registered_population,252.3719,89,8410,population_density_111.csv
2022,花蓮縣,瑞穗鄉,10968,year_end_registered_population,135.5862,81,8410,population_density_111.csv
2022,花蓮縣,秀林鄉,16992,year_end_registered_population,1641.8555,10,8410,population_density_111.csv
2022,花蓮縣,花蓮市,99558,year_end_registered_population,29.4095,3385,8410,population_density_111.csv
2022,花蓮縣,萬榮鄉,6175,year_end_registered_population,618.491,10,8410,population_density_111.csv
2022,花蓮縣,豐濱鄉,4315,year_end_registered_population,162.4332,27,8410,population_density_111.csv
2022,花蓮縣,鳳林鎮,10536,year_end_registered_population,120.5181,87,8410,population_density_111.csv
2022,苗栗縣,三灣鄉,6143,year_end_registered_population,52.2964,117,8410,population_density_111.csv
2022,苗栗縣,三義鄉,15151,year_end_registered_population,69.3424,218,8410,population_density_111.csv
2022,苗栗縣,公館鄉,31445,year_end_registered_population,71.4523,440,8410,population_density_111.csv
2022,苗栗縣,卓蘭鎮,15514,year_end_registered_population,76.3153,203,8410,population_density_111.csv
2022,苗栗縣,南庄鄉,9046,year_end_registered_population,165.4938,55,8410,population_density_111.csv
2022,苗栗縣,大湖鄉,13219,year_end_registered_population,90.8396,146,8410,population_density_111.csv
2022,苗栗縣,後龍鎮,34358,year_end_registered_population,75.8079,453,8410,population_density_111.csv
2022,苗栗縣,泰安鄉,5739,year_end_registered_population,614.5127,9,8410,population_density_111.csv
2022,苗栗縣,獅潭鄉,4149,year_end_registered_population,79.4324,52,8410,population_density_111.csv
2022,苗栗縣,竹南鎮,88364,year_end_registered_population,37.5592,2353,8410,population_density_111.csv
2022,苗栗縣,苑裡鎮,43927,year_end_registered_population,68.2473,644,8410,population_density_111.csv
2022,苗栗縣,苗栗市,86112,year_end_registered_population,37.8878,2273,8410,population_density_111.csv
2022,苗栗縣,西湖鄉,6440,year_end_registered_population,41.0758,157,8410,population_density_111.csv
2022,苗栗縣,通霄鎮,31835,year_end_registered_population,107.8486,295,8410,population_density_111.csv
2022,苗栗縣,造橋鄉,11706,year_end_registered_population,47.9978,244,8410,population_density_111.csv
2022,苗栗縣,銅鑼鄉,16682,year_end_registered_population,78.3805,213,8410,population_density_111.csv
2022,苗栗縣,頭份市,105354,year_end_registered_population,53.3205,1976,8410,population_density_111.csv
2022,苗栗縣,頭屋鄉,9948,year_end_registered_population,52.5046,189,8410,population_density_111.csv
2022,連江縣,北竿鄉,3181,year_end_registered_population,9.9,321,8410,population_density_111.csv
2022,連江縣,南竿鄉,7797,year_end_registered_population,10.4,750,8410,population_density_111.csv
2022,連江縣,東引鄉,1534,year_end_registered_population,3.8,404,8410,population_density_111.csv
2022,連江縣,莒光鄉,1471,year_end_registered_population,4.7,313,8410,population_density_111.csv
2022,金門縣,烈嶼鄉,12649,year_end_registered_population,16.003,790,8410,population_density_111.csv
2022,金門縣,烏坵鄉,670,year_end_registered_population,1.2,558,8410,population_density_111.csv
2022,金門縣,金城鎮,42342,year_end_registered_population,21.713,1950,8410,population_density_111.csv
2022,金門縣,金寧鄉,34325,year_end_registered_population,29.854,1150,8410,population_density_111.csv
2022,金門縣,金沙鎮,20673,year_end_registered_population,41.19,502,8410,population_density_111.csv
2022,金門縣,金湖鎮,30636,year_end_registered_population,41.696,735,8410,population_density_111.csv
2022,雲林縣,二崙鄉,25220,year_end_registered_population,59.5625,423,8410,population_density_111.csv
2022,雲林縣,元長鄉,23713,year_end_registered_population,71.5872,331,8410,population_density_111.csv
2022,雲林縣,北港鎮,37849,year_end_registered_population,41.4999,912,8410,population_density_111.csv
2022,雲林縣,口湖鄉,25566,year_end_registered_population,80.4612,318,8410,population_density_111.csv
2022,雲林縣,古坑鄉,30138,year_end_registered_population,166.6059,181,8410,population_density_111.csv
2022,雲林縣,四湖鄉,21582,year_end_registered_population,77.1189,280,8410,population_density_111.csv
2022,雲林縣,土庫鎮,27650,year_end_registered_population,49.0212,564,8410,population_density_111.csv
2022,雲林縣,大埤鄉,18231,year_end_registered_population,44.9973,405,8410,population_density_111.csv
2022,雲林縣,崙背鄉,23098,year_end_registered_population,58.484,395,8410,population_density_111.csv
2022,雲林縣,斗六市,107791,year_end_registered_population,93.7151,1150,8410,population_density_111.csv
2022,雲林縣,斗南鎮,43355,year_end_registered_population,48.1505,900,8410,population_density_111.csv
2022,雲林縣,東勢鄉,13642,year_end_registered_population,48.3562,282,8410,population_density_111.csv
2022,雲林縣,林內鄉,16930,year_end_registered_population,37.6035,450,8410,population_density_111.csv
2022,雲林縣,水林鄉,23242,year_end_registered_population,72.9582,319,8410,population_density_111.csv
2022,雲林縣,臺西鄉,22151,year_end_registered_population,54.0983,409,8410,population_density_111.csv
2022,雲林縣,莿桐鄉,27554,year_end_registered_population,50.8502,542,8410,population_density_111.csv
2022,雲林縣,虎尾鎮,70305,year_end_registered_population,68.742,1023,8410,population_density_111.csv
2022,雲林縣,褒忠鄉,12143,year_end_registered_population,37.0552,328,8410,population_density_111.csv
2022,雲林縣,西螺鎮,44578,year_end_registered_population,49.7985,895,8410,population_density_111.csv
2022,雲林縣,麥寮鄉,49354,year_end_registered_population,80.1668,616,8410,population_density_111.csv
2022,高雄市,三民區,330419,year_end_registered_population,19.7866,16699,8410,population_density_111.csv
2022,高雄市,仁武區,95089,year_end_registered_population,36.0808,2635,8410,population_density_111.csv
2022,高雄市,內門區,13499,year_end_registered_population,95.6224,141,8410,population_density_111.csv
2022,高雄市,六龜區,11920,year_end_registered_population,194.1584,61,8410,population_density_111.csv
2022,高雄市,前金區,26633,year_end_registered_population,1.8573,14340,8410,population_density_111.csv
2022,高雄市,前鎮區,180282,year_end_registered_population,19.1207,9429,8410,population_density_111.csv
2022,高雄市,大寮區,111514,year_end_registered_population,71.04,1570,8410,population_density_111.csv
2022,高雄市,大樹區,40732,year_end_registered_population,66.9811,608,8410,population_density_111.csv
2022,高雄市,大社區,33670,year_end_registered_population,26.5848,1267,8410,population_density_111.csv
2022,高雄市,小港區,154808,year_end_registered_population,45.4426,3407,8410,population_density_111.csv
2022,高雄市,岡山區,95349,year_end_registered_population,47.9421,1989,8410,population_density_111.csv
2022,高雄市,左營區,195296,year_end_registered_population,19.3823,10076,8410,population_density_111.csv
2022,高雄市,彌陀區,18468,year_end_registered_population,14.7772,1250,8410,population_density_111.csv
2022,高雄市,新興區,49068,year_end_registered_population,1.9764,24827,8410,population_density_111.csv
2022,高雄市,旗山區,34622,year_end_registered_population,94.6122,366,8410,population_density_111.csv
2022,高雄市,旗津區,26671,year_end_registered_population,1.4639,18219,8410,population_density_111.csv
2022,高雄市,杉林區,11094,year_end_registered_population,104.0036,107,8410,population_density_111.csv
2022,高雄市,林園區,68429,year_end_registered_population,32.286,2119,8410,population_density_111.csv
2022,高雄市,桃源區,4258,year_end_registered_population,928.98,5,8410,population_density_111.csv
2022,高雄市,梓官區,34845,year_end_registered_population,11.5967,3005,8410,population_density_111.csv
2022,高雄市,楠梓區,191313,year_end_registered_population,25.8276,7407,8410,population_density_111.csv
2022,高雄市,橋頭區,40470,year_end_registered_population,25.9379,1560,8410,population_density_111.csv
2022,高雄市,永安區,13776,year_end_registered_population,22.6141,609,8410,population_density_111.csv
2022,高雄市,湖內區,29540,year_end_registered_population,20.1615,1465,8410,population_density_111.csv
2022,高雄市,燕巢區,28963,year_end_registered_population,65.395,443,8410,population_density_111.csv
2022,高雄市,田寮區,6655,year_end_registered_population,92.6802,72,8410,population_density_111.csv
2022,高雄市,甲仙區,5661,year_end_registered_population,124.034,46,8410,population_density_111.csv
2022,高雄市,美濃區,37317,year_end_registered_population,120.0316,311,8410,population_density_111.csv
2022,高雄市,苓雅區,162642,year_end_registered_population,8.1522,19951,8410,population_density_111.csv
2022,高雄市,茂林區,1940,year_end_registered_population,194,10,8410,population_density_111.csv
2022,高雄市,茄萣區,29480,year_end_registered_population,15.7624,1870,8410,population_density_111.csv
2022,高雄市,路竹區,50602,year_end_registered_population,48.4348,1045,8410,population_density_111.csv
2022,高雄市,那瑪夏區,3201,year_end_registered_population,252.9895,13,8410,population_density_111.csv
2022,高雄市,阿蓮區,27656,year_end_registered_population,34.6164,799,8410,population_density_111.csv
2022,高雄市,鳥松區,44168,year_end_registered_population,24.5927,1796,8410,population_density_111.csv
2022,高雄市,鳳山區,356016,year_end_registered_population,26.759,13305,8410,population_density_111.csv
2022,高雄市,鹽埕區,22481,year_end_registered_population,1.4161,15875,8410,population_density_111.csv
2022,高雄市,鼓山區,139590,year_end_registered_population,14.7523,9462,8410,population_density_111.csv
2023,南投縣,中寮鄉,13528,year_end_registered_population,146.6541,92,8410,population_density_112.csv
2023,南投縣,仁愛鄉,15538,year_end_registered_population,1273.5312,12,8410,population_density_112.csv
2023,南投縣,信義鄉,15410,year_end_registered_population,1422.4188,11,8410,population_density_112.csv
2023,南投縣,南投市,97450,year_end_registered_population,71.6021,1361,8410,population_density_112.csv
2023,南投縣,名間鄉,35801,year_end_registered_population,83.0955,431,8410,population_density_112.csv
2023,南投縣,國姓鄉,16884,year_end_registered_population,175.7042,96,8410,population_density_112.csv
2023,南投縣,埔里鎮,77035,year_end_registered_population,162.2227,475,8410,population_density_112.csv
2023,南投縣,水里鄉,16085,year_end_registered_population,106.8424,151,8410,population_density_112.csv
2023,南投縣,竹山鎮,51450,year_end_registered_population,247.3339,208,8410,population_density_112.csv
2023,南投縣,草屯鎮,97120,year_end_registered_population,104.0327,934,8410,population_density_112.csv
2023,南投縣,集集鎮,9924,year_end_registered_population,49.7268,200,8410,population_density_112.csv
2023,南投縣,魚池鄉,14687,year_end_registered_population,121.3735,121,8410,population_density_112.csv
2023,南投縣,鹿谷鄉,16182,year_end_registered_population,141.8981,114,8410,population_density_112.csv
2023,嘉義市,東區,117993,year_end_registered_population,30.1556,3913,8410,population_density_112.csv
2023,嘉義市,西區,145591,year_end_registered_population,29.87,4874,8410,population_density_112.csv
2023,嘉義縣,中埔鄉,42690,year_end_registered_population,129.5016,330,8410,population_density_112.csv
2023,嘉義縣,六腳鄉,20889,year_end_registered_population,62.2619,336,8410,population_density_112.csv
2023,嘉義縣,大埔鄉,4444,year_end_registered_population,173.2472,26,8410,population_density_112.csv
2023,嘉義縣,大林鎮,29815,year_end_registered_population,64.1663,465,8410,population_density_112.csv
2023,嘉義縣,太保市,39299,year_end_registered_population,66.8964,587,8410,population_density_112.csv
2023,嘉義縣,布袋鎮,24622,year_end_registered_population,61.7307,399,8410,population_density_112.csv
2023,嘉義縣,新港鄉,30094,year_end_registered_population,66.0495,456,8410,population_density_112.csv
2023,嘉義縣,朴子市,40705,year_end_registered_population,49.5737,821,8410,population_density_112.csv
2023,嘉義縣,東石鄉,22749,year_end_registered_population,81.5821,279,8410,population_density_112.csv
2023,嘉義縣,梅山鄉,17805,year_end_registered_population,119.7571,149,8410,population_density_112.csv
2023,嘉義縣,民雄鄉,70248,year_end_registered_population,85.4969,822,8410,population_density_112.csv
2023,嘉義縣,水上鄉,47727,year_end_registered_population,69.1198,690,8410,population_density_112.csv
2023,嘉義縣,溪口鄉,13238,year_end_registered_population,33.0463,401,8410,population_density_112.csv
2023,嘉義縣,番路鄉,10867,year_end_registered_population,117.5269,92,8410,population_density_112.csv
2023,嘉義縣,竹崎鄉,33308,year_end_registered_population,162.2256,205,8410,population_density_112.csv
2023,嘉義縣,義竹鄉,16633,year_end_registered_population,79.2925,210,8410,population_density_112.csv
2023,嘉義縣,阿里山鄉,5304,year_end_registered_population,427.8471,12,8410,population_density_112.csv
2023,嘉義縣,鹿草鄉,14123,year_end_registered_population,54.3151,260,8410,population_density_112.csv
2023,基隆市,七堵區,52757,year_end_registered_population,56.2659,938,8410,population_density_112.csv
2023,基隆市,中山區,45459,year_end_registered_population,10.5238,4320,8410,population_density_112.csv
2023,基隆市,中正區,50646,year_end_registered_population,10.2118,4960,8410,population_density_112.csv
2023,基隆市,仁愛區,41131,year_end_registered_population,4.2335,9716,8410,population_density_112.csv
2023,基隆市,信義區,53372,year_end_registered_population,10.6706,5002,8410,population_density_112.csv
2023,基隆市,安樂區,80440,year_end_registered_population,18.025,4463,8410,population_density_112.csv
2023,基隆市,暖暖區,38450,year_end_registered_population,22.8283,1684,8410,population_density_112.csv
2023,宜蘭縣,三星鄉,21272,year_end_registered_population,144.2238,147,8410,population_density_112.csv
2023,宜蘭縣,五結鄉,41052,year_end_registered_population,38.8671,1056,8410,population_density_112.csv
2023,宜蘭縣,冬山鄉,53249,year_end_registered_population,79.8573,667,8410,population_density_112.csv
2023,宜蘭縣,南澳鄉,6114,year_end_registered_population,740.652,8,8410,population_density_112.csv
2023,宜蘭縣,員山鄉,32138,year_end_registered_population,111.9106,287,8410,population_density_112.csv
2023,宜蘭縣,壯圍鄉,24380,year_end_registered_population,38.4769,634,8410,population_density_112.csv
2023,宜蘭縣,大同鄉,6036,year_end_registered_population,657.5442,9,8410,population_density_112.csv
2023,宜蘭縣,宜蘭市,94991,year_end_registered_population,29.408,3230,8410,population_density_112.csv
2023,宜蘭縣,礁溪鄉,34948,year_end_registered_population,101.4278,345,8410,population_density_112.csv
2023,宜蘭縣,羅東鎮,69960,year_end_registered_population,11.3448,6167,8410,population_density_112.csv
2023,宜蘭縣,蘇澳鎮,37458,year_end_registered_population,89.0196,421,8410,population_density_112.csv
2023,宜蘭縣,頭城鎮,28292,year_end_registered_population,100.893,280,8410,population_density_112.csv
2023,屏東縣,三地門鄉,7742,year_end_registered_population,196.3965,39,8410,population_density_112.csv
2023,屏東縣,九如鄉,21639,year_end_registered_population,42.0187,515,8410,population_density_112.csv
2023,屏東縣,佳冬鄉,17888,year_end_registered_population,30.9842,577,8410,population_density_112.csv
2023,屏東縣,來義鄉,7390,year_end_registered_population,167.7756,44,8410,population_density_112.csv
2023,屏東縣,內埔鄉,52501,year_end_registered_population,81.8554,641,8410,population_density_112.csv
2023,屏東縣,南州鄉,9882,year_end_registered_population,18.97,521,8410,population_density_112.csv
2023,屏東縣,屏東市,193810,year_end_registered_population,65.067,2979,8410,population_density_112.csv
2023,屏東縣,崁頂鄉,15245,year_end_registered_population,31.2659,488,8410,population_density_112.csv
2023,屏東縣,恆春鎮,29747,year_end_registered_population,136.763,218,8410,population_density_112.csv
2023,屏東縣,新園鄉,32674,year_end_registered_population,38.3109,853,8410,population_density_112.csv
2023,屏東縣,新埤鄉,9353,year_end_registered_population,59.0102,158,8410,population_density_112.csv
2023,屏東縣,春日鄉,4874,year_end_registered_population,160.001,30,8410,population_density_112.csv
2023,屏東縣,東港鎮,45946,year_end_registered_population,29.4635,1559,8410,population_density_112.csv
2023,屏東縣,枋寮鄉,22757,year_end_registered_population,57.7347,394,8410,population_density_112.csv
2023,屏東縣,枋山鄉,5013,year_end_registered_population,17.2697,290,8410,population_density_112.csv
2023,屏東縣,林邊鄉,16449,year_end_registered_population,15.6233,1053,8410,population_density_112.csv
2023,屏東縣,泰武鄉,5291,year_end_registered_population,118.6266,45,8410,population_density_112.csv
2023,屏東縣,滿州鄉,7235,year_end_registered_population,142.2013,51,8410,population_density_112.csv
2023,屏東縣,潮州鎮,53325,year_end_registered_population,42.4331,1257,8410,population_density_112.csv
2023,屏東縣,牡丹鄉,4756,year_end_registered_population,181.8366,26,8410,population_density_112.csv
2023,屏東縣,獅子鄉,4777,year_end_registered_population,301.0018,16,8410,population_density_112.csv
2023,屏東縣,琉球鄉,12265,year_end_registered_population,6.8018,1803,8410,population_density_112.csv
2023,屏東縣,瑪家鄉,6749,year_end_registered_population,78.7008,86,8410,population_density_112.csv
2023,屏東縣,竹田鄉,15807,year_end_registered_population,29.0732,544,8410,population_density_112.csv
2023,屏東縣,萬丹鄉,49252,year_end_registered_population,57.4679,857,8410,population_density_112.csv
2023,屏東縣,萬巒鄉,19239,year_end_registered_population,60.7315,317,8410,population_density_112.csv
2023,屏東縣,車城鄉,8029,year_end_registered_population,49.8517,161,8410,population_density_112.csv
2023,屏東縣,里港鄉,25623,year_end_registered_population,68.9208,372,8410,population_density_112.csv
2023,屏東縣,長治鄉,29190,year_end_registered_population,39.8861,732,8410,population_density_112.csv
2023,屏東縣,霧臺鄉,3265,year_end_registered_population,278.796,12,8410,population_density_112.csv
2023,屏東縣,高樹鄉,22764,year_end_registered_population,90.1522,253,8410,population_density_112.csv
2023,屏東縣,鹽埔鄉,23976,year_end_registered_population,64.3493,373,8410,population_density_112.csv
2023,屏東縣,麟洛鄉,10544,year_end_registered_population,16.26,648,8410,population_density_112.csv
2023,彰化縣,二林鎮,47898,year_end_registered_population,92.8478,516,8410,population_density_112.csv
2023,彰化縣,二水鄉,13855,year_end_registered_population,29.4449,471,8410,population_density_112.csv
2023,彰化縣,伸港鄉,38491,year_end_registered_population,22.3268,1724,8410,population_density_112.csv
2023,彰化縣,北斗鎮,33294,year_end_registered_population,19.2547,1729,8410,population_density_112.csv
2023,彰化縣,和美鎮,88046,year_end_registered_population,39.9345,2205,8410,population_density_112.csv
2023,彰化縣,員林市,123004,year_end_registered_population,40.038,3072,8410,population_density_112.csv
2023,彰化縣,埔心鄉,33625,year_end_registered_population,20.9526,1605,8410,population_density_112.csv
2023,彰化縣,埔鹽鄉,31048,year_end_registered_population,38.6081,804,8410,population_density_112.csv
2023,彰化縣,埤頭鄉,28946,year_end_registered_population,42.7508,677,8410,population_density_112.csv
2023,彰化縣,大城鄉,14992,year_end_registered_population,63.7406,235,8410,population_density_112.csv
2023,彰化縣,大村鄉,40104,year_end_registered_population,30.7837,1303,8410,population_density_112.csv
2023,彰化縣,彰化市,226046,year_end_registered_population,65.6947,3441,8410,population_density_112.csv
2023,彰化縣,永靖鄉,35166,year_end_registered_population,20.6382,1704,8410,population_density_112.csv
2023,彰化縣,溪州鄉,28248,year_end_registered_population,75.831,373,8410,population_density_112.csv
2023,彰化縣,溪湖鎮,53898,year_end_registered_population,32.0592,1681,8410,population_density_112.csv
2023,彰化縣,田中鎮,39336,year_end_registered_population,34.6056,1137,8410,population_density_112.csv
2023,彰化縣,田尾鄉,25897,year_end_registered_population,24.0375,1077,8410,population_density_112.csv
2023,彰化縣,社頭鄉,41415,year_end_registered_population,36.1449,1146,8410,population_density_112.csv
2023,彰化縣,福興鄉,45186,year_end_registered_population,49.8934,906,8410,population_density_112.csv
2023,彰化縣,秀水鄉,38141,year_end_registered_population,29.3447,1300,8410,population_density_112.csv
2023,彰化縣,竹塘鄉,14297,year_end_registered_population,42.1662,339,8410,population_density_112.csv
2023,彰化縣,線西鄉,16203,year_end_registered_population,18.0856,896,8410,population_density_112.csv
2023,彰化縣,芬園鄉,22202,year_end_registered_population,38.0204,584,8410,population_density_112.csv
2023,彰化縣,花壇鄉,43936,year_end_registered_population,36.3469,1209,8410,population_density_112.csv
2023,彰化縣,芳苑鄉,31131,year_end_registered_population,91.3827,341,8410,population_density_112.csv
2023,彰化縣,鹿港鎮,84643,year_end_registered_population,39.4625,2145,8410,population_density_112.csv
2023,新北市,三峽區,115608,year_end_registered_population,191.4508,604,8410,population_density_112.csv
2023,新北市,三芝區,22137,year_end_registered_population,65.9909,335,8410,population_density_112.csv
2023,新北市,三重區,383108,year_end_registered_population,16.317,23479,8410,population_density_112.csv
2023,新北市,中和區,407273,year_end_registered_population,20.144,20218,8410,population_density_112.csv
2023,新北市,五股區,92754,year_end_registered_population,34.8632,2661,8410,population_density_112.csv
2023,新北市,八里區,41966,year_end_registered_population,39.4933,1063,8410,population_density_112.csv
2023,新北市,土城區,240828,year_end_registered_population,29.5578,8148,8410,population_density_112.csv
2023,新北市,坪林區,6446,year_end_registered_population,170.835,38,8410,population_density_112.csv
2023,新北市,平溪區,4134,year_end_registered_population,71.3382,58,8410,population_density_112.csv
2023,新北市,新店區,304868,year_end_registered_population,120.2255,2536,8410,population_density_112.csv
2023,新北市,新莊區,423607,year_end_registered_population,19.7383,21461,8410,population_density_112.csv
2023,新北市,板橋區,554247,year_end_registered_population,23.1373,23955,8410,population_density_112.csv
2023,新北市,林口區,132947,year_end_registered_population,54.1519,2455,8410,population_density_112.csv
2023,新北市,樹林區,180658,year_end_registered_population,33.1288,5453,8410,population_density_112.csv
2023,新北市,永和區,214771,year_end_registered_population,5.7138,37588,8410,population_density_112.csv
2023,新北市,汐止區,209481,year_end_registered_population,71.2354,2941,8410,population_density_112.csv
2023,新北市,泰山區,77491,year_end_registered_population,19.1603,4044,8410,population_density_112.csv
2023,新北市,淡水區,194399,year_end_registered_population,70.6565,2751,8410,population_density_112.csv
2023,新北市,深坑區,23689,year_end_registered_population,20.5787,1151,8410,population_density_112.csv
2023,新北市,烏來區,6360,year_end_registered_population,321.1306,20,8410,population_density_112.csv
2023,新北市,瑞芳區,37197,year_end_registered_population,70.7336,526,8410,population_density_112.csv
2023,新北市,石碇區,7166,year_end_registered_population,144.3498,50,8410,population_density_112.csv
2023,新北市,石門區,10752,year_end_registered_population,51.2645,210,8410,population_density_112.csv
2023,新北市,萬里區,20869,year_end_registered_population,63.3766,329,8410,population_density_112.csv
2023,新北市,蘆洲區,200022,year_end_registered_population,7.4351,26902,8410,population_density_112.csv
2023,新北市,貢寮區,10981,year_end_registered_population,99.9734,110,8410,population_density_112.csv
2023,新北市,金山區,20366,year_end_registered_population,49.2132,414,8410,population_density_112.csv
2023,新北市,雙溪區,7915,year_end_registered_population,146.2484,54,8410,population_density_112.csv
2023,新北市,鶯歌區,89080,year_end_registered_population,21.1248,4217,8410,population_density_112.csv
2023,新竹市,北區,153759,year_end_registered_population,15.7267,9777,8410,population_density_112.csv
2023,新竹市,東區,223826,year_end_registered_population,33.5768,6666,8410,population_density_112.csv
2023,新竹市,香山區,78890,year_end_registered_population,54.8491,1438,8410,population_density_112.csv
2023,新竹縣,五峰鄉,4442,year_end_registered_population,227.728,20,8410,population_density_112.csv
2023,新竹縣,北埔鄉,8543,year_end_registered_population,50.6676,169,8410,population_density_112.csv
2023,新竹縣,寶山鄉,14507,year_end_registered_population,64.7871,224,8410,population_density_112.csv
2023,新竹縣,尖石鄉,9552,year_end_registered_population,527.5795,18,8410,population_density_112.csv
2023,新竹縣,峨眉鄉,5192,year_end_registered_population,46.801,111,8410,population_density_112.csv
2023,新竹縣,新埔鎮,33234,year_end_registered_population,72.1911,460,8410,population_density_112.csv
2023,新竹縣,新豐鄉,58956,year_end_registered_population,46.3496,1272,8410,population_density_112.csv
2023,新竹縣,橫山鄉,12186,year_end_registered_population,66.3502,184,8410,population_density_112.csv
2023,新竹縣,湖口鄉,82617,year_end_registered_population,58.4303,1414,8410,population_density_112.csv
2023,新竹縣,竹北市,215952,year_end_registered_population,46.8341,4611,8410,population_density_112.csv
2023,新竹縣,竹東鎮,96906,year_end_registered_population,53.5133,1811,8410,population_density_112.csv
2023,新竹縣,芎林鄉,20377,year_end_registered_population,40.7858,500,8410,population_density_112.csv
2023,新竹縣,關西鎮,26825,year_end_registered_population,125.5193,214,8410,population_density_112.csv
2023,桃園市,中壢區,431255,year_end_registered_population,76.52,5636,8410,population_density_112.csv
2023,桃園市,八德區,213403,year_end_registered_population,33.7111,6330,8410,population_density_112.csv
2023,桃園市,大園區,86634,year_end_registered_population,87.3925,991,8410,population_density_112.csv
2023,桃園市,大溪區,94607,year_end_registered_population,105.1206,900,8410,population_density_112.csv
2023,桃園市,平鎮區,229686,year_end_registered_population,47.7532,4810,8410,population_density_112.csv
2023,桃園市,復興區,13210,year_end_registered_population,350.7775,38,8410,population_density_112.csv
2023,桃園市,新屋區,49277,year_end_registered_population,85.0166,580,8410,population_density_112.csv
2023,桃園市,桃園區,470683,year_end_registered_population,34.8046,13524,8410,population_density_112.csv
2023,桃園市,楊梅區,180032,year_end_registered_population,89.1229,2020,8410,population_density_112.csv
2023,桃園市,蘆竹區,169237,year_end_registered_population,75.5025,2241,8410,population_density_112.csv
2023,桃園市,觀音區,74521,year_end_registered_population,87.9807,847,8410,population_density_112.csv
2023,桃園市,龍潭區,126603,year_end_registered_population,75.2341,1683,8410,population_density_112.csv
2023,桃園市,龜山區,178297,year_end_registered_population,72.0177,2476,8410,population_density_112.csv
2023,澎湖縣,七美鄉,3937,year_end_registered_population,6.9868,563,8410,population_density_112.csv
2023,澎湖縣,望安鄉,5409,year_end_registered_population,13.7824,392,8410,population_density_112.csv
2023,澎湖縣,湖西鄉,16059,year_end_registered_population,33.3008,482,8410,population_density_112.csv
2023,澎湖縣,白沙鄉,10087,year_end_registered_population,20.0875,502,8410,population_density_112.csv
2023,澎湖縣,西嶼鄉,8290,year_end_registered_population,18.7148,443,8410,population_density_112.csv
2023,澎湖縣,馬公市,63957,year_end_registered_population,33.9918,1882,8410,population_density_112.csv
2023,臺中市,中區,17784,year_end_registered_population,0.8803,20202,8410,population_density_112.csv
2023,臺中市,北區,144097,year_end_registered_population,6.9376,20770,8410,population_density_112.csv
2023,臺中市,北屯區,304179,year_end_registered_population,62.7034,4851,8410,population_density_112.csv
2023,臺中市,南區,126907,year_end_registered_population,6.8101,18635,8410,population_density_112.csv
2023,臺中市,南屯區,182232,year_end_registered_population,31.2578,5830,8410,population_density_112.csv
2023,臺中市,后里區,53653,year_end_registered_population,58.9439,910,8410,population_density_112.csv
2023,臺中市,和平區,10794,year_end_registered_population,1037.8192,10,8410,population_density_112.csv
2023,臺中市,外埔區,31163,year_end_registered_population,42.4099,735,8410,population_density_112.csv
2023,臺中市,大安區,18073,year_end_registered_population,27.4045,659,8410,population_density_112.csv
2023,臺中市,大甲區,74684,year_end_registered_population,58.5192,1276,8410,population_density_112.csv
2023,臺中市,大肚區,55955,year_end_registered_population,37.0024,1512,8410,population_density_112.csv
2023,臺中市,大里區,212511,year_end_registered_population,28.8758,7359,8410,population_density_112.csv
2023,臺中市,大雅區,95708,year_end_registered_population,32.4109,2953,8410,population_density_112.csv
2023,臺中市,太平區,198212,year_end_registered_population,120.7473,1642,8410,population_density_112.csv
2023,臺中市,新社區,23089,year_end_registered_population,68.8874,335,8410,population_density_112.csv
2023,臺中市,東勢區,47468,year_end_registered_population,117.4065,404,8410,population_density_112.csv
2023,臺中市,東區,76852,year_end_registered_population,9.2855,8277,8410,population_density_112.csv
2023,臺中市,梧棲區,61019,year_end_registered_population,16.6049,3675,8410,population_density_112.csv
2023,臺中市,沙鹿區,98805,year_end_registered_population,40.4604,2442,8410,population_density_112.csv
2023,臺中市,清水區,89924,year_end_registered_population,64.1709,1401,8410,population_density_112.csv
2023,臺中市,潭子區,108979,year_end_registered_population,25.8497,4216,8410,population_density_112.csv
2023,臺中市,烏日區,80194,year_end_registered_population,43.4032,1848,8410,population_density_112.csv
2023,臺中市,石岡區,14093,year_end_registered_population,18.2105,774,8410,population_density_112.csv
2023,臺中市,神岡區,64362,year_end_registered_population,35.0445,1837,8410,population_density_112.csv
2023,臺中市,西區,113548,year_end_registered_population,5.7042,19906,8410,population_density_112.csv
2023,臺中市,西屯區,235441,year_end_registered_population,39.8467,5909,8410,population_density_112.csv
2023,臺中市,豐原區,163948,year_end_registered_population,41.1845,3981,8410,population_density_112.csv
2023,臺中市,霧峰區,63822,year_end_registered_population,98.0779,651,8410,population_density_112.csv
2023,臺中市,龍井區,78413,year_end_registered_population,38.0377,2061,8410,population_density_112.csv
2023,臺北市,中山區,216346,year_end_registered_population,13.6821,15812,8410,population_density_112.csv
2023,臺北市,中正區,150155,year_end_registered_population,7.6071,19739,8410,population_density_112.csv
2023,臺北市,信義區,206759,year_end_registered_population,11.2077,18448,8410,population_density_112.csv
2023,臺北市,內湖區,276180,year_end_registered_population,31.5787,8746,8410,population_density_112.csv
2023,臺北市,北投區,242510,year_end_registered_population,56.8216,4268,8410,population_density_112.csv
2023,臺北市,南港區,113959,year_end_registered_population,21.8424,5217,8410,population_density_112.csv
2023,臺北市,士林區,266951,year_end_registered_population,62.3682,4280,8410,population_density_112.csv
2023,臺北市,大同區,119930,year_end_registered_population,5.6815,21109,8410,population_density_112.csv
2023,臺北市,大安區,291732,year_end_registered_population,11.3614,25677,8410,population_density_112.csv
2023,臺北市,文山區,260313,year_end_registered_population,31.509,8262,8410,population_density_112.csv
2023,臺北市,松山區,193399,year_end_registered_population,9.2878,20823,8410,population_density_112.csv
2023,臺北市,萬華區,173652,year_end_registered_population,8.8522,19617,8410,population_density_112.csv
2023,臺南市,七股區,21210,year_end_registered_population,110.1492,193,8410,population_density_112.csv
2023,臺南市,下營區,22420,year_end_registered_population,33.5291,669,8410,population_density_112.csv
2023,臺南市,中西區,78096,year_end_registered_population,6.26,12475,8410,population_density_112.csv
2023,臺南市,仁德區,77312,year_end_registered_population,50.7664,1523,8410,population_density_112.csv
2023,臺南市,佳里區,58232,year_end_registered_population,38.9422,1495,8410,population_density_112.csv
2023,臺南市,六甲區,21189,year_end_registered_population,67.5471,314,8410,population_density_112.csv
2023,臺南市,北區,126575,year_end_registered_population,10.434,12131,8410,population_density_112.csv
2023,臺南市,北門區,9994,year_end_registered_population,44.1003,227,8410,population_density_112.csv
2023,臺南市,南化區,7996,year_end_registered_population,171.5198,47,8410,population_density_112.csv
2023,臺南市,南區,121189,year_end_registered_population,27.2681,4444,8410,population_density_112.csv
2023,臺南市,善化區,52444,year_end_registered_population,55.3097,948,8410,population_density_112.csv
2023,臺南市,大內區,8728,year_end_registered_population,70.3125,124,8410,population_density_112.csv
2023,臺南市,學甲區,24672,year_end_registered_population,53.9919,457,8410,population_density_112.csv
2023,臺南市,安南區,201824,year_end_registered_population,107.2016,1883,8410,population_density_112.csv
2023,臺南市,安定區,29926,year_end_registered_population,31.27,957,8410,population_density_112.csv
2023,臺南市,安平區,69015,year_end_registered_population,11.0663,6237,8410,population_density_112.csv
2023,臺南市,官田區,20835,year_end_registered_population,70.7953,294,8410,population_density_112.csv
2023,臺南市,將軍區,18255,year_end_registered_population,41.9796,435,8410,population_density_112.csv
2023,臺南市,山上區,7018,year_end_registered_population,27.878,252,8410,population_density_112.csv
2023,臺南市,左鎮區,4231,year_end_registered_population,74.9025,56,8410,population_density_112.csv
2023,臺南市,後壁區,21616,year_end_registered_population,72.2189,299,8410,population_density_112.csv
2023,臺南市,新化區,42793,year_end_registered_population,62.0579,690,8410,population_density_112.csv
2023,臺南市,新市區,37624,year_end_registered_population,47.8096,787,8410,population_density_112.csv
2023,臺南市,新營區,74921,year_end_registered_population,38.5386,1944,8410,population_density_112.csv
2023,臺南市,東區,182034,year_end_registered_population,13.4156,13569,8410,population_density_112.csv
2023,臺南市,東山區,19156,year_end_registered_population,124.9178,153,8410,population_density_112.csv
2023,臺南市,柳營區,20306,year_end_registered_population,61.2929,331,8410,population_density_112.csv
2023,臺南市,楠西區,8708,year_end_registered_population,109.6316,79,8410,population_density_112.csv
2023,臺南市,歸仁區,68726,year_end_registered_population,55.7913,1232,8410,population_density_112.csv
2023,臺南市,永康區,234953,year_end_registered_population,40.2753,5834,8410,population_density_112.csv
2023,臺南市,玉井區,13043,year_end_registered_population,76.3662,171,8410,population_density_112.csv
2023,臺南市,白河區,25862,year_end_registered_population,126.4046,205,8410,population_density_112.csv
2023,臺南市,西港區,24990,year_end_registered_population,33.7666,740,8410,population_density_112.csv
2023,臺南市,關廟區,33270,year_end_registered_population,53.6413,620,8410,population_density_112.csv
2023,臺南市,鹽水區,24251,year_end_registered_population,52.2455,464,8410,population_density_112.csv
2023,臺南市,麻豆區,43056,year_end_registered_population,53.9744,798,8410,population_density_112.csv
2023,臺南市,龍崎區,3476,year_end_registered_population,64.0814,54,8410,population_density_112.csv
2023,臺東縣,卑南鄉,16601,year_end_registered_population,412.6871,40,8410,population_density_112.csv
2023,臺東縣,大武鄉,5553,year_end_registered_population,69.1454,80,8410,population_density_112.csv
2023,臺東縣,太麻里鄉,10679,year_end_registered_population,96.6523,110,8410,population_density_112.csv
2023,臺東縣,延平鄉,3567,year_end_registered_population,455.8805,8,8410,population_density_112.csv
2023,臺東縣,成功鎮,13078,year_end_registered_population,143.9939,91,8410,population_density_112.csv
2023,臺東縣,東河鄉,7896,year_end_registered_population,210.1908,38,8410,population_density_112.csv
2023,臺東縣,池上鄉,7858,year_end_registered_population,82.6854,95,8410,population_density_112.csv
2023,臺東縣,海端鄉,4275,year_end_registered_population,880.0382,5,8410,population_density_112.csv
2023,臺東縣,綠島鄉,4373,year_end_registered_population,15.0919,290,8410,population_density_112.csv
2023,臺東縣,臺東市,103281,year_end_registered_population,109.7691,941,8410,population_density_112.csv
2023,臺東縣,蘭嶼鄉,5318,year_end_registered_population,48.3892,110,8410,population_density_112.csv
2023,臺東縣,達仁鄉,3439,year_end_registered_population,306.4454,11,8410,population_density_112.csv
2023,臺東縣,金峰鄉,3732,year_end_registered_population,380.6635,10,8410,population_density_112.csv
2023,臺東縣,長濱鄉,6649,year_end_registered_population,155.1868,43,8410,population_density_112.csv
2023,臺東縣,關山鎮,8052,year_end_registered_population,58.7351,137,8410,population_density_112.csv
2023,臺東縣,鹿野鄉,7193,year_end_registered_population,89.698,80,8410,population_density_112.csv
2023,花蓮縣,光復鄉,11739,year_end_registered_population,157.11,75,8410,population_density_112.csv
2023,花蓮縣,卓溪鄉,5973,year_end_registered_population,1021.313,6,8410,population_density_112.csv
2023,花蓮縣,吉安鄉,83175,year_end_registered_population,65.2582,1275,8410,population_density_112.csv
2023,花蓮縣,壽豐鄉,16903,year_end_registered_population,218.4448,77,8410,population_density_112.csv
2023,花蓮縣,富里鄉,9627,year_end_registered_population,176.3705,55,8410,population_density_112.csv
2023,花蓮縣,新城鄉,20307,year_end_registered_population,29.4095,690,8410,population_density_112.csv
2023,花蓮縣,玉里鎮,22034,year_end_registered_population,252.3719,87,8410,population_density_112.csv
2023,花蓮縣,瑞穗鄉,10755,year_end_registered_population,135.5862,79,8410,population_density_112.csv
2023,花蓮縣,秀林鄉,17200,year_end_registered_population,1641.8555,10,8410,population_density_112.csv
2023,花蓮縣,花蓮市,99043,year_end_registered_population,29.4095,3368,8410,population_density_112.csv
2023,花蓮縣,萬榮鄉,6085,year_end_registered_population,618.491,10,8410,population_density_112.csv
2023,花蓮縣,豐濱鄉,4213,year_end_registered_population,162.4332,26,8410,population_density_112.csv
2023,花蓮縣,鳳林鎮,10435,year_end_registered_population,120.5181,87,8410,population_density_112.csv
2023,苗栗縣,三灣鄉,5975,year_end_registered_population,52.2964,114,8410,population_density_112.csv
2023,苗栗縣,三義鄉,14949,year_end_registered_population,69.3424,216,8410,population_density_112.csv
2023,苗栗縣,公館鄉,31235,year_end_registered_population,71.4523,437,8410,population_density_112.csv
2023,苗栗縣,卓蘭鎮,15212,year_end_registered_population,76.3153,199,8410,population_density_112.csv
2023,苗栗縣,南庄鄉,8843,year_end_registered_population,165.4938,53,8410,population_density_112.csv
2023,苗栗縣,大湖鄉,12964,year_end_registered_population,90.8396,143,8410,population_density_112.csv
2023,苗栗縣,後龍鎮,34113,year_end_registered_population,75.8079,450,8410,population_density_112.csv
2023,苗栗縣,泰安鄉,5643,year_end_registered_population,614.5127,9,8410,population_density_112.csv
2023,苗栗縣,獅潭鄉,4095,year_end_registered_population,79.4324,52,8410,population_density_112.csv
2023,苗栗縣,竹南鎮,89708,year_end_registered_population,37.5592,2388,8410,population_density_112.csv
2023,苗栗縣,苑裡鎮,43728,year_end_registered_population,68.2473,641,8410,population_density_112.csv
2023,苗栗縣,苗栗市,86307,year_end_registered_population,37.8878,2278,8410,population_density_112.csv
2023,苗栗縣,西湖鄉,6258,year_end_registered_population,41.0758,152,8410,population_density_112.csv
2023,苗栗縣,通霄鎮,31300,year_end_registered_population,107.8486,290,8410,population_density_112.csv
2023,苗栗縣,造橋鄉,11602,year_end_registered_population,47.9978,242,8410,population_density_112.csv
2023,苗栗縣,銅鑼鄉,16505,year_end_registered_population,78.3805,211,8410,population_density_112.csv
2023,苗栗縣,頭份市,106350,year_end_registered_population,53.3205,1995,8410,population_density_112.csv
2023,苗栗縣,頭屋鄉,9788,year_end_registered_population,52.5046,186,8410,population_density_112.csv
2023,連江縣,北竿鄉,3136,year_end_registered_population,9.9,317,8410,population_density_112.csv
2023,連江縣,南竿鄉,7827,year_end_registered_population,10.4,753,8410,population_density_112.csv
2023,連江縣,東引鄉,1572,year_end_registered_population,3.8,414,8410,population_density_112.csv
2023,連江縣,莒光鄉,1504,year_end_registered_population,4.7,320,8410,population_density_112.csv
2023,金門縣,烈嶼鄉,12766,year_end_registered_population,16.003,798,8410,population_density_112.csv
2023,金門縣,烏坵鄉,664,year_end_registered_population,1.2,553,8410,population_density_112.csv
2023,金門縣,金城鎮,43192,year_end_registered_population,21.713,1989,8410,population_density_112.csv
2023,金門縣,金寧鄉,35400,year_end_registered_population,29.854,1186,8410,population_density_112.csv
2023,金門縣,金沙鎮,20858,year_end_registered_population,41.19,506,8410,population_density_112.csv
2023,金門縣,金湖鎮,31269,year_end_registered_population,41.696,750,8410,population_density_112.csv
2023,雲林縣,二崙鄉,24848,year_end_registered_population,59.5625,417,8410,population_density_112.csv
2023,雲林縣,元長鄉,23371,year_end_registered_population,71.5872,326,8410,population_density_112.csv
2023,雲林縣,北港鎮,37534,year_end_registered_population,41.4999,904,8410,population_density_112.csv
2023,雲林縣,口湖鄉,24985,year_end_registered_population,80.4612,311,8410,population_density_112.csv
2023,雲林縣,古坑鄉,29846,year_end_registered_population,166.6059,179,8410,population_density_112.csv
2023,雲林縣,四湖鄉,21017,year_end_registered_population,77.1189,273,8410,population_density_112.csv
2023,雲林縣,土庫鎮,27513,year_end_registered_population,49.0212,561,8410,population_density_112.csv
2023,雲林縣,大埤鄉,17929,year_end_registered_population,44.9973,398,8410,population_density_112.csv
2023,雲林縣,崙背鄉,22853,year_end_registered_population,58.484,391,8410,population_density_112.csv
2023,雲林縣,斗六市,108172,year_end_registered_population,93.7151,1154,8410,population_density_112.csv
2023,雲林縣,斗南鎮,43218,year_end_registered_population,48.1505,898,8410,population_density_112.csv
2023,雲林縣,東勢鄉,13399,year_end_registered_population,48.3562,277,8410,population_density_112.csv
2023,雲林縣,林內鄉,16635,year_end_registered_population,37.6035,442,8410,population_density_112.csv
2023,雲林縣,水林鄉,22740,year_end_registered_population,72.9582,312,8410,population_density_112.csv
2023,雲林縣,臺西鄉,21739,year_end_registered_population,54.0983,402,8410,population_density_112.csv
2023,雲林縣,莿桐鄉,27367,year_end_registered_population,50.8502,538,8410,population_density_112.csv
2023,雲林縣,虎尾鎮,70386,year_end_registered_population,68.742,1024,8410,population_density_112.csv
2023,雲林縣,褒忠鄉,11889,year_end_registered_population,37.0552,321,8410,population_density_112.csv
2023,雲林縣,西螺鎮,44494,year_end_registered_population,49.7985,893,8410,population_density_112.csv
2023,雲林縣,麥寮鄉,49533,year_end_registered_population,80.1668,618,8410,population_density_112.csv
2023,高雄市,三民區,331995,year_end_registered_population,19.7866,16779,8410,population_density_112.csv
2023,高雄市,仁武區,97337,year_end_registered_population,36.0808,2698,8410,population_density_112.csv
2023,高雄市,內門區,13184,year_end_registered_population,95.6224,138,8410,population_density_112.csv
2023,高雄市,六龜區,11700,year_end_registered_population,194.1584,60,8410,population_density_112.csv
2023,高雄市,前金區,27098,year_end_registered_population,1.8573,14590,8410,population_density_112.csv
2023,高雄市,前鎮區,179854,year_end_registered_population,19.1207,9406,8410,population_density_112.csv
2023,高雄市,大寮區,111986,year_end_registered_population,71.04,1576,8410,population_density_112.csv
2023,高雄市,大樹區,40432,year_end_registered_population,66.9811,604,8410,population_density_112.csv
2023,高雄市,大社區,33729,year_end_registered_population,26.5848,1269,8410,population_density_112.csv
2023,高雄市,小港區,155009,year_end_registered_population,45.4426,3411,8410,population_density_112.csv
2023,高雄市,岡山區,95574,year_end_registered_population,47.9421,1994,8410,population_density_112.csv
2023,高雄市,左營區,197276,year_end_registered_population,19.3823,10178,8410,population_density_112.csv
2023,高雄市,彌陀區,18273,year_end_registered_population,14.7772,1237,8410,population_density_112.csv
2023,高雄市,新興區,49598,year_end_registered_population,1.9764,25095,8410,population_density_112.csv
2023,高雄市,旗山區,34304,year_end_registered_population,94.6122,363,8410,population_density_112.csv
2023,高雄市,旗津區,26220,year_end_registered_population,1.7341,15120,8410,population_density_112.csv
2023,高雄市,杉林區,10955,year_end_registered_population,104.0036,105,8410,population_density_112.csv
2023,高雄市,林園區,68216,year_end_registered_population,32.286,2113,8410,population_density_112.csv
2023,高雄市,桃源區,4230,year_end_registered_population,928.98,5,8410,population_density_112.csv
2023,高雄市,梓官區,34813,year_end_registered_population,11.5967,3002,8410,population_density_112.csv
2023,高雄市,楠梓區,193139,year_end_registered_population,25.8276,7478,8410,population_density_112.csv
2023,高雄市,橋頭區,41712,year_end_registered_population,25.9379,1608,8410,population_density_112.csv
2023,高雄市,永安區,13863,year_end_registered_population,22.6141,613,8410,population_density_112.csv
2023,高雄市,湖內區,29525,year_end_registered_population,20.1615,1464,8410,population_density_112.csv
2023,高雄市,燕巢區,28776,year_end_registered_population,65.395,440,8410,population_density_112.csv
2023,高雄市,田寮區,6530,year_end_registered_population,92.6802,70,8410,population_density_112.csv
2023,高雄市,甲仙區,5543,year_end_registered_population,124.034,45,8410,population_density_112.csv
2023,高雄市,美濃區,37008,year_end_registered_population,120.0316,308,8410,population_density_112.csv
2023,高雄市,苓雅區,163838,year_end_registered_population,8.1522,20097,8410,population_density_112.csv
2023,高雄市,茂林區,1905,year_end_registered_population,194,10,8410,population_density_112.csv
2023,高雄市,茄萣區,29241,year_end_registered_population,15.7624,1855,8410,population_density_112.csv
2023,高雄市,路竹區,50355,year_end_registered_population,48.4348,1040,8410,population_density_112.csv
2023,高雄市,那瑪夏區,3165,year_end_registered_population,252.9895,13,8410,population_density_112.csv
2023,高雄市,阿蓮區,27409,year_end_registered_population,34.6164,792,8410,population_density_112.csv
2023,高雄市,鳥松區,44373,year_end_registered_population,24.5927,1804,8410,population_density_112.csv
2023,高雄市,鳳山區,356536,year_end_registered_population,26.759,13324,8410,population_density_112.csv
2023,高雄市,鹽埕區,22539,year_end_registered_population,1.4161,15916,8410,population_density_112.csv
2023,高雄市,鼓山區,140701,year_end_registered_population,14.7523,9538,8410,population_density_112.csv
2024,南投縣,中寮鄉,13194,year_end_registered_population,146.6541,90,8410,population_density_113.csv
2024,南投縣,仁愛鄉,15410,year_end_registered_population,1273.5312,12,8410,population_density_113.csv
2024,南投縣,信義鄉,15169,year_end_registered_population,1422.4188,11,8410,population_density_113.csv
2024,南投縣,南投市,97042,year_end_registered_population,71.6021,1355,8410,population_density_113.csv
2024,南投縣,名間鄉,35133,year_end_registered_population,83.0955,423,8410,population_density_113.csv
2024,南投縣,國姓鄉,16454,year_end_registered_population,175.7042,94,8410,population_density_113.csv
2024,南投縣,埔里鎮,76303,year_end_registered_population,162.2227,470,8410,population_density_113.csv
2024,南投縣,水里鄉,15800,year_end_registered_population,106.8424,148,8410,population_density_113.csv
2024,南投縣,竹山鎮,50625,year_end_registered_population,247.3339,205,8410,population_density_113.csv
2024,南投縣,草屯鎮,97147,year_end_registered_population,104.0327,934,8410,population_density_113.csv
2024,南投縣,集集鎮,9776,year_end_registered_population,49.7268,197,8410,population_density_113.csv
2024,南投縣,魚池鄉,14414,year_end_registered_population,121.3735,119,8410,population_density_113.csv
2024,南投縣,鹿谷鄉,15832,year_end_registered_population,141.8981,112,8410,population_density_113.csv
2024,嘉義市,東區,117300,year_end_registered_population,30.1556,3890,8410,population_density_113.csv
2024,嘉義市,西區,144877,year_end_registered_population,29.87,4850,8410,population_density_113.csv
2024,嘉義縣,中埔鄉,42190,year_end_registered_population,129.5016,326,8410,population_density_113.csv
2024,嘉義縣,六腳鄉,20497,year_end_registered_population,62.2619,329,8410,population_density_113.csv
2024,嘉義縣,大埔鄉,4323,year_end_registered_population,173.2472,25,8410,population_density_113.csv
2024,嘉義縣,大林鎮,29610,year_end_registered_population,64.1663,461,8410,population_density_113.csv
2024,嘉義縣,太保市,39342,year_end_registered_population,66.8964,588,8410,population_density_113.csv
2024,嘉義縣,布袋鎮,24121,year_end_registered_population,61.7307,391,8410,population_density_113.csv
2024,嘉義縣,新港鄉,29617,year_end_registered_population,66.0495,448,8410,population_density_113.csv
2024,嘉義縣,朴子市,40409,year_end_registered_population,49.5737,815,8410,population_density_113.csv
2024,嘉義縣,東石鄉,22201,year_end_registered_population,81.5821,272,8410,population_density_113.csv
2024,嘉義縣,梅山鄉,17497,year_end_registered_population,119.7571,146,8410,population_density_113.csv
2024,嘉義縣,民雄鄉,69923,year_end_registered_population,85.4969,818,8410,population_density_113.csv
2024,嘉義縣,水上鄉,47366,year_end_registered_population,69.1198,685,8410,population_density_113.csv
2024,嘉義縣,溪口鄉,12944,year_end_registered_population,33.0463,392,8410,population_density_113.csv
2024,嘉義縣,番路鄉,10697,year_end_registered_population,117.5269,91,8410,population_density_113.csv
2024,嘉義縣,竹崎鄉,32759,year_end_registered_population,162.2256,202,8410,population_density_113.csv
2024,嘉義縣,義竹鄉,16163,year_end_registered_population,79.2925,204,8410,population_density_113.csv
2024,嘉義縣,阿里山鄉,5236,year_end_registered_population,427.8471,12,8410,population_density_113.csv
2024,嘉義縣,鹿草鄉,13891,year_end_registered_population,54.3151,256,8410,population_density_113.csv
2024,基隆市,七堵區,52528,year_end_registered_population,56.2659,934,8410,population_density_113.csv
2024,基隆市,中山區,45859,year_end_registered_population,10.5238,4358,8410,population_density_113.csv
2024,基隆市,中正區,50950,year_end_registered_population,10.2118,4989,8410,population_density_113.csv
2024,基隆市,仁愛區,40515,year_end_registered_population,4.2335,9570,8410,population_density_113.csv
2024,基隆市,信義區,53195,year_end_registered_population,10.6706,4985,8410,population_density_113.csv
2024,基隆市,安樂區,80060,year_end_registered_population,18.025,4442,8410,population_density_113.csv
2024,基隆市,暖暖區,38334,year_end_registered_population,22.8283,1679,8410,population_density_113.csv
2024,宜蘭縣,三星鄉,21179,year_end_registered_population,144.2238,147,8410,population_density_113.csv
2024,宜蘭縣,五結鄉,41600,year_end_registered_population,38.8671,1070,8410,population_density_113.csv
2024,宜蘭縣,冬山鄉,53117,year_end_registered_population,79.8573,665,8410,population_density_113.csv
2024,宜蘭縣,南澳鄉,6090,year_end_registered_population,740.652,8,8410,population_density_113.csv
2024,宜蘭縣,員山鄉,31986,year_end_registered_population,111.9106,286,8410,population_density_113.csv
2024,宜蘭縣,壯圍鄉,24469,year_end_registered_population,38.4769,636,8410,population_density_113.csv
2024,宜蘭縣,大同鄉,5980,year_end_registered_population,657.5442,9,8410,population_density_113.csv
2024,宜蘭縣,宜蘭市,94890,year_end_registered_population,29.408,3227,8410,population_density_113.csv
2024,宜蘭縣,礁溪鄉,35399,year_end_registered_population,101.4278,349,8410,population_density_113.csv
2024,宜蘭縣,羅東鎮,69638,year_end_registered_population,11.3448,6138,8410,population_density_113.csv
2024,宜蘭縣,蘇澳鎮,36882,year_end_registered_population,89.0196,414,8410,population_density_113.csv
2024,宜蘭縣,頭城鎮,27982,year_end_registered_population,100.893,277,8410,population_density_113.csv
2024,屏東縣,三地門鄉,7683,year_end_registered_population,196.3965,39,8410,population_density_113.csv
2024,屏東縣,九如鄉,21552,year_end_registered_population,42.0187,513,8410,population_density_113.csv
2024,屏東縣,佳冬鄉,17591,year_end_registered_population,30.9842,568,8410,population_density_113.csv
2024,屏東縣,來義鄉,7355,year_end_registered_population,167.7756,44,8410,population_density_113.csv
2024,屏東縣,內埔鄉,52646,year_end_registered_population,81.8554,643,8410,population_density_113.csv
2024,屏東縣,南州鄉,9698,year_end_registered_population,18.97,511,8410,population_density_113.csv
2024,屏東縣,屏東市,192657,year_end_registered_population,65.067,2961,8410,population_density_113.csv
2024,屏東縣,崁頂鄉,14932,year_end_registered_population,31.2659,478,8410,population_density_113.csv
2024,屏東縣,恆春鎮,29375,year_end_registered_population,136.763,215,8410,population_density_113.csv
2024,屏東縣,新園鄉,32198,year_end_registered_population,38.3109,840,8410,population_density_113.csv
2024,屏東縣,新埤鄉,9177,year_end_registered_population,59.0102,156,8410,population_density_113.csv
2024,屏東縣,春日鄉,4860,year_end_registered_population,160.001,30,8410,population_density_113.csv
2024,屏東縣,東港鎮,45936,year_end_registered_population,29.4635,1559,8410,population_density_113.csv
2024,屏東縣,枋寮鄉,22593,year_end_registered_population,57.7347,391,8410,population_density_113.csv
2024,屏東縣,枋山鄉,4966,year_end_registered_population,17.2697,288,8410,population_density_113.csv
2024,屏東縣,林邊鄉,16087,year_end_registered_population,15.6233,1030,8410,population_density_113.csv
2024,屏東縣,泰武鄉,5259,year_end_registered_population,118.6266,44,8410,population_density_113.csv
2024,屏東縣,滿州鄉,7063,year_end_registered_population,142.2013,50,8410,population_density_113.csv
2024,屏東縣,潮州鎮,53575,year_end_registered_population,42.4331,1263,8410,population_density_113.csv
2024,屏東縣,牡丹鄉,4707,year_end_registered_population,181.8366,26,8410,population_density_113.csv
2024,屏東縣,獅子鄉,4905,year_end_registered_population,301.0018,16,8410,population_density_113.csv
2024,屏東縣,琉球鄉,12190,year_end_registered_population,6.8018,1792,8410,population_density_113.csv
2024,屏東縣,瑪家鄉,6696,year_end_registered_population,78.7008,85,8410,population_density_113.csv
2024,屏東縣,竹田鄉,15581,year_end_registered_population,29.0732,536,8410,population_density_113.csv
2024,屏東縣,萬丹鄉,48946,year_end_registered_population,57.4679,852,8410,population_density_113.csv
2024,屏東縣,萬巒鄉,19010,year_end_registered_population,60.7315,313,8410,population_density_113.csv
2024,屏東縣,車城鄉,7842,year_end_registered_population,49.8517,157,8410,population_density_113.csv
2024,屏東縣,里港鄉,25347,year_end_registered_population,68.9208,368,8410,population_density_113.csv
2024,屏東縣,長治鄉,29229,year_end_registered_population,39.8861,733,8410,population_density_113.csv
2024,屏東縣,霧臺鄉,3235,year_end_registered_population,278.796,12,8410,population_density_113.csv
2024,屏東縣,高樹鄉,22336,year_end_registered_population,90.1522,248,8410,population_density_113.csv
2024,屏東縣,鹽埔鄉,23529,year_end_registered_population,64.3493,366,8410,population_density_113.csv
2024,屏東縣,麟洛鄉,10483,year_end_registered_population,16.26,645,8410,population_density_113.csv
2024,彰化縣,二林鎮,47119,year_end_registered_population,92.8478,507,8410,population_density_113.csv
2024,彰化縣,二水鄉,13547,year_end_registered_population,29.4449,460,8410,population_density_113.csv
2024,彰化縣,伸港鄉,38422,year_end_registered_population,22.3268,1721,8410,population_density_113.csv
2024,彰化縣,北斗鎮,33238,year_end_registered_population,19.2547,1726,8410,population_density_113.csv
2024,彰化縣,和美鎮,87370,year_end_registered_population,39.9345,2188,8410,population_density_113.csv
2024,彰化縣,員林市,122742,year_end_registered_population,40.038,3066,8410,population_density_113.csv
2024,彰化縣,埔心鄉,33366,year_end_registered_population,20.9526,1592,8410,population_density_113.csv
2024,彰化縣,埔鹽鄉,30546,year_end_registered_population,38.6081,791,8410,population_density_113.csv
2024,彰化縣,埤頭鄉,28484,year_end_registered_population,42.7508,666,8410,population_density_113.csv
2024,彰化縣,大城鄉,14548,year_end_registered_population,63.7406,228,8410,population_density_113.csv
2024,彰化縣,大村鄉,39474,year_end_registered_population,30.7837,1282,8410,population_density_113.csv
2024,彰化縣,彰化市,223689,year_end_registered_population,65.6947,3405,8410,population_density_113.csv
2024,彰化縣,永靖鄉,34664,year_end_registered_population,20.6382,1680,8410,population_density_113.csv
2024,彰化縣,溪州鄉,27695,year_end_registered_population,75.831,365,8410,population_density_113.csv
2024,彰化縣,溪湖鎮,53385,year_end_registered_population,32.0592,1665,8410,population_density_113.csv
2024,彰化縣,田中鎮,38819,year_end_registered_population,34.6056,1122,8410,population_density_113.csv
2024,彰化縣,田尾鄉,25525,year_end_registered_population,24.0375,1062,8410,population_density_113.csv
2024,彰化縣,社頭鄉,40842,year_end_registered_population,36.1449,1130,8410,population_density_113.csv
2024,彰化縣,福興鄉,44773,year_end_registered_population,49.8934,897,8410,population_density_113.csv
2024,彰化縣,秀水鄉,37773,year_end_registered_population,29.3447,1287,8410,population_density_113.csv
2024,彰化縣,竹塘鄉,14160,year_end_registered_population,42.1662,336,8410,population_density_113.csv
2024,彰化縣,線西鄉,16182,year_end_registered_population,18.0856,895,8410,population_density_113.csv
2024,彰化縣,芬園鄉,21772,year_end_registered_population,38.0204,573,8410,population_density_113.csv
2024,彰化縣,花壇鄉,43338,year_end_registered_population,36.3469,1192,8410,population_density_113.csv
2024,彰化縣,芳苑鄉,30614,year_end_registered_population,91.3827,335,8410,population_density_113.csv
2024,彰化縣,鹿港鎮,83588,year_end_registered_population,39.4625,2118,8410,population_density_113.csv
2024,新北市,三峽區,115335,year_end_registered_population,191.4508,602,8410,population_density_113.csv
2024,新北市,三芝區,22080,year_end_registered_population,65.9909,335,8410,population_density_113.csv
2024,新北市,三重區,383355,year_end_registered_population,16.317,23494,8410,population_density_113.csv
2024,新北市,中和區,405956,year_end_registered_population,20.144,20153,8410,population_density_113.csv
2024,新北市,五股區,93860,year_end_registered_population,34.8632,2692,8410,population_density_113.csv
2024,新北市,八里區,42674,year_end_registered_population,39.4933,1081,8410,population_density_113.csv
2024,新北市,土城區,241224,year_end_registered_population,29.5578,8161,8410,population_density_113.csv
2024,新北市,坪林區,6324,year_end_registered_population,170.835,37,8410,population_density_113.csv
2024,新北市,平溪區,4049,year_end_registered_population,71.3382,57,8410,population_density_113.csv
2024,新北市,新店區,306571,year_end_registered_population,120.2255,2550,8410,population_density_113.csv
2024,新北市,新莊區,423503,year_end_registered_population,19.7383,21456,8410,population_density_113.csv
2024,新北市,板橋區,553538,year_end_registered_population,23.1373,23924,8410,population_density_113.csv
2024,新北市,林口區,136075,year_end_registered_population,54.1519,2513,8410,population_density_113.csv
2024,新北市,樹林區,178981,year_end_registered_population,33.1288,5403,8410,population_density_113.csv
2024,新北市,永和區,213742,year_end_registered_population,5.7138,37408,8410,population_density_113.csv
2024,新北市,汐止區,210817,year_end_registered_population,71.2354,2959,8410,population_density_113.csv
2024,新北市,泰山區,77667,year_end_registered_population,19.1603,4054,8410,population_density_113.csv
2024,新北市,淡水區,200726,year_end_registered_population,70.6565,2841,8410,population_density_113.csv
2024,新北市,深坑區,23636,year_end_registered_population,20.5787,1149,8410,population_density_113.csv
2024,新北市,烏來區,6309,year_end_registered_population,321.1306,20,8410,population_density_113.csv
2024,新北市,瑞芳區,36330,year_end_registered_population,70.7336,514,8410,population_density_113.csv
2024,新北市,石碇區,7068,year_end_registered_population,144.3498,49,8410,population_density_113.csv
2024,新北市,石門區,10397,year_end_registered_population,51.2645,203,8410,population_density_113.csv
2024,新北市,萬里區,20622,year_end_registered_population,63.3766,325,8410,population_density_113.csv
2024,新北市,蘆洲區,198359,year_end_registered_population,7.4351,26679,8410,population_density_113.csv
2024,新北市,貢寮區,10719,year_end_registered_population,99.9734,107,8410,population_density_113.csv
2024,新北市,金山區,20059,year_end_registered_population,49.2132,408,8410,population_density_113.csv
2024,新北市,雙溪區,7686,year_end_registered_population,146.2484,53,8410,population_density_113.csv
2024,新北市,鶯歌區,89339,year_end_registered_population,21.1248,4229,8410,population_density_113.csv
2024,新竹市,北區,153897,year_end_registered_population,15.7267,9786,8410,population_density_113.csv
2024,新竹市,東區,224043,year_end_registered_population,33.5768,6673,8410,population_density_113.csv
2024,新竹市,香山區,79302,year_end_registered_population,54.8491,1446,8410,population_density_113.csv
2024,新竹縣,五峰鄉,4439,year_end_registered_population,227.728,19,8410,population_density_113.csv
2024,新竹縣,北埔鄉,8396,year_end_registered_population,50.6676,166,8410,population_density_113.csv
2024,新竹縣,寶山鄉,14534,year_end_registered_population,64.7871,224,8410,population_density_113.csv
2024,新竹縣,尖石鄉,9523,year_end_registered_population,527.5795,18,8410,population_density_113.csv
2024,新竹縣,峨眉鄉,5081,year_end_registered_population,46.801,109,8410,population_density_113.csv
2024,新竹縣,新埔鎮,33464,year_end_registered_population,72.1911,464,8410,population_density_113.csv
2024,新竹縣,新豐鄉,59336,year_end_registered_population,46.3496,1280,8410,population_density_113.csv
2024,新竹縣,橫山鄉,11990,year_end_registered_population,66.3502,181,8410,population_density_113.csv
2024,新竹縣,湖口鄉,83748,year_end_registered_population,58.4303,1433,8410,population_density_113.csv
2024,新竹縣,竹北市,219605,year_end_registered_population,46.8341,4689,8410,population_density_113.csv
2024,新竹縣,竹東鎮,97733,year_end_registered_population,53.5133,1826,8410,population_density_113.csv
2024,新竹縣,芎林鄉,20404,year_end_registered_population,40.7858,500,8410,population_density_113.csv
2024,新竹縣,關西鎮,26388,year_end_registered_population,125.5193,210,8410,population_density_113.csv
2024,桃園市,中壢區,435050,year_end_registered_population,76.52,5685,8410,population_density_113.csv
2024,桃園市,八德區,214690,year_end_registered_population,33.7111,6369,8410,population_density_113.csv
2024,桃園市,大園區,88166,year_end_registered_population,87.3925,1009,8410,population_density_113.csv
2024,桃園市,大溪區,94404,year_end_registered_population,105.1206,898,8410,population_density_113.csv
2024,桃園市,平鎮區,229389,year_end_registered_population,47.7532,4804,8410,population_density_113.csv
2024,桃園市,復興區,13261,year_end_registered_population,350.7775,38,8410,population_density_113.csv
2024,桃園市,新屋區,49389,year_end_registered_population,85.0166,581,8410,population_density_113.csv
2024,桃園市,桃園區,475798,year_end_registered_population,34.8046,13671,8410,population_density_113.csv
2024,桃園市,楊梅區,181526,year_end_registered_population,89.1229,2037,8410,population_density_113.csv
2024,桃園市,蘆竹區,169936,year_end_registered_population,75.5025,2251,8410,population_density_113.csv
2024,桃園市,觀音區,75874,year_end_registered_population,87.9807,862,8410,population_density_113.csv
2024,桃園市,龍潭區,127270,year_end_registered_population,75.2341,1692,8410,population_density_113.csv
2024,桃園市,龜山區,183895,year_end_registered_population,72.0177,2553,8410,population_density_113.csv
2024,澎湖縣,七美鄉,3931,year_end_registered_population,6.9868,563,8410,population_density_113.csv
2024,澎湖縣,望安鄉,5424,year_end_registered_population,13.7824,394,8410,population_density_113.csv
2024,澎湖縣,湖西鄉,16124,year_end_registered_population,33.3008,484,8410,population_density_113.csv
2024,澎湖縣,白沙鄉,10137,year_end_registered_population,20.0875,505,8410,population_density_113.csv
2024,澎湖縣,西嶼鄉,8207,year_end_registered_population,18.7148,439,8410,population_density_113.csv
2024,澎湖縣,馬公市,64078,year_end_registered_population,33.9918,1885,8410,population_density_113.csv
2024,臺中市,中區,17904,year_end_registered_population,0.8803,20339,8410,population_density_113.csv
2024,臺中市,北區,143568,year_end_registered_population,6.9376,20694,8410,population_density_113.csv
2024,臺中市,北屯區,310965,year_end_registered_population,62.7034,4959,8410,population_density_113.csv
2024,臺中市,南區,127188,year_end_registered_population,6.8101,18676,8410,population_density_113.csv
2024,臺中市,南屯區,185192,year_end_registered_population,31.2578,5925,8410,population_density_113.csv
2024,臺中市,后里區,53309,year_end_registered_population,58.9439,904,8410,population_density_113.csv
2024,臺中市,和平區,10656,year_end_registered_population,1037.8192,10,8410,population_density_113.csv
2024,臺中市,外埔區,30902,year_end_registered_population,42.4099,729,8410,population_density_113.csv
2024,臺中市,大安區,17793,year_end_registered_population,27.4045,649,8410,population_density_113.csv
2024,臺中市,大甲區,74206,year_end_registered_population,58.5192,1268,8410,population_density_113.csv
2024,臺中市,大肚區,55708,year_end_registered_population,37.0024,1506,8410,population_density_113.csv
2024,臺中市,大里區,212166,year_end_registered_population,28.8758,7348,8410,population_density_113.csv
2024,臺中市,大雅區,95229,year_end_registered_population,32.4109,2938,8410,population_density_113.csv
2024,臺中市,太平區,200007,year_end_registered_population,120.7473,1656,8410,population_density_113.csv
2024,臺中市,新社區,22849,year_end_registered_population,68.8874,332,8410,population_density_113.csv
2024,臺中市,東勢區,47088,year_end_registered_population,117.4065,401,8410,population_density_113.csv
2024,臺中市,東區,77688,year_end_registered_population,9.2855,8367,8410,population_density_113.csv
2024,臺中市,梧棲區,62701,year_end_registered_population,16.6049,3776,8410,population_density_113.csv
2024,臺中市,沙鹿區,100152,year_end_registered_population,40.4604,2475,8410,population_density_113.csv
2024,臺中市,清水區,90501,year_end_registered_population,64.1709,1410,8410,population_density_113.csv
2024,臺中市,潭子區,109415,year_end_registered_population,25.8497,4233,8410,population_density_113.csv
2024,臺中市,烏日區,81284,year_end_registered_population,43.4032,1873,8410,population_density_113.csv
2024,臺中市,石岡區,13877,year_end_registered_population,18.2105,762,8410,population_density_113.csv
2024,臺中市,神岡區,64007,year_end_registered_population,35.0445,1826,8410,population_density_113.csv
2024,臺中市,西區,113890,year_end_registered_population,5.7042,19966,8410,population_density_113.csv
2024,臺中市,西屯區,236821,year_end_registered_population,39.8467,5943,8410,population_density_113.csv
2024,臺中市,豐原區,163163,year_end_registered_population,41.1845,3962,8410,population_density_113.csv
2024,臺中市,霧峰區,63342,year_end_registered_population,98.0779,646,8410,population_density_113.csv
2024,臺中市,龍井區,79030,year_end_registered_population,38.0377,2078,8410,population_density_113.csv
2024,臺北市,中山區,215245,year_end_registered_population,13.6821,15732,8410,population_density_113.csv
2024,臺北市,中正區,148375,year_end_registered_population,7.6071,19505,8410,population_density_113.csv
2024,臺北市,信義區,205067,year_end_registered_population,11.2077,18297,8410,population_density_113.csv
2024,臺北市,內湖區,273748,year_end_registered_population,31.5787,8669,8410,population_density_113.csv
2024,臺北市,北投區,240623,year_end_registered_population,56.8216,4235,8410,population_density_113.csv
2024,臺北市,南港區,112643,year_end_registered_population,21.8424,5157,8410,population_density_113.csv
2024,臺北市,士林區,264194,year_end_registered_population,62.3682,4236,8410,population_density_113.csv
2024,臺北市,大同區,118992,year_end_registered_population,5.6815,20944,8410,population_density_113.csv
2024,臺北市,大安區,289908,year_end_registered_population,11.3614,25517,8410,population_density_113.csv
2024,臺北市,文山區,258333,year_end_registered_population,31.509,8199,8410,population_density_113.csv
2024,臺北市,松山區,191826,year_end_registered_population,9.2878,20654,8410,population_density_113.csv
2024,臺北市,萬華區,171915,year_end_registered_population,8.8522,19421,8410,population_density_113.csv
2024,臺南市,七股區,20760,year_end_registered_population,110.1492,188,8410,population_density_113.csv
2024,臺南市,下營區,22077,year_end_registered_population,33.5291,658,8410,population_density_113.csv
2024,臺南市,中西區,77124,year_end_registered_population,6.26,12320,8410,population_density_113.csv
2024,臺南市,仁德區,77574,year_end_registered_population,50.7664,1528,8410,population_density_113.csv
2024,臺南市,佳里區,58470,year_end_registered_population,38.9422,1501,8410,population_density_113.csv
2024,臺南市,六甲區,21110,year_end_registered_population,67.5471,313,8410,population_density_113.csv
2024,臺南市,北區,125821,year_end_registered_population,10.434,12059,8410,population_density_113.csv
2024,臺南市,北門區,9712,year_end_registered_population,44.1003,220,8410,population_density_113.csv
2024,臺南市,南化區,7786,year_end_registered_population,171.5198,45,8410,population_density_113.csv
2024,臺南市,南區,120323,year_end_registered_population,27.2681,4413,8410,population_density_113.csv
2024,臺南市,善化區,53300,year_end_registered_population,55.3097,964,8410,population_density_113.csv
2024,臺南市,大內區,8588,year_end_registered_population,70.3125,122,8410,population_density_113.csv
2024,臺南市,學甲區,24537,year_end_registered_population,53.9919,454,8410,population_density_113.csv
2024,臺南市,安南區,203838,year_end_registered_population,107.2016,1901,8410,population_density_113.csv
2024,臺南市,安定區,29842,year_end_registered_population,31.27,954,8410,population_density_113.csv
2024,臺南市,安平區,70321,year_end_registered_population,11.0663,6355,8410,population_density_113.csv
2024,臺南市,官田區,20669,year_end_registered_population,70.7953,292,8410,population_density_113.csv
2024,臺南市,將軍區,18070,year_end_registered_population,41.9796,430,8410,population_density_113.csv
2024,臺南市,山上區,6916,year_end_registered_population,27.878,248,8410,population_density_113.csv
2024,臺南市,左鎮區,4124,year_end_registered_population,74.9025,55,8410,population_density_113.csv
2024,臺南市,後壁區,21292,year_end_registered_population,72.2189,295,8410,population_density_113.csv
2024,臺南市,新化區,42292,year_end_registered_population,62.0579,681,8410,population_density_113.csv
2024,臺南市,新市區,37913,year_end_registered_population,47.8096,793,8410,population_density_113.csv
2024,臺南市,新營區,74782,year_end_registered_population,38.5386,1940,8410,population_density_113.csv
2024,臺南市,東區,181962,year_end_registered_population,13.4156,13563,8410,population_density_113.csv
2024,臺南市,東山區,18836,year_end_registered_population,124.9178,151,8410,population_density_113.csv
2024,臺南市,柳營區,20007,year_end_registered_population,61.2929,326,8410,population_density_113.csv
2024,臺南市,楠西區,8532,year_end_registered_population,109.6316,78,8410,population_density_113.csv
2024,臺南市,歸仁區,69818,year_end_registered_population,55.7913,1251,8410,population_density_113.csv
2024,臺南市,永康區,235623,year_end_registered_population,40.2753,5850,8410,population_density_113.csv
2024,臺南市,玉井區,12830,year_end_registered_population,76.3662,168,8410,population_density_113.csv
2024,臺南市,白河區,25393,year_end_registered_population,126.4046,201,8410,population_density_113.csv
2024,臺南市,西港區,25004,year_end_registered_population,33.7666,740,8410,population_density_113.csv
2024,臺南市,關廟區,33048,year_end_registered_population,53.6413,616,8410,population_density_113.csv
2024,臺南市,鹽水區,23969,year_end_registered_population,52.2455,459,8410,population_density_113.csv
2024,臺南市,麻豆區,43036,year_end_registered_population,53.9744,797,8410,population_density_113.csv
2024,臺南市,龍崎區,3352,year_end_registered_population,64.0814,52,8410,population_density_113.csv
2024,臺東縣,卑南鄉,16472,year_end_registered_population,412.6871,40,8410,population_density_113.csv
2024,臺東縣,大武鄉,5465,year_end_registered_population,69.1454,79,8410,population_density_113.csv
2024,臺東縣,太麻里鄉,10569,year_end_registered_population,96.6523,109,8410,population_density_113.csv
2024,臺東縣,延平鄉,3557,year_end_registered_population,455.8805,8,8410,population_density_113.csv
2024,臺東縣,成功鎮,12926,year_end_registered_population,143.9939,90,8410,population_density_113.csv
2024,臺東縣,東河鄉,7822,year_end_registered_population,210.1908,37,8410,population_density_113.csv
2024,臺東縣,池上鄉,7696,year_end_registered_population,82.6854,93,8410,population_density_113.csv
2024,臺東縣,海端鄉,4300,year_end_registered_population,880.0382,5,8410,population_density_113.csv
2024,臺東縣,綠島鄉,4385,year_end_registered_population,15.0919,291,8410,population_density_113.csv
2024,臺東縣,臺東市,103115,year_end_registered_population,109.7691,939,8410,population_density_113.csv
2024,臺東縣,蘭嶼鄉,5277,year_end_registered_population,48.3892,109,8410,population_density_113.csv
2024,臺東縣,達仁鄉,3409,year_end_registered_population,306.4454,11,8410,population_density_113.csv
2024,臺東縣,金峰鄉,3687,year_end_registered_population,380.6635,10,8410,population_density_113.csv
2024,臺東縣,長濱鄉,6538,year_end_registered_population,155.1868,42,8410,population_density_113.csv
2024,臺東縣,關山鎮,7954,year_end_registered_population,58.7351,135,8410,population_density_113.csv
2024,臺東縣,鹿野鄉,7047,year_end_registered_population,89.698,79,8410,population_density_113.csv
2024,花蓮縣,光復鄉,11534,year_end_registered_population,157.11,73,8410,population_density_113.csv
2024,花蓮縣,卓溪鄉,5919,year_end_registered_population,1021.313,6,8410,population_density_113.csv
2024,花蓮縣,吉安鄉,83135,year_end_registered_population,65.2582,1274,8410,population_density_113.csv
2024,花蓮縣,壽豐鄉,16737,year_end_registered_population,218.4448,77,8410,population_density_113.csv
2024,花蓮縣,富里鄉,9530,year_end_registered_population,176.3705,54,8410,population_density_113.csv
2024,花蓮縣,新城鄉,20323,year_end_registered_population,29.4095,691,8410,population_density_113.csv
2024,花蓮縣,玉里鎮,21670,year_end_registered_population,252.3719,86,8410,population_density_113.csv
2024,花蓮縣,瑞穗鄉,10584,year_end_registered_population,135.5862,78,8410,population_density_113.csv
2024,花蓮縣,秀林鄉,17095,year_end_registered_population,1641.8555,10,8410,population_density_113.csv
2024,花蓮縣,花蓮市,98324,year_end_registered_population,29.4095,3343,8410,population_density_113.csv
2024,花蓮縣,萬榮鄉,6070,year_end_registered_population,618.491,10,8410,population_density_113.csv
2024,花蓮縣,豐濱鄉,4147,year_end_registered_population,162.4332,26,8410,population_density_113.csv
2024,花蓮縣,鳳林鎮,10306,year_end_registered_population,120.5181,86,8410,population_density_113.csv
2024,苗栗縣,三灣鄉,5814,year_end_registered_population,52.2964,111,8410,population_density_113.csv
2024,苗栗縣,三義鄉,14713,year_end_registered_population,69.3424,212,8410,population_density_113.csv
2024,苗栗縣,公館鄉,30871,year_end_registered_population,71.4523,432,8410,population_density_113.csv
2024,苗栗縣,卓蘭鎮,14890,year_end_registered_population,76.3153,195,8410,population_density_113.csv
2024,苗栗縣,南庄鄉,8686,year_end_registered_population,165.4938,52,8410,population_density_113.csv
2024,苗栗縣,大湖鄉,12641,year_end_registered_population,90.8396,139,8410,population_density_113.csv
2024,苗栗縣,後龍鎮,33701,year_end_registered_population,75.8079,445,8410,population_density_113.csv
2024,苗栗縣,泰安鄉,5511,year_end_registered_population,614.5127,9,8410,population_density_113.csv
2024,苗栗縣,獅潭鄉,4008,year_end_registered_population,79.4324,50,8410,population_density_113.csv
2024,苗栗縣,竹南鎮,90668,year_end_registered_population,37.5592,2414,8410,population_density_113.csv
2024,苗栗縣,苑裡鎮,43446,year_end_registered_population,68.2473,637,8410,population_density_113.csv
2024,苗栗縣,苗栗市,86025,year_end_registered_population,37.8878,2271,8410,population_density_113.csv
2024,苗栗縣,西湖鄉,6035,year_end_registered_population,41.0758,147,8410,population_density_113.csv
2024,苗栗縣,通霄鎮,30893,year_end_registered_population,107.8486,286,8410,population_density_113.csv
2024,苗栗縣,造橋鄉,11582,year_end_registered_population,47.9978,241,8410,population_density_113.csv
2024,苗栗縣,銅鑼鄉,16265,year_end_registered_population,78.3805,208,8410,population_density_113.csv
2024,苗栗縣,頭份市,107478,year_end_registered_population,53.3205,2016,8410,population_density_113.csv
2024,苗栗縣,頭屋鄉,9627,year_end_registered_population,52.5046,183,8410,population_density_113.csv
2024,連江縣,北竿鄉,3062,year_end_registered_population,9.9,309,8410,population_density_113.csv
2024,連江縣,南竿鄉,7815,year_end_registered_population,10.4,751,8410,population_density_113.csv
2024,連江縣,東引鄉,1555,year_end_registered_population,3.8,409,8410,population_density_113.csv
2024,連江縣,莒光鄉,1518,year_end_registered_population,4.7,323,8410,population_density_113.csv
2024,金門縣,烈嶼鄉,12538,year_end_registered_population,16.003,783,8410,population_density_113.csv
2024,金門縣,烏坵鄉,646,year_end_registered_population,1.2,538,8410,population_density_113.csv
2024,金門縣,金城鎮,42719,year_end_registered_population,21.713,1967,8410,population_density_113.csv
2024,金門縣,金寧鄉,35809,year_end_registered_population,29.854,1199,8410,population_density_113.csv
2024,金門縣,金沙鎮,20680,year_end_registered_population,41.19,502,8410,population_density_113.csv
2024,金門縣,金湖鎮,31209,year_end_registered_population,41.696,748,8410,population_density_113.csv
2024,雲林縣,二崙鄉,24642,year_end_registered_population,59.5625,414,8410,population_density_113.csv
2024,雲林縣,元長鄉,23020,year_end_registered_population,71.5872,322,8410,population_density_113.csv
2024,雲林縣,北港鎮,37512,year_end_registered_population,41.4999,904,8410,population_density_113.csv
2024,雲林縣,口湖鄉,24592,year_end_registered_population,80.4612,306,8410,population_density_113.csv
2024,雲林縣,古坑鄉,29554,year_end_registered_population,166.6059,177,8410,population_density_113.csv
2024,雲林縣,四湖鄉,20698,year_end_registered_population,77.1189,268,8410,population_density_113.csv
2024,雲林縣,土庫鎮,27361,year_end_registered_population,49.0212,558,8410,population_density_113.csv
2024,雲林縣,大埤鄉,17794,year_end_registered_population,44.9973,395,8410,population_density_113.csv
2024,雲林縣,崙背鄉,22599,year_end_registered_population,58.484,386,8410,population_density_113.csv
2024,雲林縣,斗六市,109082,year_end_registered_population,93.7151,1164,8410,population_density_113.csv
2024,雲林縣,斗南鎮,43509,year_end_registered_population,48.1505,904,8410,population_density_113.csv
2024,雲林縣,東勢鄉,13197,year_end_registered_population,48.3562,273,8410,population_density_113.csv
2024,雲林縣,林內鄉,16572,year_end_registered_population,37.6035,441,8410,population_density_113.csv
2024,雲林縣,水林鄉,22426,year_end_registered_population,72.9582,307,8410,population_density_113.csv
2024,雲林縣,臺西鄉,21424,year_end_registered_population,54.0983,396,8410,population_density_113.csv
2024,雲林縣,莿桐鄉,27450,year_end_registered_population,50.8502,540,8410,population_density_113.csv
2024,雲林縣,虎尾鎮,70904,year_end_registered_population,68.742,1031,8410,population_density_113.csv
2024,雲林縣,褒忠鄉,11777,year_end_registered_population,37.0552,318,8410,population_density_113.csv
2024,雲林縣,西螺鎮,44313,year_end_registered_population,49.7985,890,8410,population_density_113.csv
2024,雲林縣,麥寮鄉,50001,year_end_registered_population,80.1668,624,8410,population_density_113.csv
2024,高雄市,三民區,330287,year_end_registered_population,19.7866,16692,8410,population_density_113.csv
2024,高雄市,仁武區,98956,year_end_registered_population,36.0808,2743,8410,population_density_113.csv
2024,高雄市,內門區,12893,year_end_registered_population,95.6224,135,8410,population_density_113.csv
2024,高雄市,六龜區,11511,year_end_registered_population,194.1584,59,8410,population_density_113.csv
2024,高雄市,前金區,27199,year_end_registered_population,1.8573,14644,8410,population_density_113.csv
2024,高雄市,前鎮區,178290,year_end_registered_population,19.1207,9324,8410,population_density_113.csv
2024,高雄市,大寮區,112213,year_end_registered_population,71.04,1580,8410,population_density_113.csv
2024,高雄市,大樹區,40163,year_end_registered_population,66.9811,600,8410,population_density_113.csv
2024,高雄市,大社區,33754,year_end_registered_population,26.5848,1270,8410,population_density_113.csv
2024,高雄市,小港區,154354,year_end_registered_population,45.4426,3397,8410,population_density_113.csv
2024,高雄市,岡山區,95176,year_end_registered_population,47.9421,1985,8410,population_density_113.csv
2024,高雄市,左營區,197784,year_end_registered_population,19.3823,10204,8410,population_density_113.csv
2024,高雄市,彌陀區,18069,year_end_registered_population,14.7772,1223,8410,population_density_113.csv
2024,高雄市,新興區,49573,year_end_registered_population,1.9764,25082,8410,population_density_113.csv
2024,高雄市,旗山區,33818,year_end_registered_population,94.6122,357,8410,population_density_113.csv
2024,高雄市,旗津區,25587,year_end_registered_population,1.7341,14755,8410,population_density_113.csv
2024,高雄市,杉林區,10714,year_end_registered_population,104.0036,103,8410,population_density_113.csv
2024,高雄市,林園區,67903,year_end_registered_population,32.286,2103,8410,population_density_113.csv
2024,高雄市,桃源區,4190,year_end_registered_population,928.98,5,8410,population_density_113.csv
2024,高雄市,梓官區,34792,year_end_registered_population,11.5967,3000,8410,population_density_113.csv
2024,高雄市,楠梓區,194404,year_end_registered_population,25.8276,7527,8410,population_density_113.csv
2024,高雄市,橋頭區,42671,year_end_registered_population,25.9379,1645,8410,population_density_113.csv
2024,高雄市,永安區,13823,year_end_registered_population,22.6141,611,8410,population_density_113.csv
2024,高雄市,湖內區,29396,year_end_registered_population,20.1615,1458,8410,population_density_113.csv
2024,高雄市,燕巢區,28576,year_end_registered_population,65.395,437,8410,population_density_113.csv
2024,高雄市,田寮區,6298,year_end_registered_population,92.6802,68,8410,population_density_113.csv
2024,高雄市,甲仙區,5412,year_end_registered_population,124.034,44,8410,population_density_113.csv
2024,高雄市,美濃區,36545,year_end_registered_population,120.0316,304,8410,population_density_113.csv
2024,高雄市,苓雅區,163295,year_end_registered_population,8.1522,20031,8410,population_density_113.csv
2024,高雄市,茂林區,1869,year_end_registered_population,194,10,8410,population_density_113.csv
2024,高雄市,茄萣區,28959,year_end_registered_population,15.7624,1837,8410,population_density_113.csv
2024,高雄市,路竹區,49715,year_end_registered_population,48.4348,1026,8410,population_density_113.csv
2024,高雄市,那瑪夏區,3132,year_end_registered_population,252.9895,12,8410,population_density_113.csv
2024,高雄市,阿蓮區,27131,year_end_registered_population,34.6164,784,8410,population_density_113.csv
2024,高雄市,鳥松區,44233,year_end_registered_population,24.5927,1799,8410,population_density_113.csv
2024,高雄市,鳳山區,355175,year_end_registered_population,26.759,13273,8410,population_density_113.csv
2024,高雄市,鹽埕區,22275,year_end_registered_population,1.4161,15730,8410,population_density_113.csv
2024,高雄市,鼓山區,141277,year_end_registered_population,14.7523,9577,8410,population_density_113.csv
2025,南投縣,中寮鄉,12825,year_end_registered_population,146.6541,87.45067475,8410,population_density_114.csv
2025,南投縣,仁愛鄉,15293,year_end_registered_population,1273.5312,12.00834342,8410,population_density_114.csv
2025,南投縣,信義鄉,14886,year_end_registered_population,1422.4188,10.46527225,8410,population_density_114.csv
2025,南投縣,南投市,96229,year_end_registered_population,71.6021,1343.94103,8410,population_density_114.csv
2025,南投縣,名間鄉,34557,year_end_registered_population,83.0955,415.8708955,8410,population_density_114.csv
2025,南投縣,國姓鄉,15963,year_end_registered_population,175.7042,90.8515562,8410,population_density_114.csv
2025,南投縣,埔里鎮,75613,year_end_registered_population,162.2227,466.1061615,8410,population_density_114.csv
2025,南投縣,水里鄉,15452,year_end_registered_population,106.8424,144.6242316,8410,population_density_114.csv
2025,南投縣,竹山鎮,49905,year_end_registered_population,247.3339,201.7717749,8410,population_density_114.csv
2025,南投縣,草屯鎮,97724,year_end_registered_population,104.0327,939.3584902,8410,population_density_114.csv
2025,南投縣,集集鎮,9882,year_end_registered_population,49.7268,198.725838,8410,population_density_114.csv
2025,南投縣,魚池鄉,14098,year_end_registered_population,121.3735,116.1538557,8410,population_density_114.csv
2025,南投縣,鹿谷鄉,15454,year_end_registered_population,141.8981,108.9091397,8410,population_density_114.csv
2025,嘉義市,東區,116567,year_end_registered_population,30.1556,3865.517516,8410,population_density_114.csv
2025,嘉義市,西區,145025,year_end_registered_population,29.87,4855.205892,8410,population_density_114.csv
2025,嘉義縣,中埔鄉,41673,year_end_registered_population,129.5016,321.795252,8410,population_density_114.csv
2025,嘉義縣,六腳鄉,20044,year_end_registered_population,62.2619,321.9304262,8410,population_density_114.csv
2025,嘉義縣,大埔鄉,4160,year_end_registered_population,173.2472,24.01193208,8410,population_density_114.csv
2025,嘉義縣,大林鎮,29542,year_end_registered_population,64.1663,460.397436,8410,population_density_114.csv
2025,嘉義縣,太保市,39923,year_end_registered_population,66.8964,596.7884669,8410,population_density_114.csv
2025,嘉義縣,布袋鎮,23589,year_end_registered_population,61.7307,382.1275314,8410,population_density_114.csv
2025,嘉義縣,新港鄉,29006,year_end_registered_population,66.0495,439.1554819,8410,population_density_114.csv
2025,嘉義縣,朴子市,39950,year_end_registered_population,49.5737,805.8708549,8410,population_density_114.csv
2025,嘉義縣,東石鄉,21671,year_end_registered_population,81.5821,265.6342507,8410,population_density_114.csv
2025,嘉義縣,梅山鄉,17177,year_end_registered_population,119.7571,143.4319969,8410,population_density_114.csv
2025,嘉義縣,民雄鄉,69716,year_end_registered_population,85.4969,815.4213779,8410,population_density_114.csv
2025,嘉義縣,水上鄉,46932,year_end_registered_population,69.1198,678.9950202,8410,population_density_114.csv
2025,嘉義縣,溪口鄉,12604,year_end_registered_population,33.0463,381.4042722,8410,population_density_114.csv
2025,嘉義縣,番路鄉,10582,year_end_registered_population,117.5269,90.03896129,8410,population_density_114.csv
2025,嘉義縣,竹崎鄉,32160,year_end_registered_population,162.2256,198.2424476,8410,population_density_114.csv
2025,嘉義縣,義竹鄉,15829,year_end_registered_population,79.2925,199.6279598,8410,population_density_114.csv
2025,嘉義縣,阿里山鄉,5163,year_end_registered_population,427.8471,12.0673951,8410,population_density_114.csv
2025,嘉義縣,鹿草鄉,13460,year_end_registered_population,54.3151,247.8132232,8410,population_density_114.csv
2025,基隆市,七堵區,52169,year_end_registered_population,56.2659,927.1868041,8410,population_density_114.csv
2025,基隆市,中山區,45556,year_end_registered_population,10.5238,4328.854596,8410,population_density_114.csv
2025,基隆市,中正區,51542,year_end_registered_population,10.2118,5047.298224,8410,population_density_114.csv
2025,基隆市,仁愛區,39689,year_end_registered_population,4.2335,9374.985237,8410,population_density_114.csv
2025,基隆市,信義區,52568,year_end_registered_population,10.6706,4926.433378,8410,population_density_114.csv
2025,基隆市,安樂區,79850,year_end_registered_population,18.025,4429.958391,8410,population_density_114.csv
2025,基隆市,暖暖區,38462,year_end_registered_population,22.8283,1684.838556,8410,population_density_114.csv
2025,宜蘭縣,三星鄉,21356,year_end_registered_population,144.2238,148.0754217,8410,population_density_114.csv
2025,宜蘭縣,五結鄉,41737,year_end_registered_population,38.8671,1073.838799,8410,population_density_114.csv
2025,宜蘭縣,冬山鄉,52938,year_end_registered_population,79.8573,662.9074612,8410,population_density_114.csv
2025,宜蘭縣,南澳鄉,6171,year_end_registered_population,740.652,8.331848155,8410,population_density_114.csv
2025,宜蘭縣,員山鄉,32226,year_end_registered_population,111.9106,287.9619982,8410,population_density_114.csv
2025,宜蘭縣,壯圍鄉,24479,year_end_registered_population,38.4769,636.1999018,8410,population_density_114.csv
2025,宜蘭縣,大同鄉,5998,year_end_registered_population,657.5442,9.121820252,8410,population_density_114.csv
2025,宜蘭縣,宜蘭市,94561,year_end_registered_population,29.408,3215.485582,8410,population_density_114.csv
2025,宜蘭縣,礁溪鄉,36629,year_end_registered_population,101.4278,361.1337326,8410,population_density_114.csv
2025,宜蘭縣,羅東鎮,68960,year_end_registered_population,11.3448,6078.555814,8410,population_density_114.csv
2025,宜蘭縣,蘇澳鎮,36413,year_end_registered_population,89.0196,409.0447497,8410,population_density_114.csv
2025,宜蘭縣,頭城鎮,27868,year_end_registered_population,100.893,276.2134142,8410,population_density_114.csv
2025,屏東縣,三地門鄉,7598,year_end_registered_population,196.3965,38.68704381,8410,population_density_114.csv
2025,屏東縣,九如鄉,21420,year_end_registered_population,42.0187,509.7730296,8410,population_density_114.csv
2025,屏東縣,佳冬鄉,17323,year_end_registered_population,30.9842,559.0914079,8410,population_density_114.csv
2025,屏東縣,來義鄉,7282,year_end_registered_population,167.7756,43.40321239,8410,population_density_114.csv
2025,屏東縣,內埔鄉,52760,year_end_registered_population,81.8554,644.5512452,8410,population_density_114.csv
2025,屏東縣,南州鄉,9600,year_end_registered_population,18.97,506.0622035,8410,population_density_114.csv
2025,屏東縣,屏東市,191466,year_end_registered_population,65.067,2942.59763,8410,population_density_114.csv
2025,屏東縣,崁頂鄉,14459,year_end_registered_population,31.2659,462.4527041,8410,population_density_114.csv
2025,屏東縣,恆春鎮,28770,year_end_registered_population,136.763,210.3639142,8410,population_density_114.csv
2025,屏東縣,新園鄉,31703,year_end_registered_population,38.3109,827.5190612,8410,population_density_114.csv
2025,屏東縣,新埤鄉,8983,year_end_registered_population,59.0102,152.2279199,8410,population_density_114.csv
2025,屏東縣,春日鄉,4857,year_end_registered_population,160.001,30.35606027,8410,population_density_114.csv
2025,屏東縣,東港鎮,45879,year_end_registered_population,29.4635,1557.146978,8410,population_density_114.csv
2025,屏東縣,枋寮鄉,22321,year_end_registered_population,57.7347,386.6132499,8410,population_density_114.csv
2025,屏東縣,枋山鄉,4905,year_end_registered_population,17.2697,284.0234631,8410,population_density_114.csv
2025,屏東縣,林邊鄉,15821,year_end_registered_population,15.6233,1012.654177,8410,population_density_114.csv
2025,屏東縣,泰武鄉,5190,year_end_registered_population,118.6266,43.75072707,8410,population_density_114.csv
2025,屏東縣,滿州鄉,6927,year_end_registered_population,142.2013,48.71263484,8410,population_density_114.csv
2025,屏東縣,潮州鎮,53723,year_end_registered_population,42.4331,1266.063521,8410,population_density_114.csv
2025,屏東縣,牡丹鄉,4671,year_end_registered_population,181.8366,25.68789782,8410,population_density_114.csv
2025,屏東縣,獅子鄉,4825,year_end_registered_population,301.0018,16.02980447,8410,population_density_114.csv
2025,屏東縣,琉球鄉,12076,year_end_registered_population,6.8018,1775.412391,8410,population_density_114.csv
2025,屏東縣,瑪家鄉,6647,year_end_registered_population,78.7008,84.45911604,8410,population_density_114.csv
2025,屏東縣,竹田鄉,15363,year_end_registered_population,29.0732,528.4248036,8410,population_density_114.csv
2025,屏東縣,萬丹鄉,48586,year_end_registered_population,57.4679,845.4458924,8410,population_density_114.csv
2025,屏東縣,萬巒鄉,18654,year_end_registered_population,60.7315,307.1552654,8410,population_density_114.csv
2025,屏東縣,車城鄉,7694,year_end_registered_population,49.8517,154.3377658,8410,population_density_114.csv
2025,屏東縣,里港鄉,24948,year_end_registered_population,68.9208,361.9807083,8410,population_density_114.csv
2025,屏東縣,長治鄉,29192,year_end_registered_population,39.8861,731.8840398,8410,population_density_114.csv
2025,屏東縣,霧臺鄉,3166,year_end_registered_population,278.796,11.35597354,8410,population_density_114.csv
2025,屏東縣,高樹鄉,21935,year_end_registered_population,90.1522,243.3107567,8410,population_density_114.csv
2025,屏東縣,鹽埔鄉,23106,year_end_registered_population,64.3493,359.0715051,8410,population_density_114.csv
2025,屏東縣,麟洛鄉,10406,year_end_registered_population,16.26,639.9753998,8410,population_density_114.csv
2025,彰化縣,二林鎮,46419,year_end_registered_population,92.8478,499.9472255,8410,population_density_114.csv
2025,彰化縣,二水鄉,13220,year_end_registered_population,29.4449,448.9741857,8410,population_density_114.csv
2025,彰化縣,伸港鄉,38146,year_end_registered_population,22.3268,1708.529659,8410,population_density_114.csv
2025,彰化縣,北斗鎮,33099,year_end_registered_population,19.2547,1719.008865,8410,population_density_114.csv
2025,彰化縣,和美鎮,86635,year_end_registered_population,39.9345,2169.427437,8410,population_density_114.csv
2025,彰化縣,員林市,122148,year_end_registered_population,40.038,3050.801738,8410,population_density_114.csv
2025,彰化縣,埔心鄉,33082,year_end_registered_population,20.9526,1578.89713,8410,population_density_114.csv
2025,彰化縣,埔鹽鄉,30041,year_end_registered_population,38.6081,778.1009684,8410,population_density_114.csv
2025,彰化縣,埤頭鄉,27997,year_end_registered_population,42.7508,654.8883296,8410,population_density_114.csv
2025,彰化縣,大城鄉,14146,year_end_registered_population,63.7406,221.9307631,8410,population_density_114.csv
2025,彰化縣,大村鄉,38919,year_end_registered_population,30.7837,1264.272976,8410,population_density_114.csv
2025,彰化縣,彰化市,220487,year_end_registered_population,65.6947,3356.237261,8410,population_density_114.csv
2025,彰化縣,永靖鄉,34177,year_end_registered_population,20.6382,1656.006822,8410,population_density_114.csv
2025,彰化縣,溪州鄉,27248,year_end_registered_population,75.831,359.3253419,8410,population_density_114.csv
2025,彰化縣,溪湖鎮,52832,year_end_registered_population,32.0592,1647.95129,8410,population_density_114.csv
2025,彰化縣,田中鎮,38273,year_end_registered_population,34.6056,1105.977067,8410,population_density_114.csv
2025,彰化縣,田尾鄉,25251,year_end_registered_population,24.0375,1050.483619,8410,population_density_114.csv
2025,彰化縣,社頭鄉,40272,year_end_registered_population,36.1449,1114.182084,8410,population_density_114.csv
2025,彰化縣,福興鄉,44284,year_end_registered_population,49.8934,887.5723042,8410,population_density_114.csv
2025,彰化縣,秀水鄉,37356,year_end_registered_population,29.3447,1273.00671,8410,population_density_114.csv
2025,彰化縣,竹塘鄉,13918,year_end_registered_population,42.1662,330.0747992,8410,population_density_114.csv
2025,彰化縣,線西鄉,16014,year_end_registered_population,18.0856,885.4558323,8410,population_density_114.csv
2025,彰化縣,芬園鄉,21334,year_end_registered_population,38.0204,561.1198199,8410,population_density_114.csv
2025,彰化縣,花壇鄉,42816,year_end_registered_population,36.3469,1177.982166,8410,population_density_114.csv
2025,彰化縣,芳苑鄉,29880,year_end_registered_population,91.3827,326.9765503,8410,population_density_114.csv
2025,彰化縣,鹿港鎮,82212,year_end_registered_population,39.4625,2083.294267,8410,population_density_114.csv
2025,新北市,三峽區,115009,year_end_registered_population,191.4508,600.7235279,8410,population_density_114.csv
2025,新北市,三芝區,22061,year_end_registered_population,65.9909,334.3036691,8410,population_density_114.csv
2025,新北市,三重區,382778,year_end_registered_population,16.317,23458.8466,8410,population_density_114.csv
2025,新北市,中和區,403791,year_end_registered_population,20.144,20045.22438,8410,population_density_114.csv
2025,新北市,五股區,94717,year_end_registered_population,34.8632,2716.818881,8410,population_density_114.csv
2025,新北市,八里區,43495,year_end_registered_population,39.4933,1101.326048,8410,population_density_114.csv
2025,新北市,土城區,242713,year_end_registered_population,29.5578,8211.470407,8410,population_density_114.csv
2025,新北市,坪林區,6163,year_end_registered_population,170.835,36.0757456,8410,population_density_114.csv
2025,新北市,平溪區,3900,year_end_registered_population,71.3382,54.66916743,8410,population_density_114.csv
2025,新北市,新店區,306884,year_end_registered_population,120.2255,2552.569962,8410,population_density_114.csv
2025,新北市,新莊區,421239,year_end_registered_population,19.7383,21341.1996,8410,population_density_114.csv
2025,新北市,板橋區,549762,year_end_registered_population,23.1373,23760.85369,8410,population_density_114.csv
2025,新北市,林口區,138461,year_end_registered_population,54.1519,2556.900127,8410,population_density_114.csv
2025,新北市,樹林區,177412,year_end_registered_population,33.1288,5355.219628,8410,population_density_114.csv
2025,新北市,永和區,211536,year_end_registered_population,5.7138,37021.94687,8410,population_density_114.csv
2025,新北市,汐止區,212758,year_end_registered_population,71.2354,2986.689202,8410,population_density_114.csv
2025,新北市,泰山區,78083,year_end_registered_population,19.1603,4075.249344,8410,population_density_114.csv
2025,新北市,淡水區,208004,year_end_registered_population,70.6565,2943.87636,8410,population_density_114.csv
2025,新北市,深坑區,23639,year_end_registered_population,20.5787,1148.712018,8410,population_density_114.csv
2025,新北市,烏來區,6199,year_end_registered_population,321.1306,19.30367271,8410,population_density_114.csv
2025,新北市,瑞芳區,35623,year_end_registered_population,70.7336,503.622041,8410,population_density_114.csv
2025,新北市,石碇區,6917,year_end_registered_population,144.3498,47.91832064,8410,population_density_114.csv
2025,新北市,石門區,9994,year_end_registered_population,51.2645,194.9497215,8410,population_density_114.csv
2025,新北市,萬里區,20209,year_end_registered_population,63.3766,318.871634,8410,population_density_114.csv
2025,新北市,蘆洲區,196371,year_end_registered_population,7.4351,26411.34618,8410,population_density_114.csv
2025,新北市,貢寮區,10445,year_end_registered_population,99.9734,104.4777911,8410,population_density_114.csv
2025,新北市,金山區,19725,year_end_registered_population,49.2132,400.8071005,8410,population_density_114.csv
2025,新北市,雙溪區,7442,year_end_registered_population,146.2484,50.88602679,8410,population_density_114.csv
2025,新北市,鶯歌區,89501,year_end_registered_population,21.1248,4236.773839,8410,population_density_114.csv
2025,新竹市,北區,153915,year_end_registered_population,15.7267,9786.85929,8410,population_density_114.csv
2025,新竹市,東區,222219,year_end_registered_population,33.5768,6618.230445,8410,population_density_114.csv
2025,新竹市,香山區,79606,year_end_registered_population,54.8491,1451.363833,8410,population_density_114.csv
2025,新竹縣,五峰鄉,4397,year_end_registered_population,227.728,19.30812197,8410,population_density_114.csv
2025,新竹縣,北埔鄉,8289,year_end_registered_population,50.6676,163.5956706,8410,population_density_114.csv
2025,新竹縣,寶山鄉,14588,year_end_registered_population,64.7871,225.168282,8410,population_density_114.csv
2025,新竹縣,尖石鄉,9464,year_end_registered_population,527.5795,17.9385287,8410,population_density_114.csv
2025,新竹縣,峨眉鄉,4970,year_end_registered_population,46.801,106.1943121,8410,population_density_114.csv
2025,新竹縣,新埔鎮,33561,year_end_registered_population,72.1911,464.8911015,8410,population_density_114.csv
2025,新竹縣,新豐鄉,59839,year_end_registered_population,46.3496,1291.035953,8410,population_density_114.csv
2025,新竹縣,橫山鄉,11901,year_end_registered_population,66.3502,179.3664526,8410,population_density_114.csv
2025,新竹縣,湖口鄉,84963,year_end_registered_population,58.4303,1454.091456,8410,population_density_114.csv
2025,新竹縣,竹北市,220973,year_end_registered_population,46.8341,4718.20746,8410,population_density_114.csv
2025,新竹縣,竹東鎮,97894,year_end_registered_population,53.5133,1829.339622,8410,population_density_114.csv
2025,新竹縣,芎林鄉,20385,year_end_registered_population,40.7858,499.8063051,8410,population_density_114.csv
2025,新竹縣,關西鎮,26011,year_end_registered_population,125.5193,207.2270958,8410,population_density_114.csv
2025,桃園市,中壢區,439213,year_end_registered_population,76.52,5739.845792,8410,population_density_114.csv
2025,桃園市,八德區,216058,year_end_registered_population,33.7111,6409.105606,8410,population_density_114.csv
2025,桃園市,大園區,89713,year_end_registered_population,87.3925,1026.552622,8410,population_density_114.csv
2025,桃園市,大溪區,93799,year_end_registered_population,105.1206,892.2989405,8410,population_density_114.csv
2025,桃園市,平鎮區,228210,year_end_registered_population,47.7532,4778.946751,8410,population_density_114.csv
2025,桃園市,復興區,13296,year_end_registered_population,350.7775,37.90436958,8410,population_density_114.csv
2025,桃園市,新屋區,49723,year_end_registered_population,85.0166,584.8622504,8410,population_density_114.csv
2025,桃園市,桃園區,478487,year_end_registered_population,34.8046,13747.8092,8410,population_density_114.csv
2025,桃園市,楊梅區,182837,year_end_registered_population,89.1229,2051.515379,8410,population_density_114.csv
2025,桃園市,蘆竹區,170556,year_end_registered_population,75.5025,2258.945068,8410,population_density_114.csv
2025,桃園市,觀音區,77526,year_end_registered_population,87.9807,881.1705294,8410,population_density_114.csv
2025,桃園市,龍潭區,127360,year_end_registered_population,75.2341,1692.849386,8410,population_density_114.csv
2025,桃園市,龜山區,188328,year_end_registered_population,72.0177,2615.023807,8410,population_density_114.csv
2025,澎湖縣,七美鄉,3914,year_end_registered_population,6.9868,560.1992328,8410,population_density_114.csv
2025,澎湖縣,望安鄉,5266,year_end_registered_population,13.7824,382.0814952,8410,population_density_114.csv
2025,澎湖縣,湖西鄉,16131,year_end_registered_population,33.3008,484.4027771,8410,population_density_114.csv
2025,澎湖縣,白沙鄉,10084,year_end_registered_population,20.0875,502.0037337,8410,population_density_114.csv
2025,澎湖縣,西嶼鄉,8039,year_end_registered_population,18.7148,429.553081,8410,population_density_114.csv
2025,澎湖縣,馬公市,63282,year_end_registered_population,33.9918,1861.684289,8410,population_density_114.csv
2025,臺中市,中區,18029,year_end_registered_population,0.8803,20480.51801,8410,population_density_114.csv
2025,臺中市,北區,143537,year_end_registered_population,6.9376,20689.71979,8410,population_density_114.csv
2025,臺中市,北屯區,317182,year_end_registered_population,62.7034,5058.449781,8410,population_density_114.csv
2025,臺中市,南區,128309,year_end_registered_population,6.8101,18840.98618,8410,population_density_114.csv
2025,臺中市,南屯區,186105,year_end_registered_population,31.2578,5953.873913,8410,population_density_114.csv
2025,臺中市,后里區,52754,year_end_registered_population,58.9439,894.9865889,8410,population_density_114.csv
2025,臺中市,和平區,10469,year_end_registered_population,1037.8192,10.08749886,8410,population_density_114.csv
2025,臺中市,外埔區,30823,year_end_registered_population,42.4099,726.7878491,8410,population_density_114.csv
2025,臺中市,大安區,17487,year_end_registered_population,27.4045,638.1068803,8410,population_density_114.csv
2025,臺中市,大甲區,73108,year_end_registered_population,58.5192,1249.299375,8410,population_density_114.csv
2025,臺中市,大肚區,55255,year_end_registered_population,37.0024,1493.281517,8410,population_density_114.csv
2025,臺中市,大里區,211094,year_end_registered_population,28.8758,7310.412179,8410,population_density_114.csv
2025,臺中市,大雅區,94741,year_end_registered_population,32.4109,2923.121542,8410,population_density_114.csv
2025,臺中市,太平區,201536,year_end_registered_population,120.7473,1669.072518,8410,population_density_114.csv
2025,臺中市,新社區,22579,year_end_registered_population,68.8874,327.7667614,8410,population_density_114.csv
2025,臺中市,東勢區,46488,year_end_registered_population,117.4065,395.9576344,8410,population_density_114.csv
2025,臺中市,東區,77745,year_end_registered_population,9.2855,8372.731678,8410,population_density_114.csv
2025,臺中市,梧棲區,65685,year_end_registered_population,16.6049,3955.760047,8410,population_density_114.csv
2025,臺中市,沙鹿區,101419,year_end_registered_population,40.4604,2506.623761,8410,population_density_114.csv
2025,臺中市,清水區,90640,year_end_registered_population,64.1709,1412.478242,8410,population_density_114.csv
2025,臺中市,潭子區,109314,year_end_registered_population,25.8497,4228.830509,8410,population_density_114.csv
2025,臺中市,烏日區,82248,year_end_registered_population,43.4032,1894.975486,8410,population_density_114.csv
2025,臺中市,石岡區,13668,year_end_registered_population,18.2105,750.5559979,8410,population_density_114.csv
2025,臺中市,神岡區,63271,year_end_registered_population,35.0445,1805.44736,8410,population_density_114.csv
2025,臺中市,西區,113288,year_end_registered_population,5.7042,19860.4537,8410,population_density_114.csv
2025,臺中市,西屯區,238052,year_end_registered_population,39.8467,5974.196107,8410,population_density_114.csv
2025,臺中市,豐原區,161771,year_end_registered_population,41.1845,3927.958334,8410,population_density_114.csv
2025,臺中市,霧峰區,62627,year_end_registered_population,98.0779,638.5434435,8410,population_density_114.csv
2025,臺中市,龍井區,79241,year_end_registered_population,38.0377,2083.222697,8410,population_density_114.csv
2025,臺北市,中山區,212152,year_end_registered_population,13.6821,15505.80686,8410,population_density_114.csv
2025,臺北市,中正區,144109,year_end_registered_population,7.6071,18944.01283,8410,population_density_114.csv
2025,臺北市,信義區,201446,year_end_registered_population,11.2077,17973.89295,8410,population_density_114.csv
2025,臺北市,內湖區,267959,year_end_registered_population,31.5787,8485.434803,8410,population_density_114.csv
2025,臺北市,北投區,235678,year_end_registered_population,56.8216,4147.683275,8410,population_density_114.csv
2025,臺北市,南港區,111239,year_end_registered_population,21.8424,5092.801157,8410,population_density_114.csv
2025,臺北市,士林區,258163,year_end_registered_population,62.3682,4139.337034,8410,population_density_114.csv
2025,臺北市,大同區,116618,year_end_registered_population,5.6815,20525.91745,8410,population_density_114.csv
2025,臺北市,大安區,282328,year_end_registered_population,11.3614,24849.75443,8410,population_density_114.csv
2025,臺北市,文山區,253822,year_end_registered_population,31.509,8055.539687,8410,population_density_114.csv
2025,臺北市,松山區,187318,year_end_registered_population,9.2878,20168.17761,8410,population_density_114.csv
2025,臺北市,萬華區,168675,year_end_registered_population,8.8522,19054.5853,8410,population_density_114.csv
2025,臺南市,七股區,20493,year_end_registered_population,110.1492,186.0476517,8410,population_density_114.csv
2025,臺南市,下營區,21742,year_end_registered_population,33.5291,648.4516435,8410,population_density_114.csv
2025,臺南市,中西區,75802,year_end_registered_population,6.26,12108.94569,8410,population_density_114.csv
2025,臺南市,仁德區,77496,year_end_registered_population,50.7664,1526.521479,8410,population_density_114.csv
2025,臺南市,佳里區,58328,year_end_registered_population,38.9422,1497.809574,8410,population_density_114.csv
2025,臺南市,六甲區,20880,year_end_registered_population,67.5471,309.1176379,8410,population_density_114.csv
2025,臺南市,北區,125439,year_end_registered_population,10.434,12022.13916,8410,population_density_114.csv
2025,臺南市,北門區,9436,year_end_registered_population,44.1003,213.9667984,8410,population_density_114.csv
2025,臺南市,南化區,7606,year_end_registered_population,171.5198,44.34473454,8410,population_density_114.csv
2025,臺南市,南區,119121,year_end_registered_population,27.2681,4368.511191,8410,population_density_114.csv
2025,臺南市,善化區,53888,year_end_registered_population,55.3097,974.295648,8410,population_density_114.csv
2025,臺南市,大內區,8427,year_end_registered_population,70.3125,119.8506667,8410,population_density_114.csv
2025,臺南市,學甲區,24365,year_end_registered_population,53.9919,451.2713944,8410,population_density_114.csv
2025,臺南市,安南區,204534,year_end_registered_population,107.2016,1907.937941,8410,population_density_114.csv
2025,臺南市,安定區,29783,year_end_registered_population,31.27,952.4464343,8410,population_density_114.csv
2025,臺南市,安平區,71256,year_end_registered_population,11.0663,6439.008521,8410,population_density_114.csv
2025,臺南市,官田區,20527,year_end_registered_population,70.7953,289.9486265,8410,population_density_114.csv
2025,臺南市,將軍區,17598,year_end_registered_population,41.9796,419.2036132,8410,population_density_114.csv
2025,臺南市,山上區,6796,year_end_registered_population,27.878,243.7764546,8410,population_density_114.csv
2025,臺南市,左鎮區,4095,year_end_registered_population,74.9025,54.67107239,8410,population_density_114.csv
2025,臺南市,後壁區,20840,year_end_registered_population,72.2189,288.5671202,8410,population_density_114.csv
2025,臺南市,新化區,41932,year_end_registered_population,62.0579,675.6915719,8410,population_density_114.csv
2025,臺南市,新市區,38279,year_end_registered_population,47.8096,800.6550986,8410,population_density_114.csv
2025,臺南市,新營區,74493,year_end_registered_population,38.5386,1932.945151,8410,population_density_114.csv
2025,臺南市,東區,180856,year_end_registered_population,13.4156,13481.02209,8410,population_density_114.csv
2025,臺南市,東山區,18490,year_end_registered_population,124.9178,148.0173362,8410,population_density_114.csv
2025,臺南市,柳營區,19831,year_end_registered_population,61.2929,323.5448151,8410,population_density_114.csv
2025,臺南市,楠西區,8392,year_end_registered_population,109.6316,76.54727287,8410,population_density_114.csv
2025,臺南市,歸仁區,70574,year_end_registered_population,55.7913,1264.964251,8410,population_density_114.csv
2025,臺南市,永康區,235805,year_end_registered_population,40.2753,5854.829138,8410,population_density_114.csv
2025,臺南市,玉井區,12674,year_end_registered_population,76.3662,165.963476,8410,population_density_114.csv
2025,臺南市,白河區,24948,year_end_registered_population,126.4046,197.3662351,8410,population_density_114.csv
2025,臺南市,西港區,24811,year_end_registered_population,33.7666,734.7793382,8410,population_density_114.csv
2025,臺南市,關廟區,33198,year_end_registered_population,53.6413,618.888804,8410,population_density_114.csv
2025,臺南市,鹽水區,23635,year_end_registered_population,52.2455,452.3834589,8410,population_density_114.csv
2025,臺南市,麻豆區,42873,year_end_registered_population,53.9744,794.3210114,8410,population_density_114.csv
2025,臺南市,龍崎區,3234,year_end_registered_population,64.0814,50.46706221,8410,population_density_114.csv
2025,臺東縣,卑南鄉,16264,year_end_registered_population,412.6871,39.41000337,8410,population_density_114.csv
2025,臺東縣,大武鄉,5327,year_end_registered_population,69.1454,77.04055512,8410,population_density_114.csv
2025,臺東縣,太麻里鄉,10375,year_end_registered_population,96.6523,107.3435397,8410,population_density_114.csv
2025,臺東縣,延平鄉,3547,year_end_registered_population,455.8805,7.780547753,8410,population_density_114.csv
2025,臺東縣,成功鎮,12754,year_end_registered_population,143.9939,88.5731965,8410,population_density_114.csv
2025,臺東縣,東河鄉,7710,year_end_registered_population,210.1908,36.68095844,8410,population_density_114.csv
2025,臺東縣,池上鄉,7529,year_end_registered_population,82.6854,91.05597844,8410,population_density_114.csv
2025,臺東縣,海端鄉,4317,year_end_registered_population,880.0382,4.905468876,8410,population_density_114.csv
2025,臺東縣,綠島鄉,4327,year_end_registered_population,15.0919,286.7100895,8410,population_density_114.csv
2025,臺東縣,臺東市,102681,year_end_registered_population,109.7691,935.4271831,8410,population_density_114.csv
2025,臺東縣,蘭嶼鄉,5220,year_end_registered_population,48.3892,107.875311,8410,population_density_114.csv
2025,臺東縣,達仁鄉,3437,year_end_registered_population,306.4454,11.21570107,8410,population_density_114.csv
2025,臺東縣,金峰鄉,3682,year_end_registered_population,380.6635,9.672584842,8410,population_density_114.csv
2025,臺東縣,長濱鄉,6469,year_end_registered_population,155.1868,41.68524643,8410,population_density_114.csv
2025,臺東縣,關山鎮,7757,year_end_registered_population,58.7351,132.0675371,8410,population_density_114.csv
2025,臺東縣,鹿野鄉,6924,year_end_registered_population,89.698,77.19235657,8410,population_density_114.csv
2025,花蓮縣,光復鄉,11478,year_end_registered_population,157.11,73.05709376,8410,population_density_114.csv
2025,花蓮縣,卓溪鄉,5851,year_end_registered_population,1021.313,5.728899955,8410,population_density_114.csv
2025,花蓮縣,吉安鄉,83004,year_end_registered_population,65.2582,1271.93211,8410,population_density_114.csv
2025,花蓮縣,壽豐鄉,16628,year_end_registered_population,218.4448,76.11991679,8410,population_density_114.csv
2025,花蓮縣,富里鄉,9386,year_end_registered_population,176.3705,53.21751653,8410,population_density_114.csv
2025,花蓮縣,新城鄉,20492,year_end_registered_population,29.4095,696.7816522,8410,population_density_114.csv
2025,花蓮縣,玉里鎮,21277,year_end_registered_population,252.3719,84.3081183,8410,population_density_114.csv
2025,花蓮縣,瑞穗鄉,10388,year_end_registered_population,135.5862,76.61546677,8410,population_density_114.csv
2025,花蓮縣,秀林鄉,17178,year_end_registered_population,1641.8555,10.46255289,8410,population_density_114.csv
2025,花蓮縣,花蓮市,96860,year_end_registered_population,29.4095,3293.493599,8410,population_density_114.csv
2025,花蓮縣,萬榮鄉,6047,year_end_registered_population,618.491,9.777021816,8410,population_density_114.csv
2025,花蓮縣,豐濱鄉,4082,year_end_registered_population,162.4332,25.1303305,8410,population_density_114.csv
2025,花蓮縣,鳳林鎮,10136,year_end_registered_population,120.5181,84.10354959,8410,population_density_114.csv
2025,苗栗縣,三灣鄉,5664,year_end_registered_population,52.2964,108.3057342,8410,population_density_114.csv
2025,苗栗縣,三義鄉,14485,year_end_registered_population,69.3424,208.8909527,8410,population_density_114.csv
2025,苗栗縣,公館鄉,30461,year_end_registered_population,71.4523,426.312379,8410,population_density_114.csv
2025,苗栗縣,卓蘭鎮,14483,year_end_registered_population,76.3153,189.7784586,8410,population_density_114.csv
2025,苗栗縣,南庄鄉,8576,year_end_registered_population,165.4938,51.82067244,8410,population_density_114.csv
2025,苗栗縣,大湖鄉,12310,year_end_registered_population,90.8396,135.5135866,8410,population_density_114.csv
2025,苗栗縣,後龍鎮,33531,year_end_registered_population,75.8079,442.3153787,8410,population_density_114.csv
2025,苗栗縣,泰安鄉,5401,year_end_registered_population,614.5127,8.789077915,8410,population_density_114.csv
2025,苗栗縣,獅潭鄉,3943,year_end_registered_population,79.4324,49.63969363,8410,population_density_114.csv
2025,苗栗縣,竹南鎮,91538,year_end_registered_population,37.5592,2437.165861,8410,population_density_114.csv
2025,苗栗縣,苑裡鎮,43237,year_end_registered_population,68.2473,633.5342204,8410,population_density_114.csv
2025,苗栗縣,苗栗市,85838,year_end_registered_population,37.8878,2265.584172,8410,population_density_114.csv
2025,苗栗縣,西湖鄉,5875,year_end_registered_population,41.0758,143.0282551,8410,population_density_114.csv
2025,苗栗縣,通霄鎮,30618,year_end_registered_population,107.8486,283.8979829,8410,population_density_114.csv
2025,苗栗縣,造橋鄉,11548,year_end_registered_population,47.9978,240.5943606,8410,population_density_114.csv
2025,苗栗縣,銅鑼鄉,16079,year_end_registered_population,78.3805,205.1403091,8410,population_density_114.csv
2025,苗栗縣,頭份市,108231,year_end_registered_population,53.3205,2029.819675,8410,population_density_114.csv
2025,苗栗縣,頭屋鄉,9354,year_end_registered_population,52.5046,178.1558187,8410,population_density_114.csv
2025,連江縣,北竿鄉,2930,year_end_registered_population,9.9,295.959596,8410,population_density_114.csv
2025,連江縣,南竿鄉,7629,year_end_registered_population,10.4,733.5576923,8410,population_density_114.csv
2025,連江縣,東引鄉,1525,year_end_registered_population,3.8,401.3157895,8410,population_density_114.csv
2025,連江縣,莒光鄉,1537,year_end_registered_population,4.7,327.0212766,8410,population_density_114.csv
2025,金門縣,烈嶼鄉,12050,year_end_registered_population,16.003,752.9838155,8410,population_density_114.csv
2025,金門縣,烏坵鄉,593,year_end_registered_population,1.2,494.1666667,8410,population_density_114.csv
2025,金門縣,金城鎮,40998,year_end_registered_population,21.713,1888.177589,8410,population_density_114.csv
2025,金門縣,金寧鄉,35287,year_end_registered_population,29.854,1181.985664,8410,population_density_114.csv
2025,金門縣,金沙鎮,19840,year_end_registered_population,41.19,481.6703083,8410,population_density_114.csv
2025,金門縣,金湖鎮,30545,year_end_registered_population,41.696,732.5642748,8410,population_density_114.csv
2025,雲林縣,二崙鄉,24165,year_end_registered_population,59.5625,405.7082896,8410,population_density_114.csv
2025,雲林縣,元長鄉,22478,year_end_registered_population,71.5872,313.9946806,8410,population_density_114.csv
2025,雲林縣,北港鎮,37053,year_end_registered_population,41.4999,892.8455249,8410,population_density_114.csv
2025,雲林縣,口湖鄉,23945,year_end_registered_population,80.4612,297.5968541,8410,population_density_114.csv
2025,雲林縣,古坑鄉,29193,year_end_registered_population,166.6059,175.2218859,8410,population_density_114.csv
2025,雲林縣,四湖鄉,20210,year_end_registered_population,77.1189,262.0628666,8410,population_density_114.csv
2025,雲林縣,土庫鎮,27234,year_end_registered_population,49.0212,555.5555556,8410,population_density_114.csv
2025,雲林縣,大埤鄉,17521,year_end_registered_population,44.9973,389.3789183,8410,population_density_114.csv
2025,雲林縣,崙背鄉,22255,year_end_registered_population,58.484,380.5314274,8410,population_density_114.csv
2025,雲林縣,斗六市,109030,year_end_registered_population,93.7151,1163.419769,8410,population_density_114.csv
2025,雲林縣,斗南鎮,43322,year_end_registered_population,48.1505,899.7206675,8410,population_density_114.csv
2025,雲林縣,東勢鄉,12885,year_end_registered_population,48.3562,266.4601437,8410,population_density_114.csv
2025,雲林縣,林內鄉,16285,year_end_registered_population,37.6035,433.0713896,8410,population_density_114.csv
2025,雲林縣,水林鄉,21805,year_end_registered_population,72.9582,298.8697638,8410,population_density_114.csv
2025,雲林縣,臺西鄉,20778,year_end_registered_population,54.0983,384.0786125,8410,population_density_114.csv
2025,雲林縣,莿桐鄉,27201,year_end_registered_population,50.8502,534.9241498,8410,population_density_114.csv
2025,雲林縣,虎尾鎮,71349,year_end_registered_population,68.742,1037.924413,8410,population_density_114.csv
2025,雲林縣,褒忠鄉,11490,year_end_registered_population,37.0552,310.0779378,8410,population_density_114.csv
2025,雲林縣,西螺鎮,43975,year_end_registered_population,49.7985,883.0587267,8410,population_density_114.csv
2025,雲林縣,麥寮鄉,48815,year_end_registered_population,80.1668,608.9179062,8410,population_density_114.csv
2025,高雄市,三民區,328827,year_end_registered_population,19.7866,16618.67122,8410,population_density_114.csv
2025,高雄市,仁武區,100311,year_end_registered_population,36.0808,2780.176714,8410,population_density_114.csv
2025,高雄市,內門區,12519,year_end_registered_population,95.6224,130.9212067,8410,population_density_114.csv
2025,高雄市,六龜區,11286,year_end_registered_population,194.1584,58.12779669,8410,population_density_114.csv
2025,高雄市,前金區,27670,year_end_registered_population,1.8573,14897.97017,8410,population_density_114.csv
2025,高雄市,前鎮區,176845,year_end_registered_population,19.1207,9248.876872,8410,population_density_114.csv
2025,高雄市,大寮區,112239,year_end_registered_population,71.04,1579.940878,8410,population_density_114.csv
2025,高雄市,大樹區,39906,year_end_registered_population,66.9811,595.7800036,8410,population_density_114.csv
2025,高雄市,大社區,33741,year_end_registered_population,26.5848,1269.183895,8410,population_density_114.csv
2025,高雄市,小港區,153310,year_end_registered_population,45.4426,3373.70661,8410,population_density_114.csv
2025,高雄市,岡山區,94624,year_end_registered_population,47.9421,1973.714126,8410,population_density_114.csv
2025,高雄市,左營區,197621,year_end_registered_population,19.3823,10195.95198,8410,population_density_114.csv
2025,高雄市,彌陀區,17715,year_end_registered_population,14.7772,1198.806269,8410,population_density_114.csv
2025,高雄市,新興區,49380,year_end_registered_population,1.9764,24984.82089,8410,population_density_114.csv
2025,高雄市,旗山區,33368,year_end_registered_population,94.6122,352.6817895,8410,population_density_114.csv
2025,高雄市,旗津區,24906,year_end_registered_population,1.7341,14362.49351,8410,population_density_114.csv
2025,高雄市,杉林區,10569,year_end_registered_population,104.0036,101.6214823,8410,population_density_114.csv
2025,高雄市,林園區,67341,year_end_registered_population,32.286,2085.764728,8410,population_density_114.csv
2025,高雄市,桃源區,4151,year_end_registered_population,928.98,4.468341622,8410,population_density_114.csv
2025,高雄市,梓官區,34701,year_end_registered_population,11.5967,2992.31678,8410,population_density_114.csv
2025,高雄市,楠梓區,195613,year_end_registered_population,25.8276,7573.797023,8410,population_density_114.csv
2025,高雄市,橋頭區,43341,year_end_registered_population,25.9379,1670.952544,8410,population_density_114.csv
2025,高雄市,永安區,13510,year_end_registered_population,22.6141,597.4148872,8410,population_density_114.csv
2025,高雄市,湖內區,29295,year_end_registered_population,20.1615,1453.016889,8410,population_density_114.csv
2025,高雄市,燕巢區,28348,year_end_registered_population,65.395,433.4887988,8410,population_density_114.csv
2025,高雄市,田寮區,6125,year_end_registered_population,92.6802,66.08747068,8410,population_density_114.csv
2025,高雄市,甲仙區,5279,year_end_registered_population,124.034,42.56091072,8410,population_density_114.csv
2025,高雄市,美濃區,36074,year_end_registered_population,120.0316,300.5375251,8410,population_density_114.csv
2025,高雄市,苓雅區,161185,year_end_registered_population,8.1522,19771.9634,8410,population_density_114.csv
2025,高雄市,茂林區,1846,year_end_registered_population,194,9.515463918,8410,population_density_114.csv
2025,高雄市,茄萣區,28732,year_end_registered_population,15.7624,1822.81886,8410,population_density_114.csv
2025,高雄市,路竹區,48906,year_end_registered_population,48.4348,1009.728542,8410,population_density_114.csv
2025,高雄市,那瑪夏區,3111,year_end_registered_population,252.9895,12.29695304,8410,population_density_114.csv
2025,高雄市,阿蓮區,26785,year_end_registered_population,34.6164,773.7661917,8410,population_density_114.csv
2025,高雄市,鳥松區,43703,year_end_registered_population,24.5927,1777.072058,8410,population_density_114.csv
2025,高雄市,鳳山區,353000,year_end_registered_population,26.759,13191.82331,8410,population_density_114.csv
2025,高雄市,鹽埕區,21871,year_end_registered_population,1.4161,15444.53075,8410,population_density_114.csv
2025,高雄市,鼓山區,140791,year_end_registered_population,14.7523,9543.664378,8410,population_density_114.csv
