year,county,crime_type,dataset14200_preliminary_count,official_annual_count,absolute_difference,percent_difference_vs_official,comparison_status,preliminary_statistics_label,official_statistics_label
2016,南投縣,毒品,810,1200,-390,-32.5,comparable,警政署季度初步案件資料,警政署／刑事警察局年度正式統計
2016,南投縣,強盜,6,7,-1,-14.2857142857,comparable,警政署季度初步案件資料,警政署／刑事警察局年度正式統計
2016,南投縣,搶奪,6,6,0,0,comparable,警政署季度初步案件資料,警政署／刑事警察局年度正式統計
2016,南投縣,住宅竊盜,103,121,-18,-14.8760330579,comparable,警政署季度初步案件資料,警政署／刑事警察局年度正式統計
2016,南投縣,汽車竊盜,127,126,1,0.7936507937,comparable,警政署季度初步案件資料,警政署／刑事警察局年度正式統計
2016,南投縣,機車竊盜,298,292,6,2.0547945205,comparable,警政署季度初步案件資料,警政署／刑事警察局年度正式統計
2016,南投縣,強制性交,15,19,-4,-21.0526315789,comparable,警政署季度初步案件資料,警政署／刑事警察局年度正式統計
2016,嘉義市,毒品,494,743,-249,-33.5127860027,comparable,警政署季度初步案件資料,警政署／刑事警察局年度正式統計
2016,嘉義市,強盜,4,5,-1,-20,comparable,警政署季度初步案件資料,警政署／刑事警察局年度正式統計
2016,嘉義市,搶奪,0,0,0,,comparable,警政署季度初步案件資料,警政署／刑事警察局年度正式統計
2016,嘉義市,住宅竊盜,19,28,-9,-32.1428571429,comparable,警政署季度初步案件資料,警政署／刑事警察局年度正式統計
2016,嘉義市,汽車竊盜,76,77,-1,-1.2987012987,comparable,警政署季度初步案件資料,警政署／刑事警察局年度正式統計
2016,嘉義市,機車竊盜,106,114,-8,-7.0175438596,comparable,警政署季度初步案件資料,警政署／刑事警察局年度正式統計
2016,嘉義市,強制性交,12,15,-3,-20,comparable,警政署季度初步案件資料,警政署／刑事警察局年度正式統計
2016,嘉義縣,毒品,514,950,-436,-45.8947368421,comparable,警政署季度初步案件資料,警政署／刑事警察局年度正式統計
2016,嘉義縣,強盜,0,0,0,,comparable,警政署季度初步案件資料,警政署／刑事警察局年度正式統計
2016,嘉義縣,搶奪,2,3,-1,-33.3333333333,comparable,警政署季度初步案件資料,警政署／刑事警察局年度正式統計
2016,嘉義縣,住宅竊盜,25,38,-13,-34.2105263158,comparable,警政署季度初步案件資料,警政署／刑事警察局年度正式統計
2016,嘉義縣,汽車竊盜,72,74,-2,-2.7027027027,comparable,警政署季度初步案件資料,警政署／刑事警察局年度正式統計
2016,嘉義縣,機車竊盜,126,125,1,0.8,comparable,警政署季度初步案件資料,警政署／刑事警察局年度正式統計
2016,嘉義縣,強制性交,13,18,-5,-27.7777777778,comparable,警政署季度初步案件資料,警政署／刑事警察局年度正式統計
2016,基隆市,毒品,1253,1752,-499,-28.4817351598,comparable,警政署季度初步案件資料,警政署／刑事警察局年度正式統計
2016,基隆市,強盜,8,9,-1,-11.1111111111,comparable,警政署季度初步案件資料,警政署／刑事警察局年度正式統計
2016,基隆市,搶奪,3,3,0,0,comparable,警政署季度初步案件資料,警政署／刑事警察局年度正式統計
2016,基隆市,住宅竊盜,71,101,-30,-29.702970297,comparable,警政署季度初步案件資料,警政署／刑事警察局年度正式統計
2016,基隆市,汽車竊盜,22,22,0,0,comparable,警政署季度初步案件資料,警政署／刑事警察局年度正式統計
2016,基隆市,機車竊盜,228,243,-15,-6.1728395062,comparable,警政署季度初步案件資料,警政署／刑事警察局年度正式統計
2016,基隆市,強制性交,15,19,-4,-21.0526315789,comparable,警政署季度初步案件資料,警政署／刑事警察局年度正式統計
2016,宜蘭縣,毒品,700,964,-264,-27.3858921162,comparable,警政署季度初步案件資料,警政署／刑事警察局年度正式統計
2016,宜蘭縣,強盜,6,7,-1,-14.2857142857,comparable,警政署季度初步案件資料,警政署／刑事警察局年度正式統計
2016,宜蘭縣,搶奪,5,5,0,0,comparable,警政署季度初步案件資料,警政署／刑事警察局年度正式統計
2016,宜蘭縣,住宅竊盜,95,119,-24,-20.1680672269,comparable,警政署季度初步案件資料,警政署／刑事警察局年度正式統計
2016,宜蘭縣,汽車竊盜,108,114,-6,-5.2631578947,comparable,警政署季度初步案件資料,警政署／刑事警察局年度正式統計
2016,宜蘭縣,機車竊盜,199,222,-23,-10.3603603604,comparable,警政署季度初步案件資料,警政署／刑事警察局年度正式統計
2016,宜蘭縣,強制性交,11,14,-3,-21.4285714286,comparable,警政署季度初步案件資料,警政署／刑事警察局年度正式統計
2016,屏東縣,毒品,1538,2505,-967,-38.6027944112,comparable,警政署季度初步案件資料,警政署／刑事警察局年度正式統計
2016,屏東縣,強盜,7,9,-2,-22.2222222222,comparable,警政署季度初步案件資料,警政署／刑事警察局年度正式統計
2016,屏東縣,搶奪,15,15,0,0,comparable,警政署季度初步案件資料,警政署／刑事警察局年度正式統計
2016,屏東縣,住宅竊盜,53,75,-22,-29.3333333333,comparable,警政署季度初步案件資料,警政署／刑事警察局年度正式統計
2016,屏東縣,汽車竊盜,232,238,-6,-2.5210084034,comparable,警政署季度初步案件資料,警政署／刑事警察局年度正式統計
2016,屏東縣,機車竊盜,469,485,-16,-3.2989690722,comparable,警政署季度初步案件資料,警政署／刑事警察局年度正式統計
2016,屏東縣,強制性交,1,3,-2,-66.6666666667,comparable,警政署季度初步案件資料,警政署／刑事警察局年度正式統計
2016,彰化縣,毒品,1413,2209,-796,-36.034404708,comparable,警政署季度初步案件資料,警政署／刑事警察局年度正式統計
2016,彰化縣,強盜,12,12,0,0,comparable,警政署季度初步案件資料,警政署／刑事警察局年度正式統計
2016,彰化縣,搶奪,18,19,-1,-5.2631578947,comparable,警政署季度初步案件資料,警政署／刑事警察局年度正式統計
2016,彰化縣,住宅竊盜,92,129,-37,-28.6821705426,comparable,警政署季度初步案件資料,警政署／刑事警察局年度正式統計
2016,彰化縣,汽車竊盜,134,136,-2,-1.4705882353,comparable,警政署季度初步案件資料,警政署／刑事警察局年度正式統計
2016,彰化縣,機車竊盜,319,340,-21,-6.1764705882,comparable,警政署季度初步案件資料,警政署／刑事警察局年度正式統計
2016,彰化縣,強制性交,27,26,1,3.8461538462,comparable,警政署季度初步案件資料,警政署／刑事警察局年度正式統計
2016,新北市,毒品,7982,10034,-2052,-20.4504684074,comparable,警政署季度初步案件資料,警政署／刑事警察局年度正式統計
2016,新北市,強盜,59,61,-2,-3.2786885246,comparable,警政署季度初步案件資料,警政署／刑事警察局年度正式統計
2016,新北市,搶奪,48,49,-1,-2.0408163265,comparable,警政署季度初步案件資料,警政署／刑事警察局年度正式統計
2016,新北市,住宅竊盜,549,955,-406,-42.5130890052,comparable,警政署季度初步案件資料,警政署／刑事警察局年度正式統計
2016,新北市,汽車竊盜,386,409,-23,-5.6234718826,comparable,警政署季度初步案件資料,警政署／刑事警察局年度正式統計
2016,新北市,機車竊盜,2202,2464,-262,-10.6331168831,comparable,警政署季度初步案件資料,警政署／刑事警察局年度正式統計
2016,新北市,強制性交,38,42,-4,-9.5238095238,comparable,警政署季度初步案件資料,警政署／刑事警察局年度正式統計
2016,新竹市,毒品,372,567,-195,-34.3915343915,comparable,警政署季度初步案件資料,警政署／刑事警察局年度正式統計
2016,新竹市,強盜,2,3,-1,-33.3333333333,comparable,警政署季度初步案件資料,警政署／刑事警察局年度正式統計
2016,新竹市,搶奪,7,9,-2,-22.2222222222,comparable,警政署季度初步案件資料,警政署／刑事警察局年度正式統計
2016,新竹市,住宅竊盜,73,116,-43,-37.0689655172,comparable,警政署季度初步案件資料,警政署／刑事警察局年度正式統計
2016,新竹市,汽車竊盜,105,110,-5,-4.5454545455,comparable,警政署季度初步案件資料,警政署／刑事警察局年度正式統計
2016,新竹市,機車竊盜,378,397,-19,-4.7858942065,comparable,警政署季度初步案件資料,警政署／刑事警察局年度正式統計
2016,新竹市,強制性交,12,2,10,500,comparable,警政署季度初步案件資料,警政署／刑事警察局年度正式統計
2016,新竹縣,毒品,825,1209,-384,-31.7617866005,comparable,警政署季度初步案件資料,警政署／刑事警察局年度正式統計
2016,新竹縣,強盜,10,12,-2,-16.6666666667,comparable,警政署季度初步案件資料,警政署／刑事警察局年度正式統計
2016,新竹縣,搶奪,11,11,0,0,comparable,警政署季度初步案件資料,警政署／刑事警察局年度正式統計
2016,新竹縣,住宅竊盜,68,114,-46,-40.350877193,comparable,警政署季度初步案件資料,警政署／刑事警察局年度正式統計
2016,新竹縣,汽車竊盜,342,350,-8,-2.2857142857,comparable,警政署季度初步案件資料,警政署／刑事警察局年度正式統計
2016,新竹縣,機車竊盜,445,466,-21,-4.5064377682,comparable,警政署季度初步案件資料,警政署／刑事警察局年度正式統計
2016,新竹縣,強制性交,5,7,-2,-28.5714285714,comparable,警政署季度初步案件資料,警政署／刑事警察局年度正式統計
2016,桃園市,毒品,4823,5614,-791,-14.0897755611,comparable,警政署季度初步案件資料,警政署／刑事警察局年度正式統計
2016,桃園市,強盜,28,29,-1,-3.4482758621,comparable,警政署季度初步案件資料,警政署／刑事警察局年度正式統計
2016,桃園市,搶奪,22,22,0,0,comparable,警政署季度初步案件資料,警政署／刑事警察局年度正式統計
2016,桃園市,住宅竊盜,146,253,-107,-42.2924901186,comparable,警政署季度初步案件資料,警政署／刑事警察局年度正式統計
2016,桃園市,汽車竊盜,970,1021,-51,-4.9951028404,comparable,警政署季度初步案件資料,警政署／刑事警察局年度正式統計
2016,桃園市,機車竊盜,2688,2732,-44,-1.6105417277,comparable,警政署季度初步案件資料,警政署／刑事警察局年度正式統計
2016,桃園市,強制性交,16,16,0,0,comparable,警政署季度初步案件資料,警政署／刑事警察局年度正式統計
2016,澎湖縣,毒品,36,64,-28,-43.75,comparable,警政署季度初步案件資料,警政署／刑事警察局年度正式統計
2016,澎湖縣,強盜,0,0,0,,comparable,警政署季度初步案件資料,警政署／刑事警察局年度正式統計
2016,澎湖縣,搶奪,0,0,0,,comparable,警政署季度初步案件資料,警政署／刑事警察局年度正式統計
2016,澎湖縣,住宅竊盜,26,32,-6,-18.75,comparable,警政署季度初步案件資料,警政署／刑事警察局年度正式統計
2016,澎湖縣,汽車竊盜,8,8,0,0,comparable,警政署季度初步案件資料,警政署／刑事警察局年度正式統計
2016,澎湖縣,機車竊盜,21,24,-3,-12.5,comparable,警政署季度初步案件資料,警政署／刑事警察局年度正式統計
2016,澎湖縣,強制性交,4,5,-1,-20,comparable,警政署季度初步案件資料,警政署／刑事警察局年度正式統計
2016,臺中市,毒品,3085,4277,-1192,-27.8700023381,comparable,警政署季度初步案件資料,警政署／刑事警察局年度正式統計
2016,臺中市,強盜,22,25,-3,-12,comparable,警政署季度初步案件資料,警政署／刑事警察局年度正式統計
2016,臺中市,搶奪,24,23,1,4.347826087,comparable,警政署季度初步案件資料,警政署／刑事警察局年度正式統計
2016,臺中市,住宅竊盜,144,203,-59,-29.0640394089,comparable,警政署季度初步案件資料,警政署／刑事警察局年度正式統計
2016,臺中市,汽車竊盜,238,247,-9,-3.6437246964,comparable,警政署季度初步案件資料,警政署／刑事警察局年度正式統計
2016,臺中市,機車竊盜,1192,1312,-120,-9.1463414634,comparable,警政署季度初步案件資料,警政署／刑事警察局年度正式統計
2016,臺中市,強制性交,24,37,-13,-35.1351351351,comparable,警政署季度初步案件資料,警政署／刑事警察局年度正式統計
2016,臺北市,毒品,3981,4517,-536,-11.8662829311,comparable,警政署季度初步案件資料,警政署／刑事警察局年度正式統計
2016,臺北市,強盜,29,33,-4,-12.1212121212,comparable,警政署季度初步案件資料,警政署／刑事警察局年度正式統計
2016,臺北市,搶奪,25,25,0,0,comparable,警政署季度初步案件資料,警政署／刑事警察局年度正式統計
2016,臺北市,住宅竊盜,468,576,-108,-18.75,comparable,警政署季度初步案件資料,警政署／刑事警察局年度正式統計
2016,臺北市,汽車竊盜,87,93,-6,-6.4516129032,comparable,警政署季度初步案件資料,警政署／刑事警察局年度正式統計
2016,臺北市,機車竊盜,604,796,-192,-24.1206030151,comparable,警政署季度初步案件資料,警政署／刑事警察局年度正式統計
2016,臺北市,強制性交,57,62,-5,-8.064516129,comparable,警政署季度初步案件資料,警政署／刑事警察局年度正式統計
2016,臺南市,毒品,1774,2569,-795,-30.9458933437,comparable,警政署季度初步案件資料,警政署／刑事警察局年度正式統計
2016,臺南市,強盜,33,35,-2,-5.7142857143,comparable,警政署季度初步案件資料,警政署／刑事警察局年度正式統計
2016,臺南市,搶奪,23,23,0,0,comparable,警政署季度初步案件資料,警政署／刑事警察局年度正式統計
2016,臺南市,住宅竊盜,382,418,-36,-8.6124401914,comparable,警政署季度初步案件資料,警政署／刑事警察局年度正式統計
2016,臺南市,汽車竊盜,287,291,-4,-1.3745704467,comparable,警政署季度初步案件資料,警政署／刑事警察局年度正式統計
2016,臺南市,機車竊盜,1034,1022,12,1.1741682975,comparable,警政署季度初步案件資料,警政署／刑事警察局年度正式統計
2016,臺南市,強制性交,65,33,32,96.9696969697,comparable,警政署季度初步案件資料,警政署／刑事警察局年度正式統計
2016,臺東縣,毒品,278,415,-137,-33.0120481928,comparable,警政署季度初步案件資料,警政署／刑事警察局年度正式統計
2016,臺東縣,強盜,1,1,0,0,comparable,警政署季度初步案件資料,警政署／刑事警察局年度正式統計
2016,臺東縣,搶奪,0,0,0,,comparable,警政署季度初步案件資料,警政署／刑事警察局年度正式統計
2016,臺東縣,住宅竊盜,15,18,-3,-16.6666666667,comparable,警政署季度初步案件資料,警政署／刑事警察局年度正式統計
2016,臺東縣,汽車竊盜,14,17,-3,-17.6470588235,comparable,警政署季度初步案件資料,警政署／刑事警察局年度正式統計
2016,臺東縣,機車竊盜,118,126,-8,-6.3492063492,comparable,警政署季度初步案件資料,警政署／刑事警察局年度正式統計
2016,臺東縣,強制性交,1,1,0,0,comparable,警政署季度初步案件資料,警政署／刑事警察局年度正式統計
2016,花蓮縣,毒品,712,1238,-526,-42.4878836834,comparable,警政署季度初步案件資料,警政署／刑事警察局年度正式統計
2016,花蓮縣,強盜,3,5,-2,-40,comparable,警政署季度初步案件資料,警政署／刑事警察局年度正式統計
2016,花蓮縣,搶奪,1,2,-1,-50,comparable,警政署季度初步案件資料,警政署／刑事警察局年度正式統計
2016,花蓮縣,住宅竊盜,65,108,-43,-39.8148148148,comparable,警政署季度初步案件資料,警政署／刑事警察局年度正式統計
2016,花蓮縣,汽車竊盜,66,72,-6,-8.3333333333,comparable,警政署季度初步案件資料,警政署／刑事警察局年度正式統計
2016,花蓮縣,機車竊盜,135,142,-7,-4.9295774648,comparable,警政署季度初步案件資料,警政署／刑事警察局年度正式統計
2016,花蓮縣,強制性交,11,11,0,0,comparable,警政署季度初步案件資料,警政署／刑事警察局年度正式統計
2016,苗栗縣,毒品,602,1126,-524,-46.5364120782,comparable,警政署季度初步案件資料,警政署／刑事警察局年度正式統計
2016,苗栗縣,強盜,7,8,-1,-12.5,comparable,警政署季度初步案件資料,警政署／刑事警察局年度正式統計
2016,苗栗縣,搶奪,4,4,0,0,comparable,警政署季度初步案件資料,警政署／刑事警察局年度正式統計
2016,苗栗縣,住宅竊盜,72,110,-38,-34.5454545455,comparable,警政署季度初步案件資料,警政署／刑事警察局年度正式統計
2016,苗栗縣,汽車竊盜,141,160,-19,-11.875,comparable,警政署季度初步案件資料,警政署／刑事警察局年度正式統計
2016,苗栗縣,機車竊盜,265,272,-7,-2.5735294118,comparable,警政署季度初步案件資料,警政署／刑事警察局年度正式統計
2016,苗栗縣,強制性交,4,7,-3,-42.8571428571,comparable,警政署季度初步案件資料,警政署／刑事警察局年度正式統計
2016,連江縣,毒品,7,11,-4,-36.3636363636,comparable,警政署季度初步案件資料,警政署／刑事警察局年度正式統計
2016,連江縣,強盜,0,0,0,,comparable,警政署季度初步案件資料,警政署／刑事警察局年度正式統計
2016,連江縣,搶奪,0,0,0,,comparable,警政署季度初步案件資料,警政署／刑事警察局年度正式統計
2016,連江縣,住宅竊盜,2,2,0,0,comparable,警政署季度初步案件資料,警政署／刑事警察局年度正式統計
2016,連江縣,汽車竊盜,0,0,0,,comparable,警政署季度初步案件資料,警政署／刑事警察局年度正式統計
2016,連江縣,機車竊盜,1,1,0,0,comparable,警政署季度初步案件資料,警政署／刑事警察局年度正式統計
2016,連江縣,強制性交,0,0,0,,comparable,警政署季度初步案件資料,警政署／刑事警察局年度正式統計
2016,金門縣,毒品,36,137,-101,-73.7226277372,comparable,警政署季度初步案件資料,警政署／刑事警察局年度正式統計
2016,金門縣,強盜,0,0,0,,comparable,警政署季度初步案件資料,警政署／刑事警察局年度正式統計
2016,金門縣,搶奪,2,1,1,100,comparable,警政署季度初步案件資料,警政署／刑事警察局年度正式統計
2016,金門縣,住宅竊盜,31,33,-2,-6.0606060606,comparable,警政署季度初步案件資料,警政署／刑事警察局年度正式統計
2016,金門縣,汽車竊盜,3,5,-2,-40,comparable,警政署季度初步案件資料,警政署／刑事警察局年度正式統計
2016,金門縣,機車竊盜,27,24,3,12.5,comparable,警政署季度初步案件資料,警政署／刑事警察局年度正式統計
2016,金門縣,強制性交,7,8,-1,-12.5,comparable,警政署季度初步案件資料,警政署／刑事警察局年度正式統計
2016,雲林縣,毒品,1009,1602,-593,-37.0162297129,comparable,警政署季度初步案件資料,警政署／刑事警察局年度正式統計
2016,雲林縣,強盜,14,15,-1,-6.6666666667,comparable,警政署季度初步案件資料,警政署／刑事警察局年度正式統計
2016,雲林縣,搶奪,9,9,0,0,comparable,警政署季度初步案件資料,警政署／刑事警察局年度正式統計
2016,雲林縣,住宅竊盜,118,158,-40,-25.3164556962,comparable,警政署季度初步案件資料,警政署／刑事警察局年度正式統計
2016,雲林縣,汽車竊盜,87,93,-6,-6.4516129032,comparable,警政署季度初步案件資料,警政署／刑事警察局年度正式統計
2016,雲林縣,機車竊盜,254,255,-1,-0.3921568627,comparable,警政署季度初步案件資料,警政署／刑事警察局年度正式統計
2016,雲林縣,強制性交,2,1,1,100,comparable,警政署季度初步案件資料,警政署／刑事警察局年度正式統計
2016,高雄市,毒品,3506,5063,-1557,-30.7525182698,comparable,警政署季度初步案件資料,警政署／刑事警察局年度正式統計
2016,高雄市,強盜,27,28,-1,-3.5714285714,comparable,警政署季度初步案件資料,警政署／刑事警察局年度正式統計
2016,高雄市,搶奪,81,84,-3,-3.5714285714,comparable,警政署季度初步案件資料,警政署／刑事警察局年度正式統計
2016,高雄市,住宅竊盜,107,167,-60,-35.9281437126,comparable,警政署季度初步案件資料,警政署／刑事警察局年度正式統計
2016,高雄市,汽車竊盜,619,637,-18,-2.8257456829,comparable,警政署季度初步案件資料,警政署／刑事警察局年度正式統計
2016,高雄市,機車竊盜,1919,2176,-257,-11.8106617647,comparable,警政署季度初步案件資料,警政署／刑事警察局年度正式統計
2016,高雄市,強制性交,15,17,-2,-11.7647058824,comparable,警政署季度初步案件資料,警政署／刑事警察局年度正式統計
2017,南投縣,毒品,674,1108,-434,-39.1696750903,comparable,警政署季度初步案件資料,警政署／刑事警察局年度正式統計
2017,南投縣,強盜,10,10,0,0,comparable,警政署季度初步案件資料,警政署／刑事警察局年度正式統計
2017,南投縣,搶奪,8,8,0,0,comparable,警政署季度初步案件資料,警政署／刑事警察局年度正式統計
2017,南投縣,住宅竊盜,98,121,-23,-19.0082644628,comparable,警政署季度初步案件資料,警政署／刑事警察局年度正式統計
2017,南投縣,汽車竊盜,60,62,-2,-3.2258064516,comparable,警政署季度初步案件資料,警政署／刑事警察局年度正式統計
2017,南投縣,機車竊盜,203,213,-10,-4.6948356808,comparable,警政署季度初步案件資料,警政署／刑事警察局年度正式統計
2017,南投縣,強制性交,16,19,-3,-15.7894736842,comparable,警政署季度初步案件資料,警政署／刑事警察局年度正式統計
2017,嘉義市,毒品,416,788,-372,-47.2081218274,comparable,警政署季度初步案件資料,警政署／刑事警察局年度正式統計
2017,嘉義市,強盜,2,3,-1,-33.3333333333,comparable,警政署季度初步案件資料,警政署／刑事警察局年度正式統計
2017,嘉義市,搶奪,3,3,0,0,comparable,警政署季度初步案件資料,警政署／刑事警察局年度正式統計
2017,嘉義市,住宅竊盜,13,26,-13,-50,comparable,警政署季度初步案件資料,警政署／刑事警察局年度正式統計
2017,嘉義市,汽車竊盜,22,23,-1,-4.347826087,comparable,警政署季度初步案件資料,警政署／刑事警察局年度正式統計
2017,嘉義市,機車竊盜,76,85,-9,-10.5882352941,comparable,警政署季度初步案件資料,警政署／刑事警察局年度正式統計
2017,嘉義市,強制性交,13,16,-3,-18.75,comparable,警政署季度初步案件資料,警政署／刑事警察局年度正式統計
2017,嘉義縣,毒品,447,944,-497,-52.6483050847,comparable,警政署季度初步案件資料,警政署／刑事警察局年度正式統計
2017,嘉義縣,強盜,3,3,0,0,comparable,警政署季度初步案件資料,警政署／刑事警察局年度正式統計
2017,嘉義縣,搶奪,6,6,0,0,comparable,警政署季度初步案件資料,警政署／刑事警察局年度正式統計
2017,嘉義縣,住宅竊盜,14,17,-3,-17.6470588235,comparable,警政署季度初步案件資料,警政署／刑事警察局年度正式統計
2017,嘉義縣,汽車竊盜,61,66,-5,-7.5757575758,comparable,警政署季度初步案件資料,警政署／刑事警察局年度正式統計
2017,嘉義縣,機車竊盜,81,89,-8,-8.9887640449,comparable,警政署季度初步案件資料,警政署／刑事警察局年度正式統計
2017,嘉義縣,強制性交,13,16,-3,-18.75,comparable,警政署季度初步案件資料,警政署／刑事警察局年度正式統計
2017,基隆市,毒品,1235,1922,-687,-35.7440166493,comparable,警政署季度初步案件資料,警政署／刑事警察局年度正式統計
2017,基隆市,強盜,11,11,0,0,comparable,警政署季度初步案件資料,警政署／刑事警察局年度正式統計
2017,基隆市,搶奪,6,7,-1,-14.2857142857,comparable,警政署季度初步案件資料,警政署／刑事警察局年度正式統計
2017,基隆市,住宅竊盜,55,84,-29,-34.5238095238,comparable,警政署季度初步案件資料,警政署／刑事警察局年度正式統計
2017,基隆市,汽車竊盜,22,26,-4,-15.3846153846,comparable,警政署季度初步案件資料,警政署／刑事警察局年度正式統計
2017,基隆市,機車竊盜,176,191,-15,-7.8534031414,comparable,警政署季度初步案件資料,警政署／刑事警察局年度正式統計
2017,基隆市,強制性交,12,15,-3,-20,comparable,警政署季度初步案件資料,警政署／刑事警察局年度正式統計
2017,宜蘭縣,毒品,772,1178,-406,-34.4651952462,comparable,警政署季度初步案件資料,警政署／刑事警察局年度正式統計
2017,宜蘭縣,強盜,5,5,0,0,comparable,警政署季度初步案件資料,警政署／刑事警察局年度正式統計
2017,宜蘭縣,搶奪,1,1,0,0,comparable,警政署季度初步案件資料,警政署／刑事警察局年度正式統計
2017,宜蘭縣,住宅竊盜,70,85,-15,-17.6470588235,comparable,警政署季度初步案件資料,警政署／刑事警察局年度正式統計
2017,宜蘭縣,汽車竊盜,57,62,-5,-8.064516129,comparable,警政署季度初步案件資料,警政署／刑事警察局年度正式統計
2017,宜蘭縣,機車竊盜,107,117,-10,-8.547008547,comparable,警政署季度初步案件資料,警政署／刑事警察局年度正式統計
2017,宜蘭縣,強制性交,9,9,0,0,comparable,警政署季度初步案件資料,警政署／刑事警察局年度正式統計
2017,屏東縣,毒品,1603,2585,-982,-37.9883945841,comparable,警政署季度初步案件資料,警政署／刑事警察局年度正式統計
2017,屏東縣,強盜,8,8,0,0,comparable,警政署季度初步案件資料,警政署／刑事警察局年度正式統計
2017,屏東縣,搶奪,5,5,0,0,comparable,警政署季度初步案件資料,警政署／刑事警察局年度正式統計
2017,屏東縣,住宅竊盜,57,82,-25,-30.487804878,comparable,警政署季度初步案件資料,警政署／刑事警察局年度正式統計
2017,屏東縣,汽車竊盜,142,145,-3,-2.0689655172,comparable,警政署季度初步案件資料,警政署／刑事警察局年度正式統計
2017,屏東縣,機車竊盜,355,372,-17,-4.5698924731,comparable,警政署季度初步案件資料,警政署／刑事警察局年度正式統計
2017,屏東縣,強制性交,4,4,0,0,comparable,警政署季度初步案件資料,警政署／刑事警察局年度正式統計
2017,彰化縣,毒品,1306,2214,-908,-41.0117434508,comparable,警政署季度初步案件資料,警政署／刑事警察局年度正式統計
2017,彰化縣,強盜,15,16,-1,-6.25,comparable,警政署季度初步案件資料,警政署／刑事警察局年度正式統計
2017,彰化縣,搶奪,12,13,-1,-7.6923076923,comparable,警政署季度初步案件資料,警政署／刑事警察局年度正式統計
2017,彰化縣,住宅竊盜,65,103,-38,-36.8932038835,comparable,警政署季度初步案件資料,警政署／刑事警察局年度正式統計
2017,彰化縣,汽車竊盜,91,93,-2,-2.1505376344,comparable,警政署季度初步案件資料,警政署／刑事警察局年度正式統計
2017,彰化縣,機車竊盜,234,247,-13,-5.2631578947,comparable,警政署季度初步案件資料,警政署／刑事警察局年度正式統計
2017,彰化縣,強制性交,14,7,7,100,comparable,警政署季度初步案件資料,警政署／刑事警察局年度正式統計
2017,新北市,毒品,7696,10234,-2538,-24.7996873168,comparable,警政署季度初步案件資料,警政署／刑事警察局年度正式統計
2017,新北市,強盜,46,48,-2,-4.1666666667,comparable,警政署季度初步案件資料,警政署／刑事警察局年度正式統計
2017,新北市,搶奪,32,33,-1,-3.0303030303,comparable,警政署季度初步案件資料,警政署／刑事警察局年度正式統計
2017,新北市,住宅竊盜,510,855,-345,-40.350877193,comparable,警政署季度初步案件資料,警政署／刑事警察局年度正式統計
2017,新北市,汽車竊盜,275,307,-32,-10.4234527687,comparable,警政署季度初步案件資料,警政署／刑事警察局年度正式統計
2017,新北市,機車竊盜,1965,2389,-424,-17.7480117204,comparable,警政署季度初步案件資料,警政署／刑事警察局年度正式統計
2017,新北市,強制性交,29,32,-3,-9.375,comparable,警政署季度初步案件資料,警政署／刑事警察局年度正式統計
2017,新竹市,毒品,426,643,-217,-33.7480559876,comparable,警政署季度初步案件資料,警政署／刑事警察局年度正式統計
2017,新竹市,強盜,1,1,0,0,comparable,警政署季度初步案件資料,警政署／刑事警察局年度正式統計
2017,新竹市,搶奪,3,3,0,0,comparable,警政署季度初步案件資料,警政署／刑事警察局年度正式統計
2017,新竹市,住宅竊盜,46,67,-21,-31.3432835821,comparable,警政署季度初步案件資料,警政署／刑事警察局年度正式統計
2017,新竹市,汽車竊盜,64,78,-14,-17.9487179487,comparable,警政署季度初步案件資料,警政署／刑事警察局年度正式統計
2017,新竹市,機車竊盜,315,401,-86,-21.4463840399,comparable,警政署季度初步案件資料,警政署／刑事警察局年度正式統計
2017,新竹市,強制性交,4,0,4,,comparable,警政署季度初步案件資料,警政署／刑事警察局年度正式統計
2017,新竹縣,毒品,799,1328,-529,-39.8343373494,comparable,警政署季度初步案件資料,警政署／刑事警察局年度正式統計
2017,新竹縣,強盜,9,9,0,0,comparable,警政署季度初步案件資料,警政署／刑事警察局年度正式統計
2017,新竹縣,搶奪,5,6,-1,-16.6666666667,comparable,警政署季度初步案件資料,警政署／刑事警察局年度正式統計
2017,新竹縣,住宅竊盜,56,109,-53,-48.623853211,comparable,警政署季度初步案件資料,警政署／刑事警察局年度正式統計
2017,新竹縣,汽車竊盜,275,284,-9,-3.1690140845,comparable,警政署季度初步案件資料,警政署／刑事警察局年度正式統計
2017,新竹縣,機車竊盜,364,380,-16,-4.2105263158,comparable,警政署季度初步案件資料,警政署／刑事警察局年度正式統計
2017,新竹縣,強制性交,1,1,0,0,comparable,警政署季度初步案件資料,警政署／刑事警察局年度正式統計
2017,桃園市,毒品,5198,6292,-1094,-17.3871582962,comparable,警政署季度初步案件資料,警政署／刑事警察局年度正式統計
2017,桃園市,強盜,23,25,-2,-8,comparable,警政署季度初步案件資料,警政署／刑事警察局年度正式統計
2017,桃園市,搶奪,12,11,1,9.0909090909,comparable,警政署季度初步案件資料,警政署／刑事警察局年度正式統計
2017,桃園市,住宅竊盜,156,242,-86,-35.5371900826,comparable,警政署季度初步案件資料,警政署／刑事警察局年度正式統計
2017,桃園市,汽車竊盜,607,684,-77,-11.2573099415,comparable,警政署季度初步案件資料,警政署／刑事警察局年度正式統計
2017,桃園市,機車竊盜,2120,2135,-15,-0.7025761124,comparable,警政署季度初步案件資料,警政署／刑事警察局年度正式統計
2017,桃園市,強制性交,4,5,-1,-20,comparable,警政署季度初步案件資料,警政署／刑事警察局年度正式統計
2017,澎湖縣,毒品,16,69,-53,-76.8115942029,comparable,警政署季度初步案件資料,警政署／刑事警察局年度正式統計
2017,澎湖縣,強盜,0,0,0,,comparable,警政署季度初步案件資料,警政署／刑事警察局年度正式統計
2017,澎湖縣,搶奪,0,0,0,,comparable,警政署季度初步案件資料,警政署／刑事警察局年度正式統計
2017,澎湖縣,住宅竊盜,21,22,-1,-4.5454545455,comparable,警政署季度初步案件資料,警政署／刑事警察局年度正式統計
2017,澎湖縣,汽車竊盜,1,2,-1,-50,comparable,警政署季度初步案件資料,警政署／刑事警察局年度正式統計
2017,澎湖縣,機車竊盜,14,16,-2,-12.5,comparable,警政署季度初步案件資料,警政署／刑事警察局年度正式統計
2017,澎湖縣,強制性交,5,5,0,0,comparable,警政署季度初步案件資料,警政署／刑事警察局年度正式統計
2017,臺中市,毒品,3440,4733,-1293,-27.3188252694,comparable,警政署季度初步案件資料,警政署／刑事警察局年度正式統計
2017,臺中市,強盜,14,15,-1,-6.6666666667,comparable,警政署季度初步案件資料,警政署／刑事警察局年度正式統計
2017,臺中市,搶奪,19,19,0,0,comparable,警政署季度初步案件資料,警政署／刑事警察局年度正式統計
2017,臺中市,住宅竊盜,131,198,-67,-33.8383838384,comparable,警政署季度初步案件資料,警政署／刑事警察局年度正式統計
2017,臺中市,汽車竊盜,173,180,-7,-3.8888888889,comparable,警政署季度初步案件資料,警政署／刑事警察局年度正式統計
2017,臺中市,機車竊盜,964,1136,-172,-15.1408450704,comparable,警政署季度初步案件資料,警政署／刑事警察局年度正式統計
2017,臺中市,強制性交,33,14,19,135.7142857143,comparable,警政署季度初步案件資料,警政署／刑事警察局年度正式統計
2017,臺北市,毒品,3702,4386,-684,-15.5950752394,comparable,警政署季度初步案件資料,警政署／刑事警察局年度正式統計
2017,臺北市,強盜,21,25,-4,-16,comparable,警政署季度初步案件資料,警政署／刑事警察局年度正式統計
2017,臺北市,搶奪,24,25,-1,-4,comparable,警政署季度初步案件資料,警政署／刑事警察局年度正式統計
2017,臺北市,住宅竊盜,356,491,-135,-27.4949083503,comparable,警政署季度初步案件資料,警政署／刑事警察局年度正式統計
2017,臺北市,汽車竊盜,82,87,-5,-5.7471264368,comparable,警政署季度初步案件資料,警政署／刑事警察局年度正式統計
2017,臺北市,機車竊盜,685,998,-313,-31.3627254509,comparable,警政署季度初步案件資料,警政署／刑事警察局年度正式統計
2017,臺北市,強制性交,34,35,-1,-2.8571428571,comparable,警政署季度初步案件資料,警政署／刑事警察局年度正式統計
2017,臺南市,毒品,2113,3325,-1212,-36.4511278195,comparable,警政署季度初步案件資料,警政署／刑事警察局年度正式統計
2017,臺南市,強盜,29,29,0,0,comparable,警政署季度初步案件資料,警政署／刑事警察局年度正式統計
2017,臺南市,搶奪,18,18,0,0,comparable,警政署季度初步案件資料,警政署／刑事警察局年度正式統計
2017,臺南市,住宅竊盜,344,409,-65,-15.8924205379,comparable,警政署季度初步案件資料,警政署／刑事警察局年度正式統計
2017,臺南市,汽車竊盜,139,144,-5,-3.4722222222,comparable,警政署季度初步案件資料,警政署／刑事警察局年度正式統計
2017,臺南市,機車竊盜,666,697,-31,-4.4476327116,comparable,警政署季度初步案件資料,警政署／刑事警察局年度正式統計
2017,臺南市,強制性交,13,5,8,160,comparable,警政署季度初步案件資料,警政署／刑事警察局年度正式統計
2017,臺東縣,毒品,236,403,-167,-41.4392059553,comparable,警政署季度初步案件資料,警政署／刑事警察局年度正式統計
2017,臺東縣,強盜,1,3,-2,-66.6666666667,comparable,警政署季度初步案件資料,警政署／刑事警察局年度正式統計
2017,臺東縣,搶奪,1,1,0,0,comparable,警政署季度初步案件資料,警政署／刑事警察局年度正式統計
2017,臺東縣,住宅竊盜,8,12,-4,-33.3333333333,comparable,警政署季度初步案件資料,警政署／刑事警察局年度正式統計
2017,臺東縣,汽車竊盜,5,6,-1,-16.6666666667,comparable,警政署季度初步案件資料,警政署／刑事警察局年度正式統計
2017,臺東縣,機車竊盜,83,96,-13,-13.5416666667,comparable,警政署季度初步案件資料,警政署／刑事警察局年度正式統計
2017,臺東縣,強制性交,0,0,0,,comparable,警政署季度初步案件資料,警政署／刑事警察局年度正式統計
2017,花蓮縣,毒品,662,1162,-500,-43.0292598967,comparable,警政署季度初步案件資料,警政署／刑事警察局年度正式統計
2017,花蓮縣,強盜,6,8,-2,-25,comparable,警政署季度初步案件資料,警政署／刑事警察局年度正式統計
2017,花蓮縣,搶奪,1,2,-1,-50,comparable,警政署季度初步案件資料,警政署／刑事警察局年度正式統計
2017,花蓮縣,住宅竊盜,49,76,-27,-35.5263157895,comparable,警政署季度初步案件資料,警政署／刑事警察局年度正式統計
2017,花蓮縣,汽車竊盜,29,36,-7,-19.4444444444,comparable,警政署季度初步案件資料,警政署／刑事警察局年度正式統計
2017,花蓮縣,機車竊盜,76,89,-13,-14.606741573,comparable,警政署季度初步案件資料,警政署／刑事警察局年度正式統計
2017,花蓮縣,強制性交,10,13,-3,-23.0769230769,comparable,警政署季度初步案件資料,警政署／刑事警察局年度正式統計
2017,苗栗縣,毒品,636,1244,-608,-48.8745980707,comparable,警政署季度初步案件資料,警政署／刑事警察局年度正式統計
2017,苗栗縣,強盜,8,9,-1,-11.1111111111,comparable,警政署季度初步案件資料,警政署／刑事警察局年度正式統計
2017,苗栗縣,搶奪,0,1,-1,-100,comparable,警政署季度初步案件資料,警政署／刑事警察局年度正式統計
2017,苗栗縣,住宅竊盜,102,143,-41,-28.6713286713,comparable,警政署季度初步案件資料,警政署／刑事警察局年度正式統計
2017,苗栗縣,汽車竊盜,100,105,-5,-4.7619047619,comparable,警政署季度初步案件資料,警政署／刑事警察局年度正式統計
2017,苗栗縣,機車竊盜,172,177,-5,-2.8248587571,comparable,警政署季度初步案件資料,警政署／刑事警察局年度正式統計
2017,苗栗縣,強制性交,1,3,-2,-66.6666666667,comparable,警政署季度初步案件資料,警政署／刑事警察局年度正式統計
2017,連江縣,毒品,4,2,2,100,comparable,警政署季度初步案件資料,警政署／刑事警察局年度正式統計
2017,連江縣,強盜,0,0,0,,comparable,警政署季度初步案件資料,警政署／刑事警察局年度正式統計
2017,連江縣,搶奪,1,0,1,,comparable,警政署季度初步案件資料,警政署／刑事警察局年度正式統計
2017,連江縣,住宅竊盜,3,3,0,0,comparable,警政署季度初步案件資料,警政署／刑事警察局年度正式統計
2017,連江縣,汽車竊盜,0,0,0,,comparable,警政署季度初步案件資料,警政署／刑事警察局年度正式統計
2017,連江縣,機車竊盜,2,2,0,0,comparable,警政署季度初步案件資料,警政署／刑事警察局年度正式統計
2017,連江縣,強制性交,0,0,0,,comparable,警政署季度初步案件資料,警政署／刑事警察局年度正式統計
2017,金門縣,毒品,48,139,-91,-65.4676258993,comparable,警政署季度初步案件資料,警政署／刑事警察局年度正式統計
2017,金門縣,強盜,1,1,0,0,comparable,警政署季度初步案件資料,警政署／刑事警察局年度正式統計
2017,金門縣,搶奪,1,1,0,0,comparable,警政署季度初步案件資料,警政署／刑事警察局年度正式統計
2017,金門縣,住宅竊盜,19,20,-1,-5,comparable,警政署季度初步案件資料,警政署／刑事警察局年度正式統計
2017,金門縣,汽車竊盜,2,2,0,0,comparable,警政署季度初步案件資料,警政署／刑事警察局年度正式統計
2017,金門縣,機車竊盜,5,3,2,66.6666666667,comparable,警政署季度初步案件資料,警政署／刑事警察局年度正式統計
2017,金門縣,強制性交,5,4,1,25,comparable,警政署季度初步案件資料,警政署／刑事警察局年度正式統計
2017,雲林縣,毒品,911,1570,-659,-41.974522293,comparable,警政署季度初步案件資料,警政署／刑事警察局年度正式統計
2017,雲林縣,強盜,12,13,-1,-7.6923076923,comparable,警政署季度初步案件資料,警政署／刑事警察局年度正式統計
2017,雲林縣,搶奪,4,4,0,0,comparable,警政署季度初步案件資料,警政署／刑事警察局年度正式統計
2017,雲林縣,住宅竊盜,131,211,-80,-37.9146919431,comparable,警政署季度初步案件資料,警政署／刑事警察局年度正式統計
2017,雲林縣,汽車竊盜,66,74,-8,-10.8108108108,comparable,警政署季度初步案件資料,警政署／刑事警察局年度正式統計
2017,雲林縣,機車竊盜,182,192,-10,-5.2083333333,comparable,警政署季度初步案件資料,警政署／刑事警察局年度正式統計
2017,雲林縣,強制性交,5,6,-1,-16.6666666667,comparable,警政署季度初步案件資料,警政署／刑事警察局年度正式統計
2017,高雄市,毒品,3234,5115,-1881,-36.7741935484,comparable,警政署季度初步案件資料,警政署／刑事警察局年度正式統計
2017,高雄市,強盜,30,33,-3,-9.0909090909,comparable,警政署季度初步案件資料,警政署／刑事警察局年度正式統計
2017,高雄市,搶奪,56,57,-1,-1.7543859649,comparable,警政署季度初步案件資料,警政署／刑事警察局年度正式統計
2017,高雄市,住宅竊盜,153,234,-81,-34.6153846154,comparable,警政署季度初步案件資料,警政署／刑事警察局年度正式統計
2017,高雄市,汽車竊盜,447,464,-17,-3.6637931034,comparable,警政署季度初步案件資料,警政署／刑事警察局年度正式統計
2017,高雄市,機車竊盜,1655,1752,-97,-5.5365296804,comparable,警政署季度初步案件資料,警政署／刑事警察局年度正式統計
2017,高雄市,強制性交,13,15,-2,-13.3333333333,comparable,警政署季度初步案件資料,警政署／刑事警察局年度正式統計
2018,南投縣,毒品,585,965,-380,-39.378238342,comparable,警政署季度初步案件資料,警政署／刑事警察局年度正式統計
2018,南投縣,強盜,5,5,0,0,comparable,警政署季度初步案件資料,警政署／刑事警察局年度正式統計
2018,南投縣,搶奪,9,10,-1,-10,comparable,警政署季度初步案件資料,警政署／刑事警察局年度正式統計
2018,南投縣,住宅竊盜,90,99,-9,-9.0909090909,comparable,警政署季度初步案件資料,警政署／刑事警察局年度正式統計
2018,南投縣,汽車竊盜,55,56,-1,-1.7857142857,comparable,警政署季度初步案件資料,警政署／刑事警察局年度正式統計
2018,南投縣,機車竊盜,162,177,-15,-8.4745762712,comparable,警政署季度初步案件資料,警政署／刑事警察局年度正式統計
2018,南投縣,強制性交,16,18,-2,-11.1111111111,comparable,警政署季度初步案件資料,警政署／刑事警察局年度正式統計
2018,嘉義市,毒品,440,755,-315,-41.7218543046,comparable,警政署季度初步案件資料,警政署／刑事警察局年度正式統計
2018,嘉義市,強盜,3,3,0,0,comparable,警政署季度初步案件資料,警政署／刑事警察局年度正式統計
2018,嘉義市,搶奪,1,1,0,0,comparable,警政署季度初步案件資料,警政署／刑事警察局年度正式統計
2018,嘉義市,住宅竊盜,18,21,-3,-14.2857142857,comparable,警政署季度初步案件資料,警政署／刑事警察局年度正式統計
2018,嘉義市,汽車竊盜,22,23,-1,-4.347826087,comparable,警政署季度初步案件資料,警政署／刑事警察局年度正式統計
2018,嘉義市,機車竊盜,50,62,-12,-19.3548387097,comparable,警政署季度初步案件資料,警政署／刑事警察局年度正式統計
2018,嘉義市,強制性交,15,15,0,0,comparable,警政署季度初步案件資料,警政署／刑事警察局年度正式統計
2018,嘉義縣,毒品,514,952,-438,-46.0084033613,comparable,警政署季度初步案件資料,警政署／刑事警察局年度正式統計
2018,嘉義縣,強盜,4,4,0,0,comparable,警政署季度初步案件資料,警政署／刑事警察局年度正式統計
2018,嘉義縣,搶奪,5,5,0,0,comparable,警政署季度初步案件資料,警政署／刑事警察局年度正式統計
2018,嘉義縣,住宅竊盜,25,35,-10,-28.5714285714,comparable,警政署季度初步案件資料,警政署／刑事警察局年度正式統計
2018,嘉義縣,汽車竊盜,53,57,-4,-7.0175438596,comparable,警政署季度初步案件資料,警政署／刑事警察局年度正式統計
2018,嘉義縣,機車竊盜,64,72,-8,-11.1111111111,comparable,警政署季度初步案件資料,警政署／刑事警察局年度正式統計
2018,嘉義縣,強制性交,3,6,-3,-50,comparable,警政署季度初步案件資料,警政署／刑事警察局年度正式統計
2018,基隆市,毒品,1313,1835,-522,-28.446866485,comparable,警政署季度初步案件資料,警政署／刑事警察局年度正式統計
2018,基隆市,強盜,5,6,-1,-16.6666666667,comparable,警政署季度初步案件資料,警政署／刑事警察局年度正式統計
2018,基隆市,搶奪,5,5,0,0,comparable,警政署季度初步案件資料,警政署／刑事警察局年度正式統計
2018,基隆市,住宅竊盜,59,96,-37,-38.5416666667,comparable,警政署季度初步案件資料,警政署／刑事警察局年度正式統計
2018,基隆市,汽車竊盜,16,15,1,6.6666666667,comparable,警政署季度初步案件資料,警政署／刑事警察局年度正式統計
2018,基隆市,機車竊盜,116,142,-26,-18.3098591549,comparable,警政署季度初步案件資料,警政署／刑事警察局年度正式統計
2018,基隆市,強制性交,11,12,-1,-8.3333333333,comparable,警政署季度初步案件資料,警政署／刑事警察局年度正式統計
2018,宜蘭縣,毒品,693,988,-295,-29.8582995951,comparable,警政署季度初步案件資料,警政署／刑事警察局年度正式統計
2018,宜蘭縣,強盜,7,8,-1,-12.5,comparable,警政署季度初步案件資料,警政署／刑事警察局年度正式統計
2018,宜蘭縣,搶奪,3,3,0,0,comparable,警政署季度初步案件資料,警政署／刑事警察局年度正式統計
2018,宜蘭縣,住宅竊盜,38,61,-23,-37.7049180328,comparable,警政署季度初步案件資料,警政署／刑事警察局年度正式統計
2018,宜蘭縣,汽車竊盜,57,58,-1,-1.724137931,comparable,警政署季度初步案件資料,警政署／刑事警察局年度正式統計
2018,宜蘭縣,機車竊盜,97,116,-19,-16.3793103448,comparable,警政署季度初步案件資料,警政署／刑事警察局年度正式統計
2018,宜蘭縣,強制性交,5,8,-3,-37.5,comparable,警政署季度初步案件資料,警政署／刑事警察局年度正式統計
2018,屏東縣,毒品,1467,2425,-958,-39.5051546392,comparable,警政署季度初步案件資料,警政署／刑事警察局年度正式統計
2018,屏東縣,強盜,7,7,0,0,comparable,警政署季度初步案件資料,警政署／刑事警察局年度正式統計
2018,屏東縣,搶奪,7,7,0,0,comparable,警政署季度初步案件資料,警政署／刑事警察局年度正式統計
2018,屏東縣,住宅竊盜,32,47,-15,-31.914893617,comparable,警政署季度初步案件資料,警政署／刑事警察局年度正式統計
2018,屏東縣,汽車竊盜,74,78,-4,-5.1282051282,comparable,警政署季度初步案件資料,警政署／刑事警察局年度正式統計
2018,屏東縣,機車竊盜,202,221,-19,-8.5972850679,comparable,警政署季度初步案件資料,警政署／刑事警察局年度正式統計
2018,屏東縣,強制性交,6,7,-1,-14.2857142857,comparable,警政署季度初步案件資料,警政署／刑事警察局年度正式統計
2018,彰化縣,毒品,1125,1904,-779,-40.9138655462,comparable,警政署季度初步案件資料,警政署／刑事警察局年度正式統計
2018,彰化縣,強盜,12,12,0,0,comparable,警政署季度初步案件資料,警政署／刑事警察局年度正式統計
2018,彰化縣,搶奪,6,6,0,0,comparable,警政署季度初步案件資料,警政署／刑事警察局年度正式統計
2018,彰化縣,住宅竊盜,61,93,-32,-34.4086021505,comparable,警政署季度初步案件資料,警政署／刑事警察局年度正式統計
2018,彰化縣,汽車竊盜,87,89,-2,-2.2471910112,comparable,警政署季度初步案件資料,警政署／刑事警察局年度正式統計
2018,彰化縣,機車竊盜,190,208,-18,-8.6538461538,comparable,警政署季度初步案件資料,警政署／刑事警察局年度正式統計
2018,彰化縣,強制性交,13,3,10,333.3333333333,comparable,警政署季度初步案件資料,警政署／刑事警察局年度正式統計
2018,新北市,毒品,6473,8988,-2515,-27.981753449,comparable,警政署季度初步案件資料,警政署／刑事警察局年度正式統計
2018,新北市,強盜,27,29,-2,-6.8965517241,comparable,警政署季度初步案件資料,警政署／刑事警察局年度正式統計
2018,新北市,搶奪,37,36,1,2.7777777778,comparable,警政署季度初步案件資料,警政署／刑事警察局年度正式統計
2018,新北市,住宅竊盜,361,688,-327,-47.5290697674,comparable,警政署季度初步案件資料,警政署／刑事警察局年度正式統計
2018,新北市,汽車竊盜,216,250,-34,-13.6,comparable,警政署季度初步案件資料,警政署／刑事警察局年度正式統計
2018,新北市,機車竊盜,1624,2155,-531,-24.6403712297,comparable,警政署季度初步案件資料,警政署／刑事警察局年度正式統計
2018,新北市,強制性交,22,27,-5,-18.5185185185,comparable,警政署季度初步案件資料,警政署／刑事警察局年度正式統計
2018,新竹市,毒品,345,497,-152,-30.583501006,comparable,警政署季度初步案件資料,警政署／刑事警察局年度正式統計
2018,新竹市,強盜,1,1,0,0,comparable,警政署季度初步案件資料,警政署／刑事警察局年度正式統計
2018,新竹市,搶奪,0,0,0,,comparable,警政署季度初步案件資料,警政署／刑事警察局年度正式統計
2018,新竹市,住宅竊盜,30,45,-15,-33.3333333333,comparable,警政署季度初步案件資料,警政署／刑事警察局年度正式統計
2018,新竹市,汽車竊盜,39,52,-13,-25,comparable,警政署季度初步案件資料,警政署／刑事警察局年度正式統計
2018,新竹市,機車竊盜,276,331,-55,-16.6163141994,comparable,警政署季度初步案件資料,警政署／刑事警察局年度正式統計
2018,新竹市,強制性交,5,0,5,,comparable,警政署季度初步案件資料,警政署／刑事警察局年度正式統計
2018,新竹縣,毒品,573,957,-384,-40.1253918495,comparable,警政署季度初步案件資料,警政署／刑事警察局年度正式統計
2018,新竹縣,強盜,1,1,0,0,comparable,警政署季度初步案件資料,警政署／刑事警察局年度正式統計
2018,新竹縣,搶奪,5,5,0,0,comparable,警政署季度初步案件資料,警政署／刑事警察局年度正式統計
2018,新竹縣,住宅竊盜,53,107,-54,-50.4672897196,comparable,警政署季度初步案件資料,警政署／刑事警察局年度正式統計
2018,新竹縣,汽車竊盜,198,207,-9,-4.347826087,comparable,警政署季度初步案件資料,警政署／刑事警察局年度正式統計
2018,新竹縣,機車竊盜,327,344,-17,-4.9418604651,comparable,警政署季度初步案件資料,警政署／刑事警察局年度正式統計
2018,新竹縣,強制性交,2,1,1,100,comparable,警政署季度初步案件資料,警政署／刑事警察局年度正式統計
2018,桃園市,毒品,5307,6351,-1044,-16.4383561644,comparable,警政署季度初步案件資料,警政署／刑事警察局年度正式統計
2018,桃園市,強盜,15,17,-2,-11.7647058824,comparable,警政署季度初步案件資料,警政署／刑事警察局年度正式統計
2018,桃園市,搶奪,13,13,0,0,comparable,警政署季度初步案件資料,警政署／刑事警察局年度正式統計
2018,桃園市,住宅竊盜,106,200,-94,-47,comparable,警政署季度初步案件資料,警政署／刑事警察局年度正式統計
2018,桃園市,汽車竊盜,427,475,-48,-10.1052631579,comparable,警政署季度初步案件資料,警政署／刑事警察局年度正式統計
2018,桃園市,機車竊盜,1777,1924,-147,-7.6403326403,comparable,警政署季度初步案件資料,警政署／刑事警察局年度正式統計
2018,桃園市,強制性交,6,6,0,0,comparable,警政署季度初步案件資料,警政署／刑事警察局年度正式統計
2018,澎湖縣,毒品,23,50,-27,-54,comparable,警政署季度初步案件資料,警政署／刑事警察局年度正式統計
2018,澎湖縣,強盜,0,0,0,,comparable,警政署季度初步案件資料,警政署／刑事警察局年度正式統計
2018,澎湖縣,搶奪,0,0,0,,comparable,警政署季度初步案件資料,警政署／刑事警察局年度正式統計
2018,澎湖縣,住宅竊盜,26,33,-7,-21.2121212121,comparable,警政署季度初步案件資料,警政署／刑事警察局年度正式統計
2018,澎湖縣,汽車竊盜,0,1,-1,-100,comparable,警政署季度初步案件資料,警政署／刑事警察局年度正式統計
2018,澎湖縣,機車竊盜,23,22,1,4.5454545455,comparable,警政署季度初步案件資料,警政署／刑事警察局年度正式統計
2018,澎湖縣,強制性交,3,3,0,0,comparable,警政署季度初步案件資料,警政署／刑事警察局年度正式統計
2018,臺中市,毒品,3136,4266,-1130,-26.4885138303,comparable,警政署季度初步案件資料,警政署／刑事警察局年度正式統計
2018,臺中市,強盜,24,24,0,0,comparable,警政署季度初步案件資料,警政署／刑事警察局年度正式統計
2018,臺中市,搶奪,17,17,0,0,comparable,警政署季度初步案件資料,警政署／刑事警察局年度正式統計
2018,臺中市,住宅竊盜,104,186,-82,-44.0860215054,comparable,警政署季度初步案件資料,警政署／刑事警察局年度正式統計
2018,臺中市,汽車竊盜,135,144,-9,-6.25,comparable,警政署季度初步案件資料,警政署／刑事警察局年度正式統計
2018,臺中市,機車竊盜,629,814,-185,-22.7272727273,comparable,警政署季度初步案件資料,警政署／刑事警察局年度正式統計
2018,臺中市,強制性交,18,7,11,157.1428571429,comparable,警政署季度初步案件資料,警政署／刑事警察局年度正式統計
2018,臺北市,毒品,3826,4428,-602,-13.5953026197,comparable,警政署季度初步案件資料,警政署／刑事警察局年度正式統計
2018,臺北市,強盜,16,18,-2,-11.1111111111,comparable,警政署季度初步案件資料,警政署／刑事警察局年度正式統計
2018,臺北市,搶奪,13,13,0,0,comparable,警政署季度初步案件資料,警政署／刑事警察局年度正式統計
2018,臺北市,住宅竊盜,352,443,-91,-20.5417607223,comparable,警政署季度初步案件資料,警政署／刑事警察局年度正式統計
2018,臺北市,汽車竊盜,91,93,-2,-2.1505376344,comparable,警政署季度初步案件資料,警政署／刑事警察局年度正式統計
2018,臺北市,機車竊盜,480,764,-284,-37.1727748691,comparable,警政署季度初步案件資料,警政署／刑事警察局年度正式統計
2018,臺北市,強制性交,22,21,1,4.7619047619,comparable,警政署季度初步案件資料,警政署／刑事警察局年度正式統計
2018,臺南市,毒品,2291,3515,-1224,-34.8221906117,comparable,警政署季度初步案件資料,警政署／刑事警察局年度正式統計
2018,臺南市,強盜,29,29,0,0,comparable,警政署季度初步案件資料,警政署／刑事警察局年度正式統計
2018,臺南市,搶奪,9,10,-1,-10,comparable,警政署季度初步案件資料,警政署／刑事警察局年度正式統計
2018,臺南市,住宅竊盜,296,322,-26,-8.0745341615,comparable,警政署季度初步案件資料,警政署／刑事警察局年度正式統計
2018,臺南市,汽車竊盜,88,91,-3,-3.2967032967,comparable,警政署季度初步案件資料,警政署／刑事警察局年度正式統計
2018,臺南市,機車竊盜,387,420,-33,-7.8571428571,comparable,警政署季度初步案件資料,警政署／刑事警察局年度正式統計
2018,臺南市,強制性交,16,6,10,166.6666666667,comparable,警政署季度初步案件資料,警政署／刑事警察局年度正式統計
2018,臺東縣,毒品,270,441,-171,-38.7755102041,comparable,警政署季度初步案件資料,警政署／刑事警察局年度正式統計
2018,臺東縣,強盜,0,0,0,,comparable,警政署季度初步案件資料,警政署／刑事警察局年度正式統計
2018,臺東縣,搶奪,1,2,-1,-50,comparable,警政署季度初步案件資料,警政署／刑事警察局年度正式統計
2018,臺東縣,住宅竊盜,3,3,0,0,comparable,警政署季度初步案件資料,警政署／刑事警察局年度正式統計
2018,臺東縣,汽車竊盜,3,5,-2,-40,comparable,警政署季度初步案件資料,警政署／刑事警察局年度正式統計
2018,臺東縣,機車竊盜,53,56,-3,-5.3571428571,comparable,警政署季度初步案件資料,警政署／刑事警察局年度正式統計
2018,臺東縣,強制性交,0,0,0,,comparable,警政署季度初步案件資料,警政署／刑事警察局年度正式統計
2018,花蓮縣,毒品,513,937,-424,-45.2508004269,comparable,警政署季度初步案件資料,警政署／刑事警察局年度正式統計
2018,花蓮縣,強盜,3,5,-2,-40,comparable,警政署季度初步案件資料,警政署／刑事警察局年度正式統計
2018,花蓮縣,搶奪,4,4,0,0,comparable,警政署季度初步案件資料,警政署／刑事警察局年度正式統計
2018,花蓮縣,住宅竊盜,44,66,-22,-33.3333333333,comparable,警政署季度初步案件資料,警政署／刑事警察局年度正式統計
2018,花蓮縣,汽車竊盜,39,50,-11,-22,comparable,警政署季度初步案件資料,警政署／刑事警察局年度正式統計
2018,花蓮縣,機車竊盜,47,52,-5,-9.6153846154,comparable,警政署季度初步案件資料,警政署／刑事警察局年度正式統計
2018,花蓮縣,強制性交,7,9,-2,-22.2222222222,comparable,警政署季度初步案件資料,警政署／刑事警察局年度正式統計
2018,苗栗縣,毒品,671,1223,-552,-45.1349141455,comparable,警政署季度初步案件資料,警政署／刑事警察局年度正式統計
2018,苗栗縣,強盜,7,7,0,0,comparable,警政署季度初步案件資料,警政署／刑事警察局年度正式統計
2018,苗栗縣,搶奪,3,3,0,0,comparable,警政署季度初步案件資料,警政署／刑事警察局年度正式統計
2018,苗栗縣,住宅竊盜,77,136,-59,-43.3823529412,comparable,警政署季度初步案件資料,警政署／刑事警察局年度正式統計
2018,苗栗縣,汽車竊盜,53,57,-4,-7.0175438596,comparable,警政署季度初步案件資料,警政署／刑事警察局年度正式統計
2018,苗栗縣,機車竊盜,114,124,-10,-8.064516129,comparable,警政署季度初步案件資料,警政署／刑事警察局年度正式統計
2018,苗栗縣,強制性交,1,1,0,0,comparable,警政署季度初步案件資料,警政署／刑事警察局年度正式統計
2018,連江縣,毒品,10,11,-1,-9.0909090909,comparable,警政署季度初步案件資料,警政署／刑事警察局年度正式統計
2018,連江縣,強盜,0,0,0,,comparable,警政署季度初步案件資料,警政署／刑事警察局年度正式統計
2018,連江縣,搶奪,0,0,0,,comparable,警政署季度初步案件資料,警政署／刑事警察局年度正式統計
2018,連江縣,住宅竊盜,1,1,0,0,comparable,警政署季度初步案件資料,警政署／刑事警察局年度正式統計
2018,連江縣,汽車竊盜,0,0,0,,comparable,警政署季度初步案件資料,警政署／刑事警察局年度正式統計
2018,連江縣,機車竊盜,0,0,0,,comparable,警政署季度初步案件資料,警政署／刑事警察局年度正式統計
2018,連江縣,強制性交,0,0,0,,comparable,警政署季度初步案件資料,警政署／刑事警察局年度正式統計
2018,金門縣,毒品,23,60,-37,-61.6666666667,comparable,警政署季度初步案件資料,警政署／刑事警察局年度正式統計
2018,金門縣,強盜,0,0,0,,comparable,警政署季度初步案件資料,警政署／刑事警察局年度正式統計
2018,金門縣,搶奪,0,0,0,,comparable,警政署季度初步案件資料,警政署／刑事警察局年度正式統計
2018,金門縣,住宅竊盜,25,26,-1,-3.8461538462,comparable,警政署季度初步案件資料,警政署／刑事警察局年度正式統計
2018,金門縣,汽車竊盜,0,0,0,,comparable,警政署季度初步案件資料,警政署／刑事警察局年度正式統計
2018,金門縣,機車竊盜,5,11,-6,-54.5454545455,comparable,警政署季度初步案件資料,警政署／刑事警察局年度正式統計
2018,金門縣,強制性交,6,6,0,0,comparable,警政署季度初步案件資料,警政署／刑事警察局年度正式統計
2018,雲林縣,毒品,861,1437,-576,-40.0835073069,comparable,警政署季度初步案件資料,警政署／刑事警察局年度正式統計
2018,雲林縣,強盜,3,3,0,0,comparable,警政署季度初步案件資料,警政署／刑事警察局年度正式統計
2018,雲林縣,搶奪,1,2,-1,-50,comparable,警政署季度初步案件資料,警政署／刑事警察局年度正式統計
2018,雲林縣,住宅竊盜,95,168,-73,-43.4523809524,comparable,警政署季度初步案件資料,警政署／刑事警察局年度正式統計
2018,雲林縣,汽車竊盜,66,72,-6,-8.3333333333,comparable,警政署季度初步案件資料,警政署／刑事警察局年度正式統計
2018,雲林縣,機車竊盜,129,130,-1,-0.7692307692,comparable,警政署季度初步案件資料,警政署／刑事警察局年度正式統計
2018,雲林縣,強制性交,7,7,0,0,comparable,警政署季度初步案件資料,警政署／刑事警察局年度正式統計
2018,高雄市,毒品,2988,4497,-1509,-33.5557038025,comparable,警政署季度初步案件資料,警政署／刑事警察局年度正式統計
2018,高雄市,強盜,17,18,-1,-5.5555555556,comparable,警政署季度初步案件資料,警政署／刑事警察局年度正式統計
2018,高雄市,搶奪,41,44,-3,-6.8181818182,comparable,警政署季度初步案件資料,警政署／刑事警察局年度正式統計
2018,高雄市,住宅竊盜,61,126,-65,-51.5873015873,comparable,警政署季度初步案件資料,警政署／刑事警察局年度正式統計
2018,高雄市,汽車竊盜,220,221,-1,-0.4524886878,comparable,警政署季度初步案件資料,警政署／刑事警察局年度正式統計
2018,高雄市,機車竊盜,956,1065,-109,-10.234741784,comparable,警政署季度初步案件資料,警政署／刑事警察局年度正式統計
2018,高雄市,強制性交,11,11,0,0,comparable,警政署季度初步案件資料,警政署／刑事警察局年度正式統計
2019,南投縣,毒品,531,836,-305,-36.4832535885,comparable,警政署季度初步案件資料,警政署／刑事警察局年度正式統計
2019,南投縣,強盜,5,5,0,0,comparable,警政署季度初步案件資料,警政署／刑事警察局年度正式統計
2019,南投縣,搶奪,4,4,0,0,comparable,警政署季度初步案件資料,警政署／刑事警察局年度正式統計
2019,南投縣,住宅竊盜,95,124,-29,-23.3870967742,comparable,警政署季度初步案件資料,警政署／刑事警察局年度正式統計
2019,南投縣,汽車竊盜,51,51,0,0,comparable,警政署季度初步案件資料,警政署／刑事警察局年度正式統計
2019,南投縣,機車竊盜,128,124,4,3.2258064516,comparable,警政署季度初步案件資料,警政署／刑事警察局年度正式統計
2019,南投縣,強制性交,20,23,-3,-13.0434782609,comparable,警政署季度初步案件資料,警政署／刑事警察局年度正式統計
2019,嘉義市,毒品,392,631,-239,-37.8763866878,comparable,警政署季度初步案件資料,警政署／刑事警察局年度正式統計
2019,嘉義市,強盜,3,3,0,0,comparable,警政署季度初步案件資料,警政署／刑事警察局年度正式統計
2019,嘉義市,搶奪,3,2,1,50,comparable,警政署季度初步案件資料,警政署／刑事警察局年度正式統計
2019,嘉義市,住宅竊盜,9,16,-7,-43.75,comparable,警政署季度初步案件資料,警政署／刑事警察局年度正式統計
2019,嘉義市,汽車竊盜,16,16,0,0,comparable,警政署季度初步案件資料,警政署／刑事警察局年度正式統計
2019,嘉義市,機車竊盜,25,24,1,4.1666666667,comparable,警政署季度初步案件資料,警政署／刑事警察局年度正式統計
2019,嘉義市,強制性交,11,14,-3,-21.4285714286,comparable,警政署季度初步案件資料,警政署／刑事警察局年度正式統計
2019,嘉義縣,毒品,379,692,-313,-45.2312138728,comparable,警政署季度初步案件資料,警政署／刑事警察局年度正式統計
2019,嘉義縣,強盜,3,3,0,0,comparable,警政署季度初步案件資料,警政署／刑事警察局年度正式統計
2019,嘉義縣,搶奪,0,0,0,,comparable,警政署季度初步案件資料,警政署／刑事警察局年度正式統計
2019,嘉義縣,住宅竊盜,13,17,-4,-23.5294117647,comparable,警政署季度初步案件資料,警政署／刑事警察局年度正式統計
2019,嘉義縣,汽車竊盜,21,21,0,0,comparable,警政署季度初步案件資料,警政署／刑事警察局年度正式統計
2019,嘉義縣,機車竊盜,53,54,-1,-1.8518518519,comparable,警政署季度初步案件資料,警政署／刑事警察局年度正式統計
2019,嘉義縣,強制性交,5,8,-3,-37.5,comparable,警政署季度初步案件資料,警政署／刑事警察局年度正式統計
2019,基隆市,毒品,903,1255,-352,-28.0478087649,comparable,警政署季度初步案件資料,警政署／刑事警察局年度正式統計
2019,基隆市,強盜,3,3,0,0,comparable,警政署季度初步案件資料,警政署／刑事警察局年度正式統計
2019,基隆市,搶奪,3,3,0,0,comparable,警政署季度初步案件資料,警政署／刑事警察局年度正式統計
2019,基隆市,住宅竊盜,67,92,-25,-27.1739130435,comparable,警政署季度初步案件資料,警政署／刑事警察局年度正式統計
2019,基隆市,汽車竊盜,11,10,1,10,comparable,警政署季度初步案件資料,警政署／刑事警察局年度正式統計
2019,基隆市,機車竊盜,51,54,-3,-5.5555555556,comparable,警政署季度初步案件資料,警政署／刑事警察局年度正式統計
2019,基隆市,強制性交,12,17,-5,-29.4117647059,comparable,警政署季度初步案件資料,警政署／刑事警察局年度正式統計
2019,宜蘭縣,毒品,537,706,-169,-23.9376770538,comparable,警政署季度初步案件資料,警政署／刑事警察局年度正式統計
2019,宜蘭縣,強盜,4,3,1,33.3333333333,comparable,警政署季度初步案件資料,警政署／刑事警察局年度正式統計
2019,宜蘭縣,搶奪,3,3,0,0,comparable,警政署季度初步案件資料,警政署／刑事警察局年度正式統計
2019,宜蘭縣,住宅竊盜,34,44,-10,-22.7272727273,comparable,警政署季度初步案件資料,警政署／刑事警察局年度正式統計
2019,宜蘭縣,汽車竊盜,56,59,-3,-5.0847457627,comparable,警政署季度初步案件資料,警政署／刑事警察局年度正式統計
2019,宜蘭縣,機車竊盜,104,111,-7,-6.3063063063,comparable,警政署季度初步案件資料,警政署／刑事警察局年度正式統計
2019,宜蘭縣,強制性交,9,10,-1,-10,comparable,警政署季度初步案件資料,警政署／刑事警察局年度正式統計
2019,屏東縣,毒品,1218,1942,-724,-37.2811534501,comparable,警政署季度初步案件資料,警政署／刑事警察局年度正式統計
2019,屏東縣,強盜,5,5,0,0,comparable,警政署季度初步案件資料,警政署／刑事警察局年度正式統計
2019,屏東縣,搶奪,5,5,0,0,comparable,警政署季度初步案件資料,警政署／刑事警察局年度正式統計
2019,屏東縣,住宅竊盜,29,43,-14,-32.5581395349,comparable,警政署季度初步案件資料,警政署／刑事警察局年度正式統計
2019,屏東縣,汽車竊盜,57,59,-2,-3.3898305085,comparable,警政署季度初步案件資料,警政署／刑事警察局年度正式統計
2019,屏東縣,機車竊盜,209,207,2,0.9661835749,comparable,警政署季度初步案件資料,警政署／刑事警察局年度正式統計
2019,屏東縣,強制性交,5,4,1,25,comparable,警政署季度初步案件資料,警政署／刑事警察局年度正式統計
2019,彰化縣,毒品,1019,1635,-616,-37.6758409786,comparable,警政署季度初步案件資料,警政署／刑事警察局年度正式統計
2019,彰化縣,強盜,11,12,-1,-8.3333333333,comparable,警政署季度初步案件資料,警政署／刑事警察局年度正式統計
2019,彰化縣,搶奪,7,7,0,0,comparable,警政署季度初步案件資料,警政署／刑事警察局年度正式統計
2019,彰化縣,住宅竊盜,42,59,-17,-28.813559322,comparable,警政署季度初步案件資料,警政署／刑事警察局年度正式統計
2019,彰化縣,汽車竊盜,44,45,-1,-2.2222222222,comparable,警政署季度初步案件資料,警政署／刑事警察局年度正式統計
2019,彰化縣,機車竊盜,153,154,-1,-0.6493506494,comparable,警政署季度初步案件資料,警政署／刑事警察局年度正式統計
2019,彰化縣,強制性交,5,5,0,0,comparable,警政署季度初步案件資料,警政署／刑事警察局年度正式統計
2019,新北市,毒品,4620,6634,-2014,-30.3587579138,comparable,警政署季度初步案件資料,警政署／刑事警察局年度正式統計
2019,新北市,強盜,25,28,-3,-10.7142857143,comparable,警政署季度初步案件資料,警政署／刑事警察局年度正式統計
2019,新北市,搶奪,28,28,0,0,comparable,警政署季度初步案件資料,警政署／刑事警察局年度正式統計
2019,新北市,住宅竊盜,300,657,-357,-54.3378995434,comparable,警政署季度初步案件資料,警政署／刑事警察局年度正式統計
2019,新北市,汽車竊盜,128,158,-30,-18.9873417722,comparable,警政署季度初步案件資料,警政署／刑事警察局年度正式統計
2019,新北市,機車竊盜,1219,1260,-41,-3.253968254,comparable,警政署季度初步案件資料,警政署／刑事警察局年度正式統計
2019,新北市,強制性交,11,11,0,0,comparable,警政署季度初步案件資料,警政署／刑事警察局年度正式統計
2019,新竹市,毒品,335,504,-169,-33.5317460317,comparable,警政署季度初步案件資料,警政署／刑事警察局年度正式統計
2019,新竹市,強盜,1,1,0,0,comparable,警政署季度初步案件資料,警政署／刑事警察局年度正式統計
2019,新竹市,搶奪,1,1,0,0,comparable,警政署季度初步案件資料,警政署／刑事警察局年度正式統計
2019,新竹市,住宅竊盜,21,31,-10,-32.2580645161,comparable,警政署季度初步案件資料,警政署／刑事警察局年度正式統計
2019,新竹市,汽車竊盜,17,23,-6,-26.0869565217,comparable,警政署季度初步案件資料,警政署／刑事警察局年度正式統計
2019,新竹市,機車竊盜,227,231,-4,-1.7316017316,comparable,警政署季度初步案件資料,警政署／刑事警察局年度正式統計
2019,新竹市,強制性交,3,0,3,,comparable,警政署季度初步案件資料,警政署／刑事警察局年度正式統計
2019,新竹縣,毒品,496,766,-270,-35.2480417755,comparable,警政署季度初步案件資料,警政署／刑事警察局年度正式統計
2019,新竹縣,強盜,4,4,0,0,comparable,警政署季度初步案件資料,警政署／刑事警察局年度正式統計
2019,新竹縣,搶奪,4,4,0,0,comparable,警政署季度初步案件資料,警政署／刑事警察局年度正式統計
2019,新竹縣,住宅竊盜,62,125,-63,-50.4,comparable,警政署季度初步案件資料,警政署／刑事警察局年度正式統計
2019,新竹縣,汽車竊盜,118,129,-11,-8.5271317829,comparable,警政署季度初步案件資料,警政署／刑事警察局年度正式統計
2019,新竹縣,機車竊盜,274,274,0,0,comparable,警政署季度初步案件資料,警政署／刑事警察局年度正式統計
2019,新竹縣,強制性交,3,3,0,0,comparable,警政署季度初步案件資料,警政署／刑事警察局年度正式統計
2019,桃園市,毒品,4891,5900,-1009,-17.1016949153,comparable,警政署季度初步案件資料,警政署／刑事警察局年度正式統計
2019,桃園市,強盜,17,19,-2,-10.5263157895,comparable,警政署季度初步案件資料,警政署／刑事警察局年度正式統計
2019,桃園市,搶奪,5,5,0,0,comparable,警政署季度初步案件資料,警政署／刑事警察局年度正式統計
2019,桃園市,住宅竊盜,62,113,-51,-45.1327433628,comparable,警政署季度初步案件資料,警政署／刑事警察局年度正式統計
2019,桃園市,汽車竊盜,222,277,-55,-19.8555956679,comparable,警政署季度初步案件資料,警政署／刑事警察局年度正式統計
2019,桃園市,機車竊盜,1224,1200,24,2,comparable,警政署季度初步案件資料,警政署／刑事警察局年度正式統計
2019,桃園市,強制性交,8,6,2,33.3333333333,comparable,警政署季度初步案件資料,警政署／刑事警察局年度正式統計
2019,澎湖縣,毒品,17,68,-51,-75,comparable,警政署季度初步案件資料,警政署／刑事警察局年度正式統計
2019,澎湖縣,強盜,3,3,0,0,comparable,警政署季度初步案件資料,警政署／刑事警察局年度正式統計
2019,澎湖縣,搶奪,0,0,0,,comparable,警政署季度初步案件資料,警政署／刑事警察局年度正式統計
2019,澎湖縣,住宅竊盜,34,40,-6,-15,comparable,警政署季度初步案件資料,警政署／刑事警察局年度正式統計
2019,澎湖縣,汽車竊盜,2,2,0,0,comparable,警政署季度初步案件資料,警政署／刑事警察局年度正式統計
2019,澎湖縣,機車竊盜,7,7,0,0,comparable,警政署季度初步案件資料,警政署／刑事警察局年度正式統計
2019,澎湖縣,強制性交,4,4,0,0,comparable,警政署季度初步案件資料,警政署／刑事警察局年度正式統計
2019,臺中市,毒品,2722,3700,-978,-26.4324324324,comparable,警政署季度初步案件資料,警政署／刑事警察局年度正式統計
2019,臺中市,強盜,17,19,-2,-10.5263157895,comparable,警政署季度初步案件資料,警政署／刑事警察局年度正式統計
2019,臺中市,搶奪,16,16,0,0,comparable,警政署季度初步案件資料,警政署／刑事警察局年度正式統計
2019,臺中市,住宅竊盜,78,148,-70,-47.2972972973,comparable,警政署季度初步案件資料,警政署／刑事警察局年度正式統計
2019,臺中市,汽車竊盜,102,108,-6,-5.5555555556,comparable,警政署季度初步案件資料,警政署／刑事警察局年度正式統計
2019,臺中市,機車竊盜,526,517,9,1.7408123791,comparable,警政署季度初步案件資料,警政署／刑事警察局年度正式統計
2019,臺中市,強制性交,0,0,0,,comparable,警政署季度初步案件資料,警政署／刑事警察局年度正式統計
2019,臺北市,毒品,3507,4054,-547,-13.4928465713,comparable,警政署季度初步案件資料,警政署／刑事警察局年度正式統計
2019,臺北市,強盜,14,15,-1,-6.6666666667,comparable,警政署季度初步案件資料,警政署／刑事警察局年度正式統計
2019,臺北市,搶奪,15,15,0,0,comparable,警政署季度初步案件資料,警政署／刑事警察局年度正式統計
2019,臺北市,住宅竊盜,318,371,-53,-14.2857142857,comparable,警政署季度初步案件資料,警政署／刑事警察局年度正式統計
2019,臺北市,汽車竊盜,45,51,-6,-11.7647058824,comparable,警政署季度初步案件資料,警政署／刑事警察局年度正式統計
2019,臺北市,機車竊盜,365,369,-4,-1.0840108401,comparable,警政署季度初步案件資料,警政署／刑事警察局年度正式統計
2019,臺北市,強制性交,14,12,2,16.6666666667,comparable,警政署季度初步案件資料,警政署／刑事警察局年度正式統計
2019,臺南市,毒品,1894,2919,-1025,-35.1147653306,comparable,警政署季度初步案件資料,警政署／刑事警察局年度正式統計
2019,臺南市,強盜,21,21,0,0,comparable,警政署季度初步案件資料,警政署／刑事警察局年度正式統計
2019,臺南市,搶奪,8,9,-1,-11.1111111111,comparable,警政署季度初步案件資料,警政署／刑事警察局年度正式統計
2019,臺南市,住宅竊盜,233,269,-36,-13.3828996283,comparable,警政署季度初步案件資料,警政署／刑事警察局年度正式統計
2019,臺南市,汽車竊盜,96,101,-5,-4.9504950495,comparable,警政署季度初步案件資料,警政署／刑事警察局年度正式統計
2019,臺南市,機車竊盜,333,318,15,4.7169811321,comparable,警政署季度初步案件資料,警政署／刑事警察局年度正式統計
2019,臺南市,強制性交,13,3,10,333.3333333333,comparable,警政署季度初步案件資料,警政署／刑事警察局年度正式統計
2019,臺東縣,毒品,266,419,-153,-36.5155131265,comparable,警政署季度初步案件資料,警政署／刑事警察局年度正式統計
2019,臺東縣,強盜,1,1,0,0,comparable,警政署季度初步案件資料,警政署／刑事警察局年度正式統計
2019,臺東縣,搶奪,0,0,0,,comparable,警政署季度初步案件資料,警政署／刑事警察局年度正式統計
2019,臺東縣,住宅竊盜,3,4,-1,-25,comparable,警政署季度初步案件資料,警政署／刑事警察局年度正式統計
2019,臺東縣,汽車竊盜,1,3,-2,-66.6666666667,comparable,警政署季度初步案件資料,警政署／刑事警察局年度正式統計
2019,臺東縣,機車竊盜,46,45,1,2.2222222222,comparable,警政署季度初步案件資料,警政署／刑事警察局年度正式統計
2019,臺東縣,強制性交,0,0,0,,comparable,警政署季度初步案件資料,警政署／刑事警察局年度正式統計
2019,花蓮縣,毒品,482,819,-337,-41.1477411477,comparable,警政署季度初步案件資料,警政署／刑事警察局年度正式統計
2019,花蓮縣,強盜,5,6,-1,-16.6666666667,comparable,警政署季度初步案件資料,警政署／刑事警察局年度正式統計
2019,花蓮縣,搶奪,5,4,1,25,comparable,警政署季度初步案件資料,警政署／刑事警察局年度正式統計
2019,花蓮縣,住宅竊盜,44,69,-25,-36.231884058,comparable,警政署季度初步案件資料,警政署／刑事警察局年度正式統計
2019,花蓮縣,汽車竊盜,9,14,-5,-35.7142857143,comparable,警政署季度初步案件資料,警政署／刑事警察局年度正式統計
2019,花蓮縣,機車竊盜,75,76,-1,-1.3157894737,comparable,警政署季度初步案件資料,警政署／刑事警察局年度正式統計
2019,花蓮縣,強制性交,2,9,-7,-77.7777777778,comparable,警政署季度初步案件資料,警政署／刑事警察局年度正式統計
2019,苗栗縣,毒品,684,1042,-358,-34.3570057582,comparable,警政署季度初步案件資料,警政署／刑事警察局年度正式統計
2019,苗栗縣,強盜,4,4,0,0,comparable,警政署季度初步案件資料,警政署／刑事警察局年度正式統計
2019,苗栗縣,搶奪,1,1,0,0,comparable,警政署季度初步案件資料,警政署／刑事警察局年度正式統計
2019,苗栗縣,住宅竊盜,49,102,-53,-51.9607843137,comparable,警政署季度初步案件資料,警政署／刑事警察局年度正式統計
2019,苗栗縣,汽車竊盜,27,35,-8,-22.8571428571,comparable,警政署季度初步案件資料,警政署／刑事警察局年度正式統計
2019,苗栗縣,機車竊盜,77,78,-1,-1.2820512821,comparable,警政署季度初步案件資料,警政署／刑事警察局年度正式統計
2019,苗栗縣,強制性交,1,2,-1,-50,comparable,警政署季度初步案件資料,警政署／刑事警察局年度正式統計
2019,連江縣,毒品,5,8,-3,-37.5,comparable,警政署季度初步案件資料,警政署／刑事警察局年度正式統計
2019,連江縣,強盜,0,0,0,,comparable,警政署季度初步案件資料,警政署／刑事警察局年度正式統計
2019,連江縣,搶奪,0,0,0,,comparable,警政署季度初步案件資料,警政署／刑事警察局年度正式統計
2019,連江縣,住宅竊盜,1,2,-1,-50,comparable,警政署季度初步案件資料,警政署／刑事警察局年度正式統計
2019,連江縣,汽車竊盜,0,0,0,,comparable,警政署季度初步案件資料,警政署／刑事警察局年度正式統計
2019,連江縣,機車竊盜,2,1,1,100,comparable,警政署季度初步案件資料,警政署／刑事警察局年度正式統計
2019,連江縣,強制性交,0,0,0,,comparable,警政署季度初步案件資料,警政署／刑事警察局年度正式統計
2019,金門縣,毒品,33,68,-35,-51.4705882353,comparable,警政署季度初步案件資料,警政署／刑事警察局年度正式統計
2019,金門縣,強盜,0,0,0,,comparable,警政署季度初步案件資料,警政署／刑事警察局年度正式統計
2019,金門縣,搶奪,0,0,0,,comparable,警政署季度初步案件資料,警政署／刑事警察局年度正式統計
2019,金門縣,住宅竊盜,27,28,-1,-3.5714285714,comparable,警政署季度初步案件資料,警政署／刑事警察局年度正式統計
2019,金門縣,汽車竊盜,2,3,-1,-33.3333333333,comparable,警政署季度初步案件資料,警政署／刑事警察局年度正式統計
2019,金門縣,機車竊盜,3,3,0,0,comparable,警政署季度初步案件資料,警政署／刑事警察局年度正式統計
2019,金門縣,強制性交,4,8,-4,-50,comparable,警政署季度初步案件資料,警政署／刑事警察局年度正式統計
2019,雲林縣,毒品,877,1256,-379,-30.1751592357,comparable,警政署季度初步案件資料,警政署／刑事警察局年度正式統計
2019,雲林縣,強盜,4,5,-1,-20,comparable,警政署季度初步案件資料,警政署／刑事警察局年度正式統計
2019,雲林縣,搶奪,0,0,0,,comparable,警政署季度初步案件資料,警政署／刑事警察局年度正式統計
2019,雲林縣,住宅竊盜,129,213,-84,-39.4366197183,comparable,警政署季度初步案件資料,警政署／刑事警察局年度正式統計
2019,雲林縣,汽車竊盜,35,36,-1,-2.7777777778,comparable,警政署季度初步案件資料,警政署／刑事警察局年度正式統計
2019,雲林縣,機車竊盜,111,113,-2,-1.7699115044,comparable,警政署季度初步案件資料,警政署／刑事警察局年度正式統計
2019,雲林縣,強制性交,6,6,0,0,comparable,警政署季度初步案件資料,警政署／刑事警察局年度正式統計
2019,高雄市,毒品,2769,4303,-1534,-35.6495468278,comparable,警政署季度初步案件資料,警政署／刑事警察局年度正式統計
2019,高雄市,強盜,21,25,-4,-16,comparable,警政署季度初步案件資料,警政署／刑事警察局年度正式統計
2019,高雄市,搶奪,21,22,-1,-4.5454545455,comparable,警政署季度初步案件資料,警政署／刑事警察局年度正式統計
2019,高雄市,住宅竊盜,45,75,-30,-40,comparable,警政署季度初步案件資料,警政署／刑事警察局年度正式統計
2019,高雄市,汽車竊盜,132,135,-3,-2.2222222222,comparable,警政署季度初步案件資料,警政署／刑事警察局年度正式統計
2019,高雄市,機車竊盜,622,606,16,2.6402640264,comparable,警政署季度初步案件資料,警政署／刑事警察局年度正式統計
2019,高雄市,強制性交,22,4,18,450,comparable,警政署季度初步案件資料,警政署／刑事警察局年度正式統計
2020,南投縣,毒品,498,718,-220,-30.6406685237,comparable,警政署季度初步案件資料,警政署／刑事警察局年度正式統計
2020,南投縣,強盜,3,2,1,50,comparable,警政署季度初步案件資料,警政署／刑事警察局年度正式統計
2020,南投縣,搶奪,1,1,0,0,comparable,警政署季度初步案件資料,警政署／刑事警察局年度正式統計
2020,南投縣,住宅竊盜,90,111,-21,-18.9189189189,comparable,警政署季度初步案件資料,警政署／刑事警察局年度正式統計
2020,南投縣,汽車竊盜,27,26,1,3.8461538462,comparable,警政署季度初步案件資料,警政署／刑事警察局年度正式統計
2020,南投縣,機車竊盜,82,82,0,0,comparable,警政署季度初步案件資料,警政署／刑事警察局年度正式統計
2020,南投縣,強制性交,11,15,-4,-26.6666666667,comparable,警政署季度初步案件資料,警政署／刑事警察局年度正式統計
2020,嘉義市,毒品,386,603,-217,-35.9867330017,comparable,警政署季度初步案件資料,警政署／刑事警察局年度正式統計
2020,嘉義市,強盜,2,2,0,0,comparable,警政署季度初步案件資料,警政署／刑事警察局年度正式統計
2020,嘉義市,搶奪,2,2,0,0,comparable,警政署季度初步案件資料,警政署／刑事警察局年度正式統計
2020,嘉義市,住宅竊盜,7,10,-3,-30,comparable,警政署季度初步案件資料,警政署／刑事警察局年度正式統計
2020,嘉義市,汽車竊盜,12,13,-1,-7.6923076923,comparable,警政署季度初步案件資料,警政署／刑事警察局年度正式統計
2020,嘉義市,機車竊盜,37,37,0,0,comparable,警政署季度初步案件資料,警政署／刑事警察局年度正式統計
2020,嘉義市,強制性交,6,7,-1,-14.2857142857,comparable,警政署季度初步案件資料,警政署／刑事警察局年度正式統計
2020,嘉義縣,毒品,448,849,-401,-47.2320376914,comparable,警政署季度初步案件資料,警政署／刑事警察局年度正式統計
2020,嘉義縣,強盜,3,3,0,0,comparable,警政署季度初步案件資料,警政署／刑事警察局年度正式統計
2020,嘉義縣,搶奪,1,1,0,0,comparable,警政署季度初步案件資料,警政署／刑事警察局年度正式統計
2020,嘉義縣,住宅竊盜,4,6,-2,-33.3333333333,comparable,警政署季度初步案件資料,警政署／刑事警察局年度正式統計
2020,嘉義縣,汽車竊盜,18,20,-2,-10,comparable,警政署季度初步案件資料,警政署／刑事警察局年度正式統計
2020,嘉義縣,機車竊盜,57,57,0,0,comparable,警政署季度初步案件資料,警政署／刑事警察局年度正式統計
2020,嘉義縣,強制性交,3,5,-2,-40,comparable,警政署季度初步案件資料,警政署／刑事警察局年度正式統計
2020,基隆市,毒品,804,1046,-242,-23.1357552581,comparable,警政署季度初步案件資料,警政署／刑事警察局年度正式統計
2020,基隆市,強盜,3,4,-1,-25,comparable,警政署季度初步案件資料,警政署／刑事警察局年度正式統計
2020,基隆市,搶奪,1,1,0,0,comparable,警政署季度初步案件資料,警政署／刑事警察局年度正式統計
2020,基隆市,住宅竊盜,59,87,-28,-32.183908046,comparable,警政署季度初步案件資料,警政署／刑事警察局年度正式統計
2020,基隆市,汽車竊盜,11,12,-1,-8.3333333333,comparable,警政署季度初步案件資料,警政署／刑事警察局年度正式統計
2020,基隆市,機車竊盜,50,48,2,4.1666666667,comparable,警政署季度初步案件資料,警政署／刑事警察局年度正式統計
2020,基隆市,強制性交,12,12,0,0,comparable,警政署季度初步案件資料,警政署／刑事警察局年度正式統計
2020,宜蘭縣,毒品,495,710,-215,-30.2816901408,comparable,警政署季度初步案件資料,警政署／刑事警察局年度正式統計
2020,宜蘭縣,強盜,6,6,0,0,comparable,警政署季度初步案件資料,警政署／刑事警察局年度正式統計
2020,宜蘭縣,搶奪,1,1,0,0,comparable,警政署季度初步案件資料,警政署／刑事警察局年度正式統計
2020,宜蘭縣,住宅竊盜,15,24,-9,-37.5,comparable,警政署季度初步案件資料,警政署／刑事警察局年度正式統計
2020,宜蘭縣,汽車竊盜,48,48,0,0,comparable,警政署季度初步案件資料,警政署／刑事警察局年度正式統計
2020,宜蘭縣,機車竊盜,104,103,1,0.9708737864,comparable,警政署季度初步案件資料,警政署／刑事警察局年度正式統計
2020,宜蘭縣,強制性交,6,9,-3,-33.3333333333,comparable,警政署季度初步案件資料,警政署／刑事警察局年度正式統計
2020,屏東縣,毒品,1209,1933,-724,-37.4547335748,comparable,警政署季度初步案件資料,警政署／刑事警察局年度正式統計
2020,屏東縣,強盜,2,2,0,0,comparable,警政署季度初步案件資料,警政署／刑事警察局年度正式統計
2020,屏東縣,搶奪,2,3,-1,-33.3333333333,comparable,警政署季度初步案件資料,警政署／刑事警察局年度正式統計
2020,屏東縣,住宅竊盜,7,11,-4,-36.3636363636,comparable,警政署季度初步案件資料,警政署／刑事警察局年度正式統計
2020,屏東縣,汽車竊盜,23,25,-2,-8,comparable,警政署季度初步案件資料,警政署／刑事警察局年度正式統計
2020,屏東縣,機車竊盜,106,103,3,2.9126213592,comparable,警政署季度初步案件資料,警政署／刑事警察局年度正式統計
2020,屏東縣,強制性交,4,3,1,33.3333333333,comparable,警政署季度初步案件資料,警政署／刑事警察局年度正式統計
2020,彰化縣,毒品,1016,1556,-540,-34.7043701799,comparable,警政署季度初步案件資料,警政署／刑事警察局年度正式統計
2020,彰化縣,強盜,5,4,1,25,comparable,警政署季度初步案件資料,警政署／刑事警察局年度正式統計
2020,彰化縣,搶奪,6,6,0,0,comparable,警政署季度初步案件資料,警政署／刑事警察局年度正式統計
2020,彰化縣,住宅竊盜,44,78,-34,-43.5897435897,comparable,警政署季度初步案件資料,警政署／刑事警察局年度正式統計
2020,彰化縣,汽車竊盜,47,52,-5,-9.6153846154,comparable,警政署季度初步案件資料,警政署／刑事警察局年度正式統計
2020,彰化縣,機車竊盜,135,142,-7,-4.9295774648,comparable,警政署季度初步案件資料,警政署／刑事警察局年度正式統計
2020,彰化縣,強制性交,3,1,2,200,comparable,警政署季度初步案件資料,警政署／刑事警察局年度正式統計
2020,新北市,毒品,4912,7050,-2138,-30.3262411348,comparable,警政署季度初步案件資料,警政署／刑事警察局年度正式統計
2020,新北市,強盜,23,25,-2,-8,comparable,警政署季度初步案件資料,警政署／刑事警察局年度正式統計
2020,新北市,搶奪,22,21,1,4.7619047619,comparable,警政署季度初步案件資料,警政署／刑事警察局年度正式統計
2020,新北市,住宅竊盜,193,392,-199,-50.7653061224,comparable,警政署季度初步案件資料,警政署／刑事警察局年度正式統計
2020,新北市,汽車竊盜,59,74,-15,-20.2702702703,comparable,警政署季度初步案件資料,警政署／刑事警察局年度正式統計
2020,新北市,機車竊盜,912,917,-5,-0.5452562704,comparable,警政署季度初步案件資料,警政署／刑事警察局年度正式統計
2020,新北市,強制性交,10,13,-3,-23.0769230769,comparable,警政署季度初步案件資料,警政署／刑事警察局年度正式統計
2020,新竹市,毒品,302,392,-90,-22.9591836735,comparable,警政署季度初步案件資料,警政署／刑事警察局年度正式統計
2020,新竹市,強盜,3,3,0,0,comparable,警政署季度初步案件資料,警政署／刑事警察局年度正式統計
2020,新竹市,搶奪,2,2,0,0,comparable,警政署季度初步案件資料,警政署／刑事警察局年度正式統計
2020,新竹市,住宅竊盜,23,35,-12,-34.2857142857,comparable,警政署季度初步案件資料,警政署／刑事警察局年度正式統計
2020,新竹市,汽車竊盜,21,25,-4,-16,comparable,警政署季度初步案件資料,警政署／刑事警察局年度正式統計
2020,新竹市,機車竊盜,155,157,-2,-1.2738853503,comparable,警政署季度初步案件資料,警政署／刑事警察局年度正式統計
2020,新竹市,強制性交,1,1,0,0,comparable,警政署季度初步案件資料,警政署／刑事警察局年度正式統計
2020,新竹縣,毒品,598,932,-334,-35.8369098712,comparable,警政署季度初步案件資料,警政署／刑事警察局年度正式統計
2020,新竹縣,強盜,2,2,0,0,comparable,警政署季度初步案件資料,警政署／刑事警察局年度正式統計
2020,新竹縣,搶奪,2,2,0,0,comparable,警政署季度初步案件資料,警政署／刑事警察局年度正式統計
2020,新竹縣,住宅竊盜,30,64,-34,-53.125,comparable,警政署季度初步案件資料,警政署／刑事警察局年度正式統計
2020,新竹縣,汽車竊盜,59,63,-4,-6.3492063492,comparable,警政署季度初步案件資料,警政署／刑事警察局年度正式統計
2020,新竹縣,機車竊盜,195,193,2,1.0362694301,comparable,警政署季度初步案件資料,警政署／刑事警察局年度正式統計
2020,新竹縣,強制性交,3,1,2,200,comparable,警政署季度初步案件資料,警政署／刑事警察局年度正式統計
2020,桃園市,毒品,4750,6375,-1625,-25.4901960784,comparable,警政署季度初步案件資料,警政署／刑事警察局年度正式統計
2020,桃園市,強盜,16,15,1,6.6666666667,comparable,警政署季度初步案件資料,警政署／刑事警察局年度正式統計
2020,桃園市,搶奪,6,5,1,20,comparable,警政署季度初步案件資料,警政署／刑事警察局年度正式統計
2020,桃園市,住宅竊盜,57,104,-47,-45.1923076923,comparable,警政署季度初步案件資料,警政署／刑事警察局年度正式統計
2020,桃園市,汽車竊盜,109,154,-45,-29.2207792208,comparable,警政署季度初步案件資料,警政署／刑事警察局年度正式統計
2020,桃園市,機車竊盜,842,838,4,0.477326969,comparable,警政署季度初步案件資料,警政署／刑事警察局年度正式統計
2020,桃園市,強制性交,9,9,0,0,comparable,警政署季度初步案件資料,警政署／刑事警察局年度正式統計
2020,澎湖縣,毒品,25,54,-29,-53.7037037037,comparable,警政署季度初步案件資料,警政署／刑事警察局年度正式統計
2020,澎湖縣,強盜,1,1,0,0,comparable,警政署季度初步案件資料,警政署／刑事警察局年度正式統計
2020,澎湖縣,搶奪,0,0,0,,comparable,警政署季度初步案件資料,警政署／刑事警察局年度正式統計
2020,澎湖縣,住宅竊盜,39,44,-5,-11.3636363636,comparable,警政署季度初步案件資料,警政署／刑事警察局年度正式統計
2020,澎湖縣,汽車竊盜,1,2,-1,-50,comparable,警政署季度初步案件資料,警政署／刑事警察局年度正式統計
2020,澎湖縣,機車竊盜,7,7,0,0,comparable,警政署季度初步案件資料,警政署／刑事警察局年度正式統計
2020,澎湖縣,強制性交,4,3,1,33.3333333333,comparable,警政署季度初步案件資料,警政署／刑事警察局年度正式統計
2020,臺中市,毒品,2549,3624,-1075,-29.6633554084,comparable,警政署季度初步案件資料,警政署／刑事警察局年度正式統計
2020,臺中市,強盜,14,13,1,7.6923076923,comparable,警政署季度初步案件資料,警政署／刑事警察局年度正式統計
2020,臺中市,搶奪,8,7,1,14.2857142857,comparable,警政署季度初步案件資料,警政署／刑事警察局年度正式統計
2020,臺中市,住宅竊盜,70,128,-58,-45.3125,comparable,警政署季度初步案件資料,警政署／刑事警察局年度正式統計
2020,臺中市,汽車竊盜,91,94,-3,-3.1914893617,comparable,警政署季度初步案件資料,警政署／刑事警察局年度正式統計
2020,臺中市,機車竊盜,423,417,6,1.4388489209,comparable,警政署季度初步案件資料,警政署／刑事警察局年度正式統計
2020,臺中市,強制性交,6,1,5,500,comparable,警政署季度初步案件資料,警政署／刑事警察局年度正式統計
2020,臺北市,毒品,3339,3911,-572,-14.6254154948,comparable,警政署季度初步案件資料,警政署／刑事警察局年度正式統計
2020,臺北市,強盜,14,15,-1,-6.6666666667,comparable,警政署季度初步案件資料,警政署／刑事警察局年度正式統計
2020,臺北市,搶奪,14,13,1,7.6923076923,comparable,警政署季度初步案件資料,警政署／刑事警察局年度正式統計
2020,臺北市,住宅竊盜,243,316,-73,-23.1012658228,comparable,警政署季度初步案件資料,警政署／刑事警察局年度正式統計
2020,臺北市,汽車竊盜,35,37,-2,-5.4054054054,comparable,警政署季度初步案件資料,警政署／刑事警察局年度正式統計
2020,臺北市,機車竊盜,283,287,-4,-1.393728223,comparable,警政署季度初步案件資料,警政署／刑事警察局年度正式統計
2020,臺北市,強制性交,7,8,-1,-12.5,comparable,警政署季度初步案件資料,警政署／刑事警察局年度正式統計
2020,臺南市,毒品,1920,2837,-917,-32.3228762778,comparable,警政署季度初步案件資料,警政署／刑事警察局年度正式統計
2020,臺南市,強盜,15,19,-4,-21.0526315789,comparable,警政署季度初步案件資料,警政署／刑事警察局年度正式統計
2020,臺南市,搶奪,19,19,0,0,comparable,警政署季度初步案件資料,警政署／刑事警察局年度正式統計
2020,臺南市,住宅竊盜,165,223,-58,-26.0089686099,comparable,警政署季度初步案件資料,警政署／刑事警察局年度正式統計
2020,臺南市,汽車竊盜,51,56,-5,-8.9285714286,comparable,警政署季度初步案件資料,警政署／刑事警察局年度正式統計
2020,臺南市,機車竊盜,266,259,7,2.7027027027,comparable,警政署季度初步案件資料,警政署／刑事警察局年度正式統計
2020,臺南市,強制性交,11,3,8,266.6666666667,comparable,警政署季度初步案件資料,警政署／刑事警察局年度正式統計
2020,臺東縣,毒品,238,349,-111,-31.8051575931,comparable,警政署季度初步案件資料,警政署／刑事警察局年度正式統計
2020,臺東縣,強盜,0,0,0,,comparable,警政署季度初步案件資料,警政署／刑事警察局年度正式統計
2020,臺東縣,搶奪,0,0,0,,comparable,警政署季度初步案件資料,警政署／刑事警察局年度正式統計
2020,臺東縣,住宅竊盜,1,2,-1,-50,comparable,警政署季度初步案件資料,警政署／刑事警察局年度正式統計
2020,臺東縣,汽車竊盜,4,5,-1,-20,comparable,警政署季度初步案件資料,警政署／刑事警察局年度正式統計
2020,臺東縣,機車竊盜,37,39,-2,-5.1282051282,comparable,警政署季度初步案件資料,警政署／刑事警察局年度正式統計
2020,臺東縣,強制性交,1,1,0,0,comparable,警政署季度初步案件資料,警政署／刑事警察局年度正式統計
2020,花蓮縣,毒品,372,595,-223,-37.4789915966,comparable,警政署季度初步案件資料,警政署／刑事警察局年度正式統計
2020,花蓮縣,強盜,3,4,-1,-25,comparable,警政署季度初步案件資料,警政署／刑事警察局年度正式統計
2020,花蓮縣,搶奪,2,2,0,0,comparable,警政署季度初步案件資料,警政署／刑事警察局年度正式統計
2020,花蓮縣,住宅竊盜,30,50,-20,-40,comparable,警政署季度初步案件資料,警政署／刑事警察局年度正式統計
2020,花蓮縣,汽車竊盜,12,17,-5,-29.4117647059,comparable,警政署季度初步案件資料,警政署／刑事警察局年度正式統計
2020,花蓮縣,機車竊盜,48,48,0,0,comparable,警政署季度初步案件資料,警政署／刑事警察局年度正式統計
2020,花蓮縣,強制性交,2,3,-1,-33.3333333333,comparable,警政署季度初步案件資料,警政署／刑事警察局年度正式統計
2020,苗栗縣,毒品,598,1036,-438,-42.277992278,comparable,警政署季度初步案件資料,警政署／刑事警察局年度正式統計
2020,苗栗縣,強盜,3,4,-1,-25,comparable,警政署季度初步案件資料,警政署／刑事警察局年度正式統計
2020,苗栗縣,搶奪,2,3,-1,-33.3333333333,comparable,警政署季度初步案件資料,警政署／刑事警察局年度正式統計
2020,苗栗縣,住宅竊盜,59,104,-45,-43.2692307692,comparable,警政署季度初步案件資料,警政署／刑事警察局年度正式統計
2020,苗栗縣,汽車竊盜,22,29,-7,-24.1379310345,comparable,警政署季度初步案件資料,警政署／刑事警察局年度正式統計
2020,苗栗縣,機車竊盜,89,90,-1,-1.1111111111,comparable,警政署季度初步案件資料,警政署／刑事警察局年度正式統計
2020,苗栗縣,強制性交,7,13,-6,-46.1538461538,comparable,警政署季度初步案件資料,警政署／刑事警察局年度正式統計
2020,連江縣,毒品,6,12,-6,-50,comparable,警政署季度初步案件資料,警政署／刑事警察局年度正式統計
2020,連江縣,強盜,0,0,0,,comparable,警政署季度初步案件資料,警政署／刑事警察局年度正式統計
2020,連江縣,搶奪,0,0,0,,comparable,警政署季度初步案件資料,警政署／刑事警察局年度正式統計
2020,連江縣,住宅竊盜,1,1,0,0,comparable,警政署季度初步案件資料,警政署／刑事警察局年度正式統計
2020,連江縣,汽車竊盜,0,0,0,,comparable,警政署季度初步案件資料,警政署／刑事警察局年度正式統計
2020,連江縣,機車竊盜,4,4,0,0,comparable,警政署季度初步案件資料,警政署／刑事警察局年度正式統計
2020,連江縣,強制性交,0,0,0,,comparable,警政署季度初步案件資料,警政署／刑事警察局年度正式統計
2020,金門縣,毒品,44,109,-65,-59.6330275229,comparable,警政署季度初步案件資料,警政署／刑事警察局年度正式統計
2020,金門縣,強盜,0,0,0,,comparable,警政署季度初步案件資料,警政署／刑事警察局年度正式統計
2020,金門縣,搶奪,0,0,0,,comparable,警政署季度初步案件資料,警政署／刑事警察局年度正式統計
2020,金門縣,住宅竊盜,33,31,2,6.4516129032,comparable,警政署季度初步案件資料,警政署／刑事警察局年度正式統計
2020,金門縣,汽車竊盜,4,4,0,0,comparable,警政署季度初步案件資料,警政署／刑事警察局年度正式統計
2020,金門縣,機車竊盜,4,4,0,0,comparable,警政署季度初步案件資料,警政署／刑事警察局年度正式統計
2020,金門縣,強制性交,1,1,0,0,comparable,警政署季度初步案件資料,警政署／刑事警察局年度正式統計
2020,雲林縣,毒品,621,964,-343,-35.5809128631,comparable,警政署季度初步案件資料,警政署／刑事警察局年度正式統計
2020,雲林縣,強盜,5,5,0,0,comparable,警政署季度初步案件資料,警政署／刑事警察局年度正式統計
2020,雲林縣,搶奪,4,5,-1,-20,comparable,警政署季度初步案件資料,警政署／刑事警察局年度正式統計
2020,雲林縣,住宅竊盜,76,121,-45,-37.1900826446,comparable,警政署季度初步案件資料,警政署／刑事警察局年度正式統計
2020,雲林縣,汽車竊盜,33,36,-3,-8.3333333333,comparable,警政署季度初步案件資料,警政署／刑事警察局年度正式統計
2020,雲林縣,機車竊盜,87,87,0,0,comparable,警政署季度初步案件資料,警政署／刑事警察局年度正式統計
2020,雲林縣,強制性交,7,4,3,75,comparable,警政署季度初步案件資料,警政署／刑事警察局年度正式統計
2020,高雄市,毒品,2544,3797,-1253,-32.9997366342,comparable,警政署季度初步案件資料,警政署／刑事警察局年度正式統計
2020,高雄市,強盜,14,17,-3,-17.6470588235,comparable,警政署季度初步案件資料,警政署／刑事警察局年度正式統計
2020,高雄市,搶奪,29,28,1,3.5714285714,comparable,警政署季度初步案件資料,警政署／刑事警察局年度正式統計
2020,高雄市,住宅竊盜,51,72,-21,-29.1666666667,comparable,警政署季度初步案件資料,警政署／刑事警察局年度正式統計
2020,高雄市,汽車竊盜,86,97,-11,-11.3402061856,comparable,警政署季度初步案件資料,警政署／刑事警察局年度正式統計
2020,高雄市,機車竊盜,458,448,10,2.2321428571,comparable,警政署季度初步案件資料,警政署／刑事警察局年度正式統計
2020,高雄市,強制性交,31,6,25,416.6666666667,comparable,警政署季度初步案件資料,警政署／刑事警察局年度正式統計
2021,南投縣,毒品,407,666,-259,-38.8888888889,comparable,警政署季度初步案件資料,警政署／刑事警察局年度正式統計
2021,南投縣,強盜,4,3,1,33.3333333333,comparable,警政署季度初步案件資料,警政署／刑事警察局年度正式統計
2021,南投縣,搶奪,2,2,0,0,comparable,警政署季度初步案件資料,警政署／刑事警察局年度正式統計
2021,南投縣,住宅竊盜,117,154,-37,-24.025974026,comparable,警政署季度初步案件資料,警政署／刑事警察局年度正式統計
2021,南投縣,汽車竊盜,21,26,-5,-19.2307692308,comparable,警政署季度初步案件資料,警政署／刑事警察局年度正式統計
2021,南投縣,機車竊盜,100,93,7,7.5268817204,comparable,警政署季度初步案件資料,警政署／刑事警察局年度正式統計
2021,南投縣,強制性交,4,2,2,100,comparable,警政署季度初步案件資料,警政署／刑事警察局年度正式統計
2021,嘉義市,毒品,429,595,-166,-27.8991596639,comparable,警政署季度初步案件資料,警政署／刑事警察局年度正式統計
2021,嘉義市,強盜,3,3,0,0,comparable,警政署季度初步案件資料,警政署／刑事警察局年度正式統計
2021,嘉義市,搶奪,0,0,0,,comparable,警政署季度初步案件資料,警政署／刑事警察局年度正式統計
2021,嘉義市,住宅竊盜,10,13,-3,-23.0769230769,comparable,警政署季度初步案件資料,警政署／刑事警察局年度正式統計
2021,嘉義市,汽車竊盜,4,4,0,0,comparable,警政署季度初步案件資料,警政署／刑事警察局年度正式統計
2021,嘉義市,機車竊盜,20,20,0,0,comparable,警政署季度初步案件資料,警政署／刑事警察局年度正式統計
2021,嘉義市,強制性交,2,2,0,0,comparable,警政署季度初步案件資料,警政署／刑事警察局年度正式統計
2021,嘉義縣,毒品,340,709,-369,-52.0451339915,comparable,警政署季度初步案件資料,警政署／刑事警察局年度正式統計
2021,嘉義縣,強盜,3,3,0,0,comparable,警政署季度初步案件資料,警政署／刑事警察局年度正式統計
2021,嘉義縣,搶奪,4,4,0,0,comparable,警政署季度初步案件資料,警政署／刑事警察局年度正式統計
2021,嘉義縣,住宅竊盜,20,24,-4,-16.6666666667,comparable,警政署季度初步案件資料,警政署／刑事警察局年度正式統計
2021,嘉義縣,汽車竊盜,14,16,-2,-12.5,comparable,警政署季度初步案件資料,警政署／刑事警察局年度正式統計
2021,嘉義縣,機車竊盜,57,53,4,7.5471698113,comparable,警政署季度初步案件資料,警政署／刑事警察局年度正式統計
2021,嘉義縣,強制性交,5,7,-2,-28.5714285714,comparable,警政署季度初步案件資料,警政署／刑事警察局年度正式統計
2021,基隆市,毒品,738,920,-182,-19.7826086957,comparable,警政署季度初步案件資料,警政署／刑事警察局年度正式統計
2021,基隆市,強盜,7,5,2,40,comparable,警政署季度初步案件資料,警政署／刑事警察局年度正式統計
2021,基隆市,搶奪,0,0,0,,comparable,警政署季度初步案件資料,警政署／刑事警察局年度正式統計
2021,基隆市,住宅竊盜,40,67,-27,-40.2985074627,comparable,警政署季度初步案件資料,警政署／刑事警察局年度正式統計
2021,基隆市,汽車竊盜,9,11,-2,-18.1818181818,comparable,警政署季度初步案件資料,警政署／刑事警察局年度正式統計
2021,基隆市,機車竊盜,90,84,6,7.1428571429,comparable,警政署季度初步案件資料,警政署／刑事警察局年度正式統計
2021,基隆市,強制性交,7,7,0,0,comparable,警政署季度初步案件資料,警政署／刑事警察局年度正式統計
2021,宜蘭縣,毒品,430,558,-128,-22.9390681004,comparable,警政署季度初步案件資料,警政署／刑事警察局年度正式統計
2021,宜蘭縣,強盜,1,1,0,0,comparable,警政署季度初步案件資料,警政署／刑事警察局年度正式統計
2021,宜蘭縣,搶奪,2,2,0,0,comparable,警政署季度初步案件資料,警政署／刑事警察局年度正式統計
2021,宜蘭縣,住宅竊盜,6,8,-2,-25,comparable,警政署季度初步案件資料,警政署／刑事警察局年度正式統計
2021,宜蘭縣,汽車竊盜,62,63,-1,-1.5873015873,comparable,警政署季度初步案件資料,警政署／刑事警察局年度正式統計
2021,宜蘭縣,機車竊盜,108,105,3,2.8571428571,comparable,警政署季度初步案件資料,警政署／刑事警察局年度正式統計
2021,宜蘭縣,強制性交,2,5,-3,-60,comparable,警政署季度初步案件資料,警政署／刑事警察局年度正式統計
2021,屏東縣,毒品,884,1577,-693,-43.944197844,comparable,警政署季度初步案件資料,警政署／刑事警察局年度正式統計
2021,屏東縣,強盜,1,1,0,0,comparable,警政署季度初步案件資料,警政署／刑事警察局年度正式統計
2021,屏東縣,搶奪,6,6,0,0,comparable,警政署季度初步案件資料,警政署／刑事警察局年度正式統計
2021,屏東縣,住宅竊盜,13,19,-6,-31.5789473684,comparable,警政署季度初步案件資料,警政署／刑事警察局年度正式統計
2021,屏東縣,汽車竊盜,32,32,0,0,comparable,警政署季度初步案件資料,警政署／刑事警察局年度正式統計
2021,屏東縣,機車竊盜,185,172,13,7.5581395349,comparable,警政署季度初步案件資料,警政署／刑事警察局年度正式統計
2021,屏東縣,強制性交,4,2,2,100,comparable,警政署季度初步案件資料,警政署／刑事警察局年度正式統計
2021,彰化縣,毒品,789,1249,-460,-36.8294635709,comparable,警政署季度初步案件資料,警政署／刑事警察局年度正式統計
2021,彰化縣,強盜,3,4,-1,-25,comparable,警政署季度初步案件資料,警政署／刑事警察局年度正式統計
2021,彰化縣,搶奪,4,3,1,33.3333333333,comparable,警政署季度初步案件資料,警政署／刑事警察局年度正式統計
2021,彰化縣,住宅竊盜,37,57,-20,-35.0877192982,comparable,警政署季度初步案件資料,警政署／刑事警察局年度正式統計
2021,彰化縣,汽車竊盜,40,43,-3,-6.976744186,comparable,警政署季度初步案件資料,警政署／刑事警察局年度正式統計
2021,彰化縣,機車竊盜,130,128,2,1.5625,comparable,警政署季度初步案件資料,警政署／刑事警察局年度正式統計
2021,彰化縣,強制性交,6,0,6,,comparable,警政署季度初步案件資料,警政署／刑事警察局年度正式統計
2021,新北市,毒品,3737,5195,-1458,-28.0654475457,comparable,警政署季度初步案件資料,警政署／刑事警察局年度正式統計
2021,新北市,強盜,32,34,-2,-5.8823529412,comparable,警政署季度初步案件資料,警政署／刑事警察局年度正式統計
2021,新北市,搶奪,25,25,0,0,comparable,警政署季度初步案件資料,警政署／刑事警察局年度正式統計
2021,新北市,住宅竊盜,214,467,-253,-54.1755888651,comparable,警政署季度初步案件資料,警政署／刑事警察局年度正式統計
2021,新北市,汽車竊盜,63,76,-13,-17.1052631579,comparable,警政署季度初步案件資料,警政署／刑事警察局年度正式統計
2021,新北市,機車竊盜,795,790,5,0.6329113924,comparable,警政署季度初步案件資料,警政署／刑事警察局年度正式統計
2021,新北市,強制性交,9,9,0,0,comparable,警政署季度初步案件資料,警政署／刑事警察局年度正式統計
2021,新竹市,毒品,318,430,-112,-26.0465116279,comparable,警政署季度初步案件資料,警政署／刑事警察局年度正式統計
2021,新竹市,強盜,0,0,0,,comparable,警政署季度初步案件資料,警政署／刑事警察局年度正式統計
2021,新竹市,搶奪,1,1,0,0,comparable,警政署季度初步案件資料,警政署／刑事警察局年度正式統計
2021,新竹市,住宅竊盜,16,35,-19,-54.2857142857,comparable,警政署季度初步案件資料,警政署／刑事警察局年度正式統計
2021,新竹市,汽車竊盜,14,20,-6,-30,comparable,警政署季度初步案件資料,警政署／刑事警察局年度正式統計
2021,新竹市,機車竊盜,160,159,1,0.6289308176,comparable,警政署季度初步案件資料,警政署／刑事警察局年度正式統計
2021,新竹市,強制性交,1,0,1,,comparable,警政署季度初步案件資料,警政署／刑事警察局年度正式統計
2021,新竹縣,毒品,476,718,-242,-33.704735376,comparable,警政署季度初步案件資料,警政署／刑事警察局年度正式統計
2021,新竹縣,強盜,7,8,-1,-12.5,comparable,警政署季度初步案件資料,警政署／刑事警察局年度正式統計
2021,新竹縣,搶奪,0,0,0,,comparable,警政署季度初步案件資料,警政署／刑事警察局年度正式統計
2021,新竹縣,住宅竊盜,54,92,-38,-41.3043478261,comparable,警政署季度初步案件資料,警政署／刑事警察局年度正式統計
2021,新竹縣,汽車竊盜,77,93,-16,-17.2043010753,comparable,警政署季度初步案件資料,警政署／刑事警察局年度正式統計
2021,新竹縣,機車竊盜,180,173,7,4.0462427746,comparable,警政署季度初步案件資料,警政署／刑事警察局年度正式統計
2021,新竹縣,強制性交,0,0,0,,comparable,警政署季度初步案件資料,警政署／刑事警察局年度正式統計
2021,桃園市,毒品,3843,5399,-1556,-28.82015188,comparable,警政署季度初步案件資料,警政署／刑事警察局年度正式統計
2021,桃園市,強盜,18,17,1,5.8823529412,comparable,警政署季度初步案件資料,警政署／刑事警察局年度正式統計
2021,桃園市,搶奪,10,11,-1,-9.0909090909,comparable,警政署季度初步案件資料,警政署／刑事警察局年度正式統計
2021,桃園市,住宅竊盜,40,95,-55,-57.8947368421,comparable,警政署季度初步案件資料,警政署／刑事警察局年度正式統計
2021,桃園市,汽車竊盜,100,121,-21,-17.3553719008,comparable,警政署季度初步案件資料,警政署／刑事警察局年度正式統計
2021,桃園市,機車竊盜,551,546,5,0.9157509158,comparable,警政署季度初步案件資料,警政署／刑事警察局年度正式統計
2021,桃園市,強制性交,4,4,0,0,comparable,警政署季度初步案件資料,警政署／刑事警察局年度正式統計
2021,澎湖縣,毒品,30,78,-48,-61.5384615385,comparable,警政署季度初步案件資料,警政署／刑事警察局年度正式統計
2021,澎湖縣,強盜,1,1,0,0,comparable,警政署季度初步案件資料,警政署／刑事警察局年度正式統計
2021,澎湖縣,搶奪,0,0,0,,comparable,警政署季度初步案件資料,警政署／刑事警察局年度正式統計
2021,澎湖縣,住宅竊盜,34,36,-2,-5.5555555556,comparable,警政署季度初步案件資料,警政署／刑事警察局年度正式統計
2021,澎湖縣,汽車竊盜,1,1,0,0,comparable,警政署季度初步案件資料,警政署／刑事警察局年度正式統計
2021,澎湖縣,機車竊盜,7,7,0,0,comparable,警政署季度初步案件資料,警政署／刑事警察局年度正式統計
2021,澎湖縣,強制性交,4,4,0,0,comparable,警政署季度初步案件資料,警政署／刑事警察局年度正式統計
2021,臺中市,毒品,2135,3083,-948,-30.7492701914,comparable,警政署季度初步案件資料,警政署／刑事警察局年度正式統計
2021,臺中市,強盜,14,16,-2,-12.5,comparable,警政署季度初步案件資料,警政署／刑事警察局年度正式統計
2021,臺中市,搶奪,7,7,0,0,comparable,警政署季度初步案件資料,警政署／刑事警察局年度正式統計
2021,臺中市,住宅竊盜,70,115,-45,-39.1304347826,comparable,警政署季度初步案件資料,警政署／刑事警察局年度正式統計
2021,臺中市,汽車竊盜,49,56,-7,-12.5,comparable,警政署季度初步案件資料,警政署／刑事警察局年度正式統計
2021,臺中市,機車竊盜,432,443,-11,-2.4830699774,comparable,警政署季度初步案件資料,警政署／刑事警察局年度正式統計
2021,臺中市,強制性交,3,1,2,200,comparable,警政署季度初步案件資料,警政署／刑事警察局年度正式統計
2021,臺北市,毒品,2534,3101,-567,-18.2844243792,comparable,警政署季度初步案件資料,警政署／刑事警察局年度正式統計
2021,臺北市,強盜,15,14,1,7.1428571429,comparable,警政署季度初步案件資料,警政署／刑事警察局年度正式統計
2021,臺北市,搶奪,9,9,0,0,comparable,警政署季度初步案件資料,警政署／刑事警察局年度正式統計
2021,臺北市,住宅竊盜,143,207,-64,-30.9178743961,comparable,警政署季度初步案件資料,警政署／刑事警察局年度正式統計
2021,臺北市,汽車竊盜,25,30,-5,-16.6666666667,comparable,警政署季度初步案件資料,警政署／刑事警察局年度正式統計
2021,臺北市,機車竊盜,292,288,4,1.3888888889,comparable,警政署季度初步案件資料,警政署／刑事警察局年度正式統計
2021,臺北市,強制性交,5,4,1,25,comparable,警政署季度初步案件資料,警政署／刑事警察局年度正式統計
2021,臺南市,毒品,1772,2622,-850,-32.4180015256,comparable,警政署季度初步案件資料,警政署／刑事警察局年度正式統計
2021,臺南市,強盜,15,16,-1,-6.25,comparable,警政署季度初步案件資料,警政署／刑事警察局年度正式統計
2021,臺南市,搶奪,10,10,0,0,comparable,警政署季度初步案件資料,警政署／刑事警察局年度正式統計
2021,臺南市,住宅竊盜,162,245,-83,-33.8775510204,comparable,警政署季度初步案件資料,警政署／刑事警察局年度正式統計
2021,臺南市,汽車竊盜,30,36,-6,-16.6666666667,comparable,警政署季度初步案件資料,警政署／刑事警察局年度正式統計
2021,臺南市,機車竊盜,252,235,17,7.2340425532,comparable,警政署季度初步案件資料,警政署／刑事警察局年度正式統計
2021,臺南市,強制性交,24,3,21,700,comparable,警政署季度初步案件資料,警政署／刑事警察局年度正式統計
2021,臺東縣,毒品,176,269,-93,-34.5724907063,comparable,警政署季度初步案件資料,警政署／刑事警察局年度正式統計
2021,臺東縣,強盜,2,2,0,0,comparable,警政署季度初步案件資料,警政署／刑事警察局年度正式統計
2021,臺東縣,搶奪,3,3,0,0,comparable,警政署季度初步案件資料,警政署／刑事警察局年度正式統計
2021,臺東縣,住宅竊盜,3,4,-1,-25,comparable,警政署季度初步案件資料,警政署／刑事警察局年度正式統計
2021,臺東縣,汽車竊盜,3,4,-1,-25,comparable,警政署季度初步案件資料,警政署／刑事警察局年度正式統計
2021,臺東縣,機車竊盜,38,40,-2,-5,comparable,警政署季度初步案件資料,警政署／刑事警察局年度正式統計
2021,臺東縣,強制性交,5,1,4,400,comparable,警政署季度初步案件資料,警政署／刑事警察局年度正式統計
2021,花蓮縣,毒品,298,518,-220,-42.471042471,comparable,警政署季度初步案件資料,警政署／刑事警察局年度正式統計
2021,花蓮縣,強盜,2,2,0,0,comparable,警政署季度初步案件資料,警政署／刑事警察局年度正式統計
2021,花蓮縣,搶奪,1,2,-1,-50,comparable,警政署季度初步案件資料,警政署／刑事警察局年度正式統計
2021,花蓮縣,住宅竊盜,26,47,-21,-44.6808510638,comparable,警政署季度初步案件資料,警政署／刑事警察局年度正式統計
2021,花蓮縣,汽車竊盜,9,19,-10,-52.6315789474,comparable,警政署季度初步案件資料,警政署／刑事警察局年度正式統計
2021,花蓮縣,機車竊盜,80,76,4,5.2631578947,comparable,警政署季度初步案件資料,警政署／刑事警察局年度正式統計
2021,花蓮縣,強制性交,0,0,0,,comparable,警政署季度初步案件資料,警政署／刑事警察局年度正式統計
2021,苗栗縣,毒品,550,918,-368,-40.0871459695,comparable,警政署季度初步案件資料,警政署／刑事警察局年度正式統計
2021,苗栗縣,強盜,4,4,0,0,comparable,警政署季度初步案件資料,警政署／刑事警察局年度正式統計
2021,苗栗縣,搶奪,1,1,0,0,comparable,警政署季度初步案件資料,警政署／刑事警察局年度正式統計
2021,苗栗縣,住宅竊盜,76,97,-21,-21.6494845361,comparable,警政署季度初步案件資料,警政署／刑事警察局年度正式統計
2021,苗栗縣,汽車竊盜,15,23,-8,-34.7826086957,comparable,警政署季度初步案件資料,警政署／刑事警察局年度正式統計
2021,苗栗縣,機車竊盜,97,96,1,1.0416666667,comparable,警政署季度初步案件資料,警政署／刑事警察局年度正式統計
2021,苗栗縣,強制性交,3,5,-2,-40,comparable,警政署季度初步案件資料,警政署／刑事警察局年度正式統計
2021,連江縣,毒品,5,6,-1,-16.6666666667,comparable,警政署季度初步案件資料,警政署／刑事警察局年度正式統計
2021,連江縣,強盜,0,0,0,,comparable,警政署季度初步案件資料,警政署／刑事警察局年度正式統計
2021,連江縣,搶奪,0,0,0,,comparable,警政署季度初步案件資料,警政署／刑事警察局年度正式統計
2021,連江縣,住宅竊盜,2,2,0,0,comparable,警政署季度初步案件資料,警政署／刑事警察局年度正式統計
2021,連江縣,汽車竊盜,0,0,0,,comparable,警政署季度初步案件資料,警政署／刑事警察局年度正式統計
2021,連江縣,機車竊盜,0,0,0,,comparable,警政署季度初步案件資料,警政署／刑事警察局年度正式統計
2021,連江縣,強制性交,1,1,0,0,comparable,警政署季度初步案件資料,警政署／刑事警察局年度正式統計
2021,金門縣,毒品,50,104,-54,-51.9230769231,comparable,警政署季度初步案件資料,警政署／刑事警察局年度正式統計
2021,金門縣,強盜,1,1,0,0,comparable,警政署季度初步案件資料,警政署／刑事警察局年度正式統計
2021,金門縣,搶奪,0,0,0,,comparable,警政署季度初步案件資料,警政署／刑事警察局年度正式統計
2021,金門縣,住宅竊盜,32,32,0,0,comparable,警政署季度初步案件資料,警政署／刑事警察局年度正式統計
2021,金門縣,汽車竊盜,0,0,0,,comparable,警政署季度初步案件資料,警政署／刑事警察局年度正式統計
2021,金門縣,機車竊盜,16,16,0,0,comparable,警政署季度初步案件資料,警政署／刑事警察局年度正式統計
2021,金門縣,強制性交,3,2,1,50,comparable,警政署季度初步案件資料,警政署／刑事警察局年度正式統計
2021,雲林縣,毒品,482,889,-407,-45.7817772778,comparable,警政署季度初步案件資料,警政署／刑事警察局年度正式統計
2021,雲林縣,強盜,1,2,-1,-50,comparable,警政署季度初步案件資料,警政署／刑事警察局年度正式統計
2021,雲林縣,搶奪,3,4,-1,-25,comparable,警政署季度初步案件資料,警政署／刑事警察局年度正式統計
2021,雲林縣,住宅竊盜,60,106,-46,-43.3962264151,comparable,警政署季度初步案件資料,警政署／刑事警察局年度正式統計
2021,雲林縣,汽車竊盜,15,16,-1,-6.25,comparable,警政署季度初步案件資料,警政署／刑事警察局年度正式統計
2021,雲林縣,機車竊盜,102,99,3,3.0303030303,comparable,警政署季度初步案件資料,警政署／刑事警察局年度正式統計
2021,雲林縣,強制性交,3,3,0,0,comparable,警政署季度初步案件資料,警政署／刑事警察局年度正式統計
2021,高雄市,毒品,2108,3311,-1203,-36.3334340079,comparable,警政署季度初步案件資料,警政署／刑事警察局年度正式統計
2021,高雄市,強盜,13,13,0,0,comparable,警政署季度初步案件資料,警政署／刑事警察局年度正式統計
2021,高雄市,搶奪,20,21,-1,-4.7619047619,comparable,警政署季度初步案件資料,警政署／刑事警察局年度正式統計
2021,高雄市,住宅竊盜,15,22,-7,-31.8181818182,comparable,警政署季度初步案件資料,警政署／刑事警察局年度正式統計
2021,高雄市,汽車竊盜,41,55,-14,-25.4545454545,comparable,警政署季度初步案件資料,警政署／刑事警察局年度正式統計
2021,高雄市,機車竊盜,448,423,25,5.9101654846,comparable,警政署季度初步案件資料,警政署／刑事警察局年度正式統計
2021,高雄市,強制性交,10,1,9,900,comparable,警政署季度初步案件資料,警政署／刑事警察局年度正式統計
2022,南投縣,毒品,480,831,-351,-42.238267148,comparable,警政署季度初步案件資料,警政署／刑事警察局年度正式統計
2022,南投縣,強盜,2,2,0,0,comparable,警政署季度初步案件資料,警政署／刑事警察局年度正式統計
2022,南投縣,搶奪,3,3,0,0,comparable,警政署季度初步案件資料,警政署／刑事警察局年度正式統計
2022,南投縣,住宅竊盜,127,170,-43,-25.2941176471,comparable,警政署季度初步案件資料,警政署／刑事警察局年度正式統計
2022,南投縣,汽車竊盜,22,23,-1,-4.347826087,comparable,警政署季度初步案件資料,警政署／刑事警察局年度正式統計
2022,南投縣,機車竊盜,82,78,4,5.1282051282,comparable,警政署季度初步案件資料,警政署／刑事警察局年度正式統計
2022,南投縣,強制性交,2,2,0,0,comparable,警政署季度初步案件資料,警政署／刑事警察局年度正式統計
2022,嘉義市,毒品,412,582,-170,-29.2096219931,comparable,警政署季度初步案件資料,警政署／刑事警察局年度正式統計
2022,嘉義市,強盜,4,4,0,0,comparable,警政署季度初步案件資料,警政署／刑事警察局年度正式統計
2022,嘉義市,搶奪,1,1,0,0,comparable,警政署季度初步案件資料,警政署／刑事警察局年度正式統計
2022,嘉義市,住宅竊盜,5,10,-5,-50,comparable,警政署季度初步案件資料,警政署／刑事警察局年度正式統計
2022,嘉義市,汽車竊盜,3,3,0,0,comparable,警政署季度初步案件資料,警政署／刑事警察局年度正式統計
2022,嘉義市,機車竊盜,18,18,0,0,comparable,警政署季度初步案件資料,警政署／刑事警察局年度正式統計
2022,嘉義市,強制性交,4,5,-1,-20,comparable,警政署季度初步案件資料,警政署／刑事警察局年度正式統計
2022,嘉義縣,毒品,280,531,-251,-47.2693032015,comparable,警政署季度初步案件資料,警政署／刑事警察局年度正式統計
2022,嘉義縣,強盜,0,1,-1,-100,comparable,警政署季度初步案件資料,警政署／刑事警察局年度正式統計
2022,嘉義縣,搶奪,0,0,0,,comparable,警政署季度初步案件資料,警政署／刑事警察局年度正式統計
2022,嘉義縣,住宅竊盜,5,6,-1,-16.6666666667,comparable,警政署季度初步案件資料,警政署／刑事警察局年度正式統計
2022,嘉義縣,汽車竊盜,14,14,0,0,comparable,警政署季度初步案件資料,警政署／刑事警察局年度正式統計
2022,嘉義縣,機車竊盜,44,45,-1,-2.2222222222,comparable,警政署季度初步案件資料,警政署／刑事警察局年度正式統計
2022,嘉義縣,強制性交,4,2,2,100,comparable,警政署季度初步案件資料,警政署／刑事警察局年度正式統計
2022,基隆市,毒品,624,830,-206,-24.8192771084,comparable,警政署季度初步案件資料,警政署／刑事警察局年度正式統計
2022,基隆市,強盜,1,1,0,0,comparable,警政署季度初步案件資料,警政署／刑事警察局年度正式統計
2022,基隆市,搶奪,4,4,0,0,comparable,警政署季度初步案件資料,警政署／刑事警察局年度正式統計
2022,基隆市,住宅竊盜,48,78,-30,-38.4615384615,comparable,警政署季度初步案件資料,警政署／刑事警察局年度正式統計
2022,基隆市,汽車竊盜,19,21,-2,-9.5238095238,comparable,警政署季度初步案件資料,警政署／刑事警察局年度正式統計
2022,基隆市,機車竊盜,85,82,3,3.6585365854,comparable,警政署季度初步案件資料,警政署／刑事警察局年度正式統計
2022,基隆市,強制性交,1,1,0,0,comparable,警政署季度初步案件資料,警政署／刑事警察局年度正式統計
2022,宜蘭縣,毒品,384,526,-142,-26.9961977186,comparable,警政署季度初步案件資料,警政署／刑事警察局年度正式統計
2022,宜蘭縣,強盜,1,2,-1,-50,comparable,警政署季度初步案件資料,警政署／刑事警察局年度正式統計
2022,宜蘭縣,搶奪,1,1,0,0,comparable,警政署季度初步案件資料,警政署／刑事警察局年度正式統計
2022,宜蘭縣,住宅竊盜,6,9,-3,-33.3333333333,comparable,警政署季度初步案件資料,警政署／刑事警察局年度正式統計
2022,宜蘭縣,汽車竊盜,32,38,-6,-15.7894736842,comparable,警政署季度初步案件資料,警政署／刑事警察局年度正式統計
2022,宜蘭縣,機車竊盜,113,107,6,5.6074766355,comparable,警政署季度初步案件資料,警政署／刑事警察局年度正式統計
2022,宜蘭縣,強制性交,1,1,0,0,comparable,警政署季度初步案件資料,警政署／刑事警察局年度正式統計
2022,屏東縣,毒品,884,1600,-716,-44.75,comparable,警政署季度初步案件資料,警政署／刑事警察局年度正式統計
2022,屏東縣,強盜,7,7,0,0,comparable,警政署季度初步案件資料,警政署／刑事警察局年度正式統計
2022,屏東縣,搶奪,0,0,0,,comparable,警政署季度初步案件資料,警政署／刑事警察局年度正式統計
2022,屏東縣,住宅竊盜,2,2,0,0,comparable,警政署季度初步案件資料,警政署／刑事警察局年度正式統計
2022,屏東縣,汽車竊盜,21,27,-6,-22.2222222222,comparable,警政署季度初步案件資料,警政署／刑事警察局年度正式統計
2022,屏東縣,機車竊盜,142,137,5,3.6496350365,comparable,警政署季度初步案件資料,警政署／刑事警察局年度正式統計
2022,屏東縣,強制性交,6,3,3,100,comparable,警政署季度初步案件資料,警政署／刑事警察局年度正式統計
2022,彰化縣,毒品,740,1274,-534,-41.9152276295,comparable,警政署季度初步案件資料,警政署／刑事警察局年度正式統計
2022,彰化縣,強盜,7,7,0,0,comparable,警政署季度初步案件資料,警政署／刑事警察局年度正式統計
2022,彰化縣,搶奪,6,6,0,0,comparable,警政署季度初步案件資料,警政署／刑事警察局年度正式統計
2022,彰化縣,住宅竊盜,36,58,-22,-37.9310344828,comparable,警政署季度初步案件資料,警政署／刑事警察局年度正式統計
2022,彰化縣,汽車竊盜,35,34,1,2.9411764706,comparable,警政署季度初步案件資料,警政署／刑事警察局年度正式統計
2022,彰化縣,機車竊盜,158,157,1,0.6369426752,comparable,警政署季度初步案件資料,警政署／刑事警察局年度正式統計
2022,彰化縣,強制性交,9,0,9,,comparable,警政署季度初步案件資料,警政署／刑事警察局年度正式統計
2022,新北市,毒品,3436,5192,-1756,-33.8212634823,comparable,警政署季度初步案件資料,警政署／刑事警察局年度正式統計
2022,新北市,強盜,23,23,0,0,comparable,警政署季度初步案件資料,警政署／刑事警察局年度正式統計
2022,新北市,搶奪,25,26,-1,-3.8461538462,comparable,警政署季度初步案件資料,警政署／刑事警察局年度正式統計
2022,新北市,住宅竊盜,228,543,-315,-58.0110497238,comparable,警政署季度初步案件資料,警政署／刑事警察局年度正式統計
2022,新北市,汽車竊盜,73,96,-23,-23.9583333333,comparable,警政署季度初步案件資料,警政署／刑事警察局年度正式統計
2022,新北市,機車竊盜,702,700,2,0.2857142857,comparable,警政署季度初步案件資料,警政署／刑事警察局年度正式統計
2022,新北市,強制性交,5,7,-2,-28.5714285714,comparable,警政署季度初步案件資料,警政署／刑事警察局年度正式統計
2022,新竹市,毒品,258,379,-121,-31.926121372,comparable,警政署季度初步案件資料,警政署／刑事警察局年度正式統計
2022,新竹市,強盜,0,0,0,,comparable,警政署季度初步案件資料,警政署／刑事警察局年度正式統計
2022,新竹市,搶奪,0,0,0,,comparable,警政署季度初步案件資料,警政署／刑事警察局年度正式統計
2022,新竹市,住宅竊盜,26,55,-29,-52.7272727273,comparable,警政署季度初步案件資料,警政署／刑事警察局年度正式統計
2022,新竹市,汽車竊盜,11,12,-1,-8.3333333333,comparable,警政署季度初步案件資料,警政署／刑事警察局年度正式統計
2022,新竹市,機車竊盜,128,128,0,0,comparable,警政署季度初步案件資料,警政署／刑事警察局年度正式統計
2022,新竹市,強制性交,2,1,1,100,comparable,警政署季度初步案件資料,警政署／刑事警察局年度正式統計
2022,新竹縣,毒品,429,718,-289,-40.2506963788,comparable,警政署季度初步案件資料,警政署／刑事警察局年度正式統計
2022,新竹縣,強盜,3,3,0,0,comparable,警政署季度初步案件資料,警政署／刑事警察局年度正式統計
2022,新竹縣,搶奪,2,2,0,0,comparable,警政署季度初步案件資料,警政署／刑事警察局年度正式統計
2022,新竹縣,住宅竊盜,37,94,-57,-60.6382978723,comparable,警政署季度初步案件資料,警政署／刑事警察局年度正式統計
2022,新竹縣,汽車竊盜,40,48,-8,-16.6666666667,comparable,警政署季度初步案件資料,警政署／刑事警察局年度正式統計
2022,新竹縣,機車竊盜,151,152,-1,-0.6578947368,comparable,警政署季度初步案件資料,警政署／刑事警察局年度正式統計
2022,新竹縣,強制性交,3,1,2,200,comparable,警政署季度初步案件資料,警政署／刑事警察局年度正式統計
2022,桃園市,毒品,3032,4705,-1673,-35.5579171095,comparable,警政署季度初步案件資料,警政署／刑事警察局年度正式統計
2022,桃園市,強盜,16,16,0,0,comparable,警政署季度初步案件資料,警政署／刑事警察局年度正式統計
2022,桃園市,搶奪,13,12,1,8.3333333333,comparable,警政署季度初步案件資料,警政署／刑事警察局年度正式統計
2022,桃園市,住宅竊盜,108,363,-255,-70.2479338843,comparable,警政署季度初步案件資料,警政署／刑事警察局年度正式統計
2022,桃園市,汽車竊盜,51,74,-23,-31.0810810811,comparable,警政署季度初步案件資料,警政署／刑事警察局年度正式統計
2022,桃園市,機車竊盜,536,539,-3,-0.5565862709,comparable,警政署季度初步案件資料,警政署／刑事警察局年度正式統計
2022,桃園市,強制性交,5,4,1,25,comparable,警政署季度初步案件資料,警政署／刑事警察局年度正式統計
2022,澎湖縣,毒品,28,69,-41,-59.4202898551,comparable,警政署季度初步案件資料,警政署／刑事警察局年度正式統計
2022,澎湖縣,強盜,2,2,0,0,comparable,警政署季度初步案件資料,警政署／刑事警察局年度正式統計
2022,澎湖縣,搶奪,0,0,0,,comparable,警政署季度初步案件資料,警政署／刑事警察局年度正式統計
2022,澎湖縣,住宅竊盜,43,45,-2,-4.4444444444,comparable,警政署季度初步案件資料,警政署／刑事警察局年度正式統計
2022,澎湖縣,汽車竊盜,2,3,-1,-33.3333333333,comparable,警政署季度初步案件資料,警政署／刑事警察局年度正式統計
2022,澎湖縣,機車竊盜,7,9,-2,-22.2222222222,comparable,警政署季度初步案件資料,警政署／刑事警察局年度正式統計
2022,澎湖縣,強制性交,9,8,1,12.5,comparable,警政署季度初步案件資料,警政署／刑事警察局年度正式統計
2022,臺中市,毒品,1853,2817,-964,-34.2208022719,comparable,警政署季度初步案件資料,警政署／刑事警察局年度正式統計
2022,臺中市,強盜,7,5,2,40,comparable,警政署季度初步案件資料,警政署／刑事警察局年度正式統計
2022,臺中市,搶奪,6,5,1,20,comparable,警政署季度初步案件資料,警政署／刑事警察局年度正式統計
2022,臺中市,住宅竊盜,50,104,-54,-51.9230769231,comparable,警政署季度初步案件資料,警政署／刑事警察局年度正式統計
2022,臺中市,汽車竊盜,41,45,-4,-8.8888888889,comparable,警政署季度初步案件資料,警政署／刑事警察局年度正式統計
2022,臺中市,機車竊盜,461,451,10,2.2172949002,comparable,警政署季度初步案件資料,警政署／刑事警察局年度正式統計
2022,臺中市,強制性交,1,0,1,,comparable,警政署季度初步案件資料,警政署／刑事警察局年度正式統計
2022,臺北市,毒品,2658,3186,-528,-16.5725047081,comparable,警政署季度初步案件資料,警政署／刑事警察局年度正式統計
2022,臺北市,強盜,11,13,-2,-15.3846153846,comparable,警政署季度初步案件資料,警政署／刑事警察局年度正式統計
2022,臺北市,搶奪,8,8,0,0,comparable,警政署季度初步案件資料,警政署／刑事警察局年度正式統計
2022,臺北市,住宅竊盜,127,186,-59,-31.7204301075,comparable,警政署季度初步案件資料,警政署／刑事警察局年度正式統計
2022,臺北市,汽車竊盜,21,32,-11,-34.375,comparable,警政署季度初步案件資料,警政署／刑事警察局年度正式統計
2022,臺北市,機車竊盜,266,254,12,4.7244094488,comparable,警政署季度初步案件資料,警政署／刑事警察局年度正式統計
2022,臺北市,強制性交,18,3,15,500,comparable,警政署季度初步案件資料,警政署／刑事警察局年度正式統計
2022,臺南市,毒品,1666,2665,-999,-37.4859287054,comparable,警政署季度初步案件資料,警政署／刑事警察局年度正式統計
2022,臺南市,強盜,14,14,0,0,comparable,警政署季度初步案件資料,警政署／刑事警察局年度正式統計
2022,臺南市,搶奪,10,9,1,11.1111111111,comparable,警政署季度初步案件資料,警政署／刑事警察局年度正式統計
2022,臺南市,住宅竊盜,79,119,-40,-33.6134453782,comparable,警政署季度初步案件資料,警政署／刑事警察局年度正式統計
2022,臺南市,汽車竊盜,15,14,1,7.1428571429,comparable,警政署季度初步案件資料,警政署／刑事警察局年度正式統計
2022,臺南市,機車竊盜,208,195,13,6.6666666667,comparable,警政署季度初步案件資料,警政署／刑事警察局年度正式統計
2022,臺南市,強制性交,17,4,13,325,comparable,警政署季度初步案件資料,警政署／刑事警察局年度正式統計
2022,臺東縣,毒品,198,309,-111,-35.9223300971,comparable,警政署季度初步案件資料,警政署／刑事警察局年度正式統計
2022,臺東縣,強盜,2,2,0,0,comparable,警政署季度初步案件資料,警政署／刑事警察局年度正式統計
2022,臺東縣,搶奪,1,1,0,0,comparable,警政署季度初步案件資料,警政署／刑事警察局年度正式統計
2022,臺東縣,住宅竊盜,5,13,-8,-61.5384615385,comparable,警政署季度初步案件資料,警政署／刑事警察局年度正式統計
2022,臺東縣,汽車竊盜,4,7,-3,-42.8571428571,comparable,警政署季度初步案件資料,警政署／刑事警察局年度正式統計
2022,臺東縣,機車竊盜,68,65,3,4.6153846154,comparable,警政署季度初步案件資料,警政署／刑事警察局年度正式統計
2022,臺東縣,強制性交,9,3,6,200,comparable,警政署季度初步案件資料,警政署／刑事警察局年度正式統計
2022,花蓮縣,毒品,286,574,-288,-50.1742160279,comparable,警政署季度初步案件資料,警政署／刑事警察局年度正式統計
2022,花蓮縣,強盜,1,2,-1,-50,comparable,警政署季度初步案件資料,警政署／刑事警察局年度正式統計
2022,花蓮縣,搶奪,5,5,0,0,comparable,警政署季度初步案件資料,警政署／刑事警察局年度正式統計
2022,花蓮縣,住宅竊盜,11,23,-12,-52.1739130435,comparable,警政署季度初步案件資料,警政署／刑事警察局年度正式統計
2022,花蓮縣,汽車竊盜,9,18,-9,-50,comparable,警政署季度初步案件資料,警政署／刑事警察局年度正式統計
2022,花蓮縣,機車竊盜,111,113,-2,-1.7699115044,comparable,警政署季度初步案件資料,警政署／刑事警察局年度正式統計
2022,花蓮縣,強制性交,0,0,0,,comparable,警政署季度初步案件資料,警政署／刑事警察局年度正式統計
2022,苗栗縣,毒品,585,1123,-538,-47.9073909172,comparable,警政署季度初步案件資料,警政署／刑事警察局年度正式統計
2022,苗栗縣,強盜,7,8,-1,-12.5,comparable,警政署季度初步案件資料,警政署／刑事警察局年度正式統計
2022,苗栗縣,搶奪,1,0,1,,comparable,警政署季度初步案件資料,警政署／刑事警察局年度正式統計
2022,苗栗縣,住宅竊盜,82,126,-44,-34.9206349206,comparable,警政署季度初步案件資料,警政署／刑事警察局年度正式統計
2022,苗栗縣,汽車竊盜,16,24,-8,-33.3333333333,comparable,警政署季度初步案件資料,警政署／刑事警察局年度正式統計
2022,苗栗縣,機車竊盜,82,88,-6,-6.8181818182,comparable,警政署季度初步案件資料,警政署／刑事警察局年度正式統計
2022,苗栗縣,強制性交,6,1,5,500,comparable,警政署季度初步案件資料,警政署／刑事警察局年度正式統計
2022,連江縣,毒品,0,0,0,,comparable,警政署季度初步案件資料,警政署／刑事警察局年度正式統計
2022,連江縣,強盜,0,0,0,,comparable,警政署季度初步案件資料,警政署／刑事警察局年度正式統計
2022,連江縣,搶奪,0,0,0,,comparable,警政署季度初步案件資料,警政署／刑事警察局年度正式統計
2022,連江縣,住宅竊盜,0,0,0,,comparable,警政署季度初步案件資料,警政署／刑事警察局年度正式統計
2022,連江縣,汽車竊盜,2,2,0,0,comparable,警政署季度初步案件資料,警政署／刑事警察局年度正式統計
2022,連江縣,機車竊盜,2,2,0,0,comparable,警政署季度初步案件資料,警政署／刑事警察局年度正式統計
2022,連江縣,強制性交,0,0,0,,comparable,警政署季度初步案件資料,警政署／刑事警察局年度正式統計
2022,金門縣,毒品,24,47,-23,-48.9361702128,comparable,警政署季度初步案件資料,警政署／刑事警察局年度正式統計
2022,金門縣,強盜,0,0,0,,comparable,警政署季度初步案件資料,警政署／刑事警察局年度正式統計
2022,金門縣,搶奪,0,0,0,,comparable,警政署季度初步案件資料,警政署／刑事警察局年度正式統計
2022,金門縣,住宅竊盜,34,39,-5,-12.8205128205,comparable,警政署季度初步案件資料,警政署／刑事警察局年度正式統計
2022,金門縣,汽車竊盜,1,1,0,0,comparable,警政署季度初步案件資料,警政署／刑事警察局年度正式統計
2022,金門縣,機車竊盜,9,9,0,0,comparable,警政署季度初步案件資料,警政署／刑事警察局年度正式統計
2022,金門縣,強制性交,1,1,0,0,comparable,警政署季度初步案件資料,警政署／刑事警察局年度正式統計
2022,雲林縣,毒品,525,869,-344,-39.585730725,comparable,警政署季度初步案件資料,警政署／刑事警察局年度正式統計
2022,雲林縣,強盜,6,5,1,20,comparable,警政署季度初步案件資料,警政署／刑事警察局年度正式統計
2022,雲林縣,搶奪,4,4,0,0,comparable,警政署季度初步案件資料,警政署／刑事警察局年度正式統計
2022,雲林縣,住宅竊盜,85,141,-56,-39.7163120567,comparable,警政署季度初步案件資料,警政署／刑事警察局年度正式統計
2022,雲林縣,汽車竊盜,19,23,-4,-17.3913043478,comparable,警政署季度初步案件資料,警政署／刑事警察局年度正式統計
2022,雲林縣,機車竊盜,100,100,0,0,comparable,警政署季度初步案件資料,警政署／刑事警察局年度正式統計
2022,雲林縣,強制性交,1,0,1,,comparable,警政署季度初步案件資料,警政署／刑事警察局年度正式統計
2022,高雄市,毒品,1491,2622,-1131,-43.1350114416,comparable,警政署季度初步案件資料,警政署／刑事警察局年度正式統計
2022,高雄市,強盜,7,8,-1,-12.5,comparable,警政署季度初步案件資料,警政署／刑事警察局年度正式統計
2022,高雄市,搶奪,9,9,0,0,comparable,警政署季度初步案件資料,警政署／刑事警察局年度正式統計
2022,高雄市,住宅竊盜,16,41,-25,-60.9756097561,comparable,警政署季度初步案件資料,警政署／刑事警察局年度正式統計
2022,高雄市,汽車竊盜,25,34,-9,-26.4705882353,comparable,警政署季度初步案件資料,警政署／刑事警察局年度正式統計
2022,高雄市,機車竊盜,430,393,37,9.4147582697,comparable,警政署季度初步案件資料,警政署／刑事警察局年度正式統計
2022,高雄市,強制性交,17,4,13,325,comparable,警政署季度初步案件資料,警政署／刑事警察局年度正式統計
2023,南投縣,毒品,353,643,-290,-45.101088647,comparable,警政署季度初步案件資料,警政署／刑事警察局年度正式統計
2023,南投縣,強盜,7,7,0,0,comparable,警政署季度初步案件資料,警政署／刑事警察局年度正式統計
2023,南投縣,搶奪,2,2,0,0,comparable,警政署季度初步案件資料,警政署／刑事警察局年度正式統計
2023,南投縣,住宅竊盜,118,154,-36,-23.3766233766,comparable,警政署季度初步案件資料,警政署／刑事警察局年度正式統計
2023,南投縣,汽車竊盜,24,27,-3,-11.1111111111,comparable,警政署季度初步案件資料,警政署／刑事警察局年度正式統計
2023,南投縣,機車竊盜,119,112,7,6.25,comparable,警政署季度初步案件資料,警政署／刑事警察局年度正式統計
2023,南投縣,強制性交,6,4,2,50,comparable,警政署季度初步案件資料,警政署／刑事警察局年度正式統計
2023,嘉義市,毒品,463,607,-144,-23.7232289951,comparable,警政署季度初步案件資料,警政署／刑事警察局年度正式統計
2023,嘉義市,強盜,3,3,0,0,comparable,警政署季度初步案件資料,警政署／刑事警察局年度正式統計
2023,嘉義市,搶奪,3,3,0,0,comparable,警政署季度初步案件資料,警政署／刑事警察局年度正式統計
2023,嘉義市,住宅竊盜,8,11,-3,-27.2727272727,comparable,警政署季度初步案件資料,警政署／刑事警察局年度正式統計
2023,嘉義市,汽車竊盜,2,3,-1,-33.3333333333,comparable,警政署季度初步案件資料,警政署／刑事警察局年度正式統計
2023,嘉義市,機車竊盜,15,14,1,7.1428571429,comparable,警政署季度初步案件資料,警政署／刑事警察局年度正式統計
2023,嘉義市,強制性交,5,5,0,0,comparable,警政署季度初步案件資料,警政署／刑事警察局年度正式統計
2023,嘉義縣,毒品,377,718,-341,-47.4930362117,comparable,警政署季度初步案件資料,警政署／刑事警察局年度正式統計
2023,嘉義縣,強盜,3,3,0,0,comparable,警政署季度初步案件資料,警政署／刑事警察局年度正式統計
2023,嘉義縣,搶奪,2,2,0,0,comparable,警政署季度初步案件資料,警政署／刑事警察局年度正式統計
2023,嘉義縣,住宅竊盜,2,2,0,0,comparable,警政署季度初步案件資料,警政署／刑事警察局年度正式統計
2023,嘉義縣,汽車竊盜,10,12,-2,-16.6666666667,comparable,警政署季度初步案件資料,警政署／刑事警察局年度正式統計
2023,嘉義縣,機車竊盜,57,57,0,0,comparable,警政署季度初步案件資料,警政署／刑事警察局年度正式統計
2023,嘉義縣,強制性交,5,3,2,66.6666666667,comparable,警政署季度初步案件資料,警政署／刑事警察局年度正式統計
2023,基隆市,毒品,507,805,-298,-37.0186335404,comparable,警政署季度初步案件資料,警政署／刑事警察局年度正式統計
2023,基隆市,強盜,10,10,0,0,comparable,警政署季度初步案件資料,警政署／刑事警察局年度正式統計
2023,基隆市,搶奪,2,2,0,0,comparable,警政署季度初步案件資料,警政署／刑事警察局年度正式統計
2023,基隆市,住宅竊盜,45,75,-30,-40,comparable,警政署季度初步案件資料,警政署／刑事警察局年度正式統計
2023,基隆市,汽車竊盜,11,13,-2,-15.3846153846,comparable,警政署季度初步案件資料,警政署／刑事警察局年度正式統計
2023,基隆市,機車竊盜,79,80,-1,-1.25,comparable,警政署季度初步案件資料,警政署／刑事警察局年度正式統計
2023,基隆市,強制性交,2,2,0,0,comparable,警政署季度初步案件資料,警政署／刑事警察局年度正式統計
2023,宜蘭縣,毒品,398,604,-206,-34.1059602649,comparable,警政署季度初步案件資料,警政署／刑事警察局年度正式統計
2023,宜蘭縣,強盜,3,3,0,0,comparable,警政署季度初步案件資料,警政署／刑事警察局年度正式統計
2023,宜蘭縣,搶奪,4,4,0,0,comparable,警政署季度初步案件資料,警政署／刑事警察局年度正式統計
2023,宜蘭縣,住宅竊盜,47,69,-22,-31.884057971,comparable,警政署季度初步案件資料,警政署／刑事警察局年度正式統計
2023,宜蘭縣,汽車竊盜,10,12,-2,-16.6666666667,comparable,警政署季度初步案件資料,警政署／刑事警察局年度正式統計
2023,宜蘭縣,機車竊盜,68,63,5,7.9365079365,comparable,警政署季度初步案件資料,警政署／刑事警察局年度正式統計
2023,宜蘭縣,強制性交,5,3,2,66.6666666667,comparable,警政署季度初步案件資料,警政署／刑事警察局年度正式統計
2023,屏東縣,毒品,750,1417,-667,-47.0712773465,comparable,警政署季度初步案件資料,警政署／刑事警察局年度正式統計
2023,屏東縣,強盜,6,6,0,0,comparable,警政署季度初步案件資料,警政署／刑事警察局年度正式統計
2023,屏東縣,搶奪,2,2,0,0,comparable,警政署季度初步案件資料,警政署／刑事警察局年度正式統計
2023,屏東縣,住宅竊盜,4,8,-4,-50,comparable,警政署季度初步案件資料,警政署／刑事警察局年度正式統計
2023,屏東縣,汽車竊盜,33,46,-13,-28.2608695652,comparable,警政署季度初步案件資料,警政署／刑事警察局年度正式統計
2023,屏東縣,機車竊盜,167,150,17,11.3333333333,comparable,警政署季度初步案件資料,警政署／刑事警察局年度正式統計
2023,屏東縣,強制性交,3,2,1,50,comparable,警政署季度初步案件資料,警政署／刑事警察局年度正式統計
2023,彰化縣,毒品,773,1293,-520,-40.2165506574,comparable,警政署季度初步案件資料,警政署／刑事警察局年度正式統計
2023,彰化縣,強盜,4,3,1,33.3333333333,comparable,警政署季度初步案件資料,警政署／刑事警察局年度正式統計
2023,彰化縣,搶奪,8,8,0,0,comparable,警政署季度初步案件資料,警政署／刑事警察局年度正式統計
2023,彰化縣,住宅竊盜,17,28,-11,-39.2857142857,comparable,警政署季度初步案件資料,警政署／刑事警察局年度正式統計
2023,彰化縣,汽車竊盜,38,44,-6,-13.6363636364,comparable,警政署季度初步案件資料,警政署／刑事警察局年度正式統計
2023,彰化縣,機車竊盜,168,162,6,3.7037037037,comparable,警政署季度初步案件資料,警政署／刑事警察局年度正式統計
2023,彰化縣,強制性交,4,0,4,,comparable,警政署季度初步案件資料,警政署／刑事警察局年度正式統計
2023,新北市,毒品,3343,5321,-1978,-37.1734636347,comparable,警政署季度初步案件資料,警政署／刑事警察局年度正式統計
2023,新北市,強盜,17,17,0,0,comparable,警政署季度初步案件資料,警政署／刑事警察局年度正式統計
2023,新北市,搶奪,18,18,0,0,comparable,警政署季度初步案件資料,警政署／刑事警察局年度正式統計
2023,新北市,住宅竊盜,344,635,-291,-45.8267716535,comparable,警政署季度初步案件資料,警政署／刑事警察局年度正式統計
2023,新北市,汽車竊盜,81,121,-40,-33.0578512397,comparable,警政署季度初步案件資料,警政署／刑事警察局年度正式統計
2023,新北市,機車竊盜,819,825,-6,-0.7272727273,comparable,警政署季度初步案件資料,警政署／刑事警察局年度正式統計
2023,新北市,強制性交,8,12,-4,-33.3333333333,comparable,警政署季度初步案件資料,警政署／刑事警察局年度正式統計
2023,新竹市,毒品,268,393,-125,-31.8066157761,comparable,警政署季度初步案件資料,警政署／刑事警察局年度正式統計
2023,新竹市,強盜,1,1,0,0,comparable,警政署季度初步案件資料,警政署／刑事警察局年度正式統計
2023,新竹市,搶奪,0,0,0,,comparable,警政署季度初步案件資料,警政署／刑事警察局年度正式統計
2023,新竹市,住宅竊盜,24,43,-19,-44.1860465116,comparable,警政署季度初步案件資料,警政署／刑事警察局年度正式統計
2023,新竹市,汽車竊盜,12,15,-3,-20,comparable,警政署季度初步案件資料,警政署／刑事警察局年度正式統計
2023,新竹市,機車竊盜,130,128,2,1.5625,comparable,警政署季度初步案件資料,警政署／刑事警察局年度正式統計
2023,新竹市,強制性交,1,0,1,,comparable,警政署季度初步案件資料,警政署／刑事警察局年度正式統計
2023,新竹縣,毒品,527,944,-417,-44.1737288136,comparable,警政署季度初步案件資料,警政署／刑事警察局年度正式統計
2023,新竹縣,強盜,2,2,0,0,comparable,警政署季度初步案件資料,警政署／刑事警察局年度正式統計
2023,新竹縣,搶奪,1,1,0,0,comparable,警政署季度初步案件資料,警政署／刑事警察局年度正式統計
2023,新竹縣,住宅竊盜,24,40,-16,-40,comparable,警政署季度初步案件資料,警政署／刑事警察局年度正式統計
2023,新竹縣,汽車竊盜,57,64,-7,-10.9375,comparable,警政署季度初步案件資料,警政署／刑事警察局年度正式統計
2023,新竹縣,機車竊盜,127,135,-8,-5.9259259259,comparable,警政署季度初步案件資料,警政署／刑事警察局年度正式統計
2023,新竹縣,強制性交,5,3,2,66.6666666667,comparable,警政署季度初步案件資料,警政署／刑事警察局年度正式統計
2023,桃園市,毒品,2646,4623,-1977,-42.7644386762,comparable,警政署季度初步案件資料,警政署／刑事警察局年度正式統計
2023,桃園市,強盜,11,10,1,10,comparable,警政署季度初步案件資料,警政署／刑事警察局年度正式統計
2023,桃園市,搶奪,2,1,1,100,comparable,警政署季度初步案件資料,警政署／刑事警察局年度正式統計
2023,桃園市,住宅竊盜,70,161,-91,-56.5217391304,comparable,警政署季度初步案件資料,警政署／刑事警察局年度正式統計
2023,桃園市,汽車竊盜,49,85,-36,-42.3529411765,comparable,警政署季度初步案件資料,警政署／刑事警察局年度正式統計
2023,桃園市,機車竊盜,541,531,10,1.8832391714,comparable,警政署季度初步案件資料,警政署／刑事警察局年度正式統計
2023,桃園市,強制性交,3,3,0,0,comparable,警政署季度初步案件資料,警政署／刑事警察局年度正式統計
2023,澎湖縣,毒品,28,78,-50,-64.1025641026,comparable,警政署季度初步案件資料,警政署／刑事警察局年度正式統計
2023,澎湖縣,強盜,2,2,0,0,comparable,警政署季度初步案件資料,警政署／刑事警察局年度正式統計
2023,澎湖縣,搶奪,0,0,0,,comparable,警政署季度初步案件資料,警政署／刑事警察局年度正式統計
2023,澎湖縣,住宅竊盜,39,42,-3,-7.1428571429,comparable,警政署季度初步案件資料,警政署／刑事警察局年度正式統計
2023,澎湖縣,汽車竊盜,3,3,0,0,comparable,警政署季度初步案件資料,警政署／刑事警察局年度正式統計
2023,澎湖縣,機車竊盜,10,10,0,0,comparable,警政署季度初步案件資料,警政署／刑事警察局年度正式統計
2023,澎湖縣,強制性交,4,6,-2,-33.3333333333,comparable,警政署季度初步案件資料,警政署／刑事警察局年度正式統計
2023,臺中市,毒品,1952,2915,-963,-33.0360205832,comparable,警政署季度初步案件資料,警政署／刑事警察局年度正式統計
2023,臺中市,強盜,3,3,0,0,comparable,警政署季度初步案件資料,警政署／刑事警察局年度正式統計
2023,臺中市,搶奪,9,8,1,12.5,comparable,警政署季度初步案件資料,警政署／刑事警察局年度正式統計
2023,臺中市,住宅竊盜,47,91,-44,-48.3516483516,comparable,警政署季度初步案件資料,警政署／刑事警察局年度正式統計
2023,臺中市,汽車竊盜,64,80,-16,-20,comparable,警政署季度初步案件資料,警政署／刑事警察局年度正式統計
2023,臺中市,機車竊盜,488,479,9,1.878914405,comparable,警政署季度初步案件資料,警政署／刑事警察局年度正式統計
2023,臺中市,強制性交,5,0,5,,comparable,警政署季度初步案件資料,警政署／刑事警察局年度正式統計
2023,臺北市,毒品,2601,3068,-467,-15.221642764,comparable,警政署季度初步案件資料,警政署／刑事警察局年度正式統計
2023,臺北市,強盜,10,11,-1,-9.0909090909,comparable,警政署季度初步案件資料,警政署／刑事警察局年度正式統計
2023,臺北市,搶奪,9,9,0,0,comparable,警政署季度初步案件資料,警政署／刑事警察局年度正式統計
2023,臺北市,住宅竊盜,135,212,-77,-36.320754717,comparable,警政署季度初步案件資料,警政署／刑事警察局年度正式統計
2023,臺北市,汽車竊盜,24,26,-2,-7.6923076923,comparable,警政署季度初步案件資料,警政署／刑事警察局年度正式統計
2023,臺北市,機車竊盜,205,202,3,1.4851485149,comparable,警政署季度初步案件資料,警政署／刑事警察局年度正式統計
2023,臺北市,強制性交,13,2,11,550,comparable,警政署季度初步案件資料,警政署／刑事警察局年度正式統計
2023,臺南市,毒品,1361,2222,-861,-38.7488748875,comparable,警政署季度初步案件資料,警政署／刑事警察局年度正式統計
2023,臺南市,強盜,21,20,1,5,comparable,警政署季度初步案件資料,警政署／刑事警察局年度正式統計
2023,臺南市,搶奪,6,6,0,0,comparable,警政署季度初步案件資料,警政署／刑事警察局年度正式統計
2023,臺南市,住宅竊盜,136,205,-69,-33.6585365854,comparable,警政署季度初步案件資料,警政署／刑事警察局年度正式統計
2023,臺南市,汽車竊盜,22,31,-9,-29.0322580645,comparable,警政署季度初步案件資料,警政署／刑事警察局年度正式統計
2023,臺南市,機車竊盜,186,181,5,2.7624309392,comparable,警政署季度初步案件資料,警政署／刑事警察局年度正式統計
2023,臺南市,強制性交,10,1,9,900,comparable,警政署季度初步案件資料,警政署／刑事警察局年度正式統計
2023,臺東縣,毒品,180,309,-129,-41.7475728155,comparable,警政署季度初步案件資料,警政署／刑事警察局年度正式統計
2023,臺東縣,強盜,0,0,0,,comparable,警政署季度初步案件資料,警政署／刑事警察局年度正式統計
2023,臺東縣,搶奪,0,0,0,,comparable,警政署季度初步案件資料,警政署／刑事警察局年度正式統計
2023,臺東縣,住宅竊盜,21,46,-25,-54.347826087,comparable,警政署季度初步案件資料,警政署／刑事警察局年度正式統計
2023,臺東縣,汽車竊盜,14,21,-7,-33.3333333333,comparable,警政署季度初步案件資料,警政署／刑事警察局年度正式統計
2023,臺東縣,機車竊盜,66,65,1,1.5384615385,comparable,警政署季度初步案件資料,警政署／刑事警察局年度正式統計
2023,臺東縣,強制性交,6,0,6,,comparable,警政署季度初步案件資料,警政署／刑事警察局年度正式統計
2023,花蓮縣,毒品,284,510,-226,-44.3137254902,comparable,警政署季度初步案件資料,警政署／刑事警察局年度正式統計
2023,花蓮縣,強盜,4,4,0,0,comparable,警政署季度初步案件資料,警政署／刑事警察局年度正式統計
2023,花蓮縣,搶奪,0,0,0,,comparable,警政署季度初步案件資料,警政署／刑事警察局年度正式統計
2023,花蓮縣,住宅竊盜,8,13,-5,-38.4615384615,comparable,警政署季度初步案件資料,警政署／刑事警察局年度正式統計
2023,花蓮縣,汽車竊盜,1,8,-7,-87.5,comparable,警政署季度初步案件資料,警政署／刑事警察局年度正式統計
2023,花蓮縣,機車竊盜,75,70,5,7.1428571429,comparable,警政署季度初步案件資料,警政署／刑事警察局年度正式統計
2023,花蓮縣,強制性交,1,1,0,0,comparable,警政署季度初步案件資料,警政署／刑事警察局年度正式統計
2023,苗栗縣,毒品,535,1006,-471,-46.8190854871,comparable,警政署季度初步案件資料,警政署／刑事警察局年度正式統計
2023,苗栗縣,強盜,2,2,0,0,comparable,警政署季度初步案件資料,警政署／刑事警察局年度正式統計
2023,苗栗縣,搶奪,3,3,0,0,comparable,警政署季度初步案件資料,警政署／刑事警察局年度正式統計
2023,苗栗縣,住宅竊盜,59,98,-39,-39.7959183673,comparable,警政署季度初步案件資料,警政署／刑事警察局年度正式統計
2023,苗栗縣,汽車竊盜,11,25,-14,-56,comparable,警政署季度初步案件資料,警政署／刑事警察局年度正式統計
2023,苗栗縣,機車竊盜,88,83,5,6.0240963855,comparable,警政署季度初步案件資料,警政署／刑事警察局年度正式統計
2023,苗栗縣,強制性交,15,2,13,650,comparable,警政署季度初步案件資料,警政署／刑事警察局年度正式統計
2023,連江縣,毒品,2,2,0,0,comparable,警政署季度初步案件資料,警政署／刑事警察局年度正式統計
2023,連江縣,強盜,0,0,0,,comparable,警政署季度初步案件資料,警政署／刑事警察局年度正式統計
2023,連江縣,搶奪,0,0,0,,comparable,警政署季度初步案件資料,警政署／刑事警察局年度正式統計
2023,連江縣,住宅竊盜,5,6,-1,-16.6666666667,comparable,警政署季度初步案件資料,警政署／刑事警察局年度正式統計
2023,連江縣,汽車竊盜,0,0,0,,comparable,警政署季度初步案件資料,警政署／刑事警察局年度正式統計
2023,連江縣,機車竊盜,4,4,0,0,comparable,警政署季度初步案件資料,警政署／刑事警察局年度正式統計
2023,連江縣,強制性交,2,2,0,0,comparable,警政署季度初步案件資料,警政署／刑事警察局年度正式統計
2023,金門縣,毒品,13,36,-23,-63.8888888889,comparable,警政署季度初步案件資料,警政署／刑事警察局年度正式統計
2023,金門縣,強盜,0,0,0,,comparable,警政署季度初步案件資料,警政署／刑事警察局年度正式統計
2023,金門縣,搶奪,1,0,1,,comparable,警政署季度初步案件資料,警政署／刑事警察局年度正式統計
2023,金門縣,住宅竊盜,32,34,-2,-5.8823529412,comparable,警政署季度初步案件資料,警政署／刑事警察局年度正式統計
2023,金門縣,汽車竊盜,3,3,0,0,comparable,警政署季度初步案件資料,警政署／刑事警察局年度正式統計
2023,金門縣,機車竊盜,8,7,1,14.2857142857,comparable,警政署季度初步案件資料,警政署／刑事警察局年度正式統計
2023,金門縣,強制性交,7,7,0,0,comparable,警政署季度初步案件資料,警政署／刑事警察局年度正式統計
2023,雲林縣,毒品,512,880,-368,-41.8181818182,comparable,警政署季度初步案件資料,警政署／刑事警察局年度正式統計
2023,雲林縣,強盜,4,4,0,0,comparable,警政署季度初步案件資料,警政署／刑事警察局年度正式統計
2023,雲林縣,搶奪,0,0,0,,comparable,警政署季度初步案件資料,警政署／刑事警察局年度正式統計
2023,雲林縣,住宅竊盜,65,132,-67,-50.7575757576,comparable,警政署季度初步案件資料,警政署／刑事警察局年度正式統計
2023,雲林縣,汽車竊盜,20,25,-5,-20,comparable,警政署季度初步案件資料,警政署／刑事警察局年度正式統計
2023,雲林縣,機車竊盜,103,102,1,0.9803921569,comparable,警政署季度初步案件資料,警政署／刑事警察局年度正式統計
2023,雲林縣,強制性交,3,2,1,50,comparable,警政署季度初步案件資料,警政署／刑事警察局年度正式統計
2023,高雄市,毒品,1355,2533,-1178,-46.5061192262,comparable,警政署季度初步案件資料,警政署／刑事警察局年度正式統計
2023,高雄市,強盜,6,6,0,0,comparable,警政署季度初步案件資料,警政署／刑事警察局年度正式統計
2023,高雄市,搶奪,7,8,-1,-12.5,comparable,警政署季度初步案件資料,警政署／刑事警察局年度正式統計
2023,高雄市,住宅竊盜,18,24,-6,-25,comparable,警政署季度初步案件資料,警政署／刑事警察局年度正式統計
2023,高雄市,汽車竊盜,30,42,-12,-28.5714285714,comparable,警政署季度初步案件資料,警政署／刑事警察局年度正式統計
2023,高雄市,機車竊盜,470,443,27,6.0948081264,comparable,警政署季度初步案件資料,警政署／刑事警察局年度正式統計
2023,高雄市,強制性交,17,2,15,750,comparable,警政署季度初步案件資料,警政署／刑事警察局年度正式統計
2024,南投縣,毒品,429,756,-327,-43.253968254,comparable,警政署季度初步案件資料,警政署／刑事警察局年度正式統計
2024,南投縣,強盜,8,8,0,0,comparable,警政署季度初步案件資料,警政署／刑事警察局年度正式統計
2024,南投縣,搶奪,4,4,0,0,comparable,警政署季度初步案件資料,警政署／刑事警察局年度正式統計
2024,南投縣,住宅竊盜,165,224,-59,-26.3392857143,comparable,警政署季度初步案件資料,警政署／刑事警察局年度正式統計
2024,南投縣,汽車竊盜,18,21,-3,-14.2857142857,comparable,警政署季度初步案件資料,警政署／刑事警察局年度正式統計
2024,南投縣,機車竊盜,103,99,4,4.0404040404,comparable,警政署季度初步案件資料,警政署／刑事警察局年度正式統計
2024,南投縣,強制性交,6,3,3,100,comparable,警政署季度初步案件資料,警政署／刑事警察局年度正式統計
2024,嘉義市,毒品,478,612,-134,-21.8954248366,comparable,警政署季度初步案件資料,警政署／刑事警察局年度正式統計
2024,嘉義市,強盜,2,2,0,0,comparable,警政署季度初步案件資料,警政署／刑事警察局年度正式統計
2024,嘉義市,搶奪,1,2,-1,-50,comparable,警政署季度初步案件資料,警政署／刑事警察局年度正式統計
2024,嘉義市,住宅竊盜,5,9,-4,-44.4444444444,comparable,警政署季度初步案件資料,警政署／刑事警察局年度正式統計
2024,嘉義市,汽車竊盜,6,7,-1,-14.2857142857,comparable,警政署季度初步案件資料,警政署／刑事警察局年度正式統計
2024,嘉義市,機車竊盜,31,32,-1,-3.125,comparable,警政署季度初步案件資料,警政署／刑事警察局年度正式統計
2024,嘉義市,強制性交,4,4,0,0,comparable,警政署季度初步案件資料,警政署／刑事警察局年度正式統計
2024,嘉義縣,毒品,383,682,-299,-43.8416422287,comparable,警政署季度初步案件資料,警政署／刑事警察局年度正式統計
2024,嘉義縣,強盜,0,0,0,,comparable,警政署季度初步案件資料,警政署／刑事警察局年度正式統計
2024,嘉義縣,搶奪,1,1,0,0,comparable,警政署季度初步案件資料,警政署／刑事警察局年度正式統計
2024,嘉義縣,住宅竊盜,10,7,3,42.8571428571,comparable,警政署季度初步案件資料,警政署／刑事警察局年度正式統計
2024,嘉義縣,汽車竊盜,7,9,-2,-22.2222222222,comparable,警政署季度初步案件資料,警政署／刑事警察局年度正式統計
2024,嘉義縣,機車竊盜,34,35,-1,-2.8571428571,comparable,警政署季度初步案件資料,警政署／刑事警察局年度正式統計
2024,嘉義縣,強制性交,3,2,1,50,comparable,警政署季度初步案件資料,警政署／刑事警察局年度正式統計
2024,基隆市,毒品,579,861,-282,-32.7526132404,comparable,警政署季度初步案件資料,警政署／刑事警察局年度正式統計
2024,基隆市,強盜,0,0,0,,comparable,警政署季度初步案件資料,警政署／刑事警察局年度正式統計
2024,基隆市,搶奪,1,1,0,0,comparable,警政署季度初步案件資料,警政署／刑事警察局年度正式統計
2024,基隆市,住宅竊盜,70,97,-27,-27.8350515464,comparable,警政署季度初步案件資料,警政署／刑事警察局年度正式統計
2024,基隆市,汽車竊盜,9,10,-1,-10,comparable,警政署季度初步案件資料,警政署／刑事警察局年度正式統計
2024,基隆市,機車竊盜,75,75,0,0,comparable,警政署季度初步案件資料,警政署／刑事警察局年度正式統計
2024,基隆市,強制性交,2,1,1,100,comparable,警政署季度初步案件資料,警政署／刑事警察局年度正式統計
2024,宜蘭縣,毒品,355,584,-229,-39.2123287671,comparable,警政署季度初步案件資料,警政署／刑事警察局年度正式統計
2024,宜蘭縣,強盜,0,0,0,,comparable,警政署季度初步案件資料,警政署／刑事警察局年度正式統計
2024,宜蘭縣,搶奪,0,0,0,,comparable,警政署季度初步案件資料,警政署／刑事警察局年度正式統計
2024,宜蘭縣,住宅竊盜,73,59,14,23.7288135593,comparable,警政署季度初步案件資料,警政署／刑事警察局年度正式統計
2024,宜蘭縣,汽車竊盜,8,15,-7,-46.6666666667,comparable,警政署季度初步案件資料,警政署／刑事警察局年度正式統計
2024,宜蘭縣,機車竊盜,56,61,-5,-8.1967213115,comparable,警政署季度初步案件資料,警政署／刑事警察局年度正式統計
2024,宜蘭縣,強制性交,0,0,0,,comparable,警政署季度初步案件資料,警政署／刑事警察局年度正式統計
2024,屏東縣,毒品,699,1256,-557,-44.347133758,comparable,警政署季度初步案件資料,警政署／刑事警察局年度正式統計
2024,屏東縣,強盜,3,3,0,0,comparable,警政署季度初步案件資料,警政署／刑事警察局年度正式統計
2024,屏東縣,搶奪,1,1,0,0,comparable,警政署季度初步案件資料,警政署／刑事警察局年度正式統計
2024,屏東縣,住宅竊盜,63,70,-7,-10,comparable,警政署季度初步案件資料,警政署／刑事警察局年度正式統計
2024,屏東縣,汽車竊盜,18,23,-5,-21.7391304348,comparable,警政署季度初步案件資料,警政署／刑事警察局年度正式統計
2024,屏東縣,機車竊盜,172,174,-2,-1.1494252874,comparable,警政署季度初步案件資料,警政署／刑事警察局年度正式統計
2024,屏東縣,強制性交,0,0,0,,comparable,警政署季度初步案件資料,警政署／刑事警察局年度正式統計
2024,彰化縣,毒品,794,1364,-570,-41.788856305,comparable,警政署季度初步案件資料,警政署／刑事警察局年度正式統計
2024,彰化縣,強盜,1,1,0,0,comparable,警政署季度初步案件資料,警政署／刑事警察局年度正式統計
2024,彰化縣,搶奪,1,1,0,0,comparable,警政署季度初步案件資料,警政署／刑事警察局年度正式統計
2024,彰化縣,住宅竊盜,26,41,-15,-36.5853658537,comparable,警政署季度初步案件資料,警政署／刑事警察局年度正式統計
2024,彰化縣,汽車竊盜,27,36,-9,-25,comparable,警政署季度初步案件資料,警政署／刑事警察局年度正式統計
2024,彰化縣,機車竊盜,179,177,2,1.1299435028,comparable,警政署季度初步案件資料,警政署／刑事警察局年度正式統計
2024,彰化縣,強制性交,2,1,1,100,comparable,警政署季度初步案件資料,警政署／刑事警察局年度正式統計
2024,新北市,毒品,3118,5143,-2025,-39.3739062804,comparable,警政署季度初步案件資料,警政署／刑事警察局年度正式統計
2024,新北市,強盜,14,14,0,0,comparable,警政署季度初步案件資料,警政署／刑事警察局年度正式統計
2024,新北市,搶奪,8,8,0,0,comparable,警政署季度初步案件資料,警政署／刑事警察局年度正式統計
2024,新北市,住宅竊盜,653,842,-189,-22.4465558195,comparable,警政署季度初步案件資料,警政署／刑事警察局年度正式統計
2024,新北市,汽車竊盜,65,82,-17,-20.7317073171,comparable,警政署季度初步案件資料,警政署／刑事警察局年度正式統計
2024,新北市,機車竊盜,619,629,-10,-1.5898251192,comparable,警政署季度初步案件資料,警政署／刑事警察局年度正式統計
2024,新北市,強制性交,16,5,11,220,comparable,警政署季度初步案件資料,警政署／刑事警察局年度正式統計
2024,新竹市,毒品,320,503,-183,-36.3817097416,comparable,警政署季度初步案件資料,警政署／刑事警察局年度正式統計
2024,新竹市,強盜,1,1,0,0,comparable,警政署季度初步案件資料,警政署／刑事警察局年度正式統計
2024,新竹市,搶奪,1,1,0,0,comparable,警政署季度初步案件資料,警政署／刑事警察局年度正式統計
2024,新竹市,住宅竊盜,35,61,-26,-42.6229508197,comparable,警政署季度初步案件資料,警政署／刑事警察局年度正式統計
2024,新竹市,汽車竊盜,20,22,-2,-9.0909090909,comparable,警政署季度初步案件資料,警政署／刑事警察局年度正式統計
2024,新竹市,機車竊盜,141,152,-11,-7.2368421053,comparable,警政署季度初步案件資料,警政署／刑事警察局年度正式統計
2024,新竹市,強制性交,2,1,1,100,comparable,警政署季度初步案件資料,警政署／刑事警察局年度正式統計
2024,新竹縣,毒品,425,765,-340,-44.4444444444,comparable,警政署季度初步案件資料,警政署／刑事警察局年度正式統計
2024,新竹縣,強盜,0,0,0,,comparable,警政署季度初步案件資料,警政署／刑事警察局年度正式統計
2024,新竹縣,搶奪,3,2,1,50,comparable,警政署季度初步案件資料,警政署／刑事警察局年度正式統計
2024,新竹縣,住宅竊盜,82,135,-53,-39.2592592593,comparable,警政署季度初步案件資料,警政署／刑事警察局年度正式統計
2024,新竹縣,汽車竊盜,36,44,-8,-18.1818181818,comparable,警政署季度初步案件資料,警政署／刑事警察局年度正式統計
2024,新竹縣,機車竊盜,138,137,1,0.7299270073,comparable,警政署季度初步案件資料,警政署／刑事警察局年度正式統計
2024,新竹縣,強制性交,11,3,8,266.6666666667,comparable,警政署季度初步案件資料,警政署／刑事警察局年度正式統計
2024,桃園市,毒品,2729,4239,-1510,-35.62160887,comparable,警政署季度初步案件資料,警政署／刑事警察局年度正式統計
2024,桃園市,強盜,7,8,-1,-12.5,comparable,警政署季度初步案件資料,警政署／刑事警察局年度正式統計
2024,桃園市,搶奪,6,6,0,0,comparable,警政署季度初步案件資料,警政署／刑事警察局年度正式統計
2024,桃園市,住宅竊盜,386,432,-46,-10.6481481481,comparable,警政署季度初步案件資料,警政署／刑事警察局年度正式統計
2024,桃園市,汽車竊盜,59,68,-9,-13.2352941176,comparable,警政署季度初步案件資料,警政署／刑事警察局年度正式統計
2024,桃園市,機車竊盜,558,561,-3,-0.5347593583,comparable,警政署季度初步案件資料,警政署／刑事警察局年度正式統計
2024,桃園市,強制性交,2,1,1,100,comparable,警政署季度初步案件資料,警政署／刑事警察局年度正式統計
2024,澎湖縣,毒品,30,95,-65,-68.4210526316,comparable,警政署季度初步案件資料,警政署／刑事警察局年度正式統計
2024,澎湖縣,強盜,0,0,0,,comparable,警政署季度初步案件資料,警政署／刑事警察局年度正式統計
2024,澎湖縣,搶奪,0,0,0,,comparable,警政署季度初步案件資料,警政署／刑事警察局年度正式統計
2024,澎湖縣,住宅竊盜,44,46,-2,-4.347826087,comparable,警政署季度初步案件資料,警政署／刑事警察局年度正式統計
2024,澎湖縣,汽車竊盜,2,2,0,0,comparable,警政署季度初步案件資料,警政署／刑事警察局年度正式統計
2024,澎湖縣,機車竊盜,11,11,0,0,comparable,警政署季度初步案件資料,警政署／刑事警察局年度正式統計
2024,澎湖縣,強制性交,4,2,2,100,comparable,警政署季度初步案件資料,警政署／刑事警察局年度正式統計
2024,臺中市,毒品,1886,2936,-1050,-35.7629427793,comparable,警政署季度初步案件資料,警政署／刑事警察局年度正式統計
2024,臺中市,強盜,5,5,0,0,comparable,警政署季度初步案件資料,警政署／刑事警察局年度正式統計
2024,臺中市,搶奪,4,2,2,100,comparable,警政署季度初步案件資料,警政署／刑事警察局年度正式統計
2024,臺中市,住宅竊盜,129,142,-13,-9.1549295775,comparable,警政署季度初步案件資料,警政署／刑事警察局年度正式統計
2024,臺中市,汽車竊盜,74,81,-7,-8.6419753086,comparable,警政署季度初步案件資料,警政署／刑事警察局年度正式統計
2024,臺中市,機車竊盜,464,467,-3,-0.6423982869,comparable,警政署季度初步案件資料,警政署／刑事警察局年度正式統計
2024,臺中市,強制性交,2,0,2,,comparable,警政署季度初步案件資料,警政署／刑事警察局年度正式統計
2024,臺北市,毒品,2624,3166,-542,-17.1193935565,comparable,警政署季度初步案件資料,警政署／刑事警察局年度正式統計
2024,臺北市,強盜,9,10,-1,-10,comparable,警政署季度初步案件資料,警政署／刑事警察局年度正式統計
2024,臺北市,搶奪,13,11,2,18.1818181818,comparable,警政署季度初步案件資料,警政署／刑事警察局年度正式統計
2024,臺北市,住宅竊盜,145,191,-46,-24.0837696335,comparable,警政署季度初步案件資料,警政署／刑事警察局年度正式統計
2024,臺北市,汽車竊盜,19,24,-5,-20.8333333333,comparable,警政署季度初步案件資料,警政署／刑事警察局年度正式統計
2024,臺北市,機車竊盜,173,180,-7,-3.8888888889,comparable,警政署季度初步案件資料,警政署／刑事警察局年度正式統計
2024,臺北市,強制性交,14,6,8,133.3333333333,comparable,警政署季度初步案件資料,警政署／刑事警察局年度正式統計
2024,臺南市,毒品,1217,2036,-819,-40.2259332024,comparable,警政署季度初步案件資料,警政署／刑事警察局年度正式統計
2024,臺南市,強盜,10,8,2,25,comparable,警政署季度初步案件資料,警政署／刑事警察局年度正式統計
2024,臺南市,搶奪,8,7,1,14.2857142857,comparable,警政署季度初步案件資料,警政署／刑事警察局年度正式統計
2024,臺南市,住宅竊盜,122,178,-56,-31.4606741573,comparable,警政署季度初步案件資料,警政署／刑事警察局年度正式統計
2024,臺南市,汽車竊盜,38,41,-3,-7.3170731707,comparable,警政署季度初步案件資料,警政署／刑事警察局年度正式統計
2024,臺南市,機車竊盜,227,229,-2,-0.8733624454,comparable,警政署季度初步案件資料,警政署／刑事警察局年度正式統計
2024,臺南市,強制性交,13,3,10,333.3333333333,comparable,警政署季度初步案件資料,警政署／刑事警察局年度正式統計
2024,臺東縣,毒品,91,152,-61,-40.1315789474,comparable,警政署季度初步案件資料,警政署／刑事警察局年度正式統計
2024,臺東縣,強盜,0,0,0,,comparable,警政署季度初步案件資料,警政署／刑事警察局年度正式統計
2024,臺東縣,搶奪,0,0,0,,comparable,警政署季度初步案件資料,警政署／刑事警察局年度正式統計
2024,臺東縣,住宅竊盜,16,20,-4,-20,comparable,警政署季度初步案件資料,警政署／刑事警察局年度正式統計
2024,臺東縣,汽車竊盜,6,9,-3,-33.3333333333,comparable,警政署季度初步案件資料,警政署／刑事警察局年度正式統計
2024,臺東縣,機車竊盜,53,53,0,0,comparable,警政署季度初步案件資料,警政署／刑事警察局年度正式統計
2024,臺東縣,強制性交,4,0,4,,comparable,警政署季度初步案件資料,警政署／刑事警察局年度正式統計
2024,花蓮縣,毒品,262,446,-184,-41.2556053812,comparable,警政署季度初步案件資料,警政署／刑事警察局年度正式統計
2024,花蓮縣,強盜,2,3,-1,-33.3333333333,comparable,警政署季度初步案件資料,警政署／刑事警察局年度正式統計
2024,花蓮縣,搶奪,3,3,0,0,comparable,警政署季度初步案件資料,警政署／刑事警察局年度正式統計
2024,花蓮縣,住宅竊盜,7,7,0,0,comparable,警政署季度初步案件資料,警政署／刑事警察局年度正式統計
2024,花蓮縣,汽車竊盜,5,9,-4,-44.4444444444,comparable,警政署季度初步案件資料,警政署／刑事警察局年度正式統計
2024,花蓮縣,機車竊盜,89,87,2,2.2988505747,comparable,警政署季度初步案件資料,警政署／刑事警察局年度正式統計
2024,花蓮縣,強制性交,0,0,0,,comparable,警政署季度初步案件資料,警政署／刑事警察局年度正式統計
2024,苗栗縣,毒品,498,940,-442,-47.0212765957,comparable,警政署季度初步案件資料,警政署／刑事警察局年度正式統計
2024,苗栗縣,強盜,3,4,-1,-25,comparable,警政署季度初步案件資料,警政署／刑事警察局年度正式統計
2024,苗栗縣,搶奪,2,2,0,0,comparable,警政署季度初步案件資料,警政署／刑事警察局年度正式統計
2024,苗栗縣,住宅竊盜,78,104,-26,-25,comparable,警政署季度初步案件資料,警政署／刑事警察局年度正式統計
2024,苗栗縣,汽車竊盜,38,48,-10,-20.8333333333,comparable,警政署季度初步案件資料,警政署／刑事警察局年度正式統計
2024,苗栗縣,機車竊盜,134,139,-5,-3.5971223022,comparable,警政署季度初步案件資料,警政署／刑事警察局年度正式統計
2024,苗栗縣,強制性交,6,1,5,500,comparable,警政署季度初步案件資料,警政署／刑事警察局年度正式統計
2024,連江縣,毒品,1,2,-1,-50,comparable,警政署季度初步案件資料,警政署／刑事警察局年度正式統計
2024,連江縣,強盜,0,0,0,,comparable,警政署季度初步案件資料,警政署／刑事警察局年度正式統計
2024,連江縣,搶奪,0,0,0,,comparable,警政署季度初步案件資料,警政署／刑事警察局年度正式統計
2024,連江縣,住宅竊盜,5,5,0,0,comparable,警政署季度初步案件資料,警政署／刑事警察局年度正式統計
2024,連江縣,汽車竊盜,0,0,0,,comparable,警政署季度初步案件資料,警政署／刑事警察局年度正式統計
2024,連江縣,機車竊盜,3,3,0,0,comparable,警政署季度初步案件資料,警政署／刑事警察局年度正式統計
2024,連江縣,強制性交,2,2,0,0,comparable,警政署季度初步案件資料,警政署／刑事警察局年度正式統計
2024,金門縣,毒品,44,117,-73,-62.3931623932,comparable,警政署季度初步案件資料,警政署／刑事警察局年度正式統計
2024,金門縣,強盜,1,1,0,0,comparable,警政署季度初步案件資料,警政署／刑事警察局年度正式統計
2024,金門縣,搶奪,0,0,0,,comparable,警政署季度初步案件資料,警政署／刑事警察局年度正式統計
2024,金門縣,住宅竊盜,22,22,0,0,comparable,警政署季度初步案件資料,警政署／刑事警察局年度正式統計
2024,金門縣,汽車竊盜,3,3,0,0,comparable,警政署季度初步案件資料,警政署／刑事警察局年度正式統計
2024,金門縣,機車竊盜,6,6,0,0,comparable,警政署季度初步案件資料,警政署／刑事警察局年度正式統計
2024,金門縣,強制性交,0,0,0,,comparable,警政署季度初步案件資料,警政署／刑事警察局年度正式統計
2024,雲林縣,毒品,491,833,-342,-41.056422569,comparable,警政署季度初步案件資料,警政署／刑事警察局年度正式統計
2024,雲林縣,強盜,4,4,0,0,comparable,警政署季度初步案件資料,警政署／刑事警察局年度正式統計
2024,雲林縣,搶奪,1,1,0,0,comparable,警政署季度初步案件資料,警政署／刑事警察局年度正式統計
2024,雲林縣,住宅竊盜,163,213,-50,-23.4741784038,comparable,警政署季度初步案件資料,警政署／刑事警察局年度正式統計
2024,雲林縣,汽車竊盜,19,34,-15,-44.1176470588,comparable,警政署季度初步案件資料,警政署／刑事警察局年度正式統計
2024,雲林縣,機車竊盜,139,140,-1,-0.7142857143,comparable,警政署季度初步案件資料,警政署／刑事警察局年度正式統計
2024,雲林縣,強制性交,3,1,2,200,comparable,警政署季度初步案件資料,警政署／刑事警察局年度正式統計
2024,高雄市,毒品,1797,3133,-1336,-42.6428343441,comparable,警政署季度初步案件資料,警政署／刑事警察局年度正式統計
2024,高雄市,強盜,7,6,1,16.6666666667,comparable,警政署季度初步案件資料,警政署／刑事警察局年度正式統計
2024,高雄市,搶奪,8,8,0,0,comparable,警政署季度初步案件資料,警政署／刑事警察局年度正式統計
2024,高雄市,住宅竊盜,41,38,3,7.8947368421,comparable,警政署季度初步案件資料,警政署／刑事警察局年度正式統計
2024,高雄市,汽車竊盜,33,41,-8,-19.512195122,comparable,警政署季度初步案件資料,警政署／刑事警察局年度正式統計
2024,高雄市,機車竊盜,444,435,9,2.0689655172,comparable,警政署季度初步案件資料,警政署／刑事警察局年度正式統計
2024,高雄市,強制性交,18,1,17,1700,comparable,警政署季度初步案件資料,警政署／刑事警察局年度正式統計
2025,南投縣,毒品,453,760,-307,-40.3947368421,comparable,警政署季度初步案件資料,警政署／刑事警察局年度正式統計
2025,南投縣,強盜,7,8,-1,-12.5,comparable,警政署季度初步案件資料,警政署／刑事警察局年度正式統計
2025,南投縣,搶奪,3,3,0,0,comparable,警政署季度初步案件資料,警政署／刑事警察局年度正式統計
2025,南投縣,住宅竊盜,139,144,-5,-3.4722222222,comparable,警政署季度初步案件資料,警政署／刑事警察局年度正式統計
2025,南投縣,汽車竊盜,36,36,0,0,comparable,警政署季度初步案件資料,警政署／刑事警察局年度正式統計
2025,南投縣,機車竊盜,132,132,0,0,comparable,警政署季度初步案件資料,警政署／刑事警察局年度正式統計
2025,南投縣,強制性交,12,4,8,200,comparable,警政署季度初步案件資料,警政署／刑事警察局年度正式統計
2025,嘉義市,毒品,596,798,-202,-25.313283208,comparable,警政署季度初步案件資料,警政署／刑事警察局年度正式統計
2025,嘉義市,強盜,3,3,0,0,comparable,警政署季度初步案件資料,警政署／刑事警察局年度正式統計
2025,嘉義市,搶奪,1,1,0,0,comparable,警政署季度初步案件資料,警政署／刑事警察局年度正式統計
2025,嘉義市,住宅竊盜,5,4,1,25,comparable,警政署季度初步案件資料,警政署／刑事警察局年度正式統計
2025,嘉義市,汽車竊盜,13,11,2,18.1818181818,comparable,警政署季度初步案件資料,警政署／刑事警察局年度正式統計
2025,嘉義市,機車竊盜,35,37,-2,-5.4054054054,comparable,警政署季度初步案件資料,警政署／刑事警察局年度正式統計
2025,嘉義市,強制性交,3,1,2,200,comparable,警政署季度初步案件資料,警政署／刑事警察局年度正式統計
2025,嘉義縣,毒品,513,779,-266,-34.1463414634,comparable,警政署季度初步案件資料,警政署／刑事警察局年度正式統計
2025,嘉義縣,強盜,4,4,0,0,comparable,警政署季度初步案件資料,警政署／刑事警察局年度正式統計
2025,嘉義縣,搶奪,2,2,0,0,comparable,警政署季度初步案件資料,警政署／刑事警察局年度正式統計
2025,嘉義縣,住宅竊盜,34,29,5,17.2413793103,comparable,警政署季度初步案件資料,警政署／刑事警察局年度正式統計
2025,嘉義縣,汽車竊盜,23,24,-1,-4.1666666667,comparable,警政署季度初步案件資料,警政署／刑事警察局年度正式統計
2025,嘉義縣,機車竊盜,54,56,-2,-3.5714285714,comparable,警政署季度初步案件資料,警政署／刑事警察局年度正式統計
2025,嘉義縣,強制性交,0,1,-1,-100,comparable,警政署季度初步案件資料,警政署／刑事警察局年度正式統計
2025,基隆市,毒品,978,1373,-395,-28.7691187181,comparable,警政署季度初步案件資料,警政署／刑事警察局年度正式統計
2025,基隆市,強盜,6,6,0,0,comparable,警政署季度初步案件資料,警政署／刑事警察局年度正式統計
2025,基隆市,搶奪,2,2,0,0,comparable,警政署季度初步案件資料,警政署／刑事警察局年度正式統計
2025,基隆市,住宅竊盜,97,104,-7,-6.7307692308,comparable,警政署季度初步案件資料,警政署／刑事警察局年度正式統計
2025,基隆市,汽車竊盜,10,12,-2,-16.6666666667,comparable,警政署季度初步案件資料,警政署／刑事警察局年度正式統計
2025,基隆市,機車竊盜,59,60,-1,-1.6666666667,comparable,警政署季度初步案件資料,警政署／刑事警察局年度正式統計
2025,基隆市,強制性交,7,5,2,40,comparable,警政署季度初步案件資料,警政署／刑事警察局年度正式統計
2025,宜蘭縣,毒品,464,693,-229,-33.0447330447,comparable,警政署季度初步案件資料,警政署／刑事警察局年度正式統計
2025,宜蘭縣,強盜,1,1,0,0,comparable,警政署季度初步案件資料,警政署／刑事警察局年度正式統計
2025,宜蘭縣,搶奪,3,3,0,0,comparable,警政署季度初步案件資料,警政署／刑事警察局年度正式統計
2025,宜蘭縣,住宅竊盜,91,93,-2,-2.1505376344,comparable,警政署季度初步案件資料,警政署／刑事警察局年度正式統計
2025,宜蘭縣,汽車竊盜,31,28,3,10.7142857143,comparable,警政署季度初步案件資料,警政署／刑事警察局年度正式統計
2025,宜蘭縣,機車竊盜,54,56,-2,-3.5714285714,comparable,警政署季度初步案件資料,警政署／刑事警察局年度正式統計
2025,宜蘭縣,強制性交,6,1,5,500,comparable,警政署季度初步案件資料,警政署／刑事警察局年度正式統計
2025,屏東縣,毒品,660,1301,-641,-49.2697924673,comparable,警政署季度初步案件資料,警政署／刑事警察局年度正式統計
2025,屏東縣,強盜,6,6,0,0,comparable,警政署季度初步案件資料,警政署／刑事警察局年度正式統計
2025,屏東縣,搶奪,6,6,0,0,comparable,警政署季度初步案件資料,警政署／刑事警察局年度正式統計
2025,屏東縣,住宅竊盜,657,659,-2,-0.3034901366,comparable,警政署季度初步案件資料,警政署／刑事警察局年度正式統計
2025,屏東縣,汽車竊盜,48,51,-3,-5.8823529412,comparable,警政署季度初步案件資料,警政署／刑事警察局年度正式統計
2025,屏東縣,機車竊盜,183,190,-7,-3.6842105263,comparable,警政署季度初步案件資料,警政署／刑事警察局年度正式統計
2025,屏東縣,強制性交,6,3,3,100,comparable,警政署季度初步案件資料,警政署／刑事警察局年度正式統計
2025,彰化縣,毒品,957,1546,-589,-38.0983182406,comparable,警政署季度初步案件資料,警政署／刑事警察局年度正式統計
2025,彰化縣,強盜,1,1,0,0,comparable,警政署季度初步案件資料,警政署／刑事警察局年度正式統計
2025,彰化縣,搶奪,6,6,0,0,comparable,警政署季度初步案件資料,警政署／刑事警察局年度正式統計
2025,彰化縣,住宅竊盜,33,31,2,6.4516129032,comparable,警政署季度初步案件資料,警政署／刑事警察局年度正式統計
2025,彰化縣,汽車竊盜,51,52,-1,-1.9230769231,comparable,警政署季度初步案件資料,警政署／刑事警察局年度正式統計
2025,彰化縣,機車竊盜,185,178,7,3.9325842697,comparable,警政署季度初步案件資料,警政署／刑事警察局年度正式統計
2025,彰化縣,強制性交,4,0,4,,comparable,警政署季度初步案件資料,警政署／刑事警察局年度正式統計
2025,新北市,毒品,5399,8120,-2721,-33.5098522167,comparable,警政署季度初步案件資料,警政署／刑事警察局年度正式統計
2025,新北市,強盜,19,21,-2,-9.5238095238,comparable,警政署季度初步案件資料,警政署／刑事警察局年度正式統計
2025,新北市,搶奪,15,14,1,7.1428571429,comparable,警政署季度初步案件資料,警政署／刑事警察局年度正式統計
2025,新北市,住宅竊盜,1462,1401,61,4.3540328337,comparable,警政署季度初步案件資料,警政署／刑事警察局年度正式統計
2025,新北市,汽車竊盜,97,107,-10,-9.3457943925,comparable,警政署季度初步案件資料,警政署／刑事警察局年度正式統計
2025,新北市,機車竊盜,534,556,-22,-3.9568345324,comparable,警政署季度初步案件資料,警政署／刑事警察局年度正式統計
2025,新北市,強制性交,38,7,31,442.8571428571,comparable,警政署季度初步案件資料,警政署／刑事警察局年度正式統計
2025,新竹市,毒品,335,515,-180,-34.9514563107,comparable,警政署季度初步案件資料,警政署／刑事警察局年度正式統計
2025,新竹市,強盜,1,1,0,0,comparable,警政署季度初步案件資料,警政署／刑事警察局年度正式統計
2025,新竹市,搶奪,2,2,0,0,comparable,警政署季度初步案件資料,警政署／刑事警察局年度正式統計
2025,新竹市,住宅竊盜,19,11,8,72.7272727273,comparable,警政署季度初步案件資料,警政署／刑事警察局年度正式統計
2025,新竹市,汽車竊盜,21,18,3,16.6666666667,comparable,警政署季度初步案件資料,警政署／刑事警察局年度正式統計
2025,新竹市,機車竊盜,112,115,-3,-2.6086956522,comparable,警政署季度初步案件資料,警政署／刑事警察局年度正式統計
2025,新竹市,強制性交,3,0,3,,comparable,警政署季度初步案件資料,警政署／刑事警察局年度正式統計
2025,新竹縣,毒品,490,945,-455,-48.1481481481,comparable,警政署季度初步案件資料,警政署／刑事警察局年度正式統計
2025,新竹縣,強盜,0,0,0,,comparable,警政署季度初步案件資料,警政署／刑事警察局年度正式統計
2025,新竹縣,搶奪,3,3,0,0,comparable,警政署季度初步案件資料,警政署／刑事警察局年度正式統計
2025,新竹縣,住宅竊盜,257,262,-5,-1.9083969466,comparable,警政署季度初步案件資料,警政署／刑事警察局年度正式統計
2025,新竹縣,汽車竊盜,57,64,-7,-10.9375,comparable,警政署季度初步案件資料,警政署／刑事警察局年度正式統計
2025,新竹縣,機車竊盜,108,109,-1,-0.9174311927,comparable,警政署季度初步案件資料,警政署／刑事警察局年度正式統計
2025,新竹縣,強制性交,9,4,5,125,comparable,警政署季度初步案件資料,警政署／刑事警察局年度正式統計
2025,桃園市,毒品,3082,5256,-2174,-41.3622526636,comparable,警政署季度初步案件資料,警政署／刑事警察局年度正式統計
2025,桃園市,強盜,19,19,0,0,comparable,警政署季度初步案件資料,警政署／刑事警察局年度正式統計
2025,桃園市,搶奪,11,10,1,10,comparable,警政署季度初步案件資料,警政署／刑事警察局年度正式統計
2025,桃園市,住宅竊盜,605,683,-78,-11.420204978,comparable,警政署季度初步案件資料,警政署／刑事警察局年度正式統計
2025,桃園市,汽車竊盜,145,145,0,0,comparable,警政署季度初步案件資料,警政署／刑事警察局年度正式統計
2025,桃園市,機車竊盜,425,434,-9,-2.0737327189,comparable,警政署季度初步案件資料,警政署／刑事警察局年度正式統計
2025,桃園市,強制性交,21,2,19,950,comparable,警政署季度初步案件資料,警政署／刑事警察局年度正式統計
2025,澎湖縣,毒品,63,143,-80,-55.9440559441,comparable,警政署季度初步案件資料,警政署／刑事警察局年度正式統計
2025,澎湖縣,強盜,0,0,0,,comparable,警政署季度初步案件資料,警政署／刑事警察局年度正式統計
2025,澎湖縣,搶奪,0,0,0,,comparable,警政署季度初步案件資料,警政署／刑事警察局年度正式統計
2025,澎湖縣,住宅竊盜,65,65,0,0,comparable,警政署季度初步案件資料,警政署／刑事警察局年度正式統計
2025,澎湖縣,汽車竊盜,2,1,1,100,comparable,警政署季度初步案件資料,警政署／刑事警察局年度正式統計
2025,澎湖縣,機車竊盜,9,10,-1,-10,comparable,警政署季度初步案件資料,警政署／刑事警察局年度正式統計
2025,澎湖縣,強制性交,6,7,-1,-14.2857142857,comparable,警政署季度初步案件資料,警政署／刑事警察局年度正式統計
2025,臺中市,毒品,2496,3972,-1476,-37.1601208459,comparable,警政署季度初步案件資料,警政署／刑事警察局年度正式統計
2025,臺中市,強盜,10,9,1,11.1111111111,comparable,警政署季度初步案件資料,警政署／刑事警察局年度正式統計
2025,臺中市,搶奪,10,10,0,0,comparable,警政署季度初步案件資料,警政署／刑事警察局年度正式統計
2025,臺中市,住宅竊盜,703,766,-63,-8.2245430809,comparable,警政署季度初步案件資料,警政署／刑事警察局年度正式統計
2025,臺中市,汽車竊盜,82,84,-2,-2.380952381,comparable,警政署季度初步案件資料,警政署／刑事警察局年度正式統計
2025,臺中市,機車竊盜,457,463,-6,-1.2958963283,comparable,警政署季度初步案件資料,警政署／刑事警察局年度正式統計
2025,臺中市,強制性交,6,0,6,,comparable,警政署季度初步案件資料,警政署／刑事警察局年度正式統計
2025,臺北市,毒品,3210,3811,-601,-15.7701390711,comparable,警政署季度初步案件資料,警政署／刑事警察局年度正式統計
2025,臺北市,強盜,12,13,-1,-7.6923076923,comparable,警政署季度初步案件資料,警政署／刑事警察局年度正式統計
2025,臺北市,搶奪,19,19,0,0,comparable,警政署季度初步案件資料,警政署／刑事警察局年度正式統計
2025,臺北市,住宅竊盜,249,266,-17,-6.3909774436,comparable,警政署季度初步案件資料,警政署／刑事警察局年度正式統計
2025,臺北市,汽車竊盜,20,17,3,17.6470588235,comparable,警政署季度初步案件資料,警政署／刑事警察局年度正式統計
2025,臺北市,機車竊盜,165,172,-7,-4.0697674419,comparable,警政署季度初步案件資料,警政署／刑事警察局年度正式統計
2025,臺北市,強制性交,11,4,7,175,comparable,警政署季度初步案件資料,警政署／刑事警察局年度正式統計
2025,臺南市,毒品,1831,2868,-1037,-36.1576011158,comparable,警政署季度初步案件資料,警政署／刑事警察局年度正式統計
2025,臺南市,強盜,18,17,1,5.8823529412,comparable,警政署季度初步案件資料,警政署／刑事警察局年度正式統計
2025,臺南市,搶奪,10,12,-2,-16.6666666667,comparable,警政署季度初步案件資料,警政署／刑事警察局年度正式統計
2025,臺南市,住宅竊盜,134,139,-5,-3.5971223022,comparable,警政署季度初步案件資料,警政署／刑事警察局年度正式統計
2025,臺南市,汽車竊盜,33,32,1,3.125,comparable,警政署季度初步案件資料,警政署／刑事警察局年度正式統計
2025,臺南市,機車竊盜,214,213,1,0.4694835681,comparable,警政署季度初步案件資料,警政署／刑事警察局年度正式統計
2025,臺南市,強制性交,19,3,16,533.3333333333,comparable,警政署季度初步案件資料,警政署／刑事警察局年度正式統計
2025,臺東縣,毒品,134,249,-115,-46.1847389558,comparable,警政署季度初步案件資料,警政署／刑事警察局年度正式統計
2025,臺東縣,強盜,1,1,0,0,comparable,警政署季度初步案件資料,警政署／刑事警察局年度正式統計
2025,臺東縣,搶奪,0,0,0,,comparable,警政署季度初步案件資料,警政署／刑事警察局年度正式統計
2025,臺東縣,住宅竊盜,91,81,10,12.3456790123,comparable,警政署季度初步案件資料,警政署／刑事警察局年度正式統計
2025,臺東縣,汽車竊盜,7,8,-1,-12.5,comparable,警政署季度初步案件資料,警政署／刑事警察局年度正式統計
2025,臺東縣,機車竊盜,33,42,-9,-21.4285714286,comparable,警政署季度初步案件資料,警政署／刑事警察局年度正式統計
2025,臺東縣,強制性交,1,0,1,,comparable,警政署季度初步案件資料,警政署／刑事警察局年度正式統計
2025,花蓮縣,毒品,301,538,-237,-44.0520446097,comparable,警政署季度初步案件資料,警政署／刑事警察局年度正式統計
2025,花蓮縣,強盜,5,5,0,0,comparable,警政署季度初步案件資料,警政署／刑事警察局年度正式統計
2025,花蓮縣,搶奪,7,6,1,16.6666666667,comparable,警政署季度初步案件資料,警政署／刑事警察局年度正式統計
2025,花蓮縣,住宅竊盜,69,70,-1,-1.4285714286,comparable,警政署季度初步案件資料,警政署／刑事警察局年度正式統計
2025,花蓮縣,汽車竊盜,23,26,-3,-11.5384615385,comparable,警政署季度初步案件資料,警政署／刑事警察局年度正式統計
2025,花蓮縣,機車竊盜,105,112,-7,-6.25,comparable,警政署季度初步案件資料,警政署／刑事警察局年度正式統計
2025,花蓮縣,強制性交,2,1,1,100,comparable,警政署季度初步案件資料,警政署／刑事警察局年度正式統計
2025,苗栗縣,毒品,460,927,-467,-50.377562028,comparable,警政署季度初步案件資料,警政署／刑事警察局年度正式統計
2025,苗栗縣,強盜,4,5,-1,-20,comparable,警政署季度初步案件資料,警政署／刑事警察局年度正式統計
2025,苗栗縣,搶奪,4,5,-1,-20,comparable,警政署季度初步案件資料,警政署／刑事警察局年度正式統計
2025,苗栗縣,住宅竊盜,282,285,-3,-1.0526315789,comparable,警政署季度初步案件資料,警政署／刑事警察局年度正式統計
2025,苗栗縣,汽車竊盜,27,30,-3,-10,comparable,警政署季度初步案件資料,警政署／刑事警察局年度正式統計
2025,苗栗縣,機車竊盜,82,92,-10,-10.8695652174,comparable,警政署季度初步案件資料,警政署／刑事警察局年度正式統計
2025,苗栗縣,強制性交,18,12,6,50,comparable,警政署季度初步案件資料,警政署／刑事警察局年度正式統計
2025,連江縣,毒品,2,5,-3,-60,comparable,警政署季度初步案件資料,警政署／刑事警察局年度正式統計
2025,連江縣,強盜,0,0,0,,comparable,警政署季度初步案件資料,警政署／刑事警察局年度正式統計
2025,連江縣,搶奪,0,0,0,,comparable,警政署季度初步案件資料,警政署／刑事警察局年度正式統計
2025,連江縣,住宅竊盜,3,3,0,0,comparable,警政署季度初步案件資料,警政署／刑事警察局年度正式統計
2025,連江縣,汽車竊盜,0,0,0,,comparable,警政署季度初步案件資料,警政署／刑事警察局年度正式統計
2025,連江縣,機車竊盜,1,1,0,0,comparable,警政署季度初步案件資料,警政署／刑事警察局年度正式統計
2025,連江縣,強制性交,1,0,1,,comparable,警政署季度初步案件資料,警政署／刑事警察局年度正式統計
2025,金門縣,毒品,35,94,-59,-62.7659574468,comparable,警政署季度初步案件資料,警政署／刑事警察局年度正式統計
2025,金門縣,強盜,0,0,0,,comparable,警政署季度初步案件資料,警政署／刑事警察局年度正式統計
2025,金門縣,搶奪,0,0,0,,comparable,警政署季度初步案件資料,警政署／刑事警察局年度正式統計
2025,金門縣,住宅竊盜,18,20,-2,-10,comparable,警政署季度初步案件資料,警政署／刑事警察局年度正式統計
2025,金門縣,汽車竊盜,4,5,-1,-20,comparable,警政署季度初步案件資料,警政署／刑事警察局年度正式統計
2025,金門縣,機車竊盜,9,10,-1,-10,comparable,警政署季度初步案件資料,警政署／刑事警察局年度正式統計
2025,金門縣,強制性交,4,6,-2,-33.3333333333,comparable,警政署季度初步案件資料,警政署／刑事警察局年度正式統計
2025,雲林縣,毒品,694,1185,-491,-41.4345991561,comparable,警政署季度初步案件資料,警政署／刑事警察局年度正式統計
2025,雲林縣,強盜,1,1,0,0,comparable,警政署季度初步案件資料,警政署／刑事警察局年度正式統計
2025,雲林縣,搶奪,1,1,0,0,comparable,警政署季度初步案件資料,警政署／刑事警察局年度正式統計
2025,雲林縣,住宅竊盜,271,282,-11,-3.9007092199,comparable,警政署季度初步案件資料,警政署／刑事警察局年度正式統計
2025,雲林縣,汽車竊盜,50,49,1,2.0408163265,comparable,警政署季度初步案件資料,警政署／刑事警察局年度正式統計
2025,雲林縣,機車竊盜,154,160,-6,-3.75,comparable,警政署季度初步案件資料,警政署／刑事警察局年度正式統計
2025,雲林縣,強制性交,5,0,5,,comparable,警政署季度初步案件資料,警政署／刑事警察局年度正式統計
2025,高雄市,毒品,2931,4511,-1580,-35.0254932387,comparable,警政署季度初步案件資料,警政署／刑事警察局年度正式統計
2025,高雄市,強盜,6,6,0,0,comparable,警政署季度初步案件資料,警政署／刑事警察局年度正式統計
2025,高雄市,搶奪,10,9,1,11.1111111111,comparable,警政署季度初步案件資料,警政署／刑事警察局年度正式統計
2025,高雄市,住宅竊盜,143,124,19,15.3225806452,comparable,警政署季度初步案件資料,警政署／刑事警察局年度正式統計
2025,高雄市,汽車竊盜,59,58,1,1.724137931,comparable,警政署季度初步案件資料,警政署／刑事警察局年度正式統計
2025,高雄市,機車竊盜,455,460,-5,-1.0869565217,comparable,警政署季度初步案件資料,警政署／刑事警察局年度正式統計
2025,高雄市,強制性交,28,0,28,,comparable,警政署季度初步案件資料,警政署／刑事警察局年度正式統計
