year,month,district,crime_type,incident_count
2016,1,中區,搶奪,1
2016,1,中區,機車竊盜,3
2016,1,中區,毒品,8
2016,1,中區,汽車竊盜,2
2016,1,北區,住宅竊盜,1
2016,1,北區,強盜,1
2016,1,北區,機車竊盜,1
2016,1,北區,毒品,18
2016,1,北區,汽車竊盜,1
2016,1,北屯區,住宅竊盜,1
2016,1,北屯區,機車竊盜,6
2016,1,北屯區,毒品,23
2016,1,北屯區,汽車竊盜,1
2016,1,南區,住宅竊盜,1
2016,1,南區,機車竊盜,3
2016,1,南區,毒品,1
2016,1,南區,汽車竊盜,1
2016,1,南屯區,住宅竊盜,1
2016,1,南屯區,機車竊盜,1
2016,1,南屯區,毒品,4
2016,1,南屯區,汽車竊盜,1
2016,1,后里區,毒品,3
2016,1,后里區,汽車竊盜,1
2016,1,和平區,毒品,1
2016,1,外埔區,毒品,2
2016,1,外埔區,汽車竊盜,1
2016,1,大安區,毒品,5
2016,1,大甲區,機車竊盜,1
2016,1,大甲區,毒品,4
2016,1,大肚區,機車竊盜,1
2016,1,大肚區,毒品,5
2016,1,大里區,機車竊盜,3
2016,1,大里區,毒品,18
2016,1,大里區,汽車竊盜,1
2016,1,大雅區,機車竊盜,3
2016,1,大雅區,毒品,8
2016,1,太平區,機車竊盜,3
2016,1,太平區,毒品,15
2016,1,太平區,汽車竊盜,2
2016,1,東勢區,機車竊盜,1
2016,1,東勢區,毒品,4
2016,1,東區,機車竊盜,1
2016,1,東區,毒品,7
2016,1,東區,汽車竊盜,1
2016,1,梧棲區,機車竊盜,1
2016,1,梧棲區,毒品,6
2016,1,沙鹿區,強盜,1
2016,1,沙鹿區,機車竊盜,1
2016,1,沙鹿區,毒品,3
2016,1,清水區,毒品,10
2016,1,潭子區,住宅竊盜,2
2016,1,潭子區,機車竊盜,1
2016,1,潭子區,毒品,3
2016,1,潭子區,汽車竊盜,1
2016,1,烏日區,機車竊盜,1
2016,1,烏日區,毒品,7
2016,1,石岡區,搶奪,1
2016,1,神岡區,毒品,4
2016,1,神岡區,汽車竊盜,1
2016,1,西區,機車竊盜,1
2016,1,西區,毒品,5
2016,1,西屯區,機車竊盜,7
2016,1,西屯區,毒品,20
2016,1,西屯區,汽車竊盜,1
2016,1,豐原區,住宅竊盜,2
2016,1,豐原區,機車竊盜,3
2016,1,豐原區,毒品,14
2016,1,豐原區,汽車竊盜,2
2016,1,霧峰區,機車竊盜,2
2016,1,霧峰區,毒品,3
2016,1,龍井區,機車竊盜,1
2016,1,龍井區,毒品,2
2016,2,中區,機車竊盜,3
2016,2,中區,毒品,4
2016,2,北區,住宅竊盜,2
2016,2,北區,機車竊盜,2
2016,2,北區,毒品,19
2016,2,北屯區,強盜,1
2016,2,北屯區,機車竊盜,8
2016,2,北屯區,毒品,12
2016,2,北屯區,汽車竊盜,2
2016,2,南區,住宅竊盜,1
2016,2,南區,機車竊盜,2
2016,2,南區,毒品,3
2016,2,南屯區,毒品,4
2016,2,后里區,毒品,2
2016,2,外埔區,汽車竊盜,1
2016,2,大安區,毒品,1
2016,2,大甲區,機車竊盜,1
2016,2,大甲區,毒品,4
2016,2,大甲區,汽車竊盜,2
2016,2,大肚區,毒品,3
2016,2,大里區,搶奪,1
2016,2,大里區,機車竊盜,3
2016,2,大里區,毒品,12
2016,2,大里區,汽車竊盜,2
2016,2,大雅區,住宅竊盜,1
2016,2,大雅區,毒品,1
2016,2,太平區,住宅竊盜,1
2016,2,太平區,機車竊盜,1
2016,2,太平區,毒品,5
2016,2,新社區,住宅竊盜,1
2016,2,新社區,機車竊盜,1
2016,2,東勢區,毒品,5
2016,2,東勢區,汽車竊盜,1
2016,2,東區,住宅竊盜,2
2016,2,東區,毒品,3
2016,2,東區,汽車竊盜,1
2016,2,梧棲區,機車竊盜,1
2016,2,梧棲區,毒品,6
2016,2,沙鹿區,機車竊盜,2
2016,2,沙鹿區,毒品,2
2016,2,沙鹿區,汽車竊盜,1
2016,2,清水區,機車竊盜,1
2016,2,清水區,毒品,5
2016,2,潭子區,機車竊盜,2
2016,2,潭子區,毒品,3
2016,2,潭子區,汽車竊盜,1
2016,2,烏日區,住宅竊盜,1
2016,2,烏日區,搶奪,1
2016,2,烏日區,機車竊盜,1
2016,2,烏日區,毒品,2
2016,2,神岡區,住宅竊盜,1
2016,2,西區,住宅竊盜,1
2016,2,西區,搶奪,1
2016,2,西區,毒品,5
2016,2,西區,汽車竊盜,1
2016,2,西屯區,住宅竊盜,1
2016,2,西屯區,搶奪,1
2016,2,西屯區,機車竊盜,8
2016,2,西屯區,毒品,18
2016,2,西屯區,汽車竊盜,4
2016,2,豐原區,強盜,1
2016,2,豐原區,機車竊盜,5
2016,2,豐原區,毒品,6
2016,2,豐原區,汽車竊盜,1
2016,2,霧峰區,機車竊盜,1
2016,2,龍井區,機車竊盜,1
2016,2,龍井區,毒品,4
2016,3,中區,機車竊盜,3
2016,3,中區,毒品,5
2016,3,北區,住宅竊盜,4
2016,3,北區,搶奪,1
2016,3,北區,機車竊盜,8
2016,3,北區,毒品,36
2016,3,北區,汽車竊盜,2
2016,3,北屯區,住宅竊盜,1
2016,3,北屯區,機車竊盜,8
2016,3,北屯區,毒品,18
2016,3,北屯區,汽車竊盜,3
2016,3,南區,住宅竊盜,1
2016,3,南區,機車竊盜,1
2016,3,南區,毒品,2
2016,3,南屯區,機車竊盜,3
2016,3,南屯區,毒品,6
2016,3,南屯區,汽車竊盜,1
2016,3,后里區,機車竊盜,1
2016,3,后里區,毒品,5
2016,3,后里區,汽車竊盜,1
2016,3,和平區,毒品,1
2016,3,外埔區,毒品,1
2016,3,外埔區,汽車竊盜,1
2016,3,大甲區,機車竊盜,1
2016,3,大甲區,毒品,4
2016,3,大甲區,汽車竊盜,1
2016,3,大肚區,強制性交,1
2016,3,大肚區,搶奪,1
2016,3,大肚區,毒品,2
2016,3,大肚區,汽車竊盜,1
2016,3,大里區,住宅竊盜,1
2016,3,大里區,機車竊盜,4
2016,3,大里區,毒品,16
2016,3,大里區,汽車竊盜,1
2016,3,大雅區,機車竊盜,2
2016,3,大雅區,毒品,3
2016,3,太平區,住宅竊盜,1
2016,3,太平區,機車竊盜,1
2016,3,太平區,毒品,7
2016,3,太平區,汽車竊盜,2
2016,3,東區,住宅竊盜,3
2016,3,東區,機車竊盜,1
2016,3,東區,毒品,5
2016,3,東區,汽車竊盜,3
2016,3,梧棲區,毒品,2
2016,3,沙鹿區,強制性交,1
2016,3,沙鹿區,強盜,1
2016,3,沙鹿區,搶奪,1
2016,3,沙鹿區,機車竊盜,1
2016,3,沙鹿區,毒品,9
2016,3,沙鹿區,汽車竊盜,3
2016,3,清水區,毒品,2
2016,3,潭子區,住宅竊盜,2
2016,3,潭子區,毒品,4
2016,3,潭子區,汽車竊盜,1
2016,3,烏日區,住宅竊盜,2
2016,3,烏日區,機車竊盜,1
2016,3,烏日區,毒品,6
2016,3,神岡區,機車竊盜,1
2016,3,神岡區,毒品,3
2016,3,西區,搶奪,1
2016,3,西區,機車竊盜,3
2016,3,西區,毒品,7
2016,3,西區,汽車竊盜,1
2016,3,西屯區,機車竊盜,4
2016,3,西屯區,毒品,11
2016,3,西屯區,汽車竊盜,1
2016,3,豐原區,住宅竊盜,1
2016,3,豐原區,機車竊盜,1
2016,3,豐原區,毒品,9
2016,3,霧峰區,機車竊盜,2
2016,3,霧峰區,毒品,4
2016,3,霧峰區,汽車竊盜,1
2016,3,龍井區,強盜,1
2016,3,龍井區,毒品,2
2016,4,中區,機車竊盜,2
2016,4,中區,毒品,8
2016,4,北區,住宅竊盜,4
2016,4,北區,機車竊盜,8
2016,4,北區,毒品,37
2016,4,北區,汽車竊盜,1
2016,4,北屯區,住宅竊盜,1
2016,4,北屯區,機車竊盜,5
2016,4,北屯區,毒品,22
2016,4,北屯區,汽車竊盜,1
2016,4,南區,住宅竊盜,1
2016,4,南區,機車竊盜,3
2016,4,南區,毒品,8
2016,4,南區,汽車竊盜,1
2016,4,南屯區,住宅竊盜,2
2016,4,南屯區,機車竊盜,1
2016,4,南屯區,毒品,11
2016,4,南屯區,汽車竊盜,1
2016,4,后里區,強盜,1
2016,4,后里區,毒品,6
2016,4,后里區,汽車竊盜,1
2016,4,外埔區,毒品,5
2016,4,大安區,毒品,2
2016,4,大甲區,毒品,14
2016,4,大甲區,汽車竊盜,1
2016,4,大肚區,毒品,8
2016,4,大肚區,汽車竊盜,1
2016,4,大里區,機車竊盜,2
2016,4,大里區,毒品,32
2016,4,大雅區,毒品,12
2016,4,大雅區,汽車竊盜,1
2016,4,太平區,強盜,1
2016,4,太平區,毒品,10
2016,4,太平區,汽車竊盜,3
2016,4,新社區,住宅竊盜,1
2016,4,新社區,機車竊盜,1
2016,4,新社區,汽車竊盜,1
2016,4,東勢區,機車竊盜,1
2016,4,東勢區,毒品,5
2016,4,東區,強制性交,1
2016,4,東區,機車竊盜,3
2016,4,東區,毒品,11
2016,4,東區,汽車竊盜,4
2016,4,梧棲區,強制性交,1
2016,4,梧棲區,機車竊盜,3
2016,4,梧棲區,毒品,6
2016,4,梧棲區,汽車竊盜,1
2016,4,沙鹿區,強制性交,2
2016,4,沙鹿區,機車竊盜,5
2016,4,沙鹿區,毒品,9
2016,4,沙鹿區,汽車竊盜,1
2016,4,清水區,搶奪,1
2016,4,清水區,機車竊盜,1
2016,4,清水區,毒品,10
2016,4,清水區,汽車竊盜,1
2016,4,潭子區,住宅竊盜,2
2016,4,潭子區,毒品,28
2016,4,潭子區,汽車竊盜,1
2016,4,烏日區,機車竊盜,1
2016,4,烏日區,毒品,11
2016,4,神岡區,毒品,7
2016,4,神岡區,汽車竊盜,1
2016,4,西區,強制性交,1
2016,4,西區,強盜,1
2016,4,西區,機車竊盜,4
2016,4,西區,毒品,12
2016,4,西區,汽車竊盜,1
2016,4,西屯區,住宅竊盜,1
2016,4,西屯區,機車竊盜,5
2016,4,西屯區,毒品,34
2016,4,西屯區,汽車竊盜,1
2016,4,豐原區,住宅竊盜,1
2016,4,豐原區,毒品,24
2016,4,豐原區,汽車竊盜,5
2016,4,霧峰區,強制性交,1
2016,4,霧峰區,強盜,1
2016,4,霧峰區,毒品,7
2016,4,霧峰區,汽車竊盜,1
2016,4,龍井區,住宅竊盜,2
2016,4,龍井區,毒品,10
2016,5,中區,住宅竊盜,1
2016,5,中區,毒品,11
2016,5,中區,汽車竊盜,2
2016,5,北區,住宅竊盜,4
2016,5,北區,機車竊盜,5
2016,5,北區,毒品,35
2016,5,北區,汽車竊盜,1
2016,5,北屯區,住宅竊盜,2
2016,5,北屯區,機車竊盜,8
2016,5,北屯區,毒品,32
2016,5,北屯區,汽車竊盜,3
2016,5,南區,住宅竊盜,1
2016,5,南區,毒品,5
2016,5,南屯區,機車竊盜,1
2016,5,南屯區,毒品,8
2016,5,南屯區,汽車竊盜,2
2016,5,后里區,機車竊盜,2
2016,5,后里區,毒品,6
2016,5,后里區,汽車竊盜,1
2016,5,和平區,汽車竊盜,1
2016,5,外埔區,毒品,8
2016,5,大安區,機車竊盜,1
2016,5,大安區,毒品,2
2016,5,大甲區,毒品,15
2016,5,大甲區,汽車竊盜,1
2016,5,大肚區,強制性交,1
2016,5,大肚區,毒品,5
2016,5,大里區,機車竊盜,2
2016,5,大里區,毒品,11
2016,5,大里區,汽車竊盜,1
2016,5,大雅區,住宅竊盜,1
2016,5,大雅區,機車竊盜,1
2016,5,大雅區,毒品,17
2016,5,大雅區,汽車竊盜,1
2016,5,太平區,住宅竊盜,2
2016,5,太平區,強盜,1
2016,5,太平區,機車竊盜,4
2016,5,太平區,毒品,17
2016,5,太平區,汽車竊盜,1
2016,5,新社區,機車竊盜,1
2016,5,東勢區,住宅竊盜,1
2016,5,東勢區,機車竊盜,1
2016,5,東勢區,毒品,3
2016,5,東區,住宅竊盜,1
2016,5,東區,毒品,12
2016,5,梧棲區,強制性交,1
2016,5,梧棲區,機車竊盜,3
2016,5,梧棲區,毒品,6
2016,5,沙鹿區,機車竊盜,1
2016,5,沙鹿區,毒品,15
2016,5,沙鹿區,汽車竊盜,1
2016,5,清水區,毒品,10
2016,5,清水區,汽車竊盜,1
2016,5,潭子區,機車竊盜,3
2016,5,潭子區,毒品,25
2016,5,烏日區,毒品,4
2016,5,烏日區,汽車竊盜,1
2016,5,神岡區,毒品,5
2016,5,西區,強盜,1
2016,5,西區,機車竊盜,3
2016,5,西區,毒品,12
2016,5,西屯區,強制性交,1
2016,5,西屯區,強盜,1
2016,5,西屯區,機車竊盜,2
2016,5,西屯區,毒品,37
2016,5,西屯區,汽車竊盜,1
2016,5,豐原區,住宅竊盜,1
2016,5,豐原區,機車竊盜,3
2016,5,豐原區,毒品,29
2016,5,豐原區,汽車竊盜,1
2016,5,霧峰區,毒品,6
2016,5,霧峰區,汽車竊盜,1
2016,5,龍井區,機車竊盜,2
2016,5,龍井區,毒品,8
2016,6,中區,機車竊盜,3
2016,6,中區,毒品,9
2016,6,北區,住宅竊盜,2
2016,6,北區,機車竊盜,2
2016,6,北區,毒品,31
2016,6,北屯區,機車竊盜,7
2016,6,北屯區,毒品,16
2016,6,南區,住宅竊盜,1
2016,6,南區,機車竊盜,4
2016,6,南區,毒品,1
2016,6,南屯區,搶奪,1
2016,6,南屯區,機車竊盜,3
2016,6,南屯區,毒品,2
2016,6,后里區,毒品,5
2016,6,外埔區,毒品,1
2016,6,大安區,搶奪,1
2016,6,大安區,毒品,3
2016,6,大甲區,毒品,5
2016,6,大肚區,毒品,2
2016,6,大里區,機車竊盜,6
2016,6,大里區,毒品,14
2016,6,大里區,汽車竊盜,1
2016,6,大雅區,機車竊盜,6
2016,6,大雅區,毒品,3
2016,6,大雅區,汽車竊盜,2
2016,6,太平區,搶奪,1
2016,6,太平區,機車竊盜,2
2016,6,太平區,毒品,3
2016,6,太平區,汽車竊盜,2
2016,6,東勢區,機車竊盜,3
2016,6,東勢區,毒品,1
2016,6,東區,住宅竊盜,1
2016,6,東區,機車竊盜,3
2016,6,東區,毒品,4
2016,6,東區,汽車竊盜,1
2016,6,梧棲區,毒品,4
2016,6,梧棲區,汽車竊盜,1
2016,6,沙鹿區,住宅竊盜,1
2016,6,沙鹿區,機車竊盜,2
2016,6,沙鹿區,毒品,6
2016,6,清水區,機車竊盜,1
2016,6,清水區,毒品,8
2016,6,潭子區,機車竊盜,3
2016,6,潭子區,毒品,12
2016,6,潭子區,汽車竊盜,1
2016,6,烏日區,機車竊盜,1
2016,6,烏日區,毒品,7
2016,6,神岡區,毒品,1
2016,6,西區,強盜,1
2016,6,西區,機車竊盜,6
2016,6,西區,毒品,1
2016,6,西區,汽車竊盜,1
2016,6,西屯區,住宅竊盜,2
2016,6,西屯區,機車竊盜,5
2016,6,西屯區,毒品,15
2016,6,西屯區,汽車竊盜,1
2016,6,豐原區,住宅竊盜,1
2016,6,豐原區,機車竊盜,1
2016,6,豐原區,毒品,12
2016,6,豐原區,汽車竊盜,2
2016,6,霧峰區,機車竊盜,3
2016,6,霧峰區,毒品,1
2016,6,龍井區,機車竊盜,2
2016,6,龍井區,毒品,6
2016,6,龍井區,汽車竊盜,1
2016,7,中區,機車竊盜,7
2016,7,中區,毒品,22
2016,7,北區,住宅竊盜,3
2016,7,北區,強盜,1
2016,7,北區,機車竊盜,4
2016,7,北區,毒品,45
2016,7,北屯區,住宅竊盜,1
2016,7,北屯區,機車竊盜,6
2016,7,北屯區,毒品,50
2016,7,北屯區,汽車竊盜,1
2016,7,南區,住宅竊盜,2
2016,7,南區,強制性交,1
2016,7,南區,機車竊盜,5
2016,7,南區,毒品,9
2016,7,南屯區,機車竊盜,1
2016,7,南屯區,毒品,13
2016,7,南屯區,汽車竊盜,1
2016,7,后里區,毒品,7
2016,7,后里區,汽車竊盜,1
2016,7,和平區,毒品,2
2016,7,外埔區,毒品,5
2016,7,大安區,毒品,7
2016,7,大甲區,機車竊盜,1
2016,7,大甲區,毒品,26
2016,7,大甲區,汽車竊盜,2
2016,7,大肚區,機車竊盜,4
2016,7,大肚區,毒品,7
2016,7,大里區,強制性交,1
2016,7,大里區,搶奪,1
2016,7,大里區,機車竊盜,7
2016,7,大里區,毒品,34
2016,7,大雅區,毒品,11
2016,7,大雅區,汽車竊盜,1
2016,7,太平區,住宅竊盜,1
2016,7,太平區,機車竊盜,3
2016,7,太平區,毒品,41
2016,7,太平區,汽車竊盜,1
2016,7,新社區,毒品,1
2016,7,新社區,汽車竊盜,1
2016,7,東勢區,機車竊盜,1
2016,7,東勢區,毒品,3
2016,7,東勢區,汽車竊盜,1
2016,7,東區,住宅竊盜,2
2016,7,東區,機車竊盜,2
2016,7,東區,毒品,16
2016,7,東區,汽車竊盜,1
2016,7,梧棲區,毒品,5
2016,7,梧棲區,汽車竊盜,2
2016,7,沙鹿區,住宅竊盜,1
2016,7,沙鹿區,搶奪,1
2016,7,沙鹿區,機車竊盜,4
2016,7,沙鹿區,毒品,29
2016,7,清水區,機車竊盜,1
2016,7,清水區,毒品,11
2016,7,清水區,汽車竊盜,1
2016,7,潭子區,住宅竊盜,1
2016,7,潭子區,毒品,24
2016,7,潭子區,汽車竊盜,1
2016,7,烏日區,住宅竊盜,1
2016,7,烏日區,毒品,12
2016,7,石岡區,毒品,3
2016,7,神岡區,住宅竊盜,1
2016,7,神岡區,機車竊盜,1
2016,7,神岡區,毒品,4
2016,7,西區,住宅竊盜,1
2016,7,西區,機車竊盜,1
2016,7,西區,毒品,8
2016,7,西屯區,住宅竊盜,1
2016,7,西屯區,機車竊盜,8
2016,7,西屯區,毒品,48
2016,7,西屯區,汽車竊盜,3
2016,7,豐原區,住宅竊盜,2
2016,7,豐原區,機車竊盜,2
2016,7,豐原區,毒品,37
2016,7,霧峰區,機車竊盜,2
2016,7,霧峰區,毒品,10
2016,7,霧峰區,汽車竊盜,1
2016,7,龍井區,住宅竊盜,2
2016,7,龍井區,機車竊盜,2
2016,7,龍井區,毒品,24
2016,7,龍井區,汽車竊盜,1
2016,8,中區,機車竊盜,5
2016,8,中區,毒品,7
2016,8,北區,強盜,1
2016,8,北區,機車竊盜,2
2016,8,北區,毒品,33
2016,8,北屯區,住宅竊盜,1
2016,8,北屯區,機車竊盜,4
2016,8,北屯區,毒品,23
2016,8,北屯區,汽車竊盜,3
2016,8,南區,住宅竊盜,3
2016,8,南區,強盜,1
2016,8,南區,毒品,7
2016,8,南區,汽車竊盜,1
2016,8,南屯區,強盜,1
2016,8,南屯區,機車竊盜,4
2016,8,南屯區,毒品,11
2016,8,南屯區,汽車竊盜,2
2016,8,后里區,強盜,1
2016,8,后里區,毒品,4
2016,8,和平區,機車竊盜,1
2016,8,外埔區,毒品,3
2016,8,大安區,毒品,5
2016,8,大甲區,毒品,7
2016,8,大甲區,汽車竊盜,2
2016,8,大肚區,機車竊盜,1
2016,8,大肚區,汽車竊盜,1
2016,8,大里區,住宅竊盜,1
2016,8,大里區,搶奪,1
2016,8,大里區,機車竊盜,5
2016,8,大里區,毒品,20
2016,8,大雅區,機車竊盜,1
2016,8,大雅區,毒品,4
2016,8,大雅區,汽車竊盜,2
2016,8,太平區,機車竊盜,1
2016,8,太平區,毒品,15
2016,8,太平區,汽車竊盜,1
2016,8,新社區,住宅竊盜,1
2016,8,新社區,機車竊盜,2
2016,8,新社區,毒品,1
2016,8,東勢區,強制性交,1
2016,8,東勢區,汽車竊盜,1
2016,8,東區,住宅竊盜,1
2016,8,東區,強制性交,1
2016,8,東區,機車竊盜,4
2016,8,東區,毒品,13
2016,8,梧棲區,毒品,4
2016,8,沙鹿區,機車竊盜,4
2016,8,沙鹿區,毒品,11
2016,8,沙鹿區,汽車竊盜,1
2016,8,清水區,機車竊盜,1
2016,8,清水區,毒品,5
2016,8,潭子區,機車竊盜,1
2016,8,潭子區,毒品,8
2016,8,潭子區,汽車竊盜,1
2016,8,烏日區,機車竊盜,1
2016,8,烏日區,毒品,7
2016,8,烏日區,汽車竊盜,2
2016,8,神岡區,毒品,2
2016,8,神岡區,汽車竊盜,1
2016,8,西區,住宅竊盜,1
2016,8,西區,機車竊盜,5
2016,8,西區,毒品,10
2016,8,西區,汽車竊盜,1
2016,8,西屯區,住宅竊盜,2
2016,8,西屯區,機車竊盜,5
2016,8,西屯區,毒品,22
2016,8,西屯區,汽車竊盜,2
2016,8,豐原區,機車竊盜,2
2016,8,豐原區,毒品,13
2016,8,豐原區,汽車竊盜,2
2016,8,霧峰區,住宅竊盜,1
2016,8,霧峰區,毒品,2
2016,8,霧峰區,汽車竊盜,3
2016,8,龍井區,搶奪,1
2016,8,龍井區,毒品,4
2016,8,龍井區,汽車竊盜,1
2016,9,中區,機車竊盜,1
2016,9,中區,毒品,11
2016,9,北區,機車竊盜,5
2016,9,北區,毒品,17
2016,9,北屯區,住宅竊盜,1
2016,9,北屯區,強盜,1
2016,9,北屯區,機車竊盜,3
2016,9,北屯區,毒品,13
2016,9,南區,住宅竊盜,1
2016,9,南區,強制性交,1
2016,9,南區,機車竊盜,3
2016,9,南區,毒品,2
2016,9,南屯區,機車竊盜,1
2016,9,南屯區,毒品,7
2016,9,后里區,毒品,3
2016,9,大甲區,毒品,6
2016,9,大肚區,機車竊盜,2
2016,9,大肚區,毒品,1
2016,9,大里區,機車竊盜,4
2016,9,大里區,毒品,8
2016,9,大雅區,機車竊盜,1
2016,9,大雅區,毒品,6
2016,9,太平區,搶奪,1
2016,9,太平區,機車竊盜,2
2016,9,太平區,毒品,7
2016,9,太平區,汽車竊盜,1
2016,9,新社區,機車竊盜,1
2016,9,東勢區,機車竊盜,1
2016,9,東勢區,毒品,2
2016,9,東區,強制性交,1
2016,9,東區,機車竊盜,3
2016,9,東區,毒品,5
2016,9,東區,汽車竊盜,1
2016,9,梧棲區,機車竊盜,1
2016,9,梧棲區,毒品,1
2016,9,沙鹿區,機車竊盜,2
2016,9,沙鹿區,毒品,7
2016,9,沙鹿區,汽車竊盜,2
2016,9,清水區,機車竊盜,2
2016,9,清水區,毒品,3
2016,9,清水區,汽車竊盜,1
2016,9,潭子區,機車竊盜,2
2016,9,潭子區,毒品,6
2016,9,烏日區,機車竊盜,2
2016,9,烏日區,毒品,4
2016,9,神岡區,毒品,3
2016,9,神岡區,汽車竊盜,1
2016,9,西區,機車竊盜,3
2016,9,西區,毒品,5
2016,9,西屯區,住宅竊盜,1
2016,9,西屯區,機車竊盜,2
2016,9,西屯區,毒品,9
2016,9,西屯區,汽車竊盜,3
2016,9,豐原區,住宅竊盜,1
2016,9,豐原區,機車竊盜,5
2016,9,豐原區,毒品,9
2016,9,豐原區,汽車竊盜,1
2016,9,霧峰區,機車竊盜,1
2016,9,霧峰區,毒品,2
2016,9,霧峰區,汽車竊盜,2
2016,9,龍井區,毒品,2
2016,10,中區,搶奪,2
2016,10,中區,機車竊盜,3
2016,10,中區,毒品,15
2016,10,北區,住宅竊盜,1
2016,10,北區,機車竊盜,3
2016,10,北區,毒品,45
2016,10,北區,汽車竊盜,2
2016,10,北屯區,住宅竊盜,2
2016,10,北屯區,機車竊盜,2
2016,10,北屯區,毒品,32
2016,10,北屯區,汽車竊盜,5
2016,10,南區,住宅竊盜,2
2016,10,南區,機車竊盜,2
2016,10,南區,毒品,5
2016,10,南區,汽車竊盜,1
2016,10,南屯區,住宅竊盜,1
2016,10,南屯區,機車竊盜,1
2016,10,南屯區,毒品,11
2016,10,南屯區,汽車竊盜,3
2016,10,后里區,機車竊盜,1
2016,10,后里區,毒品,4
2016,10,外埔區,毒品,6
2016,10,大安區,毒品,7
2016,10,大甲區,機車竊盜,1
2016,10,大甲區,毒品,12
2016,10,大肚區,機車竊盜,1
2016,10,大肚區,毒品,4
2016,10,大里區,強制性交,1
2016,10,大里區,搶奪,2
2016,10,大里區,機車竊盜,3
2016,10,大里區,毒品,27
2016,10,大里區,汽車竊盜,1
2016,10,大雅區,住宅竊盜,1
2016,10,大雅區,機車竊盜,2
2016,10,大雅區,毒品,8
2016,10,大雅區,汽車竊盜,1
2016,10,太平區,機車竊盜,8
2016,10,太平區,毒品,25
2016,10,新社區,毒品,3
2016,10,東勢區,毒品,13
2016,10,東區,住宅竊盜,2
2016,10,東區,強制性交,1
2016,10,東區,機車竊盜,2
2016,10,東區,毒品,12
2016,10,梧棲區,住宅竊盜,1
2016,10,梧棲區,毒品,11
2016,10,梧棲區,汽車竊盜,1
2016,10,沙鹿區,機車竊盜,1
2016,10,沙鹿區,毒品,18
2016,10,沙鹿區,汽車竊盜,2
2016,10,清水區,機車竊盜,3
2016,10,清水區,毒品,18
2016,10,清水區,汽車竊盜,1
2016,10,潭子區,住宅竊盜,2
2016,10,潭子區,機車竊盜,2
2016,10,潭子區,毒品,15
2016,10,潭子區,汽車竊盜,1
2016,10,烏日區,機車竊盜,2
2016,10,烏日區,毒品,8
2016,10,石岡區,毒品,1
2016,10,神岡區,毒品,9
2016,10,西區,住宅竊盜,1
2016,10,西區,機車竊盜,4
2016,10,西區,毒品,14
2016,10,西區,汽車竊盜,1
2016,10,西屯區,住宅竊盜,4
2016,10,西屯區,機車竊盜,6
2016,10,西屯區,毒品,33
2016,10,西屯區,汽車竊盜,2
2016,10,豐原區,機車竊盜,4
2016,10,豐原區,毒品,17
2016,10,豐原區,汽車竊盜,3
2016,10,霧峰區,機車竊盜,1
2016,10,霧峰區,毒品,5
2016,10,霧峰區,汽車竊盜,1
2016,10,龍井區,機車竊盜,1
2016,10,龍井區,毒品,9
2016,11,中區,機車竊盜,3
2016,11,中區,毒品,16
2016,11,中區,汽車竊盜,1
2016,11,北區,住宅竊盜,2
2016,11,北區,機車竊盜,1
2016,11,北區,毒品,37
2016,11,北屯區,住宅竊盜,3
2016,11,北屯區,機車竊盜,5
2016,11,北屯區,毒品,27
2016,11,北屯區,汽車竊盜,1
2016,11,南區,住宅竊盜,1
2016,11,南區,機車竊盜,2
2016,11,南區,毒品,10
2016,11,南區,汽車竊盜,1
2016,11,南屯區,機車竊盜,1
2016,11,南屯區,毒品,10
2016,11,南屯區,汽車竊盜,2
2016,11,后里區,住宅竊盜,1
2016,11,后里區,毒品,8
2016,11,外埔區,毒品,3
2016,11,大安區,毒品,2
2016,11,大甲區,強制性交,1
2016,11,大甲區,機車竊盜,2
2016,11,大甲區,毒品,7
2016,11,大甲區,汽車竊盜,1
2016,11,大肚區,毒品,7
2016,11,大里區,機車竊盜,2
2016,11,大里區,毒品,15
2016,11,大里區,汽車竊盜,1
2016,11,大雅區,住宅竊盜,2
2016,11,大雅區,毒品,10
2016,11,太平區,機車竊盜,2
2016,11,太平區,毒品,20
2016,11,新社區,機車竊盜,1
2016,11,新社區,毒品,2
2016,11,東勢區,機車竊盜,1
2016,11,東勢區,毒品,2
2016,11,東區,強制性交,1
2016,11,東區,機車竊盜,1
2016,11,東區,毒品,17
2016,11,東區,汽車竊盜,4
2016,11,梧棲區,毒品,6
2016,11,梧棲區,汽車竊盜,1
2016,11,沙鹿區,機車竊盜,2
2016,11,沙鹿區,毒品,9
2016,11,清水區,毒品,14
2016,11,清水區,汽車竊盜,2
2016,11,潭子區,機車竊盜,1
2016,11,潭子區,毒品,14
2016,11,潭子區,汽車竊盜,1
2016,11,烏日區,機車竊盜,4
2016,11,烏日區,毒品,6
2016,11,石岡區,機車竊盜,2
2016,11,石岡區,汽車竊盜,1
2016,11,神岡區,住宅竊盜,1
2016,11,神岡區,毒品,3
2016,11,西區,住宅竊盜,1
2016,11,西區,機車竊盜,5
2016,11,西區,毒品,8
2016,11,西區,汽車竊盜,1
2016,11,西屯區,住宅竊盜,3
2016,11,西屯區,機車竊盜,5
2016,11,西屯區,毒品,26
2016,11,西屯區,汽車竊盜,4
2016,11,豐原區,機車竊盜,5
2016,11,豐原區,毒品,10
2016,11,霧峰區,搶奪,1
2016,11,霧峰區,毒品,6
2016,11,霧峰區,汽車竊盜,1
2016,11,龍井區,機車竊盜,1
2016,11,龍井區,毒品,3
2016,12,中區,毒品,8
2016,12,北區,住宅竊盜,2
2016,12,北區,強盜,1
2016,12,北區,機車竊盜,3
2016,12,北區,毒品,15
2016,12,北區,汽車竊盜,1
2016,12,北屯區,住宅竊盜,1
2016,12,北屯區,強制性交,1
2016,12,北屯區,機車竊盜,5
2016,12,北屯區,毒品,18
2016,12,北屯區,汽車竊盜,1
2016,12,南區,機車竊盜,2
2016,12,南區,毒品,2
2016,12,南屯區,毒品,7
2016,12,南屯區,汽車竊盜,1
2016,12,后里區,毒品,1
2016,12,后里區,汽車竊盜,1
2016,12,大安區,毒品,1
2016,12,大甲區,毒品,4
2016,12,大肚區,毒品,2
2016,12,大里區,機車竊盜,2
2016,12,大里區,毒品,9
2016,12,大雅區,機車竊盜,3
2016,12,大雅區,毒品,5
2016,12,大雅區,汽車竊盜,1
2016,12,太平區,住宅竊盜,1
2016,12,太平區,機車竊盜,5
2016,12,太平區,毒品,4
2016,12,太平區,汽車竊盜,1
2016,12,新社區,毒品,4
2016,12,東勢區,毒品,5
2016,12,東勢區,汽車竊盜,1
2016,12,東區,住宅竊盜,1
2016,12,東區,強制性交,1
2016,12,東區,機車竊盜,2
2016,12,東區,毒品,9
2016,12,東區,汽車竊盜,1
2016,12,梧棲區,機車竊盜,1
2016,12,梧棲區,毒品,2
2016,12,沙鹿區,毒品,2
2016,12,沙鹿區,汽車竊盜,1
2016,12,清水區,毒品,2
2016,12,清水區,汽車竊盜,1
2016,12,潭子區,機車竊盜,1
2016,12,潭子區,毒品,5
2016,12,烏日區,機車竊盜,1
2016,12,烏日區,毒品,4
2016,12,烏日區,汽車竊盜,1
2016,12,神岡區,毒品,1
2016,12,西區,機車竊盜,5
2016,12,西區,毒品,2
2016,12,西屯區,住宅竊盜,1
2016,12,西屯區,強制性交,1
2016,12,西屯區,強盜,1
2016,12,西屯區,機車竊盜,1
2016,12,西屯區,毒品,14
2016,12,西屯區,汽車竊盜,3
2016,12,豐原區,機車竊盜,2
2016,12,豐原區,毒品,7
2016,12,霧峰區,毒品,2
2016,12,龍井區,毒品,2
2017,1,中區,機車竊盜,2
2017,1,中區,毒品,9
2017,1,中區,汽車竊盜,1
2017,1,北區,住宅竊盜,2
2017,1,北區,搶奪,1
2017,1,北區,機車竊盜,6
2017,1,北區,毒品,52
2017,1,北屯區,住宅竊盜,3
2017,1,北屯區,機車竊盜,3
2017,1,北屯區,毒品,26
2017,1,北屯區,汽車竊盜,1
2017,1,南區,機車竊盜,3
2017,1,南區,毒品,6
2017,1,南區,汽車竊盜,1
2017,1,南屯區,機車竊盜,1
2017,1,南屯區,毒品,5
2017,1,南屯區,汽車竊盜,1
2017,1,后里區,機車竊盜,1
2017,1,后里區,毒品,6
2017,1,外埔區,毒品,11
2017,1,大安區,毒品,8
2017,1,大甲區,機車竊盜,1
2017,1,大甲區,毒品,17
2017,1,大里區,機車竊盜,4
2017,1,大里區,毒品,22
2017,1,大雅區,住宅竊盜,1
2017,1,大雅區,機車竊盜,1
2017,1,大雅區,毒品,9
2017,1,太平區,機車竊盜,3
2017,1,太平區,毒品,15
2017,1,太平區,汽車竊盜,2
2017,1,新社區,毒品,2
2017,1,東勢區,強制性交,1
2017,1,東勢區,毒品,4
2017,1,東區,住宅竊盜,1
2017,1,東區,強制性交,1
2017,1,東區,機車竊盜,1
2017,1,東區,毒品,14
2017,1,沙鹿區,機車竊盜,1
2017,1,沙鹿區,毒品,7
2017,1,清水區,機車竊盜,3
2017,1,清水區,毒品,21
2017,1,潭子區,住宅竊盜,1
2017,1,潭子區,機車竊盜,1
2017,1,潭子區,毒品,13
2017,1,烏日區,強制性交,1
2017,1,烏日區,毒品,18
2017,1,烏日區,汽車竊盜,1
2017,1,石岡區,強盜,1
2017,1,石岡區,毒品,2
2017,1,神岡區,住宅竊盜,1
2017,1,神岡區,毒品,4
2017,1,西區,機車竊盜,1
2017,1,西區,毒品,9
2017,1,西屯區,住宅竊盜,1
2017,1,西屯區,機車竊盜,5
2017,1,西屯區,毒品,12
2017,1,豐原區,住宅竊盜,2
2017,1,豐原區,機車竊盜,2
2017,1,豐原區,毒品,24
2017,1,豐原區,汽車竊盜,2
2017,1,霧峰區,毒品,9
2017,1,龍井區,住宅竊盜,1
2017,1,龍井區,毒品,6
2017,1,龍井區,汽車竊盜,1
2017,2,中區,機車竊盜,1
2017,2,中區,毒品,9
2017,2,北區,住宅竊盜,1
2017,2,北區,機車竊盜,3
2017,2,北區,毒品,25
2017,2,北屯區,住宅竊盜,1
2017,2,北屯區,強盜,1
2017,2,北屯區,毒品,29
2017,2,北屯區,汽車竊盜,1
2017,2,南區,住宅竊盜,1
2017,2,南區,機車竊盜,4
2017,2,南區,毒品,4
2017,2,南區,汽車竊盜,1
2017,2,南屯區,機車竊盜,1
2017,2,南屯區,毒品,9
2017,2,南屯區,汽車竊盜,1
2017,2,后里區,機車竊盜,1
2017,2,后里區,毒品,2
2017,2,和平區,毒品,1
2017,2,外埔區,毒品,2
2017,2,大安區,毒品,1
2017,2,大甲區,機車竊盜,2
2017,2,大甲區,毒品,5
2017,2,大肚區,機車竊盜,3
2017,2,大肚區,毒品,4
2017,2,大肚區,汽車竊盜,1
2017,2,大里區,毒品,32
2017,2,大雅區,住宅竊盜,1
2017,2,大雅區,機車竊盜,1
2017,2,大雅區,毒品,8
2017,2,太平區,機車竊盜,1
2017,2,太平區,毒品,15
2017,2,太平區,汽車竊盜,1
2017,2,新社區,毒品,3
2017,2,東勢區,機車竊盜,2
2017,2,東區,住宅竊盜,1
2017,2,東區,機車竊盜,1
2017,2,東區,毒品,12
2017,2,梧棲區,機車竊盜,1
2017,2,梧棲區,毒品,6
2017,2,梧棲區,汽車竊盜,1
2017,2,沙鹿區,機車竊盜,2
2017,2,沙鹿區,毒品,10
2017,2,沙鹿區,汽車竊盜,2
2017,2,清水區,機車竊盜,1
2017,2,清水區,毒品,6
2017,2,清水區,汽車竊盜,2
2017,2,潭子區,機車竊盜,2
2017,2,潭子區,毒品,9
2017,2,烏日區,住宅竊盜,1
2017,2,烏日區,毒品,9
2017,2,神岡區,住宅竊盜,1
2017,2,神岡區,毒品,1
2017,2,西區,住宅竊盜,1
2017,2,西區,搶奪,1
2017,2,西區,機車竊盜,2
2017,2,西區,毒品,9
2017,2,西屯區,住宅竊盜,2
2017,2,西屯區,強制性交,1
2017,2,西屯區,機車竊盜,4
2017,2,西屯區,毒品,19
2017,2,豐原區,機車竊盜,4
2017,2,豐原區,毒品,20
2017,2,豐原區,汽車竊盜,1
2017,2,霧峰區,機車竊盜,2
2017,2,霧峰區,毒品,8
2017,2,龍井區,毒品,9
2017,3,中區,機車竊盜,2
2017,3,中區,毒品,10
2017,3,北區,搶奪,1
2017,3,北區,機車竊盜,2
2017,3,北區,毒品,35
2017,3,北區,汽車竊盜,1
2017,3,北屯區,住宅竊盜,2
2017,3,北屯區,機車竊盜,2
2017,3,北屯區,毒品,28
2017,3,北屯區,汽車竊盜,4
2017,3,南區,住宅竊盜,2
2017,3,南區,機車竊盜,1
2017,3,南區,毒品,5
2017,3,南區,汽車竊盜,1
2017,3,南屯區,機車竊盜,2
2017,3,南屯區,毒品,5
2017,3,后里區,毒品,7
2017,3,外埔區,毒品,4
2017,3,大安區,毒品,2
2017,3,大甲區,機車竊盜,2
2017,3,大甲區,毒品,6
2017,3,大甲區,汽車竊盜,1
2017,3,大肚區,機車竊盜,1
2017,3,大肚區,毒品,3
2017,3,大肚區,汽車竊盜,2
2017,3,大里區,機車竊盜,2
2017,3,大里區,毒品,17
2017,3,大里區,汽車竊盜,1
2017,3,大雅區,住宅竊盜,2
2017,3,大雅區,毒品,8
2017,3,大雅區,汽車竊盜,1
2017,3,太平區,機車竊盜,1
2017,3,太平區,毒品,14
2017,3,東勢區,毒品,1
2017,3,東區,機車竊盜,3
2017,3,東區,毒品,4
2017,3,梧棲區,機車竊盜,1
2017,3,梧棲區,毒品,1
2017,3,梧棲區,汽車竊盜,2
2017,3,沙鹿區,機車竊盜,2
2017,3,沙鹿區,毒品,9
2017,3,清水區,機車竊盜,2
2017,3,清水區,毒品,4
2017,3,潭子區,機車竊盜,1
2017,3,潭子區,毒品,8
2017,3,烏日區,機車竊盜,1
2017,3,烏日區,毒品,10
2017,3,神岡區,毒品,2
2017,3,神岡區,汽車竊盜,1
2017,3,西區,毒品,9
2017,3,西屯區,強制性交,2
2017,3,西屯區,機車竊盜,3
2017,3,西屯區,毒品,23
2017,3,西屯區,汽車竊盜,1
2017,3,豐原區,毒品,15
2017,3,豐原區,汽車竊盜,2
2017,3,霧峰區,毒品,9
2017,3,龍井區,毒品,8
2017,4,中區,機車竊盜,4
2017,4,中區,毒品,7
2017,4,北區,住宅竊盜,1
2017,4,北區,機車竊盜,3
2017,4,北區,毒品,40
2017,4,北區,汽車竊盜,1
2017,4,北屯區,住宅竊盜,2
2017,4,北屯區,機車竊盜,5
2017,4,北屯區,毒品,25
2017,4,北屯區,汽車竊盜,2
2017,4,南區,機車竊盜,2
2017,4,南區,毒品,5
2017,4,南區,汽車竊盜,2
2017,4,南屯區,住宅竊盜,1
2017,4,南屯區,強盜,1
2017,4,南屯區,機車竊盜,3
2017,4,南屯區,毒品,11
2017,4,后里區,毒品,3
2017,4,和平區,毒品,2
2017,4,外埔區,毒品,4
2017,4,大安區,毒品,3
2017,4,大甲區,毒品,12
2017,4,大甲區,汽車竊盜,1
2017,4,大肚區,毒品,3
2017,4,大里區,強制性交,1
2017,4,大里區,機車竊盜,1
2017,4,大里區,毒品,30
2017,4,大里區,汽車竊盜,1
2017,4,大雅區,毒品,10
2017,4,太平區,機車竊盜,2
2017,4,太平區,毒品,16
2017,4,新社區,毒品,1
2017,4,東勢區,毒品,16
2017,4,東區,搶奪,2
2017,4,東區,機車竊盜,8
2017,4,東區,毒品,15
2017,4,梧棲區,機車竊盜,1
2017,4,梧棲區,毒品,7
2017,4,沙鹿區,強盜,1
2017,4,沙鹿區,機車竊盜,1
2017,4,沙鹿區,毒品,18
2017,4,清水區,住宅竊盜,1
2017,4,清水區,機車竊盜,1
2017,4,清水區,毒品,11
2017,4,潭子區,機車竊盜,2
2017,4,潭子區,毒品,16
2017,4,烏日區,機車竊盜,1
2017,4,烏日區,毒品,8
2017,4,烏日區,汽車竊盜,1
2017,4,石岡區,毒品,1
2017,4,神岡區,毒品,7
2017,4,西區,機車竊盜,2
2017,4,西區,毒品,5
2017,4,西屯區,住宅竊盜,2
2017,4,西屯區,強制性交,1
2017,4,西屯區,機車竊盜,5
2017,4,西屯區,毒品,32
2017,4,西屯區,汽車竊盜,1
2017,4,豐原區,毒品,21
2017,4,豐原區,汽車竊盜,2
2017,4,霧峰區,住宅竊盜,1
2017,4,霧峰區,機車竊盜,2
2017,4,霧峰區,毒品,15
2017,4,龍井區,毒品,5
2017,5,中區,住宅竊盜,1
2017,5,中區,機車竊盜,1
2017,5,中區,毒品,16
2017,5,北區,住宅竊盜,2
2017,5,北區,強盜,1
2017,5,北區,機車竊盜,2
2017,5,北區,毒品,56
2017,5,北屯區,住宅竊盜,2
2017,5,北屯區,機車竊盜,4
2017,5,北屯區,毒品,24
2017,5,北屯區,汽車竊盜,2
2017,5,南區,住宅竊盜,1
2017,5,南區,機車竊盜,2
2017,5,南區,毒品,8
2017,5,南區,汽車竊盜,2
2017,5,南屯區,機車竊盜,1
2017,5,南屯區,毒品,8
2017,5,后里區,機車竊盜,1
2017,5,后里區,毒品,4
2017,5,和平區,毒品,1
2017,5,外埔區,毒品,2
2017,5,大安區,毒品,3
2017,5,大甲區,住宅竊盜,1
2017,5,大甲區,機車竊盜,2
2017,5,大甲區,毒品,11
2017,5,大肚區,機車竊盜,1
2017,5,大肚區,毒品,7
2017,5,大肚區,汽車竊盜,1
2017,5,大里區,機車竊盜,2
2017,5,大里區,毒品,20
2017,5,大雅區,住宅竊盜,1
2017,5,大雅區,機車竊盜,3
2017,5,大雅區,毒品,6
2017,5,大雅區,汽車竊盜,1
2017,5,太平區,住宅竊盜,2
2017,5,太平區,毒品,23
2017,5,太平區,汽車竊盜,1
2017,5,新社區,毒品,4
2017,5,東勢區,住宅竊盜,1
2017,5,東勢區,機車竊盜,1
2017,5,東勢區,毒品,4
2017,5,東區,機車竊盜,4
2017,5,東區,毒品,10
2017,5,東區,汽車竊盜,2
2017,5,梧棲區,強盜,1
2017,5,梧棲區,毒品,1
2017,5,沙鹿區,強制性交,1
2017,5,沙鹿區,毒品,10
2017,5,清水區,機車竊盜,1
2017,5,清水區,毒品,8
2017,5,潭子區,住宅竊盜,1
2017,5,潭子區,毒品,10
2017,5,烏日區,毒品,9
2017,5,神岡區,住宅竊盜,4
2017,5,神岡區,毒品,7
2017,5,西區,住宅竊盜,1
2017,5,西區,強制性交,1
2017,5,西區,搶奪,1
2017,5,西區,機車竊盜,5
2017,5,西區,毒品,11
2017,5,西屯區,住宅竊盜,1
2017,5,西屯區,強盜,1
2017,5,西屯區,機車竊盜,3
2017,5,西屯區,毒品,33
2017,5,豐原區,機車竊盜,2
2017,5,豐原區,毒品,17
2017,5,豐原區,汽車竊盜,2
2017,5,霧峰區,機車竊盜,1
2017,5,霧峰區,毒品,5
2017,5,霧峰區,汽車竊盜,1
2017,5,龍井區,強制性交,1
2017,5,龍井區,機車竊盜,1
2017,5,龍井區,毒品,4
2017,6,中區,搶奪,1
2017,6,中區,機車竊盜,2
2017,6,中區,毒品,5
2017,6,北區,住宅竊盜,2
2017,6,北區,機車竊盜,3
2017,6,北區,毒品,27
2017,6,北區,汽車竊盜,2
2017,6,北屯區,住宅竊盜,1
2017,6,北屯區,機車竊盜,3
2017,6,北屯區,毒品,21
2017,6,北屯區,汽車竊盜,3
2017,6,南區,毒品,3
2017,6,南屯區,強制性交,1
2017,6,南屯區,機車竊盜,1
2017,6,南屯區,毒品,2
2017,6,后里區,毒品,2
2017,6,和平區,機車竊盜,1
2017,6,大安區,毒品,1
2017,6,大甲區,毒品,4
2017,6,大里區,機車竊盜,3
2017,6,大里區,毒品,7
2017,6,大里區,汽車竊盜,3
2017,6,大雅區,機車竊盜,2
2017,6,大雅區,毒品,7
2017,6,大雅區,汽車竊盜,1
2017,6,太平區,機車竊盜,2
2017,6,太平區,毒品,4
2017,6,東勢區,機車竊盜,2
2017,6,東區,搶奪,1
2017,6,東區,機車竊盜,2
2017,6,東區,毒品,7
2017,6,東區,汽車竊盜,2
2017,6,梧棲區,毒品,1
2017,6,梧棲區,汽車竊盜,1
2017,6,沙鹿區,強盜,2
2017,6,沙鹿區,機車竊盜,1
2017,6,沙鹿區,毒品,5
2017,6,沙鹿區,汽車竊盜,1
2017,6,清水區,強盜,1
2017,6,清水區,機車竊盜,4
2017,6,清水區,毒品,4
2017,6,潭子區,毒品,10
2017,6,烏日區,毒品,3
2017,6,烏日區,汽車竊盜,1
2017,6,神岡區,毒品,3
2017,6,西區,毒品,8
2017,6,西屯區,住宅竊盜,1
2017,6,西屯區,機車竊盜,4
2017,6,西屯區,毒品,11
2017,6,西屯區,汽車竊盜,3
2017,6,豐原區,毒品,16
2017,6,豐原區,汽車竊盜,1
2017,6,霧峰區,毒品,2
2017,6,霧峰區,汽車竊盜,1
2017,6,龍井區,強制性交,1
2017,6,龍井區,毒品,3
2017,7,中區,機車竊盜,7
2017,7,中區,毒品,10
2017,7,北區,住宅竊盜,3
2017,7,北區,機車竊盜,2
2017,7,北區,毒品,47
2017,7,北屯區,機車竊盜,1
2017,7,北屯區,毒品,35
2017,7,北屯區,汽車竊盜,2
2017,7,南區,機車竊盜,2
2017,7,南區,毒品,13
2017,7,南區,汽車竊盜,1
2017,7,南屯區,住宅竊盜,2
2017,7,南屯區,毒品,14
2017,7,后里區,機車竊盜,2
2017,7,后里區,毒品,11
2017,7,外埔區,毒品,4
2017,7,大安區,毒品,6
2017,7,大甲區,住宅竊盜,2
2017,7,大甲區,毒品,17
2017,7,大肚區,住宅竊盜,1
2017,7,大肚區,機車竊盜,1
2017,7,大肚區,毒品,3
2017,7,大肚區,汽車竊盜,1
2017,7,大里區,強制性交,1
2017,7,大里區,機車竊盜,5
2017,7,大里區,毒品,19
2017,7,大里區,汽車竊盜,2
2017,7,大雅區,機車竊盜,1
2017,7,大雅區,毒品,10
2017,7,大雅區,汽車竊盜,1
2017,7,太平區,機車竊盜,4
2017,7,太平區,毒品,29
2017,7,東勢區,住宅竊盜,1
2017,7,東勢區,毒品,5
2017,7,東區,住宅竊盜,3
2017,7,東區,機車竊盜,2
2017,7,東區,毒品,12
2017,7,東區,汽車竊盜,2
2017,7,梧棲區,搶奪,1
2017,7,梧棲區,毒品,17
2017,7,沙鹿區,機車竊盜,1
2017,7,沙鹿區,毒品,17
2017,7,沙鹿區,汽車竊盜,1
2017,7,清水區,機車竊盜,1
2017,7,清水區,毒品,9
2017,7,清水區,汽車竊盜,1
2017,7,潭子區,強制性交,2
2017,7,潭子區,機車竊盜,2
2017,7,潭子區,毒品,10
2017,7,烏日區,住宅竊盜,1
2017,7,烏日區,毒品,18
2017,7,石岡區,毒品,1
2017,7,神岡區,機車竊盜,1
2017,7,神岡區,毒品,9
2017,7,西區,住宅竊盜,2
2017,7,西區,毒品,11
2017,7,西區,汽車竊盜,1
2017,7,西屯區,住宅竊盜,2
2017,7,西屯區,強制性交,1
2017,7,西屯區,機車竊盜,2
2017,7,西屯區,毒品,37
2017,7,西屯區,汽車竊盜,1
2017,7,豐原區,強制性交,1
2017,7,豐原區,機車竊盜,3
2017,7,豐原區,毒品,26
2017,7,豐原區,汽車竊盜,1
2017,7,霧峰區,機車竊盜,2
2017,7,霧峰區,毒品,7
2017,7,龍井區,住宅竊盜,1
2017,7,龍井區,毒品,8
2017,7,龍井區,汽車竊盜,1
2017,8,中區,機車竊盜,2
2017,8,中區,毒品,9
2017,8,中區,汽車竊盜,1
2017,8,北區,住宅竊盜,2
2017,8,北區,機車竊盜,3
2017,8,北區,毒品,42
2017,8,北區,汽車竊盜,1
2017,8,北屯區,機車竊盜,5
2017,8,北屯區,毒品,28
2017,8,北屯區,汽車竊盜,2
2017,8,南區,機車竊盜,2
2017,8,南區,毒品,7
2017,8,南屯區,強制性交,1
2017,8,南屯區,機車竊盜,2
2017,8,南屯區,毒品,11
2017,8,南屯區,汽車竊盜,2
2017,8,后里區,搶奪,1
2017,8,后里區,毒品,10
2017,8,后里區,汽車竊盜,1
2017,8,和平區,毒品,4
2017,8,外埔區,毒品,8
2017,8,大安區,毒品,3
2017,8,大甲區,毒品,15
2017,8,大肚區,毒品,5
2017,8,大里區,住宅竊盜,1
2017,8,大里區,機車竊盜,1
2017,8,大里區,毒品,20
2017,8,大雅區,毒品,6
2017,8,大雅區,汽車竊盜,1
2017,8,太平區,機車竊盜,8
2017,8,太平區,毒品,21
2017,8,太平區,汽車竊盜,1
2017,8,東勢區,毒品,4
2017,8,東勢區,汽車竊盜,1
2017,8,東區,強制性交,2
2017,8,東區,機車竊盜,2
2017,8,東區,毒品,9
2017,8,東區,汽車竊盜,1
2017,8,梧棲區,毒品,8
2017,8,沙鹿區,強制性交,1
2017,8,沙鹿區,毒品,15
2017,8,清水區,強制性交,1
2017,8,清水區,機車竊盜,2
2017,8,清水區,毒品,6
2017,8,清水區,汽車竊盜,1
2017,8,潭子區,機車竊盜,2
2017,8,潭子區,毒品,20
2017,8,潭子區,汽車竊盜,1
2017,8,烏日區,強制性交,1
2017,8,烏日區,毒品,13
2017,8,石岡區,機車竊盜,2
2017,8,石岡區,汽車竊盜,1
2017,8,神岡區,毒品,1
2017,8,西區,住宅竊盜,1
2017,8,西區,搶奪,1
2017,8,西區,機車竊盜,1
2017,8,西區,毒品,10
2017,8,西區,汽車竊盜,2
2017,8,西屯區,機車竊盜,4
2017,8,西屯區,毒品,23
2017,8,西屯區,汽車竊盜,1
2017,8,豐原區,強制性交,1
2017,8,豐原區,機車竊盜,2
2017,8,豐原區,毒品,16
2017,8,豐原區,汽車竊盜,1
2017,8,霧峰區,住宅竊盜,1
2017,8,霧峰區,毒品,14
2017,8,龍井區,強制性交,1
2017,8,龍井區,毒品,8
2017,8,龍井區,汽車竊盜,1
2017,9,中區,機車竊盜,2
2017,9,中區,毒品,4
2017,9,中區,汽車竊盜,1
2017,9,北區,機車竊盜,2
2017,9,北區,毒品,27
2017,9,北區,汽車竊盜,1
2017,9,北屯區,強制性交,1
2017,9,北屯區,機車竊盜,1
2017,9,北屯區,毒品,23
2017,9,北屯區,汽車竊盜,1
2017,9,南區,機車竊盜,2
2017,9,南區,毒品,3
2017,9,南屯區,毒品,8
2017,9,后里區,機車竊盜,1
2017,9,后里區,毒品,3
2017,9,外埔區,機車竊盜,1
2017,9,外埔區,毒品,1
2017,9,大安區,強制性交,1
2017,9,大安區,毒品,1
2017,9,大肚區,住宅竊盜,1
2017,9,大肚區,毒品,2
2017,9,大里區,機車竊盜,2
2017,9,大里區,毒品,8
2017,9,大里區,汽車竊盜,2
2017,9,大雅區,住宅竊盜,1
2017,9,大雅區,機車竊盜,1
2017,9,大雅區,毒品,9
2017,9,大雅區,汽車竊盜,1
2017,9,太平區,機車竊盜,3
2017,9,太平區,毒品,8
2017,9,東勢區,住宅竊盜,1
2017,9,東勢區,機車竊盜,1
2017,9,東勢區,毒品,2
2017,9,東區,機車竊盜,2
2017,9,東區,毒品,5
2017,9,梧棲區,機車竊盜,1
2017,9,梧棲區,毒品,4
2017,9,沙鹿區,機車竊盜,1
2017,9,沙鹿區,毒品,10
2017,9,沙鹿區,汽車竊盜,1
2017,9,清水區,強盜,1
2017,9,清水區,毒品,1
2017,9,清水區,汽車竊盜,2
2017,9,潭子區,機車竊盜,1
2017,9,潭子區,毒品,7
2017,9,潭子區,汽車竊盜,2
2017,9,烏日區,機車竊盜,1
2017,9,烏日區,毒品,1
2017,9,神岡區,毒品,1
2017,9,神岡區,汽車竊盜,2
2017,9,西區,機車竊盜,1
2017,9,西區,毒品,6
2017,9,西屯區,住宅竊盜,1
2017,9,西屯區,機車竊盜,1
2017,9,西屯區,毒品,16
2017,9,豐原區,機車竊盜,1
2017,9,豐原區,毒品,11
2017,9,豐原區,汽車竊盜,2
2017,9,霧峰區,機車竊盜,2
2017,9,霧峰區,毒品,2
2017,9,龍井區,汽車竊盜,1
2017,10,中區,機車竊盜,4
2017,10,中區,毒品,11
2017,10,北區,住宅竊盜,3
2017,10,北區,機車竊盜,5
2017,10,北區,毒品,57
2017,10,北區,汽車竊盜,1
2017,10,北屯區,住宅竊盜,1
2017,10,北屯區,機車竊盜,6
2017,10,北屯區,毒品,40
2017,10,北屯區,汽車竊盜,1
2017,10,南區,機車竊盜,6
2017,10,南區,毒品,10
2017,10,南屯區,住宅竊盜,2
2017,10,南屯區,機車竊盜,2
2017,10,南屯區,毒品,8
2017,10,南屯區,汽車竊盜,1
2017,10,后里區,強制性交,1
2017,10,后里區,毒品,9
2017,10,后里區,汽車竊盜,1
2017,10,外埔區,毒品,4
2017,10,大安區,毒品,2
2017,10,大甲區,機車竊盜,1
2017,10,大甲區,毒品,3
2017,10,大甲區,汽車竊盜,1
2017,10,大肚區,毒品,4
2017,10,大肚區,汽車竊盜,1
2017,10,大里區,住宅竊盜,1
2017,10,大里區,搶奪,1
2017,10,大里區,機車竊盜,1
2017,10,大里區,毒品,24
2017,10,大雅區,住宅竊盜,1
2017,10,大雅區,機車竊盜,2
2017,10,大雅區,毒品,8
2017,10,太平區,機車竊盜,3
2017,10,太平區,毒品,21
2017,10,新社區,搶奪,1
2017,10,東勢區,強盜,1
2017,10,東勢區,機車竊盜,2
2017,10,東勢區,毒品,3
2017,10,東勢區,汽車竊盜,1
2017,10,東區,住宅竊盜,1
2017,10,東區,機車竊盜,5
2017,10,東區,毒品,5
2017,10,梧棲區,機車竊盜,1
2017,10,梧棲區,毒品,11
2017,10,梧棲區,汽車竊盜,1
2017,10,沙鹿區,機車竊盜,4
2017,10,沙鹿區,毒品,10
2017,10,沙鹿區,汽車竊盜,2
2017,10,清水區,毒品,10
2017,10,潭子區,毒品,6
2017,10,潭子區,汽車竊盜,2
2017,10,烏日區,強制性交,1
2017,10,烏日區,毒品,9
2017,10,石岡區,毒品,1
2017,10,神岡區,住宅竊盜,2
2017,10,神岡區,機車竊盜,1
2017,10,神岡區,毒品,5
2017,10,西區,機車竊盜,1
2017,10,西區,毒品,11
2017,10,西區,汽車竊盜,1
2017,10,西屯區,住宅竊盜,4
2017,10,西屯區,搶奪,1
2017,10,西屯區,機車竊盜,1
2017,10,西屯區,毒品,25
2017,10,豐原區,住宅竊盜,1
2017,10,豐原區,機車竊盜,4
2017,10,豐原區,毒品,14
2017,10,霧峰區,機車竊盜,1
2017,10,霧峰區,毒品,12
2017,10,霧峰區,汽車竊盜,1
2017,10,龍井區,住宅竊盜,1
2017,10,龍井區,機車竊盜,1
2017,10,龍井區,毒品,6
2017,11,中區,住宅竊盜,1
2017,11,中區,機車竊盜,2
2017,11,中區,毒品,15
2017,11,中區,汽車竊盜,2
2017,11,北區,住宅竊盜,1
2017,11,北區,機車竊盜,6
2017,11,北區,毒品,47
2017,11,北屯區,機車竊盜,4
2017,11,北屯區,毒品,45
2017,11,北屯區,汽車竊盜,1
2017,11,南區,住宅竊盜,1
2017,11,南區,機車竊盜,1
2017,11,南區,毒品,3
2017,11,南屯區,毒品,14
2017,11,南屯區,汽車竊盜,1
2017,11,后里區,機車竊盜,1
2017,11,后里區,毒品,4
2017,11,外埔區,毒品,3
2017,11,大安區,毒品,6
2017,11,大甲區,機車竊盜,2
2017,11,大甲區,毒品,9
2017,11,大肚區,毒品,1
2017,11,大里區,住宅竊盜,1
2017,11,大里區,毒品,26
2017,11,大里區,汽車竊盜,1
2017,11,大雅區,住宅竊盜,1
2017,11,大雅區,強盜,1
2017,11,大雅區,毒品,10
2017,11,大雅區,汽車竊盜,3
2017,11,太平區,機車竊盜,1
2017,11,太平區,毒品,23
2017,11,新社區,機車竊盜,1
2017,11,新社區,毒品,3
2017,11,新社區,汽車竊盜,2
2017,11,東勢區,毒品,4
2017,11,東區,住宅竊盜,2
2017,11,東區,機車竊盜,1
2017,11,東區,毒品,18
2017,11,東區,汽車竊盜,1
2017,11,梧棲區,機車竊盜,1
2017,11,梧棲區,毒品,4
2017,11,梧棲區,汽車竊盜,1
2017,11,沙鹿區,機車竊盜,1
2017,11,沙鹿區,毒品,8
2017,11,清水區,機車竊盜,1
2017,11,清水區,毒品,6
2017,11,清水區,汽車竊盜,2
2017,11,潭子區,住宅竊盜,1
2017,11,潭子區,強制性交,1
2017,11,潭子區,機車竊盜,2
2017,11,潭子區,毒品,8
2017,11,烏日區,搶奪,1
2017,11,烏日區,機車竊盜,1
2017,11,烏日區,毒品,19
2017,11,石岡區,毒品,3
2017,11,神岡區,住宅竊盜,1
2017,11,神岡區,機車竊盜,1
2017,11,神岡區,毒品,4
2017,11,西區,毒品,13
2017,11,西屯區,住宅竊盜,2
2017,11,西屯區,強制性交,1
2017,11,西屯區,搶奪,2
2017,11,西屯區,機車竊盜,6
2017,11,西屯區,毒品,33
2017,11,西屯區,汽車竊盜,1
2017,11,豐原區,住宅竊盜,3
2017,11,豐原區,搶奪,2
2017,11,豐原區,機車竊盜,3
2017,11,豐原區,毒品,20
2017,11,豐原區,汽車竊盜,2
2017,11,霧峰區,毒品,7
2017,11,龍井區,住宅竊盜,1
2017,11,龍井區,汽車竊盜,1
2017,12,中區,毒品,5
2017,12,北區,住宅竊盜,3
2017,12,北區,機車竊盜,2
2017,12,北區,毒品,38
2017,12,北區,汽車竊盜,1
2017,12,北屯區,住宅竊盜,4
2017,12,北屯區,機車竊盜,2
2017,12,北屯區,毒品,23
2017,12,南區,毒品,7
2017,12,南區,汽車竊盜,1
2017,12,南屯區,住宅竊盜,3
2017,12,南屯區,毒品,2
2017,12,后里區,機車竊盜,1
2017,12,后里區,毒品,3
2017,12,外埔區,毒品,1
2017,12,大安區,毒品,4
2017,12,大甲區,毒品,4
2017,12,大肚區,機車竊盜,1
2017,12,大肚區,毒品,4
2017,12,大里區,機車竊盜,3
2017,12,大里區,毒品,9
2017,12,大里區,汽車竊盜,1
2017,12,大雅區,毒品,4
2017,12,大雅區,汽車竊盜,1
2017,12,太平區,機車竊盜,3
2017,12,太平區,毒品,2
2017,12,新社區,毒品,1
2017,12,東勢區,毒品,1
2017,12,東區,強制性交,1
2017,12,東區,機車竊盜,3
2017,12,東區,毒品,7
2017,12,東區,汽車竊盜,1
2017,12,沙鹿區,機車竊盜,2
2017,12,沙鹿區,毒品,2
2017,12,沙鹿區,汽車竊盜,1
2017,12,清水區,毒品,3
2017,12,潭子區,住宅竊盜,1
2017,12,潭子區,毒品,5
2017,12,烏日區,機車竊盜,2
2017,12,烏日區,毒品,5
2017,12,烏日區,汽車竊盜,2
2017,12,石岡區,毒品,3
2017,12,神岡區,毒品,1
2017,12,西區,毒品,13
2017,12,西屯區,住宅竊盜,1
2017,12,西屯區,機車竊盜,3
2017,12,西屯區,毒品,18
2017,12,西屯區,汽車竊盜,2
2017,12,豐原區,住宅竊盜,1
2017,12,豐原區,強盜,1
2017,12,豐原區,毒品,10
2017,12,霧峰區,毒品,2
2017,12,龍井區,毒品,2
2017,12,龍井區,汽車竊盜,1
2018,1,中區,機車竊盜,1
2018,1,中區,毒品,18
2018,1,北區,住宅竊盜,3
2018,1,北區,毒品,57
2018,1,北區,汽車竊盜,1
2018,1,北屯區,毒品,34
2018,1,北屯區,汽車竊盜,3
2018,1,南區,機車竊盜,3
2018,1,南區,毒品,13
2018,1,南屯區,強制性交,1
2018,1,南屯區,毒品,15
2018,1,后里區,毒品,10
2018,1,和平區,毒品,2
2018,1,外埔區,毒品,3
2018,1,大安區,毒品,1
2018,1,大甲區,機車竊盜,2
2018,1,大甲區,毒品,7
2018,1,大肚區,機車竊盜,1
2018,1,大肚區,毒品,5
2018,1,大里區,強制性交,1
2018,1,大里區,毒品,26
2018,1,大雅區,住宅竊盜,1
2018,1,大雅區,毒品,10
2018,1,太平區,強制性交,1
2018,1,太平區,機車竊盜,2
2018,1,太平區,毒品,37
2018,1,新社區,毒品,1
2018,1,東勢區,毒品,6
2018,1,東區,住宅竊盜,1
2018,1,東區,強制性交,1
2018,1,東區,機車竊盜,2
2018,1,東區,毒品,13
2018,1,東區,汽車竊盜,2
2018,1,梧棲區,毒品,10
2018,1,沙鹿區,機車竊盜,1
2018,1,沙鹿區,毒品,13
2018,1,沙鹿區,汽車竊盜,2
2018,1,清水區,機車竊盜,1
2018,1,清水區,毒品,9
2018,1,潭子區,毒品,8
2018,1,烏日區,毒品,8
2018,1,烏日區,汽車竊盜,1
2018,1,石岡區,毒品,2
2018,1,神岡區,住宅竊盜,1
2018,1,神岡區,毒品,6
2018,1,西區,機車竊盜,1
2018,1,西區,毒品,14
2018,1,西屯區,住宅竊盜,1
2018,1,西屯區,強盜,3
2018,1,西屯區,搶奪,1
2018,1,西屯區,機車竊盜,1
2018,1,西屯區,毒品,35
2018,1,豐原區,住宅竊盜,1
2018,1,豐原區,機車竊盜,2
2018,1,豐原區,毒品,25
2018,1,豐原區,汽車竊盜,1
2018,1,霧峰區,機車竊盜,1
2018,1,霧峰區,毒品,9
2018,1,龍井區,住宅竊盜,1
2018,1,龍井區,強制性交,1
2018,1,龍井區,毒品,7
2018,1,龍井區,汽車竊盜,2
2018,2,中區,機車竊盜,1
2018,2,中區,毒品,10
2018,2,北區,機車竊盜,1
2018,2,北區,毒品,33
2018,2,北屯區,住宅竊盜,6
2018,2,北屯區,強制性交,1
2018,2,北屯區,機車竊盜,2
2018,2,北屯區,毒品,18
2018,2,北屯區,汽車竊盜,1
2018,2,南區,住宅竊盜,2
2018,2,南區,強制性交,1
2018,2,南區,毒品,3
2018,2,南屯區,住宅竊盜,1
2018,2,南屯區,機車竊盜,1
2018,2,南屯區,毒品,8
2018,2,南屯區,汽車竊盜,2
2018,2,后里區,機車竊盜,1
2018,2,后里區,毒品,4
2018,2,外埔區,毒品,3
2018,2,外埔區,汽車竊盜,1
2018,2,大安區,毒品,2
2018,2,大甲區,毒品,8
2018,2,大甲區,汽車竊盜,1
2018,2,大肚區,毒品,4
2018,2,大里區,機車竊盜,1
2018,2,大里區,毒品,6
2018,2,大雅區,住宅竊盜,3
2018,2,大雅區,機車竊盜,1
2018,2,大雅區,毒品,5
2018,2,太平區,機車竊盜,1
2018,2,太平區,毒品,11
2018,2,新社區,毒品,2
2018,2,東勢區,住宅竊盜,1
2018,2,東勢區,毒品,5
2018,2,東區,強盜,1
2018,2,東區,機車竊盜,2
2018,2,東區,毒品,5
2018,2,梧棲區,機車竊盜,1
2018,2,梧棲區,毒品,9
2018,2,沙鹿區,機車竊盜,1
2018,2,沙鹿區,毒品,15
2018,2,沙鹿區,汽車竊盜,1
2018,2,清水區,強制性交,1
2018,2,清水區,毒品,4
2018,2,潭子區,住宅竊盜,2
2018,2,潭子區,機車竊盜,1
2018,2,潭子區,毒品,5
2018,2,潭子區,汽車竊盜,1
2018,2,烏日區,毒品,1
2018,2,石岡區,毒品,2
2018,2,神岡區,毒品,1
2018,2,西區,住宅竊盜,1
2018,2,西區,強盜,1
2018,2,西區,毒品,8
2018,2,西屯區,住宅竊盜,1
2018,2,西屯區,機車竊盜,2
2018,2,西屯區,毒品,28
2018,2,豐原區,機車竊盜,5
2018,2,豐原區,毒品,17
2018,2,豐原區,汽車竊盜,3
2018,2,霧峰區,機車竊盜,1
2018,2,霧峰區,毒品,3
2018,2,龍井區,毒品,3
2018,2,龍井區,汽車竊盜,1
2018,3,中區,搶奪,1
2018,3,中區,機車竊盜,2
2018,3,中區,毒品,12
2018,3,北區,住宅竊盜,1
2018,3,北區,強盜,1
2018,3,北區,搶奪,1
2018,3,北區,機車竊盜,3
2018,3,北區,毒品,48
2018,3,北區,汽車竊盜,2
2018,3,北屯區,機車竊盜,3
2018,3,北屯區,毒品,20
2018,3,南區,機車竊盜,1
2018,3,南區,毒品,3
2018,3,南屯區,機車竊盜,2
2018,3,南屯區,毒品,9
2018,3,后里區,毒品,1
2018,3,后里區,汽車竊盜,1
2018,3,外埔區,毒品,1
2018,3,大安區,毒品,2
2018,3,大甲區,毒品,7
2018,3,大肚區,毒品,1
2018,3,大里區,機車竊盜,1
2018,3,大里區,毒品,10
2018,3,大雅區,機車竊盜,3
2018,3,大雅區,毒品,1
2018,3,太平區,強盜,1
2018,3,太平區,機車竊盜,1
2018,3,太平區,毒品,10
2018,3,新社區,機車竊盜,1
2018,3,東勢區,機車竊盜,1
2018,3,東勢區,毒品,5
2018,3,東區,毒品,8
2018,3,梧棲區,毒品,3
2018,3,梧棲區,汽車竊盜,1
2018,3,沙鹿區,機車竊盜,1
2018,3,沙鹿區,毒品,5
2018,3,沙鹿區,汽車竊盜,1
2018,3,清水區,汽車竊盜,1
2018,3,潭子區,毒品,5
2018,3,烏日區,毒品,2
2018,3,神岡區,毒品,3
2018,3,西區,機車竊盜,3
2018,3,西區,毒品,6
2018,3,西區,汽車竊盜,1
2018,3,西屯區,住宅竊盜,2
2018,3,西屯區,機車竊盜,1
2018,3,西屯區,毒品,37
2018,3,豐原區,強制性交,1
2018,3,豐原區,毒品,11
2018,3,豐原區,汽車竊盜,1
2018,3,霧峰區,毒品,5
2018,3,龍井區,毒品,3
2018,3,龍井區,汽車竊盜,1
2018,4,中區,毒品,32
2018,4,北區,住宅竊盜,4
2018,4,北區,機車竊盜,1
2018,4,北區,毒品,72
2018,4,北屯區,住宅竊盜,2
2018,4,北屯區,搶奪,1
2018,4,北屯區,機車竊盜,2
2018,4,北屯區,毒品,28
2018,4,北屯區,汽車竊盜,1
2018,4,南區,機車竊盜,2
2018,4,南區,毒品,9
2018,4,南屯區,強制性交,1
2018,4,南屯區,毒品,12
2018,4,后里區,毒品,3
2018,4,外埔區,毒品,1
2018,4,大甲區,毒品,13
2018,4,大肚區,毒品,3
2018,4,大里區,機車竊盜,1
2018,4,大里區,毒品,18
2018,4,大雅區,機車竊盜,1
2018,4,大雅區,毒品,9
2018,4,太平區,機車竊盜,3
2018,4,太平區,毒品,16
2018,4,太平區,汽車竊盜,3
2018,4,新社區,毒品,1
2018,4,東勢區,毒品,9
2018,4,東區,住宅竊盜,1
2018,4,東區,強制性交,1
2018,4,東區,毒品,17
2018,4,梧棲區,毒品,8
2018,4,梧棲區,汽車竊盜,1
2018,4,沙鹿區,毒品,13
2018,4,沙鹿區,汽車竊盜,1
2018,4,清水區,機車竊盜,1
2018,4,清水區,毒品,7
2018,4,清水區,汽車竊盜,1
2018,4,潭子區,毒品,5
2018,4,烏日區,強盜,1
2018,4,烏日區,機車竊盜,2
2018,4,烏日區,毒品,12
2018,4,神岡區,住宅竊盜,1
2018,4,神岡區,搶奪,1
2018,4,神岡區,機車竊盜,1
2018,4,神岡區,毒品,10
2018,4,西區,毒品,13
2018,4,西屯區,住宅竊盜,1
2018,4,西屯區,強制性交,1
2018,4,西屯區,機車竊盜,1
2018,4,西屯區,毒品,30
2018,4,豐原區,住宅竊盜,3
2018,4,豐原區,機車竊盜,1
2018,4,豐原區,毒品,22
2018,4,豐原區,汽車竊盜,2
2018,4,霧峰區,毒品,6
2018,4,龍井區,強制性交,1
2018,4,龍井區,毒品,7
2018,5,中區,強盜,1
2018,5,中區,機車竊盜,3
2018,5,中區,毒品,11
2018,5,中區,汽車竊盜,1
2018,5,北區,住宅竊盜,4
2018,5,北區,機車竊盜,4
2018,5,北區,毒品,48
2018,5,北屯區,住宅竊盜,1
2018,5,北屯區,強盜,1
2018,5,北屯區,機車竊盜,6
2018,5,北屯區,毒品,17
2018,5,北屯區,汽車竊盜,1
2018,5,南區,機車竊盜,1
2018,5,南區,毒品,8
2018,5,南屯區,毒品,13
2018,5,南屯區,汽車竊盜,1
2018,5,后里區,機車竊盜,1
2018,5,后里區,毒品,7
2018,5,外埔區,毒品,3
2018,5,大安區,毒品,2
2018,5,大甲區,毒品,10
2018,5,大肚區,毒品,4
2018,5,大里區,機車竊盜,2
2018,5,大里區,毒品,11
2018,5,大里區,汽車竊盜,2
2018,5,大雅區,強盜,1
2018,5,大雅區,機車竊盜,2
2018,5,大雅區,毒品,2
2018,5,太平區,機車竊盜,3
2018,5,太平區,毒品,18
2018,5,太平區,汽車竊盜,2
2018,5,東勢區,住宅竊盜,1
2018,5,東勢區,毒品,1
2018,5,東區,機車竊盜,3
2018,5,東區,毒品,5
2018,5,梧棲區,住宅竊盜,1
2018,5,梧棲區,機車竊盜,1
2018,5,梧棲區,毒品,2
2018,5,沙鹿區,毒品,8
2018,5,沙鹿區,汽車竊盜,1
2018,5,清水區,住宅竊盜,1
2018,5,清水區,強盜,1
2018,5,清水區,機車竊盜,1
2018,5,清水區,毒品,7
2018,5,清水區,汽車竊盜,1
2018,5,潭子區,毒品,6
2018,5,烏日區,毒品,10
2018,5,石岡區,住宅竊盜,1
2018,5,石岡區,毒品,1
2018,5,神岡區,住宅竊盜,1
2018,5,神岡區,機車竊盜,3
2018,5,神岡區,毒品,2
2018,5,神岡區,汽車竊盜,1
2018,5,西區,機車竊盜,1
2018,5,西區,毒品,11
2018,5,西區,汽車竊盜,1
2018,5,西屯區,住宅竊盜,1
2018,5,西屯區,機車竊盜,3
2018,5,西屯區,毒品,32
2018,5,豐原區,住宅竊盜,3
2018,5,豐原區,強盜,1
2018,5,豐原區,機車竊盜,3
2018,5,豐原區,毒品,16
2018,5,豐原區,汽車竊盜,1
2018,5,霧峰區,毒品,2
2018,5,龍井區,機車竊盜,3
2018,5,龍井區,毒品,5
2018,6,中區,毒品,10
2018,6,北區,機車竊盜,6
2018,6,北區,毒品,28
2018,6,北屯區,機車竊盜,1
2018,6,北屯區,毒品,20
2018,6,北屯區,汽車竊盜,1
2018,6,南區,搶奪,1
2018,6,南區,機車竊盜,2
2018,6,南區,毒品,3
2018,6,南屯區,毒品,7
2018,6,后里區,機車竊盜,1
2018,6,后里區,毒品,2
2018,6,外埔區,機車竊盜,1
2018,6,外埔區,毒品,1
2018,6,大甲區,住宅竊盜,2
2018,6,大甲區,毒品,1
2018,6,大肚區,機車竊盜,1
2018,6,大肚區,汽車竊盜,1
2018,6,大里區,搶奪,1
2018,6,大里區,機車竊盜,1
2018,6,大里區,毒品,4
2018,6,大雅區,毒品,2
2018,6,太平區,毒品,7
2018,6,太平區,汽車竊盜,1
2018,6,新社區,毒品,1
2018,6,東勢區,毒品,1
2018,6,東區,毒品,3
2018,6,梧棲區,毒品,2
2018,6,梧棲區,汽車竊盜,1
2018,6,沙鹿區,毒品,4
2018,6,清水區,毒品,4
2018,6,潭子區,毒品,8
2018,6,烏日區,機車竊盜,1
2018,6,烏日區,毒品,2
2018,6,神岡區,住宅竊盜,2
2018,6,神岡區,強盜,1
2018,6,神岡區,機車竊盜,1
2018,6,神岡區,毒品,3
2018,6,西區,機車竊盜,2
2018,6,西區,毒品,3
2018,6,西屯區,機車竊盜,5
2018,6,西屯區,毒品,25
2018,6,豐原區,機車竊盜,1
2018,6,豐原區,毒品,5
2018,6,豐原區,汽車竊盜,2
2018,6,霧峰區,毒品,1
2018,6,龍井區,毒品,5
2018,7,中區,毒品,20
2018,7,北區,住宅竊盜,2
2018,7,北區,搶奪,1
2018,7,北區,機車竊盜,1
2018,7,北區,毒品,47
2018,7,北屯區,機車竊盜,2
2018,7,北屯區,毒品,32
2018,7,北屯區,汽車竊盜,2
2018,7,南區,住宅竊盜,1
2018,7,南區,強制性交,1
2018,7,南區,機車竊盜,1
2018,7,南區,毒品,9
2018,7,南屯區,住宅竊盜,1
2018,7,南屯區,強制性交,1
2018,7,南屯區,機車竊盜,1
2018,7,南屯區,毒品,17
2018,7,后里區,機車竊盜,1
2018,7,后里區,毒品,8
2018,7,外埔區,毒品,4
2018,7,大安區,毒品,3
2018,7,大甲區,機車竊盜,1
2018,7,大甲區,毒品,8
2018,7,大甲區,汽車竊盜,2
2018,7,大肚區,住宅竊盜,1
2018,7,大肚區,強制性交,1
2018,7,大肚區,機車竊盜,1
2018,7,大肚區,毒品,4
2018,7,大里區,毒品,18
2018,7,大雅區,住宅竊盜,1
2018,7,大雅區,毒品,8
2018,7,大雅區,汽車竊盜,1
2018,7,太平區,機車竊盜,2
2018,7,太平區,毒品,18
2018,7,太平區,汽車竊盜,1
2018,7,新社區,毒品,2
2018,7,東勢區,毒品,4
2018,7,東區,機車竊盜,2
2018,7,東區,毒品,11
2018,7,東區,汽車竊盜,2
2018,7,梧棲區,毒品,14
2018,7,沙鹿區,強盜,1
2018,7,沙鹿區,機車竊盜,1
2018,7,沙鹿區,毒品,14
2018,7,清水區,機車竊盜,1
2018,7,清水區,毒品,12
2018,7,清水區,汽車竊盜,1
2018,7,潭子區,毒品,12
2018,7,烏日區,機車竊盜,1
2018,7,烏日區,毒品,7
2018,7,石岡區,毒品,1
2018,7,神岡區,住宅竊盜,1
2018,7,神岡區,搶奪,1
2018,7,神岡區,機車竊盜,2
2018,7,神岡區,毒品,3
2018,7,西區,住宅竊盜,1
2018,7,西區,機車竊盜,2
2018,7,西區,毒品,15
2018,7,西屯區,住宅竊盜,2
2018,7,西屯區,強盜,2
2018,7,西屯區,機車竊盜,1
2018,7,西屯區,毒品,45
2018,7,西屯區,汽車竊盜,1
2018,7,豐原區,機車竊盜,1
2018,7,豐原區,毒品,13
2018,7,霧峰區,機車竊盜,2
2018,7,霧峰區,毒品,12
2018,7,龍井區,住宅竊盜,1
2018,7,龍井區,毒品,6
2018,8,中區,機車竊盜,1
2018,8,中區,毒品,13
2018,8,北區,機車竊盜,2
2018,8,北區,毒品,30
2018,8,北屯區,住宅竊盜,1
2018,8,北屯區,搶奪,1
2018,8,北屯區,機車竊盜,3
2018,8,北屯區,毒品,34
2018,8,南區,機車竊盜,2
2018,8,南區,毒品,7
2018,8,南屯區,毒品,10
2018,8,南屯區,汽車竊盜,1
2018,8,后里區,機車竊盜,1
2018,8,后里區,毒品,8
2018,8,和平區,毒品,1
2018,8,外埔區,毒品,8
2018,8,大安區,毒品,5
2018,8,大甲區,機車竊盜,1
2018,8,大甲區,毒品,9
2018,8,大甲區,汽車竊盜,1
2018,8,大肚區,機車竊盜,1
2018,8,大肚區,毒品,5
2018,8,大里區,機車竊盜,2
2018,8,大里區,毒品,20
2018,8,大里區,汽車竊盜,1
2018,8,大雅區,機車竊盜,2
2018,8,大雅區,毒品,10
2018,8,太平區,機車竊盜,2
2018,8,太平區,毒品,12
2018,8,太平區,汽車竊盜,2
2018,8,新社區,機車竊盜,1
2018,8,東勢區,機車竊盜,1
2018,8,東勢區,毒品,3
2018,8,東區,機車竊盜,3
2018,8,東區,毒品,13
2018,8,東區,汽車竊盜,1
2018,8,梧棲區,住宅竊盜,1
2018,8,梧棲區,強盜,1
2018,8,梧棲區,機車竊盜,2
2018,8,梧棲區,毒品,4
2018,8,沙鹿區,毒品,13
2018,8,清水區,機車竊盜,1
2018,8,清水區,毒品,2
2018,8,潭子區,機車竊盜,1
2018,8,潭子區,毒品,11
2018,8,潭子區,汽車竊盜,1
2018,8,烏日區,機車竊盜,1
2018,8,烏日區,毒品,5
2018,8,烏日區,汽車竊盜,1
2018,8,石岡區,機車竊盜,1
2018,8,石岡區,毒品,1
2018,8,神岡區,機車竊盜,1
2018,8,神岡區,毒品,4
2018,8,神岡區,汽車竊盜,1
2018,8,西區,搶奪,1
2018,8,西區,機車竊盜,1
2018,8,西區,毒品,12
2018,8,西屯區,住宅竊盜,2
2018,8,西屯區,強盜,1
2018,8,西屯區,機車竊盜,3
2018,8,西屯區,毒品,43
2018,8,西屯區,汽車竊盜,1
2018,8,豐原區,住宅竊盜,1
2018,8,豐原區,強盜,1
2018,8,豐原區,機車竊盜,3
2018,8,豐原區,毒品,16
2018,8,豐原區,汽車竊盜,3
2018,8,霧峰區,機車竊盜,1
2018,8,霧峰區,毒品,4
2018,8,龍井區,住宅竊盜,1
2018,8,龍井區,毒品,5
2018,9,中區,機車竊盜,1
2018,9,中區,毒品,6
2018,9,中區,汽車竊盜,1
2018,9,北區,住宅竊盜,1
2018,9,北區,機車竊盜,3
2018,9,北區,毒品,17
2018,9,北屯區,住宅竊盜,1
2018,9,北屯區,機車竊盜,2
2018,9,北屯區,毒品,26
2018,9,南區,搶奪,1
2018,9,南區,機車竊盜,2
2018,9,南區,毒品,2
2018,9,南屯區,毒品,3
2018,9,后里區,機車竊盜,1
2018,9,后里區,汽車竊盜,1
2018,9,外埔區,毒品,1
2018,9,外埔區,汽車竊盜,1
2018,9,大安區,毒品,1
2018,9,大甲區,強制性交,1
2018,9,大甲區,毒品,2
2018,9,大肚區,機車竊盜,1
2018,9,大肚區,毒品,2
2018,9,大里區,毒品,6
2018,9,大里區,汽車竊盜,1
2018,9,大雅區,機車竊盜,1
2018,9,大雅區,毒品,9
2018,9,大雅區,汽車竊盜,1
2018,9,太平區,毒品,7
2018,9,新社區,機車竊盜,1
2018,9,新社區,毒品,1
2018,9,東勢區,機車竊盜,1
2018,9,東勢區,毒品,1
2018,9,東區,機車竊盜,2
2018,9,東區,毒品,7
2018,9,東區,汽車竊盜,1
2018,9,梧棲區,機車竊盜,1
2018,9,梧棲區,毒品,3
2018,9,沙鹿區,毒品,6
2018,9,沙鹿區,汽車竊盜,1
2018,9,清水區,毒品,3
2018,9,潭子區,機車竊盜,2
2018,9,潭子區,毒品,2
2018,9,烏日區,機車竊盜,1
2018,9,烏日區,毒品,1
2018,9,神岡區,住宅竊盜,1
2018,9,神岡區,毒品,2
2018,9,西區,毒品,8
2018,9,西屯區,機車竊盜,1
2018,9,西屯區,毒品,19
2018,9,西屯區,汽車竊盜,1
2018,9,豐原區,機車竊盜,3
2018,9,豐原區,毒品,5
2018,9,霧峰區,毒品,1
2018,9,霧峰區,汽車竊盜,1
2018,9,龍井區,機車竊盜,1
2018,9,龍井區,毒品,2
2018,10,中區,毒品,16
2018,10,北區,搶奪,1
2018,10,北區,毒品,45
2018,10,北區,汽車竊盜,2
2018,10,北屯區,住宅竊盜,1
2018,10,北屯區,搶奪,1
2018,10,北屯區,機車竊盜,3
2018,10,北屯區,毒品,46
2018,10,南區,機車竊盜,2
2018,10,南區,毒品,3
2018,10,南區,汽車竊盜,1
2018,10,南屯區,住宅竊盜,3
2018,10,南屯區,強盜,1
2018,10,南屯區,毒品,7
2018,10,后里區,毒品,6
2018,10,外埔區,毒品,2
2018,10,大甲區,機車竊盜,2
2018,10,大甲區,毒品,7
2018,10,大肚區,毒品,5
2018,10,大里區,強盜,1
2018,10,大里區,機車竊盜,6
2018,10,大里區,毒品,14
2018,10,大里區,汽車竊盜,1
2018,10,大雅區,毒品,12
2018,10,太平區,強盜,1
2018,10,太平區,機車竊盜,1
2018,10,太平區,毒品,17
2018,10,新社區,機車竊盜,1
2018,10,東勢區,毒品,2
2018,10,東區,毒品,10
2018,10,梧棲區,毒品,5
2018,10,梧棲區,汽車竊盜,1
2018,10,沙鹿區,機車竊盜,2
2018,10,沙鹿區,毒品,8
2018,10,清水區,毒品,7
2018,10,潭子區,毒品,6
2018,10,潭子區,汽車竊盜,1
2018,10,烏日區,機車竊盜,1
2018,10,烏日區,毒品,8
2018,10,石岡區,毒品,1
2018,10,神岡區,機車竊盜,1
2018,10,神岡區,毒品,9
2018,10,西區,機車竊盜,1
2018,10,西區,毒品,12
2018,10,西屯區,住宅竊盜,1
2018,10,西屯區,機車竊盜,1
2018,10,西屯區,毒品,33
2018,10,豐原區,住宅竊盜,2
2018,10,豐原區,機車竊盜,3
2018,10,豐原區,毒品,17
2018,10,豐原區,汽車竊盜,4
2018,10,霧峰區,機車竊盜,1
2018,10,霧峰區,毒品,5
2018,10,霧峰區,汽車竊盜,1
2018,10,龍井區,住宅竊盜,3
2018,10,龍井區,毒品,4
2018,11,中區,機車竊盜,2
2018,11,中區,毒品,13
2018,11,北區,搶奪,1
2018,11,北區,機車竊盜,2
2018,11,北區,毒品,20
2018,11,北屯區,住宅竊盜,1
2018,11,北屯區,機車竊盜,2
2018,11,北屯區,毒品,45
2018,11,北屯區,汽車竊盜,1
2018,11,南區,搶奪,1
2018,11,南區,機車竊盜,5
2018,11,南區,毒品,5
2018,11,南屯區,住宅竊盜,2
2018,11,南屯區,毒品,7
2018,11,南屯區,汽車竊盜,1
2018,11,后里區,機車竊盜,1
2018,11,后里區,毒品,3
2018,11,和平區,機車竊盜,1
2018,11,外埔區,機車竊盜,1
2018,11,外埔區,毒品,1
2018,11,大安區,毒品,1
2018,11,大甲區,毒品,1
2018,11,大肚區,毒品,8
2018,11,大里區,機車竊盜,5
2018,11,大里區,毒品,12
2018,11,大雅區,住宅竊盜,1
2018,11,大雅區,毒品,5
2018,11,大雅區,汽車竊盜,1
2018,11,太平區,機車竊盜,2
2018,11,太平區,毒品,5
2018,11,太平區,汽車竊盜,1
2018,11,東勢區,毒品,2
2018,11,東勢區,汽車竊盜,2
2018,11,東區,住宅竊盜,1
2018,11,東區,機車竊盜,1
2018,11,東區,毒品,13
2018,11,梧棲區,機車竊盜,1
2018,11,梧棲區,毒品,4
2018,11,梧棲區,汽車竊盜,1
2018,11,沙鹿區,毒品,5
2018,11,清水區,強盜,1
2018,11,清水區,機車竊盜,1
2018,11,清水區,毒品,2
2018,11,清水區,汽車竊盜,1
2018,11,潭子區,住宅竊盜,1
2018,11,潭子區,機車竊盜,2
2018,11,潭子區,毒品,6
2018,11,潭子區,汽車竊盜,1
2018,11,烏日區,機車竊盜,1
2018,11,烏日區,毒品,11
2018,11,石岡區,毒品,1
2018,11,神岡區,毒品,4
2018,11,西區,住宅竊盜,1
2018,11,西區,機車竊盜,1
2018,11,西區,毒品,3
2018,11,西屯區,機車竊盜,3
2018,11,西屯區,毒品,45
2018,11,西屯區,汽車竊盜,1
2018,11,豐原區,住宅竊盜,1
2018,11,豐原區,毒品,7
2018,11,豐原區,汽車竊盜,1
2018,11,霧峰區,機車竊盜,1
2018,11,霧峰區,毒品,6
2018,11,龍井區,毒品,5
2018,12,中區,機車竊盜,1
2018,12,中區,毒品,10
2018,12,北區,機車竊盜,1
2018,12,北區,毒品,23
2018,12,北屯區,住宅竊盜,3
2018,12,北屯區,強制性交,1
2018,12,北屯區,機車竊盜,1
2018,12,北屯區,毒品,23
2018,12,北屯區,汽車竊盜,4
2018,12,南區,搶奪,1
2018,12,南區,毒品,3
2018,12,南屯區,毒品,5
2018,12,后里區,毒品,1
2018,12,大安區,毒品,1
2018,12,大甲區,機車竊盜,2
2018,12,大甲區,毒品,2
2018,12,大肚區,毒品,3
2018,12,大里區,機車竊盜,1
2018,12,大里區,毒品,6
2018,12,大里區,汽車竊盜,2
2018,12,大雅區,機車竊盜,1
2018,12,大雅區,毒品,5
2018,12,太平區,機車竊盜,1
2018,12,太平區,汽車竊盜,2
2018,12,新社區,機車竊盜,1
2018,12,東勢區,毒品,1
2018,12,東區,機車竊盜,1
2018,12,東區,毒品,4
2018,12,梧棲區,毒品,1
2018,12,沙鹿區,住宅竊盜,1
2018,12,沙鹿區,毒品,2
2018,12,清水區,住宅竊盜,1
2018,12,清水區,機車竊盜,1
2018,12,清水區,毒品,5
2018,12,清水區,汽車竊盜,1
2018,12,潭子區,住宅竊盜,1
2018,12,潭子區,機車竊盜,1
2018,12,潭子區,毒品,2
2018,12,潭子區,汽車竊盜,4
2018,12,烏日區,毒品,6
2018,12,神岡區,機車竊盜,2
2018,12,神岡區,毒品,1
2018,12,神岡區,汽車竊盜,2
2018,12,西區,機車竊盜,3
2018,12,西區,毒品,2
2018,12,西屯區,住宅竊盜,1
2018,12,西屯區,機車竊盜,3
2018,12,西屯區,毒品,20
2018,12,豐原區,毒品,5
2018,12,豐原區,汽車竊盜,4
2018,12,霧峰區,毒品,2
2018,12,霧峰區,汽車竊盜,2
2018,12,龍井區,毒品,3
2018,12,龍井區,組織犯罪防制條例,1
2019,1,中區,機車竊盜,1
2019,1,中區,毒品,21
2019,1,北區,機車竊盜,1
2019,1,北區,毒品,29
2019,1,北區,汽車竊盜,1
2019,1,北屯區,住宅竊盜,2
2019,1,北屯區,毒品,43
2019,1,北屯區,汽車竊盜,1
2019,1,南區,住宅竊盜,1
2019,1,南區,機車竊盜,2
2019,1,南區,毒品,13
2019,1,南屯區,機車竊盜,1
2019,1,南屯區,毒品,5
2019,1,南屯區,汽車竊盜,1
2019,1,后里區,機車竊盜,1
2019,1,后里區,毒品,3
2019,1,和平區,機車竊盜,1
2019,1,外埔區,毒品,1
2019,1,大安區,毒品,1
2019,1,大甲區,毒品,6
2019,1,大肚區,毒品,4
2019,1,大肚區,汽車竊盜,1
2019,1,大里區,住宅竊盜,1
2019,1,大里區,機車竊盜,1
2019,1,大里區,毒品,12
2019,1,大雅區,機車竊盜,1
2019,1,大雅區,毒品,6
2019,1,太平區,機車竊盜,1
2019,1,太平區,毒品,13
2019,1,太平區,汽車竊盜,2
2019,1,新社區,毒品,1
2019,1,東勢區,搶奪,1
2019,1,東勢區,毒品,2
2019,1,東勢區,汽車竊盜,1
2019,1,東區,機車竊盜,3
2019,1,東區,毒品,17
2019,1,梧棲區,機車竊盜,1
2019,1,梧棲區,毒品,5
2019,1,沙鹿區,強盜,1
2019,1,沙鹿區,機車竊盜,2
2019,1,沙鹿區,毒品,17
2019,1,清水區,毒品,9
2019,1,潭子區,毒品,7
2019,1,烏日區,住宅竊盜,2
2019,1,烏日區,毒品,5
2019,1,石岡區,毒品,1
2019,1,神岡區,住宅竊盜,1
2019,1,神岡區,毒品,5
2019,1,西區,機車竊盜,3
2019,1,西區,毒品,9
2019,1,西區,汽車竊盜,1
2019,1,西屯區,機車竊盜,2
2019,1,西屯區,毒品,51
2019,1,西屯區,汽車竊盜,1
2019,1,豐原區,住宅竊盜,2
2019,1,豐原區,機車竊盜,1
2019,1,豐原區,毒品,20
2019,1,豐原區,汽車竊盜,4
2019,1,霧峰區,毒品,6
2019,1,龍井區,毒品,5
2019,2,中區,機車竊盜,1
2019,2,中區,毒品,8
2019,2,北區,住宅竊盜,1
2019,2,北區,毒品,16
2019,2,北區,汽車竊盜,1
2019,2,北屯區,機車竊盜,1
2019,2,北屯區,毒品,33
2019,2,南區,毒品,9
2019,2,南區,汽車竊盜,1
2019,2,南屯區,強盜,1
2019,2,南屯區,機車竊盜,2
2019,2,南屯區,毒品,14
2019,2,南屯區,汽車竊盜,1
2019,2,后里區,住宅竊盜,1
2019,2,后里區,毒品,3
2019,2,大甲區,機車竊盜,1
2019,2,大肚區,毒品,3
2019,2,大里區,毒品,7
2019,2,大里區,汽車竊盜,1
2019,2,大雅區,住宅竊盜,1
2019,2,太平區,機車竊盜,2
2019,2,太平區,毒品,4
2019,2,新社區,機車竊盜,1
2019,2,東勢區,毒品,2
2019,2,東區,毒品,9
2019,2,梧棲區,機車竊盜,1
2019,2,梧棲區,毒品,1
2019,2,沙鹿區,毒品,4
2019,2,清水區,毒品,5
2019,2,潭子區,住宅竊盜,2
2019,2,潭子區,機車竊盜,1
2019,2,潭子區,毒品,6
2019,2,烏日區,毒品,1
2019,2,烏日區,汽車竊盜,2
2019,2,神岡區,毒品,4
2019,2,神岡區,汽車竊盜,1
2019,2,西區,毒品,11
2019,2,西屯區,住宅竊盜,1
2019,2,西屯區,機車竊盜,1
2019,2,西屯區,毒品,31
2019,2,西屯區,汽車竊盜,1
2019,2,豐原區,住宅竊盜,1
2019,2,豐原區,機車竊盜,1
2019,2,豐原區,毒品,9
2019,2,霧峰區,毒品,1
2019,2,龍井區,毒品,5
2019,3,中區,毒品,9
2019,3,北區,機車竊盜,2
2019,3,北區,毒品,23
2019,3,北屯區,搶奪,1
2019,3,北屯區,毒品,48
2019,3,北屯區,汽車竊盜,2
2019,3,南區,毒品,8
2019,3,南屯區,毒品,13
2019,3,南屯區,汽車竊盜,1
2019,3,后里區,毒品,3
2019,3,外埔區,毒品,4
2019,3,大甲區,毒品,5
2019,3,大肚區,毒品,4
2019,3,大里區,機車竊盜,1
2019,3,大里區,毒品,12
2019,3,大雅區,住宅竊盜,1
2019,3,大雅區,毒品,4
2019,3,太平區,住宅竊盜,1
2019,3,太平區,機車竊盜,1
2019,3,太平區,毒品,14
2019,3,新社區,毒品,1
2019,3,東區,毒品,10
2019,3,梧棲區,毒品,1
2019,3,沙鹿區,機車竊盜,2
2019,3,沙鹿區,毒品,7
2019,3,清水區,機車竊盜,1
2019,3,清水區,毒品,4
2019,3,清水區,汽車竊盜,1
2019,3,潭子區,機車竊盜,1
2019,3,潭子區,毒品,5
2019,3,潭子區,汽車竊盜,1
2019,3,烏日區,毒品,4
2019,3,神岡區,毒品,1
2019,3,西區,機車竊盜,1
2019,3,西區,毒品,6
2019,3,西屯區,機車竊盜,6
2019,3,西屯區,毒品,44
2019,3,豐原區,住宅竊盜,1
2019,3,豐原區,毒品,12
2019,3,豐原區,汽車竊盜,1
2019,3,霧峰區,毒品,2
2019,3,龍井區,毒品,4
2019,4,中區,機車竊盜,1
2019,4,中區,毒品,10
2019,4,北區,搶奪,1
2019,4,北區,機車竊盜,2
2019,4,北區,毒品,25
2019,4,北區,汽車竊盜,2
2019,4,北屯區,住宅竊盜,1
2019,4,北屯區,強盜,1
2019,4,北屯區,機車竊盜,2
2019,4,北屯區,毒品,69
2019,4,北屯區,汽車竊盜,2
2019,4,南區,住宅竊盜,1
2019,4,南區,機車竊盜,2
2019,4,南區,毒品,5
2019,4,南區,汽車竊盜,2
2019,4,南屯區,機車竊盜,1
2019,4,南屯區,毒品,6
2019,4,后里區,毒品,11
2019,4,外埔區,毒品,4
2019,4,大甲區,毒品,4
2019,4,大肚區,毒品,3
2019,4,大里區,機車竊盜,1
2019,4,大里區,毒品,13
2019,4,大里區,汽車竊盜,1
2019,4,大雅區,機車竊盜,1
2019,4,大雅區,毒品,7
2019,4,太平區,住宅竊盜,1
2019,4,太平區,機車竊盜,1
2019,4,太平區,毒品,13
2019,4,新社區,毒品,1
2019,4,東勢區,毒品,5
2019,4,東區,機車竊盜,1
2019,4,東區,毒品,13
2019,4,東區,汽車竊盜,1
2019,4,梧棲區,機車竊盜,2
2019,4,梧棲區,毒品,2
2019,4,沙鹿區,毒品,8
2019,4,清水區,毒品,2
2019,4,潭子區,強盜,1
2019,4,潭子區,毒品,7
2019,4,烏日區,強盜,1
2019,4,烏日區,毒品,2
2019,4,烏日區,汽車竊盜,2
2019,4,神岡區,毒品,2
2019,4,西區,機車竊盜,2
2019,4,西區,毒品,11
2019,4,西區,汽車竊盜,1
2019,4,西屯區,住宅竊盜,2
2019,4,西屯區,機車竊盜,1
2019,4,西屯區,毒品,27
2019,4,西屯區,汽車竊盜,1
2019,4,豐原區,住宅竊盜,2
2019,4,豐原區,強盜,1
2019,4,豐原區,毒品,10
2019,4,豐原區,汽車竊盜,1
2019,4,霧峰區,機車竊盜,2
2019,4,霧峰區,毒品,2
2019,4,龍井區,毒品,11
2019,5,中區,機車竊盜,2
2019,5,中區,毒品,11
2019,5,北區,住宅竊盜,1
2019,5,北區,毒品,20
2019,5,北屯區,住宅竊盜,1
2019,5,北屯區,機車竊盜,3
2019,5,北屯區,毒品,42
2019,5,北屯區,汽車竊盜,2
2019,5,南區,機車竊盜,1
2019,5,南區,毒品,5
2019,5,南屯區,毒品,9
2019,5,后里區,機車竊盜,1
2019,5,后里區,毒品,2
2019,5,后里區,汽車竊盜,1
2019,5,外埔區,機車竊盜,2
2019,5,大安區,毒品,1
2019,5,大甲區,機車竊盜,2
2019,5,大甲區,毒品,8
2019,5,大肚區,毒品,2
2019,5,大肚區,汽車竊盜,1
2019,5,大里區,毒品,11
2019,5,大里區,汽車竊盜,2
2019,5,大雅區,機車竊盜,2
2019,5,大雅區,毒品,7
2019,5,大雅區,汽車竊盜,2
2019,5,太平區,毒品,11
2019,5,新社區,毒品,2
2019,5,東勢區,機車竊盜,1
2019,5,東勢區,毒品,2
2019,5,東區,住宅竊盜,1
2019,5,東區,搶奪,1
2019,5,東區,機車竊盜,1
2019,5,東區,毒品,8
2019,5,梧棲區,機車竊盜,1
2019,5,梧棲區,毒品,6
2019,5,梧棲區,汽車竊盜,1
2019,5,沙鹿區,機車竊盜,3
2019,5,沙鹿區,毒品,7
2019,5,清水區,毒品,5
2019,5,潭子區,毒品,7
2019,5,烏日區,毒品,5
2019,5,烏日區,汽車竊盜,1
2019,5,神岡區,毒品,6
2019,5,西區,機車竊盜,1
2019,5,西區,毒品,11
2019,5,西屯區,住宅竊盜,1
2019,5,西屯區,機車竊盜,2
2019,5,西屯區,毒品,14
2019,5,豐原區,機車竊盜,4
2019,5,豐原區,毒品,7
2019,5,霧峰區,毒品,2
2019,5,龍井區,毒品,1
2019,5,龍井區,汽車竊盜,1
2019,6,中區,住宅竊盜,1
2019,6,中區,毒品,8
2019,6,北區,機車竊盜,3
2019,6,北區,毒品,18
2019,6,北屯區,機車竊盜,3
2019,6,北屯區,毒品,35
2019,6,南區,毒品,5
2019,6,南區,汽車竊盜,1
2019,6,南屯區,毒品,10
2019,6,后里區,毒品,1
2019,6,外埔區,毒品,1
2019,6,大甲區,汽車竊盜,1
2019,6,大肚區,毒品,1
2019,6,大里區,住宅竊盜,1
2019,6,大里區,機車竊盜,1
2019,6,大里區,毒品,7
2019,6,大雅區,住宅竊盜,1
2019,6,大雅區,毒品,3
2019,6,太平區,機車竊盜,1
2019,6,太平區,毒品,7
2019,6,太平區,汽車竊盜,1
2019,6,東勢區,機車竊盜,1
2019,6,東勢區,汽車竊盜,1
2019,6,東區,機車竊盜,3
2019,6,東區,毒品,5
2019,6,梧棲區,強盜,1
2019,6,梧棲區,機車竊盜,1
2019,6,梧棲區,毒品,1
2019,6,沙鹿區,機車竊盜,1
2019,6,潭子區,住宅竊盜,1
2019,6,潭子區,搶奪,1
2019,6,潭子區,機車竊盜,1
2019,6,潭子區,毒品,3
2019,6,烏日區,毒品,1
2019,6,西區,強盜,1
2019,6,西區,機車竊盜,1
2019,6,西區,毒品,5
2019,6,西屯區,住宅竊盜,2
2019,6,西屯區,機車竊盜,3
2019,6,西屯區,毒品,21
2019,6,西屯區,汽車竊盜,1
2019,6,豐原區,機車竊盜,1
2019,6,豐原區,毒品,7
2019,6,豐原區,汽車竊盜,2
2019,6,霧峰區,毒品,3
2019,6,龍井區,機車竊盜,2
2019,6,龍井區,毒品,1
2019,7,中區,住宅竊盜,1
2019,7,中區,搶奪,1
2019,7,中區,機車竊盜,2
2019,7,中區,毒品,16
2019,7,北區,住宅竊盜,1
2019,7,北區,機車竊盜,3
2019,7,北區,毒品,33
2019,7,北區,汽車竊盜,1
2019,7,北屯區,強盜,1
2019,7,北屯區,機車竊盜,3
2019,7,北屯區,毒品,61
2019,7,北屯區,汽車竊盜,1
2019,7,南區,住宅竊盜,1
2019,7,南區,搶奪,1
2019,7,南區,機車竊盜,2
2019,7,南區,毒品,18
2019,7,南屯區,毒品,23
2019,7,后里區,毒品,7
2019,7,外埔區,毒品,3
2019,7,大安區,機車竊盜,1
2019,7,大安區,毒品,2
2019,7,大甲區,機車竊盜,1
2019,7,大甲區,毒品,13
2019,7,大甲區,汽車竊盜,1
2019,7,大肚區,毒品,2
2019,7,大里區,機車竊盜,1
2019,7,大里區,毒品,15
2019,7,大雅區,住宅竊盜,2
2019,7,大雅區,機車竊盜,6
2019,7,大雅區,毒品,9
2019,7,太平區,住宅竊盜,1
2019,7,太平區,機車竊盜,3
2019,7,太平區,毒品,34
2019,7,東勢區,毒品,8
2019,7,東區,機車竊盜,1
2019,7,東區,毒品,10
2019,7,梧棲區,毒品,8
2019,7,沙鹿區,毒品,14
2019,7,沙鹿區,組織犯罪防制條例,1
2019,7,清水區,機車竊盜,2
2019,7,清水區,毒品,7
2019,7,潭子區,住宅竊盜,1
2019,7,潭子區,機車竊盜,1
2019,7,潭子區,毒品,5
2019,7,烏日區,毒品,8
2019,7,石岡區,機車竊盜,1
2019,7,神岡區,毒品,3
2019,7,西區,機車竊盜,1
2019,7,西區,毒品,17
2019,7,西屯區,住宅竊盜,1
2019,7,西屯區,強盜,1
2019,7,西屯區,機車竊盜,2
2019,7,西屯區,毒品,45
2019,7,西屯區,汽車竊盜,1
2019,7,豐原區,機車竊盜,4
2019,7,豐原區,毒品,11
2019,7,霧峰區,搶奪,1
2019,7,霧峰區,毒品,5
2019,7,霧峰區,汽車竊盜,1
2019,7,龍井區,住宅竊盜,2
2019,7,龍井區,毒品,4
2019,8,中區,機車竊盜,2
2019,8,中區,毒品,14
2019,8,北區,機車竊盜,2
2019,8,北區,毒品,20
2019,8,北屯區,機車竊盜,1
2019,8,北屯區,毒品,31
2019,8,南區,機車竊盜,3
2019,8,南區,毒品,10
2019,8,南區,汽車竊盜,1
2019,8,南屯區,機車竊盜,1
2019,8,南屯區,毒品,11
2019,8,南屯區,汽車竊盜,1
2019,8,后里區,毒品,11
2019,8,大安區,毒品,1
2019,8,大甲區,機車竊盜,1
2019,8,大甲區,毒品,4
2019,8,大肚區,住宅竊盜,1
2019,8,大肚區,毒品,4
2019,8,大里區,機車竊盜,1
2019,8,大里區,毒品,14
2019,8,大雅區,機車竊盜,1
2019,8,大雅區,毒品,4
2019,8,大雅區,汽車竊盜,1
2019,8,太平區,機車竊盜,1
2019,8,太平區,毒品,9
2019,8,東勢區,機車竊盜,1
2019,8,東勢區,毒品,7
2019,8,東區,住宅竊盜,1
2019,8,東區,毒品,5
2019,8,東區,汽車竊盜,1
2019,8,梧棲區,毒品,3
2019,8,梧棲區,汽車竊盜,1
2019,8,沙鹿區,毒品,2
2019,8,沙鹿區,汽車竊盜,3
2019,8,清水區,機車竊盜,1
2019,8,清水區,毒品,5
2019,8,潭子區,機車竊盜,1
2019,8,潭子區,毒品,8
2019,8,潭子區,汽車竊盜,1
2019,8,烏日區,機車竊盜,1
2019,8,烏日區,毒品,3
2019,8,烏日區,汽車竊盜,2
2019,8,石岡區,毒品,2
2019,8,神岡區,毒品,2
2019,8,西區,機車竊盜,1
2019,8,西區,毒品,7
2019,8,西屯區,機車竊盜,3
2019,8,西屯區,毒品,39
2019,8,西屯區,汽車竊盜,2
2019,8,豐原區,機車竊盜,2
2019,8,豐原區,毒品,10
2019,8,霧峰區,機車竊盜,5
2019,8,霧峰區,毒品,3
2019,8,霧峰區,汽車竊盜,1
2019,8,龍井區,機車竊盜,1
2019,8,龍井區,毒品,4
2019,9,中區,機車竊盜,1
2019,9,中區,毒品,6
2019,9,北區,搶奪,1
2019,9,北區,機車竊盜,3
2019,9,北區,毒品,17
2019,9,北屯區,住宅竊盜,1
2019,9,北屯區,毒品,38
2019,9,南區,機車竊盜,2
2019,9,南區,毒品,4
2019,9,南屯區,住宅竊盜,1
2019,9,南屯區,機車竊盜,1
2019,9,南屯區,毒品,2
2019,9,后里區,毒品,1
2019,9,大甲區,機車竊盜,1
2019,9,大甲區,毒品,1
2019,9,大肚區,毒品,2
2019,9,大肚區,汽車竊盜,1
2019,9,大里區,機車竊盜,3
2019,9,大里區,毒品,6
2019,9,大雅區,機車竊盜,2
2019,9,大雅區,毒品,3
2019,9,太平區,機車竊盜,1
2019,9,太平區,毒品,5
2019,9,太平區,汽車竊盜,1
2019,9,新社區,毒品,1
2019,9,東勢區,毒品,2
2019,9,東勢區,汽車竊盜,1
2019,9,東區,毒品,6
2019,9,梧棲區,毒品,1
2019,9,沙鹿區,機車竊盜,1
2019,9,沙鹿區,毒品,2
2019,9,沙鹿區,汽車竊盜,1
2019,9,清水區,毒品,3
2019,9,清水區,汽車竊盜,1
2019,9,潭子區,毒品,2
2019,9,烏日區,毒品,3
2019,9,神岡區,強盜,1
2019,9,神岡區,毒品,3
2019,9,西區,機車竊盜,2
2019,9,西區,毒品,7
2019,9,西屯區,住宅竊盜,1
2019,9,西屯區,機車竊盜,1
2019,9,西屯區,毒品,28
2019,9,豐原區,強盜,1
2019,9,豐原區,搶奪,1
2019,9,豐原區,機車竊盜,1
2019,9,豐原區,毒品,9
2019,9,豐原區,汽車竊盜,1
2019,9,龍井區,機車竊盜,1
2019,9,龍井區,毒品,2
2019,9,龍井區,汽車竊盜,1
2019,10,中區,搶奪,1
2019,10,中區,機車竊盜,1
2019,10,中區,毒品,10
2019,10,北區,住宅竊盜,2
2019,10,北區,毒品,23
2019,10,北屯區,住宅竊盜,1
2019,10,北屯區,機車竊盜,2
2019,10,北屯區,毒品,50
2019,10,南區,住宅竊盜,2
2019,10,南區,機車竊盜,2
2019,10,南區,毒品,7
2019,10,南屯區,機車竊盜,1
2019,10,南屯區,毒品,9
2019,10,后里區,機車竊盜,1
2019,10,后里區,毒品,4
2019,10,外埔區,毒品,2
2019,10,大安區,毒品,3
2019,10,大甲區,強盜,1
2019,10,大甲區,毒品,6
2019,10,大肚區,機車竊盜,1
2019,10,大肚區,毒品,4
2019,10,大里區,強盜,1
2019,10,大里區,機車竊盜,1
2019,10,大里區,毒品,10
2019,10,大雅區,住宅竊盜,1
2019,10,大雅區,機車竊盜,1
2019,10,大雅區,毒品,7
2019,10,大雅區,汽車竊盜,1
2019,10,太平區,毒品,18
2019,10,東勢區,機車竊盜,2
2019,10,東勢區,毒品,3
2019,10,東區,機車竊盜,1
2019,10,東區,毒品,12
2019,10,東區,汽車竊盜,1
2019,10,梧棲區,毒品,7
2019,10,沙鹿區,機車竊盜,2
2019,10,沙鹿區,毒品,5
2019,10,沙鹿區,汽車竊盜,1
2019,10,清水區,毒品,5
2019,10,潭子區,毒品,7
2019,10,烏日區,機車竊盜,1
2019,10,烏日區,毒品,6
2019,10,石岡區,毒品,1
2019,10,神岡區,住宅竊盜,1
2019,10,神岡區,機車竊盜,1
2019,10,神岡區,毒品,5
2019,10,西區,機車竊盜,2
2019,10,西區,毒品,13
2019,10,西區,汽車竊盜,1
2019,10,西屯區,住宅竊盜,1
2019,10,西屯區,搶奪,1
2019,10,西屯區,機車竊盜,4
2019,10,西屯區,毒品,30
2019,10,西屯區,汽車竊盜,1
2019,10,豐原區,住宅竊盜,1
2019,10,豐原區,搶奪,1
2019,10,豐原區,毒品,9
2019,10,霧峰區,機車竊盜,1
2019,10,霧峰區,毒品,6
2019,11,中區,毒品,7
2019,11,北區,住宅竊盜,5
2019,11,北區,機車竊盜,1
2019,11,北區,毒品,24
2019,11,北屯區,住宅竊盜,1
2019,11,北屯區,強盜,1
2019,11,北屯區,毒品,38
2019,11,南區,機車竊盜,2
2019,11,南區,毒品,8
2019,11,南屯區,機車竊盜,1
2019,11,南屯區,毒品,8
2019,11,南屯區,汽車竊盜,1
2019,11,后里區,住宅竊盜,1
2019,11,后里區,毒品,1
2019,11,外埔區,毒品,1
2019,11,大甲區,機車竊盜,1
2019,11,大甲區,毒品,2
2019,11,大甲區,汽車竊盜,2
2019,11,大肚區,毒品,3
2019,11,大里區,機車竊盜,1
2019,11,大里區,毒品,6
2019,11,大雅區,住宅竊盜,1
2019,11,大雅區,毒品,4
2019,11,大雅區,汽車竊盜,1
2019,11,太平區,機車竊盜,2
2019,11,太平區,毒品,11
2019,11,太平區,汽車竊盜,1
2019,11,新社區,毒品,2
2019,11,新社區,汽車竊盜,1
2019,11,東勢區,汽車竊盜,1
2019,11,東區,毒品,5
2019,11,梧棲區,毒品,2
2019,11,沙鹿區,毒品,3
2019,11,清水區,毒品,1
2019,11,潭子區,毒品,3
2019,11,烏日區,機車竊盜,1
2019,11,烏日區,毒品,1
2019,11,烏日區,汽車竊盜,1
2019,11,石岡區,毒品,1
2019,11,神岡區,毒品,3
2019,11,西區,機車竊盜,1
2019,11,西區,毒品,1
2019,11,西屯區,機車竊盜,4
2019,11,西屯區,毒品,39
2019,11,豐原區,住宅竊盜,1
2019,11,豐原區,機車竊盜,3
2019,11,豐原區,毒品,11
2019,11,霧峰區,毒品,2
2019,11,龍井區,毒品,1
2019,12,中區,搶奪,1
2019,12,中區,毒品,4
2019,12,北區,住宅竊盜,2
2019,12,北區,強盜,1
2019,12,北區,機車竊盜,2
2019,12,北區,毒品,15
2019,12,北屯區,機車竊盜,2
2019,12,北屯區,毒品,29
2019,12,南區,毒品,4
2019,12,南區,汽車竊盜,1
2019,12,南屯區,機車竊盜,1
2019,12,南屯區,毒品,3
2019,12,后里區,機車竊盜,1
2019,12,后里區,毒品,3
2019,12,外埔區,毒品,1
2019,12,大甲區,機車竊盜,1
2019,12,大里區,機車竊盜,1
2019,12,大里區,毒品,7
2019,12,大雅區,毒品,5
2019,12,太平區,強盜,1
2019,12,太平區,機車竊盜,1
2019,12,太平區,毒品,5
2019,12,東勢區,毒品,2
2019,12,東區,毒品,3
2019,12,梧棲區,毒品,3
2019,12,沙鹿區,住宅竊盜,1
2019,12,沙鹿區,機車竊盜,1
2019,12,沙鹿區,汽車竊盜,1
2019,12,清水區,毒品,1
2019,12,潭子區,住宅竊盜,1
2019,12,潭子區,機車竊盜,1
2019,12,潭子區,毒品,8
2019,12,烏日區,毒品,2
2019,12,神岡區,住宅竊盜,1
2019,12,神岡區,搶奪,1
2019,12,神岡區,毒品,1
2019,12,神岡區,汽車竊盜,1
2019,12,西區,毒品,3
2019,12,西區,汽車竊盜,1
2019,12,西屯區,住宅竊盜,2
2019,12,西屯區,機車竊盜,5
2019,12,西屯區,毒品,20
2019,12,豐原區,住宅竊盜,2
2019,12,豐原區,搶奪,1
2019,12,豐原區,毒品,3
2019,12,豐原區,汽車竊盜,1
2019,12,霧峰區,機車竊盜,1
2019,12,龍井區,毒品,3
2020,1,中區,強盜,1
2020,1,中區,毒品,16
2020,1,中區,汽車竊盜,1
2020,1,北區,機車竊盜,1
2020,1,北區,毒品,10
2020,1,北屯區,強盜,1
2020,1,北屯區,機車竊盜,1
2020,1,北屯區,毒品,26
2020,1,南區,住宅竊盜,3
2020,1,南區,毒品,1
2020,1,南屯區,機車竊盜,1
2020,1,南屯區,毒品,4
2020,1,南屯區,汽車竊盜,1
2020,1,后里區,機車竊盜,1
2020,1,和平區,毒品,1
2020,1,外埔區,機車竊盜,1
2020,1,外埔區,毒品,1
2020,1,大甲區,毒品,3
2020,1,大甲區,汽車竊盜,1
2020,1,大肚區,毒品,3
2020,1,大里區,機車竊盜,1
2020,1,大里區,毒品,11
2020,1,大里區,汽車竊盜,1
2020,1,大雅區,毒品,3
2020,1,太平區,住宅竊盜,1
2020,1,太平區,毒品,12
2020,1,東勢區,機車竊盜,1
2020,1,東區,機車竊盜,2
2020,1,東區,毒品,4
2020,1,東區,汽車竊盜,1
2020,1,梧棲區,毒品,8
2020,1,沙鹿區,毒品,7
2020,1,清水區,毒品,3
2020,1,潭子區,搶奪,1
2020,1,潭子區,毒品,3
2020,1,烏日區,毒品,8
2020,1,石岡區,毒品,1
2020,1,石岡區,汽車竊盜,1
2020,1,西區,毒品,11
2020,1,西屯區,住宅竊盜,1
2020,1,西屯區,機車竊盜,2
2020,1,西屯區,毒品,32
2020,1,西屯區,汽車竊盜,1
2020,1,豐原區,毒品,6
2020,1,霧峰區,汽車竊盜,1
2020,1,龍井區,毒品,5
2020,2,中區,毒品,6
2020,2,北區,住宅竊盜,1
2020,2,北區,毒品,26
2020,2,北屯區,住宅竊盜,1
2020,2,北屯區,機車竊盜,1
2020,2,北屯區,毒品,27
2020,2,北屯區,汽車竊盜,1
2020,2,南區,毒品,3
2020,2,南屯區,強盜,1
2020,2,南屯區,毒品,8
2020,2,后里區,毒品,3
2020,2,大安區,機車竊盜,1
2020,2,大甲區,機車竊盜,1
2020,2,大甲區,毒品,3
2020,2,大甲區,汽車竊盜,1
2020,2,大肚區,毒品,2
2020,2,大里區,毒品,14
2020,2,大里區,汽車竊盜,1
2020,2,大雅區,毒品,5
2020,2,大雅區,汽車竊盜,1
2020,2,太平區,住宅竊盜,1
2020,2,太平區,強盜,1
2020,2,太平區,機車竊盜,2
2020,2,太平區,毒品,20
2020,2,太平區,汽車竊盜,1
2020,2,新社區,汽車竊盜,1
2020,2,東勢區,住宅竊盜,1
2020,2,東勢區,毒品,1
2020,2,東區,住宅竊盜,1
2020,2,東區,機車竊盜,2
2020,2,東區,毒品,9
2020,2,梧棲區,機車竊盜,1
2020,2,梧棲區,毒品,2
2020,2,沙鹿區,毒品,5
2020,2,清水區,毒品,8
2020,2,清水區,汽車竊盜,1
2020,2,潭子區,機車竊盜,1
2020,2,潭子區,毒品,11
2020,2,烏日區,機車竊盜,1
2020,2,烏日區,毒品,5
2020,2,石岡區,毒品,1
2020,2,石岡區,汽車竊盜,1
2020,2,神岡區,毒品,1
2020,2,西區,毒品,9
2020,2,西屯區,住宅竊盜,1
2020,2,西屯區,強盜,1
2020,2,西屯區,毒品,31
2020,2,豐原區,強盜,1
2020,2,豐原區,毒品,5
2020,2,霧峰區,毒品,7
2020,2,龍井區,毒品,6
2020,3,中區,機車竊盜,1
2020,3,中區,毒品,7
2020,3,北區,機車竊盜,2
2020,3,北區,毒品,30
2020,3,北屯區,機車竊盜,1
2020,3,北屯區,毒品,29
2020,3,南區,機車竊盜,1
2020,3,南區,毒品,9
2020,3,南屯區,毒品,6
2020,3,后里區,機車竊盜,2
2020,3,后里區,毒品,1
2020,3,外埔區,毒品,1
2020,3,大肚區,毒品,1
2020,3,大里區,機車竊盜,1
2020,3,大里區,毒品,8
2020,3,大雅區,機車竊盜,1
2020,3,大雅區,毒品,5
2020,3,太平區,住宅竊盜,1
2020,3,太平區,機車竊盜,3
2020,3,太平區,毒品,17
2020,3,新社區,機車竊盜,1
2020,3,東勢區,毒品,3
2020,3,東區,機車竊盜,4
2020,3,東區,毒品,5
2020,3,梧棲區,強制性交,1
2020,3,梧棲區,毒品,1
2020,3,沙鹿區,毒品,4
2020,3,沙鹿區,汽車竊盜,3
2020,3,清水區,毒品,6
2020,3,潭子區,搶奪,1
2020,3,潭子區,毒品,1
2020,3,烏日區,機車竊盜,1
2020,3,烏日區,毒品,1
2020,3,神岡區,毒品,1
2020,3,西區,機車竊盜,2
2020,3,西區,毒品,5
2020,3,西屯區,毒品,28
2020,3,豐原區,毒品,7
2020,3,霧峰區,機車竊盜,1
2020,3,龍井區,毒品,1
2020,4,中區,機車竊盜,1
2020,4,中區,毒品,14
2020,4,北區,住宅竊盜,1
2020,4,北區,機車竊盜,1
2020,4,北區,毒品,36
2020,4,北屯區,機車竊盜,4
2020,4,北屯區,毒品,39
2020,4,南區,機車竊盜,1
2020,4,南區,毒品,4
2020,4,南屯區,住宅竊盜,1
2020,4,南屯區,機車竊盜,1
2020,4,南屯區,毒品,9
2020,4,后里區,機車竊盜,1
2020,4,后里區,毒品,12
2020,4,和平區,毒品,1
2020,4,大安區,毒品,1
2020,4,大甲區,毒品,8
2020,4,大肚區,住宅竊盜,1
2020,4,大肚區,毒品,2
2020,4,大里區,機車竊盜,3
2020,4,大里區,毒品,23
2020,4,大里區,汽車竊盜,1
2020,4,大雅區,強盜,1
2020,4,大雅區,毒品,13
2020,4,太平區,機車竊盜,2
2020,4,太平區,毒品,15
2020,4,新社區,毒品,2
2020,4,東勢區,毒品,2
2020,4,東區,毒品,8
2020,4,梧棲區,毒品,6
2020,4,沙鹿區,毒品,5
2020,4,沙鹿區,汽車竊盜,1
2020,4,清水區,機車竊盜,1
2020,4,清水區,毒品,7
2020,4,潭子區,機車竊盜,1
2020,4,潭子區,毒品,8
2020,4,烏日區,毒品,8
2020,4,烏日區,汽車竊盜,1
2020,4,神岡區,毒品,5
2020,4,西區,毒品,12
2020,4,西屯區,住宅竊盜,1
2020,4,西屯區,機車竊盜,1
2020,4,西屯區,毒品,40
2020,4,西屯區,汽車竊盜,1
2020,4,豐原區,機車竊盜,2
2020,4,豐原區,毒品,7
2020,4,霧峰區,毒品,3
2020,4,龍井區,機車竊盜,1
2020,5,中區,毒品,12
2020,5,北區,住宅竊盜,1
2020,5,北區,毒品,42
2020,5,北屯區,機車竊盜,2
2020,5,北屯區,毒品,39
2020,5,南區,機車竊盜,1
2020,5,南區,毒品,5
2020,5,南屯區,毒品,8
2020,5,后里區,毒品,3
2020,5,后里區,汽車竊盜,2
2020,5,外埔區,毒品,1
2020,5,大甲區,機車竊盜,2
2020,5,大甲區,毒品,5
2020,5,大肚區,毒品,2
2020,5,大里區,住宅竊盜,1
2020,5,大里區,毒品,17
2020,5,大雅區,強盜,1
2020,5,大雅區,機車竊盜,1
2020,5,大雅區,毒品,10
2020,5,太平區,毒品,16
2020,5,新社區,毒品,2
2020,5,東區,毒品,5
2020,5,梧棲區,毒品,2
2020,5,沙鹿區,強盜,1
2020,5,沙鹿區,毒品,6
2020,5,清水區,機車竊盜,2
2020,5,清水區,汽車竊盜,2
2020,5,潭子區,住宅竊盜,2
2020,5,潭子區,機車竊盜,1
2020,5,潭子區,毒品,10
2020,5,潭子區,汽車竊盜,1
2020,5,烏日區,機車竊盜,1
2020,5,烏日區,毒品,5
2020,5,神岡區,住宅竊盜,2
2020,5,神岡區,毒品,4
2020,5,神岡區,汽車竊盜,1
2020,5,西區,機車竊盜,1
2020,5,西區,毒品,10
2020,5,西屯區,住宅竊盜,1
2020,5,西屯區,機車竊盜,1
2020,5,西屯區,毒品,33
2020,5,豐原區,住宅竊盜,2
2020,5,豐原區,毒品,6
2020,5,豐原區,汽車竊盜,1
2020,5,霧峰區,機車竊盜,3
2020,5,霧峰區,毒品,1
2020,5,龍井區,住宅竊盜,1
2020,5,龍井區,毒品,1
2020,6,中區,機車竊盜,1
2020,6,中區,毒品,11
2020,6,北區,搶奪,2
2020,6,北區,機車竊盜,5
2020,6,北區,毒品,24
2020,6,北屯區,機車竊盜,1
2020,6,北屯區,毒品,27
2020,6,北屯區,汽車竊盜,2
2020,6,南區,搶奪,1
2020,6,南區,機車竊盜,1
2020,6,南區,毒品,3
2020,6,南屯區,住宅竊盜,1
2020,6,南屯區,毒品,6
2020,6,后里區,毒品,2
2020,6,后里區,汽車竊盜,1
2020,6,大安區,毒品,1
2020,6,大安區,汽車竊盜,1
2020,6,大甲區,機車竊盜,1
2020,6,大甲區,毒品,2
2020,6,大甲區,汽車竊盜,1
2020,6,大里區,機車竊盜,1
2020,6,大里區,毒品,9
2020,6,大里區,汽車竊盜,1
2020,6,大雅區,機車竊盜,1
2020,6,大雅區,毒品,2
2020,6,太平區,機車竊盜,2
2020,6,太平區,毒品,3
2020,6,新社區,毒品,1
2020,6,東勢區,汽車竊盜,1
2020,6,東區,機車竊盜,4
2020,6,東區,毒品,4
2020,6,東區,汽車竊盜,2
2020,6,梧棲區,毒品,1
2020,6,梧棲區,汽車竊盜,1
2020,6,沙鹿區,毒品,1
2020,6,沙鹿區,汽車竊盜,1
2020,6,清水區,機車竊盜,1
2020,6,清水區,毒品,2
2020,6,清水區,汽車竊盜,2
2020,6,潭子區,強盜,1
2020,6,潭子區,毒品,3
2020,6,烏日區,毒品,1
2020,6,神岡區,毒品,1
2020,6,西區,機車竊盜,1
2020,6,西區,毒品,6
2020,6,西屯區,機車竊盜,1
2020,6,西屯區,毒品,26
2020,6,豐原區,住宅竊盜,1
2020,6,豐原區,機車竊盜,3
2020,6,豐原區,毒品,6
2020,6,霧峰區,機車竊盜,1
2020,6,霧峰區,毒品,1
2020,6,龍井區,毒品,1
2020,7,中區,機車竊盜,2
2020,7,中區,毒品,11
2020,7,北區,強盜,1
2020,7,北區,機車竊盜,2
2020,7,北區,毒品,53
2020,7,北屯區,住宅竊盜,1
2020,7,北屯區,機車竊盜,1
2020,7,北屯區,毒品,58
2020,7,南區,住宅竊盜,1
2020,7,南區,機車竊盜,1
2020,7,南區,毒品,5
2020,7,南屯區,毒品,19
2020,7,后里區,毒品,13
2020,7,和平區,毒品,1
2020,7,外埔區,毒品,3
2020,7,大甲區,毒品,9
2020,7,大肚區,住宅竊盜,1
2020,7,大肚區,汽車竊盜,2
2020,7,大里區,強制性交,1
2020,7,大里區,機車竊盜,2
2020,7,大里區,毒品,18
2020,7,大雅區,住宅竊盜,2
2020,7,大雅區,毒品,8
2020,7,太平區,住宅竊盜,1
2020,7,太平區,機車竊盜,2
2020,7,太平區,毒品,11
2020,7,東勢區,毒品,4
2020,7,東區,機車竊盜,1
2020,7,東區,毒品,18
2020,7,梧棲區,毒品,7
2020,7,梧棲區,汽車竊盜,4
2020,7,沙鹿區,機車竊盜,1
2020,7,沙鹿區,毒品,7
2020,7,沙鹿區,汽車竊盜,1
2020,7,清水區,毒品,4
2020,7,清水區,汽車竊盜,1
2020,7,潭子區,住宅竊盜,1
2020,7,潭子區,機車竊盜,1
2020,7,潭子區,毒品,17
2020,7,烏日區,住宅竊盜,1
2020,7,烏日區,毒品,13
2020,7,石岡區,毒品,2
2020,7,神岡區,毒品,6
2020,7,西區,機車竊盜,1
2020,7,西區,毒品,13
2020,7,西屯區,住宅竊盜,1
2020,7,西屯區,機車竊盜,3
2020,7,西屯區,毒品,47
2020,7,西屯區,汽車竊盜,1
2020,7,豐原區,住宅竊盜,1
2020,7,豐原區,強制性交,1
2020,7,豐原區,機車竊盜,2
2020,7,豐原區,毒品,17
2020,7,豐原區,汽車竊盜,1
2020,7,霧峰區,毒品,4
2020,7,龍井區,毒品,11
2020,8,中區,機車竊盜,2
2020,8,中區,毒品,7
2020,8,北區,機車竊盜,1
2020,8,北區,毒品,37
2020,8,北屯區,住宅竊盜,2
2020,8,北屯區,機車竊盜,2
2020,8,北屯區,毒品,22
2020,8,北屯區,汽車竊盜,3
2020,8,南區,毒品,4
2020,8,南區,汽車竊盜,1
2020,8,南屯區,毒品,16
2020,8,后里區,毒品,1
2020,8,和平區,強制性交,1
2020,8,外埔區,毒品,1
2020,8,大安區,毒品,1
2020,8,大甲區,搶奪,1
2020,8,大甲區,毒品,6
2020,8,大肚區,毒品,1
2020,8,大里區,機車竊盜,3
2020,8,大里區,毒品,13
2020,8,大雅區,住宅竊盜,1
2020,8,大雅區,毒品,5
2020,8,大雅區,汽車竊盜,1
2020,8,太平區,機車竊盜,1
2020,8,太平區,毒品,4
2020,8,新社區,毒品,1
2020,8,東勢區,機車竊盜,1
2020,8,東勢區,毒品,2
2020,8,東區,毒品,6
2020,8,梧棲區,毒品,1
2020,8,沙鹿區,機車竊盜,2
2020,8,沙鹿區,毒品,3
2020,8,沙鹿區,汽車竊盜,2
2020,8,清水區,毒品,2
2020,8,潭子區,住宅竊盜,1
2020,8,潭子區,毒品,4
2020,8,烏日區,毒品,9
2020,8,烏日區,汽車竊盜,1
2020,8,神岡區,毒品,2
2020,8,西區,機車竊盜,1
2020,8,西區,毒品,6
2020,8,西屯區,機車竊盜,1
2020,8,西屯區,毒品,29
2020,8,西屯區,汽車竊盜,3
2020,8,豐原區,機車竊盜,1
2020,8,豐原區,毒品,2
2020,8,霧峰區,毒品,2
2020,8,龍井區,毒品,4
2020,8,龍井區,汽車竊盜,1
2020,9,中區,毒品,8
2020,9,北區,機車竊盜,3
2020,9,北區,毒品,9
2020,9,北屯區,毒品,17
2020,9,南區,機車竊盜,1
2020,9,南區,毒品,2
2020,9,南區,汽車竊盜,1
2020,9,南屯區,毒品,6
2020,9,后里區,毒品,1
2020,9,大安區,毒品,1
2020,9,大肚區,住宅竊盜,1
2020,9,大肚區,毒品,1
2020,9,大肚區,汽車竊盜,1
2020,9,大里區,強盜,1
2020,9,大里區,機車竊盜,1
2020,9,大里區,毒品,6
2020,9,大雅區,毒品,2
2020,9,太平區,機車竊盜,1
2020,9,太平區,毒品,11
2020,9,東勢區,毒品,1
2020,9,東區,機車竊盜,1
2020,9,東區,毒品,5
2020,9,梧棲區,住宅竊盜,1
2020,9,梧棲區,機車竊盜,1
2020,9,梧棲區,毒品,2
2020,9,梧棲區,汽車竊盜,2
2020,9,沙鹿區,毒品,3
2020,9,潭子區,毒品,4
2020,9,烏日區,毒品,7
2020,9,西區,搶奪,1
2020,9,西區,機車竊盜,1
2020,9,西區,毒品,2
2020,9,西屯區,住宅竊盜,1
2020,9,西屯區,機車竊盜,3
2020,9,西屯區,毒品,25
2020,9,豐原區,機車竊盜,2
2020,9,豐原區,毒品,5
2020,9,霧峰區,毒品,1
2020,9,龍井區,強盜,1
2020,9,龍井區,毒品,1
2020,9,龍井區,汽車竊盜,1
2020,10,中區,機車竊盜,1
2020,10,中區,毒品,13
2020,10,北區,毒品,36
2020,10,北區,汽車竊盜,1
2020,10,北屯區,強盜,1
2020,10,北屯區,機車竊盜,1
2020,10,北屯區,毒品,23
2020,10,北屯區,汽車竊盜,1
2020,10,南區,住宅竊盜,1
2020,10,南區,機車竊盜,2
2020,10,南區,毒品,7
2020,10,南屯區,住宅竊盜,1
2020,10,南屯區,機車竊盜,1
2020,10,南屯區,毒品,9
2020,10,后里區,機車竊盜,1
2020,10,后里區,毒品,1
2020,10,后里區,汽車竊盜,1
2020,10,外埔區,住宅竊盜,1
2020,10,外埔區,毒品,1
2020,10,大甲區,毒品,5
2020,10,大肚區,強制性交,1
2020,10,大肚區,毒品,2
2020,10,大肚區,汽車竊盜,1
2020,10,大里區,毒品,22
2020,10,大里區,汽車竊盜,1
2020,10,大雅區,住宅竊盜,1
2020,10,大雅區,毒品,7
2020,10,太平區,機車竊盜,6
2020,10,太平區,毒品,17
2020,10,東勢區,住宅竊盜,1
2020,10,東勢區,毒品,1
2020,10,東區,住宅竊盜,1
2020,10,東區,毒品,7
2020,10,梧棲區,毒品,2
2020,10,沙鹿區,機車竊盜,1
2020,10,沙鹿區,毒品,10
2020,10,清水區,機車竊盜,1
2020,10,清水區,毒品,6
2020,10,潭子區,住宅竊盜,3
2020,10,潭子區,機車竊盜,1
2020,10,潭子區,毒品,10
2020,10,潭子區,汽車竊盜,1
2020,10,烏日區,毒品,7
2020,10,神岡區,住宅竊盜,1
2020,10,神岡區,毒品,5
2020,10,西區,機車竊盜,1
2020,10,西區,毒品,10
2020,10,西屯區,住宅竊盜,1
2020,10,西屯區,毒品,41
2020,10,西屯區,汽車竊盜,1
2020,10,豐原區,住宅竊盜,1
2020,10,豐原區,機車竊盜,1
2020,10,豐原區,毒品,14
2020,10,豐原區,汽車竊盜,2
2020,10,霧峰區,毒品,4
2020,10,龍井區,住宅竊盜,2
2020,10,龍井區,毒品,3
2020,11,中區,毒品,14
2020,11,北區,住宅竊盜,1
2020,11,北區,機車竊盜,1
2020,11,北區,毒品,26
2020,11,北屯區,住宅竊盜,1
2020,11,北屯區,機車竊盜,3
2020,11,北屯區,毒品,23
2020,11,北屯區,汽車竊盜,3
2020,11,南區,住宅竊盜,1
2020,11,南區,機車竊盜,2
2020,11,南區,毒品,1
2020,11,南屯區,毒品,12
2020,11,南屯區,汽車竊盜,1
2020,11,后里區,毒品,8
2020,11,外埔區,毒品,1
2020,11,大安區,機車竊盜,1
2020,11,大安區,毒品,1
2020,11,大甲區,毒品,3
2020,11,大肚區,住宅竊盜,1
2020,11,大肚區,毒品,2
2020,11,大里區,機車竊盜,1
2020,11,大里區,毒品,19
2020,11,大雅區,毒品,6
2020,11,太平區,機車竊盜,2
2020,11,太平區,毒品,15
2020,11,東勢區,毒品,3
2020,11,東區,機車竊盜,3
2020,11,東區,毒品,14
2020,11,梧棲區,毒品,2
2020,11,梧棲區,汽車竊盜,1
2020,11,沙鹿區,毒品,8
2020,11,沙鹿區,汽車竊盜,1
2020,11,清水區,毒品,5
2020,11,潭子區,住宅竊盜,2
2020,11,潭子區,毒品,3
2020,11,烏日區,毒品,2
2020,11,西區,毒品,10
2020,11,西區,汽車竊盜,1
2020,11,西屯區,住宅竊盜,2
2020,11,西屯區,機車竊盜,3
2020,11,西屯區,毒品,44
2020,11,豐原區,住宅竊盜,1
2020,11,豐原區,毒品,4
2020,11,霧峰區,機車竊盜,1
2020,11,霧峰區,毒品,3
2020,11,龍井區,住宅竊盜,1
2020,11,龍井區,毒品,2
2020,11,龍井區,汽車竊盜,2
2020,12,中區,毒品,1
2020,12,北區,毒品,16
2020,12,北屯區,機車竊盜,5
2020,12,北屯區,毒品,22
2020,12,北屯區,汽車竊盜,1
2020,12,南區,機車竊盜,1
2020,12,南區,毒品,4
2020,12,南屯區,毒品,5
2020,12,后里區,毒品,2
2020,12,外埔區,毒品,2
2020,12,大安區,毒品,1
2020,12,大肚區,毒品,1
2020,12,大里區,毒品,5
2020,12,大雅區,住宅竊盜,1
2020,12,太平區,機車竊盜,1
2020,12,太平區,毒品,5
2020,12,東區,機車竊盜,1
2020,12,東區,毒品,4
2020,12,沙鹿區,搶奪,1
2020,12,沙鹿區,毒品,2
2020,12,沙鹿區,汽車竊盜,1
2020,12,清水區,毒品,5
2020,12,潭子區,機車竊盜,1
2020,12,潭子區,毒品,2
2020,12,烏日區,毒品,3
2020,12,神岡區,機車竊盜,1
2020,12,神岡區,毒品,2
2020,12,西區,毒品,5
2020,12,西屯區,機車竊盜,1
2020,12,西屯區,毒品,19
2020,12,豐原區,強制性交,1
2020,12,豐原區,毒品,3
2020,12,霧峰區,毒品,3
2020,12,龍井區,汽車竊盜,1
2021,1,中區,住宅竊盜,1
2021,1,中區,搶奪,1
2021,1,中區,機車竊盜,1
2021,1,中區,毒品,8
2021,1,北區,住宅竊盜,1
2021,1,北區,毒品,26
2021,1,北屯區,住宅竊盜,1
2021,1,北屯區,機車竊盜,2
2021,1,北屯區,毒品,29
2021,1,南區,機車竊盜,1
2021,1,南區,毒品,5
2021,1,南屯區,毒品,8
2021,1,后里區,毒品,4
2021,1,和平區,毒品,2
2021,1,外埔區,毒品,4
2021,1,大安區,毒品,1
2021,1,大甲區,住宅竊盜,1
2021,1,大甲區,毒品,10
2021,1,大甲區,汽車竊盜,1
2021,1,大肚區,毒品,4
2021,1,大里區,毒品,14
2021,1,大里區,汽車竊盜,2
2021,1,大雅區,毒品,6
2021,1,大雅區,汽車竊盜,1
2021,1,太平區,住宅竊盜,1
2021,1,太平區,機車竊盜,1
2021,1,太平區,毒品,12
2021,1,東勢區,住宅竊盜,1
2021,1,東勢區,毒品,1
2021,1,東區,機車竊盜,1
2021,1,東區,毒品,10
2021,1,梧棲區,毒品,3
2021,1,梧棲區,汽車竊盜,1
2021,1,沙鹿區,住宅竊盜,2
2021,1,沙鹿區,機車竊盜,1
2021,1,沙鹿區,毒品,8
2021,1,沙鹿區,汽車竊盜,1
2021,1,清水區,毒品,10
2021,1,潭子區,住宅竊盜,4
2021,1,潭子區,機車竊盜,2
2021,1,潭子區,毒品,4
2021,1,烏日區,毒品,7
2021,1,神岡區,住宅竊盜,1
2021,1,神岡區,毒品,3
2021,1,西區,機車竊盜,1
2021,1,西區,毒品,7
2021,1,西屯區,機車竊盜,3
2021,1,西屯區,毒品,39
2021,1,豐原區,住宅竊盜,1
2021,1,豐原區,毒品,8
2021,1,霧峰區,機車竊盜,2
2021,1,霧峰區,毒品,6
2021,1,龍井區,住宅竊盜,1
2021,1,龍井區,毒品,4
2021,2,中區,毒品,4
2021,2,北區,住宅竊盜,1
2021,2,北區,機車竊盜,1
2021,2,北區,毒品,15
2021,2,北屯區,機車竊盜,1
2021,2,北屯區,毒品,22
2021,2,南區,機車竊盜,1
2021,2,南區,毒品,1
2021,2,南屯區,毒品,6
2021,2,南屯區,汽車竊盜,2
2021,2,外埔區,毒品,2
2021,2,大安區,毒品,2
2021,2,大甲區,搶奪,1
2021,2,大甲區,毒品,4
2021,2,大里區,機車竊盜,2
2021,2,大里區,毒品,8
2021,2,大雅區,毒品,3
2021,2,太平區,機車竊盜,1
2021,2,太平區,毒品,8
2021,2,太平區,汽車竊盜,2
2021,2,東勢區,毒品,1
2021,2,東區,毒品,9
2021,2,東區,汽車竊盜,1
2021,2,梧棲區,毒品,3
2021,2,沙鹿區,毒品,3
2021,2,清水區,機車竊盜,1
2021,2,清水區,毒品,2
2021,2,潭子區,機車竊盜,1
2021,2,潭子區,毒品,2
2021,2,烏日區,住宅竊盜,1
2021,2,烏日區,機車竊盜,1
2021,2,烏日區,毒品,12
2021,2,神岡區,機車竊盜,1
2021,2,神岡區,毒品,2
2021,2,西區,住宅竊盜,1
2021,2,西區,強盜,1
2021,2,西區,毒品,4
2021,2,西屯區,機車竊盜,1
2021,2,西屯區,毒品,18
2021,2,豐原區,住宅竊盜,1
2021,2,豐原區,毒品,5
2021,2,豐原區,汽車竊盜,1
2021,2,霧峰區,機車竊盜,1
2021,2,龍井區,毒品,8
2021,3,中區,機車竊盜,1
2021,3,中區,毒品,5
2021,3,北區,機車竊盜,1
2021,3,北區,毒品,24
2021,3,北屯區,機車竊盜,3
2021,3,北屯區,毒品,25
2021,3,北屯區,汽車竊盜,1
2021,3,南區,機車竊盜,1
2021,3,南區,毒品,3
2021,3,南屯區,機車竊盜,1
2021,3,南屯區,毒品,4
2021,3,南屯區,汽車竊盜,1
2021,3,后里區,機車竊盜,1
2021,3,外埔區,毒品,1
2021,3,大甲區,毒品,2
2021,3,大肚區,住宅竊盜,1
2021,3,大肚區,搶奪,1
2021,3,大肚區,毒品,1
2021,3,大里區,強盜,1
2021,3,大里區,毒品,11
2021,3,大雅區,毒品,4
2021,3,太平區,住宅竊盜,1
2021,3,太平區,機車竊盜,1
2021,3,太平區,毒品,8
2021,3,新社區,毒品,1
2021,3,東勢區,毒品,1
2021,3,東區,毒品,5
2021,3,沙鹿區,住宅竊盜,1
2021,3,沙鹿區,毒品,4
2021,3,清水區,毒品,1
2021,3,潭子區,機車竊盜,1
2021,3,潭子區,毒品,3
2021,3,烏日區,毒品,1
2021,3,石岡區,機車竊盜,1
2021,3,石岡區,汽車竊盜,1
2021,3,神岡區,機車竊盜,1
2021,3,西區,機車竊盜,3
2021,3,西區,毒品,5
2021,3,西區,汽車竊盜,1
2021,3,西屯區,住宅竊盜,1
2021,3,西屯區,機車竊盜,2
2021,3,西屯區,毒品,22
2021,3,豐原區,機車竊盜,1
2021,3,豐原區,毒品,5
2021,3,霧峰區,毒品,3
2021,3,龍井區,毒品,2
2021,4,中區,機車竊盜,1
2021,4,中區,毒品,15
2021,4,北區,住宅竊盜,1
2021,4,北區,機車竊盜,3
2021,4,北區,毒品,29
2021,4,北屯區,強制性交,1
2021,4,北屯區,強盜,1
2021,4,北屯區,機車竊盜,2
2021,4,北屯區,毒品,41
2021,4,北屯區,汽車竊盜,1
2021,4,南區,毒品,10
2021,4,南屯區,毒品,13
2021,4,后里區,毒品,1
2021,4,外埔區,毒品,2
2021,4,大安區,住宅竊盜,1
2021,4,大甲區,機車竊盜,1
2021,4,大甲區,毒品,4
2021,4,大肚區,機車竊盜,1
2021,4,大肚區,毒品,2
2021,4,大里區,機車竊盜,1
2021,4,大里區,毒品,14
2021,4,大雅區,毒品,7
2021,4,太平區,住宅竊盜,1
2021,4,太平區,機車竊盜,2
2021,4,太平區,毒品,18
2021,4,新社區,住宅竊盜,1
2021,4,新社區,機車竊盜,1
2021,4,新社區,毒品,1
2021,4,東勢區,機車竊盜,2
2021,4,東勢區,毒品,1
2021,4,東勢區,汽車竊盜,1
2021,4,東區,毒品,12
2021,4,梧棲區,毒品,2
2021,4,沙鹿區,住宅竊盜,1
2021,4,沙鹿區,強盜,2
2021,4,沙鹿區,機車竊盜,1
2021,4,沙鹿區,毒品,9
2021,4,清水區,住宅竊盜,1
2021,4,清水區,毒品,4
2021,4,潭子區,機車竊盜,2
2021,4,潭子區,毒品,7
2021,4,烏日區,毒品,5
2021,4,烏日區,汽車竊盜,1
2021,4,神岡區,毒品,8
2021,4,西區,住宅竊盜,1
2021,4,西區,毒品,6
2021,4,西屯區,機車竊盜,1
2021,4,西屯區,毒品,43
2021,4,豐原區,機車竊盜,1
2021,4,豐原區,毒品,13
2021,4,霧峰區,毒品,7
2021,4,龍井區,毒品,3
2021,5,中區,毒品,10
2021,5,北區,毒品,14
2021,5,北屯區,強制性交,1
2021,5,北屯區,強盜,1
2021,5,北屯區,機車竊盜,3
2021,5,北屯區,毒品,16
2021,5,南區,機車竊盜,2
2021,5,南區,毒品,6
2021,5,南屯區,強盜,1
2021,5,南屯區,毒品,7
2021,5,外埔區,毒品,1
2021,5,大甲區,機車竊盜,1
2021,5,大甲區,毒品,3
2021,5,大里區,住宅竊盜,1
2021,5,大里區,機車竊盜,3
2021,5,大里區,毒品,15
2021,5,大雅區,毒品,1
2021,5,太平區,機車竊盜,1
2021,5,太平區,毒品,6
2021,5,新社區,機車竊盜,1
2021,5,東勢區,毒品,3
2021,5,東區,機車竊盜,1
2021,5,東區,毒品,1
2021,5,梧棲區,毒品,1
2021,5,沙鹿區,住宅竊盜,1
2021,5,沙鹿區,機車竊盜,1
2021,5,沙鹿區,毒品,5
2021,5,沙鹿區,汽車竊盜,1
2021,5,清水區,住宅竊盜,2
2021,5,清水區,毒品,6
2021,5,潭子區,毒品,4
2021,5,潭子區,汽車竊盜,1
2021,5,烏日區,毒品,6
2021,5,神岡區,住宅竊盜,1
2021,5,神岡區,毒品,2
2021,5,西區,毒品,6
2021,5,西屯區,住宅竊盜,2
2021,5,西屯區,搶奪,1
2021,5,西屯區,毒品,20
2021,5,豐原區,機車竊盜,4
2021,5,豐原區,毒品,1
2021,5,霧峰區,毒品,3
2021,5,龍井區,毒品,1
2021,6,中區,機車竊盜,1
2021,6,北區,搶奪,2
2021,6,北區,機車竊盜,1
2021,6,北區,毒品,2
2021,6,北屯區,住宅竊盜,1
2021,6,北屯區,機車竊盜,3
2021,6,北屯區,毒品,2
2021,6,南區,毒品,1
2021,6,和平區,毒品,1
2021,6,大安區,住宅竊盜,1
2021,6,大甲區,機車竊盜,2
2021,6,大甲區,毒品,1
2021,6,大里區,毒品,1
2021,6,大雅區,毒品,1
2021,6,太平區,毒品,1
2021,6,東勢區,汽車竊盜,1
2021,6,東區,汽車竊盜,1
2021,6,梧棲區,住宅竊盜,1
2021,6,梧棲區,毒品,1
2021,6,沙鹿區,住宅竊盜,1
2021,6,沙鹿區,機車竊盜,3
2021,6,沙鹿區,毒品,1
2021,6,清水區,機車竊盜,1
2021,6,潭子區,機車竊盜,1
2021,6,潭子區,毒品,3
2021,6,神岡區,機車竊盜,1
2021,6,神岡區,毒品,1
2021,6,神岡區,汽車竊盜,1
2021,6,西區,機車竊盜,1
2021,6,西屯區,住宅竊盜,1
2021,6,西屯區,機車竊盜,1
2021,6,西屯區,毒品,5
2021,6,西屯區,汽車竊盜,1
2021,6,豐原區,機車竊盜,1
2021,6,豐原區,毒品,2
2021,6,豐原區,汽車竊盜,1
2021,6,霧峰區,毒品,1
2021,6,龍井區,機車竊盜,1
2021,7,中區,機車竊盜,2
2021,7,中區,毒品,16
2021,7,北區,機車竊盜,4
2021,7,北區,毒品,25
2021,7,北屯區,毒品,22
2021,7,南區,住宅竊盜,1
2021,7,南區,機車竊盜,2
2021,7,南區,毒品,3
2021,7,南屯區,毒品,14
2021,7,后里區,毒品,1
2021,7,后里區,汽車竊盜,1
2021,7,外埔區,毒品,1
2021,7,大安區,毒品,1
2021,7,大甲區,毒品,7
2021,7,大肚區,毒品,3
2021,7,大里區,機車竊盜,1
2021,7,大里區,毒品,15
2021,7,大雅區,毒品,2
2021,7,太平區,強盜,1
2021,7,太平區,機車竊盜,1
2021,7,太平區,毒品,12
2021,7,東勢區,機車竊盜,1
2021,7,東勢區,毒品,2
2021,7,東區,毒品,3
2021,7,梧棲區,住宅竊盜,1
2021,7,梧棲區,毒品,6
2021,7,沙鹿區,機車竊盜,2
2021,7,沙鹿區,毒品,7
2021,7,清水區,毒品,9
2021,7,潭子區,毒品,7
2021,7,烏日區,毒品,2
2021,7,烏日區,汽車竊盜,1
2021,7,神岡區,毒品,8
2021,7,西區,住宅竊盜,1
2021,7,西區,機車竊盜,1
2021,7,西區,毒品,7
2021,7,西屯區,毒品,37
2021,7,西屯區,汽車竊盜,2
2021,7,豐原區,住宅竊盜,1
2021,7,豐原區,毒品,11
2021,7,霧峰區,毒品,6
2021,7,龍井區,毒品,2
2021,8,中區,毒品,6
2021,8,北區,毒品,20
2021,8,北屯區,毒品,27
2021,8,南區,住宅竊盜,1
2021,8,南區,毒品,6
2021,8,南屯區,住宅竊盜,1
2021,8,南屯區,毒品,15
2021,8,后里區,機車竊盜,1
2021,8,后里區,毒品,6
2021,8,和平區,毒品,1
2021,8,外埔區,機車竊盜,1
2021,8,外埔區,毒品,8
2021,8,大安區,毒品,2
2021,8,大甲區,毒品,17
2021,8,大肚區,毒品,2
2021,8,大里區,毒品,19
2021,8,大雅區,毒品,5
2021,8,太平區,毒品,13
2021,8,新社區,汽車竊盜,1
2021,8,東勢區,毒品,1
2021,8,東區,毒品,5
2021,8,梧棲區,毒品,4
2021,8,沙鹿區,毒品,4
2021,8,清水區,毒品,8
2021,8,潭子區,機車竊盜,1
2021,8,潭子區,毒品,5
2021,8,烏日區,毒品,8
2021,8,神岡區,毒品,3
2021,8,西區,機車竊盜,1
2021,8,西區,毒品,14
2021,8,西屯區,住宅竊盜,2
2021,8,西屯區,機車竊盜,1
2021,8,西屯區,毒品,41
2021,8,西屯區,汽車竊盜,1
2021,8,豐原區,毒品,7
2021,8,霧峰區,毒品,10
2021,8,龍井區,毒品,4
2021,9,中區,毒品,6
2021,9,北區,毒品,9
2021,9,北屯區,住宅竊盜,1
2021,9,北屯區,機車竊盜,1
2021,9,北屯區,毒品,8
2021,9,北屯區,汽車竊盜,1
2021,9,南區,機車竊盜,2
2021,9,南區,毒品,6
2021,9,南屯區,機車竊盜,2
2021,9,南屯區,毒品,6
2021,9,后里區,毒品,2
2021,9,和平區,毒品,1
2021,9,大甲區,毒品,3
2021,9,大肚區,毒品,1
2021,9,大里區,毒品,10
2021,9,大雅區,機車竊盜,1
2021,9,大雅區,毒品,10
2021,9,大雅區,汽車竊盜,1
2021,9,太平區,強盜,1
2021,9,太平區,機車竊盜,2
2021,9,太平區,毒品,10
2021,9,新社區,毒品,1
2021,9,東勢區,毒品,1
2021,9,東區,住宅竊盜,1
2021,9,東區,機車竊盜,3
2021,9,東區,毒品,5
2021,9,梧棲區,強盜,1
2021,9,梧棲區,機車竊盜,1
2021,9,沙鹿區,機車竊盜,1
2021,9,沙鹿區,毒品,4
2021,9,潭子區,住宅竊盜,1
2021,9,潭子區,機車竊盜,2
2021,9,潭子區,毒品,2
2021,9,烏日區,毒品,4
2021,9,烏日區,汽車竊盜,2
2021,9,石岡區,毒品,1
2021,9,神岡區,機車竊盜,1
2021,9,神岡區,毒品,6
2021,9,神岡區,汽車竊盜,1
2021,9,西區,機車竊盜,2
2021,9,西區,毒品,5
2021,9,西屯區,機車竊盜,1
2021,9,西屯區,毒品,25
2021,9,豐原區,機車竊盜,7
2021,9,豐原區,毒品,3
2021,9,霧峰區,毒品,2
2021,9,龍井區,毒品,1
2021,10,中區,機車竊盜,1
2021,10,中區,毒品,9
2021,10,北區,住宅竊盜,1
2021,10,北區,機車竊盜,3
2021,10,北區,毒品,34
2021,10,北屯區,住宅竊盜,1
2021,10,北屯區,機車竊盜,2
2021,10,北屯區,毒品,27
2021,10,北屯區,汽車竊盜,2
2021,10,南區,機車竊盜,1
2021,10,南區,毒品,9
2021,10,南屯區,毒品,17
2021,10,后里區,機車竊盜,1
2021,10,后里區,毒品,4
2021,10,和平區,毒品,1
2021,10,外埔區,毒品,5
2021,10,外埔區,汽車竊盜,1
2021,10,大甲區,毒品,10
2021,10,大肚區,毒品,1
2021,10,大里區,機車竊盜,2
2021,10,大里區,毒品,26
2021,10,大雅區,毒品,4
2021,10,太平區,機車竊盜,2
2021,10,太平區,毒品,25
2021,10,新社區,毒品,1
2021,10,東勢區,毒品,1
2021,10,東區,住宅竊盜,3
2021,10,東區,機車竊盜,1
2021,10,東區,毒品,4
2021,10,梧棲區,毒品,3
2021,10,沙鹿區,機車竊盜,2
2021,10,沙鹿區,毒品,5
2021,10,清水區,機車竊盜,1
2021,10,清水區,毒品,10
2021,10,潭子區,住宅竊盜,2
2021,10,潭子區,搶奪,1
2021,10,潭子區,毒品,9
2021,10,潭子區,汽車竊盜,1
2021,10,烏日區,住宅竊盜,1
2021,10,烏日區,毒品,8
2021,10,烏日區,汽車竊盜,1
2021,10,石岡區,毒品,2
2021,10,神岡區,住宅竊盜,1
2021,10,神岡區,毒品,10
2021,10,西區,機車竊盜,1
2021,10,西區,毒品,18
2021,10,西屯區,住宅竊盜,1
2021,10,西屯區,機車竊盜,2
2021,10,西屯區,毒品,37
2021,10,豐原區,住宅竊盜,2
2021,10,豐原區,機車竊盜,5
2021,10,豐原區,毒品,13
2021,10,霧峰區,住宅竊盜,1
2021,10,霧峰區,強盜,1
2021,10,霧峰區,機車竊盜,1
2021,10,霧峰區,毒品,10
2021,10,龍井區,毒品,1
2021,11,中區,毒品,8
2021,11,北區,機車竊盜,1
2021,11,北區,毒品,20
2021,11,北區,汽車竊盜,1
2021,11,北屯區,住宅竊盜,1
2021,11,北屯區,機車竊盜,5
2021,11,北屯區,毒品,19
2021,11,南區,毒品,8
2021,11,南屯區,機車竊盜,1
2021,11,南屯區,毒品,10
2021,11,后里區,毒品,4
2021,11,大安區,毒品,2
2021,11,大甲區,強盜,1
2021,11,大甲區,毒品,5
2021,11,大肚區,強制性交,1
2021,11,大肚區,毒品,1
2021,11,大里區,機車竊盜,2
2021,11,大里區,毒品,6
2021,11,大里區,汽車竊盜,1
2021,11,大雅區,機車竊盜,1
2021,11,大雅區,毒品,6
2021,11,太平區,機車竊盜,3
2021,11,太平區,毒品,10
2021,11,太平區,汽車竊盜,1
2021,11,東勢區,機車竊盜,1
2021,11,東區,機車竊盜,1
2021,11,東區,毒品,8
2021,11,梧棲區,毒品,3
2021,11,沙鹿區,機車竊盜,1
2021,11,沙鹿區,毒品,5
2021,11,清水區,毒品,2
2021,11,潭子區,毒品,2
2021,11,烏日區,毒品,7
2021,11,神岡區,毒品,1
2021,11,西區,機車竊盜,1
2021,11,西區,毒品,3
2021,11,西屯區,機車竊盜,2
2021,11,西屯區,毒品,29
2021,11,西屯區,汽車竊盜,1
2021,11,豐原區,機車竊盜,2
2021,11,豐原區,毒品,3
2021,11,豐原區,汽車竊盜,1
2021,11,霧峰區,機車竊盜,1
2021,11,霧峰區,毒品,4
2021,11,龍井區,毒品,5
2021,11,龍井區,汽車竊盜,1
2021,12,中區,機車竊盜,1
2021,12,中區,毒品,2
2021,12,北區,強盜,1
2021,12,北區,機車竊盜,7
2021,12,北區,毒品,11
2021,12,北屯區,住宅竊盜,2
2021,12,北屯區,機車竊盜,4
2021,12,北屯區,毒品,7
2021,12,南區,機車竊盜,4
2021,12,南區,毒品,3
2021,12,南屯區,毒品,3
2021,12,外埔區,毒品,1
2021,12,大甲區,毒品,1
2021,12,大里區,機車竊盜,1
2021,12,大里區,毒品,5
2021,12,大雅區,機車竊盜,1
2021,12,大雅區,毒品,2
2021,12,太平區,機車竊盜,2
2021,12,太平區,毒品,5
2021,12,東勢區,汽車竊盜,1
2021,12,東區,機車竊盜,1
2021,12,東區,毒品,4
2021,12,梧棲區,住宅竊盜,1
2021,12,沙鹿區,機車竊盜,1
2021,12,沙鹿區,毒品,2
2021,12,清水區,強盜,1
2021,12,清水區,毒品,1
2021,12,潭子區,毒品,4
2021,12,烏日區,機車竊盜,2
2021,12,烏日區,毒品,2
2021,12,西區,機車竊盜,1
2021,12,西區,毒品,2
2021,12,西屯區,機車竊盜,4
2021,12,西屯區,毒品,11
2021,12,豐原區,毒品,2
2021,12,豐原區,組織犯罪防制條例,1
2021,12,霧峰區,毒品,2
2021,12,龍井區,毒品,1
2022,1,中區,機車竊盜,5
2022,1,中區,毒品,4
2022,1,北區,機車竊盜,2
2022,1,北區,毒品,22
2022,1,北屯區,強盜,1
2022,1,北屯區,機車竊盜,2
2022,1,北屯區,毒品,19
2022,1,南區,機車竊盜,1
2022,1,南區,毒品,5
2022,1,南屯區,毒品,11
2022,1,后里區,毒品,4
2022,1,和平區,毒品,2
2022,1,外埔區,毒品,4
2022,1,大安區,毒品,2
2022,1,大甲區,機車竊盜,2
2022,1,大甲區,毒品,4
2022,1,大肚區,毒品,3
2022,1,大里區,機車竊盜,2
2022,1,大里區,毒品,17
2022,1,大雅區,機車竊盜,2
2022,1,大雅區,毒品,2
2022,1,太平區,機車竊盜,3
2022,1,太平區,毒品,11
2022,1,新社區,毒品,1
2022,1,東勢區,毒品,2
2022,1,東區,機車竊盜,2
2022,1,東區,毒品,5
2022,1,梧棲區,毒品,3
2022,1,沙鹿區,毒品,2
2022,1,清水區,毒品,7
2022,1,潭子區,毒品,8
2022,1,烏日區,毒品,6
2022,1,石岡區,毒品,1
2022,1,石岡區,汽車竊盜,1
2022,1,神岡區,毒品,7
2022,1,西區,毒品,6
2022,1,西屯區,住宅竊盜,1
2022,1,西屯區,機車竊盜,3
2022,1,西屯區,毒品,22
2022,1,豐原區,住宅竊盜,1
2022,1,豐原區,強制性交,1
2022,1,豐原區,毒品,6
2022,1,豐原區,汽車竊盜,1
2022,1,霧峰區,住宅竊盜,1
2022,1,霧峰區,機車竊盜,1
2022,1,霧峰區,毒品,6
2022,1,龍井區,機車竊盜,1
2022,1,龍井區,毒品,4
2022,2,中區,機車竊盜,1
2022,2,中區,毒品,6
2022,2,中區,汽車竊盜,1
2022,2,北區,住宅竊盜,1
2022,2,北區,機車竊盜,2
2022,2,北區,毒品,15
2022,2,北屯區,機車竊盜,1
2022,2,北屯區,毒品,14
2022,2,南區,機車竊盜,1
2022,2,南區,毒品,9
2022,2,南屯區,毒品,7
2022,2,后里區,汽車竊盜,1
2022,2,外埔區,毒品,2
2022,2,大甲區,毒品,1
2022,2,大肚區,毒品,4
2022,2,大里區,毒品,8
2022,2,大雅區,毒品,1
2022,2,太平區,毒品,12
2022,2,新社區,機車竊盜,3
2022,2,東區,住宅竊盜,1
2022,2,東區,機車竊盜,1
2022,2,東區,毒品,9
2022,2,梧棲區,毒品,2
2022,2,沙鹿區,毒品,5
2022,2,清水區,毒品,6
2022,2,潭子區,毒品,2
2022,2,烏日區,毒品,2
2022,2,神岡區,毒品,3
2022,2,西區,機車竊盜,4
2022,2,西區,毒品,5
2022,2,西屯區,機車竊盜,1
2022,2,西屯區,毒品,12
2022,2,西屯區,汽車竊盜,1
2022,2,豐原區,住宅竊盜,1
2022,2,豐原區,機車竊盜,3
2022,2,豐原區,毒品,2
2022,2,霧峰區,機車竊盜,1
2022,2,霧峰區,毒品,10
2022,2,龍井區,毒品,2
2022,2,龍井區,汽車竊盜,1
2022,3,中區,毒品,1
2022,3,北區,機車竊盜,3
2022,3,北區,毒品,22
2022,3,北屯區,毒品,9
2022,3,南屯區,毒品,2
2022,3,后里區,毒品,2
2022,3,大甲區,毒品,2
2022,3,大肚區,毒品,2
2022,3,大里區,機車竊盜,1
2022,3,大里區,毒品,13
2022,3,大雅區,機車竊盜,1
2022,3,大雅區,毒品,2
2022,3,太平區,機車竊盜,2
2022,3,太平區,毒品,7
2022,3,新社區,毒品,1
2022,3,東勢區,毒品,1
2022,3,東區,毒品,3
2022,3,梧棲區,毒品,1
2022,3,沙鹿區,毒品,1
2022,3,清水區,毒品,1
2022,3,潭子區,機車竊盜,1
2022,3,潭子區,毒品,2
2022,3,烏日區,毒品,2
2022,3,石岡區,機車竊盜,1
2022,3,神岡區,毒品,2
2022,3,西區,機車竊盜,2
2022,3,西區,毒品,7
2022,3,西區,汽車竊盜,1
2022,3,西屯區,機車竊盜,3
2022,3,西屯區,毒品,23
2022,3,豐原區,機車竊盜,1
2022,3,豐原區,毒品,8
2022,3,豐原區,汽車竊盜,1
2022,3,霧峰區,機車竊盜,1
2022,3,霧峰區,毒品,3
2022,3,龍井區,強盜,1
2022,3,龍井區,毒品,1
2022,4,中區,機車竊盜,1
2022,4,中區,毒品,12
2022,4,北區,搶奪,1
2022,4,北區,機車竊盜,1
2022,4,北區,毒品,24
2022,4,北屯區,住宅竊盜,1
2022,4,北屯區,機車竊盜,2
2022,4,北屯區,毒品,20
2022,4,南區,機車竊盜,3
2022,4,南區,毒品,4
2022,4,南屯區,毒品,7
2022,4,后里區,毒品,4
2022,4,外埔區,毒品,4
2022,4,大安區,毒品,1
2022,4,大甲區,毒品,2
2022,4,大里區,強盜,1
2022,4,大里區,機車竊盜,1
2022,4,大里區,毒品,16
2022,4,大雅區,機車竊盜,1
2022,4,大雅區,毒品,2
2022,4,太平區,住宅竊盜,1
2022,4,太平區,機車竊盜,2
2022,4,太平區,毒品,11
2022,4,東區,機車竊盜,1
2022,4,東區,毒品,8
2022,4,梧棲區,毒品,2
2022,4,沙鹿區,毒品,4
2022,4,清水區,機車竊盜,1
2022,4,清水區,毒品,7
2022,4,潭子區,住宅竊盜,2
2022,4,潭子區,毒品,4
2022,4,烏日區,毒品,3
2022,4,神岡區,毒品,4
2022,4,西區,住宅竊盜,1
2022,4,西區,毒品,9
2022,4,西區,汽車竊盜,1
2022,4,西屯區,搶奪,1
2022,4,西屯區,機車竊盜,2
2022,4,西屯區,毒品,38
2022,4,豐原區,住宅竊盜,1
2022,4,豐原區,強盜,1
2022,4,豐原區,毒品,6
2022,4,霧峰區,毒品,6
2022,4,龍井區,機車竊盜,1
2022,4,龍井區,毒品,4
2022,5,中區,毒品,8
2022,5,中區,汽車竊盜,1
2022,5,北區,機車竊盜,3
2022,5,北區,毒品,15
2022,5,北區,汽車竊盜,1
2022,5,北屯區,機車竊盜,2
2022,5,北屯區,毒品,14
2022,5,南區,機車竊盜,1
2022,5,南區,毒品,4
2022,5,南屯區,住宅竊盜,3
2022,5,南屯區,機車竊盜,1
2022,5,南屯區,毒品,6
2022,5,南屯區,汽車竊盜,1
2022,5,后里區,機車竊盜,1
2022,5,后里區,毒品,4
2022,5,大安區,毒品,1
2022,5,大甲區,毒品,4
2022,5,大肚區,毒品,4
2022,5,大里區,機車竊盜,1
2022,5,大里區,毒品,13
2022,5,大雅區,機車竊盜,2
2022,5,大雅區,毒品,2
2022,5,大雅區,汽車竊盜,1
2022,5,太平區,機車竊盜,2
2022,5,太平區,毒品,5
2022,5,新社區,汽車竊盜,1
2022,5,東勢區,毒品,2
2022,5,東區,機車竊盜,2
2022,5,東區,毒品,2
2022,5,梧棲區,住宅竊盜,2
2022,5,梧棲區,機車竊盜,1
2022,5,沙鹿區,毒品,2
2022,5,清水區,住宅竊盜,1
2022,5,清水區,毒品,3
2022,5,潭子區,毒品,5
2022,5,潭子區,汽車竊盜,1
2022,5,烏日區,機車竊盜,1
2022,5,烏日區,毒品,2
2022,5,烏日區,汽車竊盜,3
2022,5,神岡區,強盜,1
2022,5,神岡區,毒品,5
2022,5,西區,機車竊盜,1
2022,5,西區,毒品,10
2022,5,西屯區,住宅竊盜,1
2022,5,西屯區,機車竊盜,1
2022,5,西屯區,毒品,22
2022,5,西屯區,汽車竊盜,3
2022,5,豐原區,毒品,9
2022,5,霧峰區,毒品,4
2022,5,霧峰區,汽車竊盜,1
2022,5,龍井區,毒品,2
2022,6,中區,毒品,2
2022,6,北區,機車竊盜,1
2022,6,北區,毒品,5
2022,6,北屯區,機車竊盜,1
2022,6,北屯區,毒品,8
2022,6,南區,機車竊盜,1
2022,6,南屯區,毒品,4
2022,6,后里區,毒品,4
2022,6,和平區,機車竊盜,1
2022,6,外埔區,毒品,1
2022,6,大甲區,機車竊盜,1
2022,6,大肚區,機車竊盜,1
2022,6,大里區,搶奪,1
2022,6,大里區,毒品,10
2022,6,太平區,機車竊盜,5
2022,6,太平區,毒品,8
2022,6,太平區,汽車竊盜,2
2022,6,新社區,機車竊盜,1
2022,6,東區,毒品,2
2022,6,梧棲區,毒品,2
2022,6,沙鹿區,強盜,1
2022,6,沙鹿區,毒品,1
2022,6,清水區,機車竊盜,1
2022,6,清水區,毒品,1
2022,6,潭子區,機車竊盜,1
2022,6,烏日區,毒品,2
2022,6,神岡區,毒品,3
2022,6,神岡區,汽車竊盜,1
2022,6,西區,機車竊盜,1
2022,6,西區,毒品,1
2022,6,西屯區,毒品,12
2022,6,豐原區,機車竊盜,2
2022,6,豐原區,毒品,7
2022,6,霧峰區,毒品,2
2022,6,龍井區,毒品,1
2022,7,中區,機車竊盜,1
2022,7,北區,住宅竊盜,1
2022,7,北區,毒品,36
2022,7,北屯區,強盜,1
2022,7,北屯區,機車竊盜,1
2022,7,北屯區,毒品,27
2022,7,南區,毒品,10
2022,7,南屯區,毒品,14
2022,7,南屯區,汽車竊盜,1
2022,7,后里區,機車竊盜,1
2022,7,后里區,毒品,8
2022,7,外埔區,毒品,3
2022,7,外埔區,汽車竊盜,1
2022,7,大安區,毒品,1
2022,7,大甲區,機車竊盜,1
2022,7,大甲區,毒品,13
2022,7,大肚區,毒品,3
2022,7,大里區,機車竊盜,1
2022,7,大里區,毒品,29
2022,7,大里區,汽車竊盜,1
2022,7,大雅區,住宅竊盜,1
2022,7,大雅區,毒品,1
2022,7,太平區,機車竊盜,2
2022,7,太平區,毒品,15
2022,7,東勢區,毒品,2
2022,7,東區,毒品,8
2022,7,東區,汽車竊盜,1
2022,7,梧棲區,毒品,6
2022,7,沙鹿區,搶奪,1
2022,7,沙鹿區,毒品,14
2022,7,清水區,毒品,14
2022,7,潭子區,毒品,10
2022,7,烏日區,機車竊盜,1
2022,7,烏日區,毒品,9
2022,7,神岡區,毒品,3
2022,7,西區,毒品,6
2022,7,西區,汽車竊盜,1
2022,7,西屯區,住宅竊盜,1
2022,7,西屯區,機車竊盜,5
2022,7,西屯區,毒品,41
2022,7,西屯區,汽車竊盜,1
2022,7,豐原區,機車竊盜,3
2022,7,豐原區,毒品,7
2022,7,霧峰區,毒品,12
2022,7,霧峰區,汽車竊盜,1
2022,7,龍井區,毒品,8
2022,8,中區,毒品,3
2022,8,北區,機車竊盜,2
2022,8,北區,毒品,12
2022,8,北屯區,毒品,6
2022,8,南區,毒品,3
2022,8,南屯區,機車竊盜,1
2022,8,南屯區,毒品,6
2022,8,后里區,機車竊盜,1
2022,8,后里區,毒品,2
2022,8,外埔區,毒品,1
2022,8,大甲區,機車竊盜,1
2022,8,大甲區,毒品,1
2022,8,大甲區,汽車竊盜,1
2022,8,大肚區,毒品,2
2022,8,大里區,毒品,14
2022,8,大雅區,機車竊盜,1
2022,8,大雅區,毒品,3
2022,8,太平區,住宅竊盜,1
2022,8,太平區,機車竊盜,2
2022,8,太平區,毒品,7
2022,8,東勢區,毒品,2
2022,8,東區,機車竊盜,2
2022,8,東區,毒品,8
2022,8,梧棲區,毒品,1
2022,8,沙鹿區,毒品,4
2022,8,清水區,毒品,3
2022,8,潭子區,毒品,3
2022,8,烏日區,機車竊盜,1
2022,8,烏日區,毒品,1
2022,8,神岡區,毒品,4
2022,8,西區,機車竊盜,4
2022,8,西區,毒品,4
2022,8,西屯區,機車竊盜,1
2022,8,西屯區,毒品,25
2022,8,豐原區,毒品,8
2022,8,霧峰區,機車竊盜,1
2022,8,霧峰區,毒品,2
2022,8,龍井區,機車竊盜,1
2022,8,龍井區,毒品,1
2022,9,中區,毒品,1
2022,9,北區,毒品,10
2022,9,北屯區,機車竊盜,1
2022,9,北屯區,毒品,8
2022,9,南區,毒品,1
2022,9,南屯區,毒品,6
2022,9,后里區,毒品,1
2022,9,大甲區,機車竊盜,1
2022,9,大甲區,毒品,2
2022,9,大肚區,毒品,1
2022,9,大里區,機車竊盜,1
2022,9,大里區,毒品,5
2022,9,大里區,汽車竊盜,1
2022,9,大雅區,毒品,1
2022,9,太平區,住宅竊盜,1
2022,9,太平區,毒品,6
2022,9,東勢區,機車竊盜,1
2022,9,東區,機車竊盜,2
2022,9,東區,毒品,4
2022,9,梧棲區,毒品,1
2022,9,沙鹿區,機車竊盜,1
2022,9,清水區,毒品,3
2022,9,潭子區,機車竊盜,1
2022,9,烏日區,毒品,1
2022,9,神岡區,毒品,1
2022,9,西區,毒品,5
2022,9,西屯區,毒品,17
2022,9,豐原區,機車竊盜,2
2022,9,豐原區,毒品,1
2022,10,中區,住宅竊盜,1
2022,10,中區,機車竊盜,3
2022,10,中區,毒品,10
2022,10,北區,機車竊盜,4
2022,10,北區,毒品,44
2022,10,北屯區,住宅竊盜,2
2022,10,北屯區,機車竊盜,5
2022,10,北屯區,毒品,26
2022,10,南區,機車竊盜,1
2022,10,南區,毒品,3
2022,10,南屯區,毒品,7
2022,10,后里區,毒品,2
2022,10,和平區,機車竊盜,1
2022,10,和平區,毒品,1
2022,10,外埔區,毒品,1
2022,10,大安區,毒品,2
2022,10,大甲區,機車竊盜,1
2022,10,大甲區,毒品,3
2022,10,大肚區,毒品,3
2022,10,大里區,機車竊盜,1
2022,10,大里區,毒品,17
2022,10,大雅區,機車竊盜,1
2022,10,大雅區,毒品,10
2022,10,太平區,住宅竊盜,2
2022,10,太平區,機車竊盜,1
2022,10,太平區,毒品,23
2022,10,新社區,毒品,2
2022,10,東區,機車竊盜,1
2022,10,東區,毒品,9
2022,10,梧棲區,毒品,4
2022,10,梧棲區,汽車竊盜,1
2022,10,沙鹿區,住宅竊盜,4
2022,10,沙鹿區,毒品,7
2022,10,清水區,毒品,6
2022,10,潭子區,機車竊盜,1
2022,10,潭子區,毒品,5
2022,10,烏日區,住宅竊盜,1
2022,10,烏日區,搶奪,1
2022,10,烏日區,毒品,1
2022,10,神岡區,機車竊盜,1
2022,10,神岡區,毒品,3
2022,10,西區,住宅竊盜,2
2022,10,西區,機車竊盜,2
2022,10,西區,毒品,10
2022,10,西區,汽車竊盜,1
2022,10,西屯區,住宅竊盜,2
2022,10,西屯區,機車竊盜,3
2022,10,西屯區,毒品,44
2022,10,豐原區,機車竊盜,1
2022,10,豐原區,毒品,15
2022,10,霧峰區,機車竊盜,1
2022,10,霧峰區,毒品,9
2022,10,龍井區,住宅竊盜,1
2022,10,龍井區,機車竊盜,2
2022,10,龍井區,毒品,4
2022,11,中區,住宅竊盜,1
2022,11,中區,機車竊盜,1
2022,11,中區,毒品,7
2022,11,北區,住宅竊盜,1
2022,11,北區,機車竊盜,3
2022,11,北區,毒品,22
2022,11,北屯區,毒品,17
2022,11,北屯區,汽車竊盜,1
2022,11,南區,毒品,3
2022,11,南屯區,機車竊盜,1
2022,11,南屯區,毒品,4
2022,11,南屯區,汽車竊盜,1
2022,11,后里區,毒品,1
2022,11,外埔區,毒品,2
2022,11,大安區,機車竊盜,1
2022,11,大甲區,毒品,8
2022,11,大肚區,住宅竊盜,1
2022,11,大肚區,機車竊盜,1
2022,11,大里區,機車竊盜,2
2022,11,大里區,毒品,5
2022,11,大雅區,毒品,1
2022,11,太平區,住宅竊盜,1
2022,11,太平區,機車竊盜,1
2022,11,太平區,毒品,3
2022,11,東勢區,機車竊盜,1
2022,11,東區,機車竊盜,1
2022,11,東區,毒品,8
2022,11,沙鹿區,機車竊盜,1
2022,11,沙鹿區,毒品,4
2022,11,沙鹿區,汽車竊盜,1
2022,11,清水區,毒品,3
2022,11,潭子區,毒品,3
2022,11,烏日區,住宅竊盜,2
2022,11,神岡區,住宅竊盜,1
2022,11,神岡區,毒品,2
2022,11,西區,毒品,5
2022,11,西區,汽車竊盜,1
2022,11,西屯區,住宅竊盜,2
2022,11,西屯區,機車竊盜,2
2022,11,西屯區,毒品,25
2022,11,豐原區,機車竊盜,1
2022,11,豐原區,毒品,9
2022,11,霧峰區,毒品,1
2022,11,龍井區,毒品,1
2022,12,中區,搶奪,1
2022,12,中區,機車竊盜,1
2022,12,中區,毒品,1
2022,12,北區,機車竊盜,2
2022,12,北區,毒品,14
2022,12,北屯區,住宅竊盜,1
2022,12,北屯區,機車竊盜,1
2022,12,北屯區,毒品,7
2022,12,南區,毒品,2
2022,12,南屯區,毒品,2
2022,12,后里區,機車竊盜,1
2022,12,外埔區,毒品,1
2022,12,大甲區,住宅竊盜,1
2022,12,大甲區,毒品,1
2022,12,大里區,毒品,6
2022,12,大雅區,機車竊盜,1
2022,12,太平區,機車竊盜,1
2022,12,太平區,毒品,6
2022,12,東勢區,機車竊盜,1
2022,12,東區,機車竊盜,1
2022,12,東區,毒品,1
2022,12,沙鹿區,毒品,5
2022,12,潭子區,毒品,1
2022,12,神岡區,毒品,3
2022,12,西區,機車竊盜,3
2022,12,西區,毒品,1
2022,12,西屯區,機車竊盜,2
2022,12,西屯區,毒品,14
2022,12,豐原區,機車竊盜,1
2022,12,豐原區,毒品,2
2022,12,霧峰區,毒品,1
2022,12,霧峰區,汽車竊盜,1
2022,12,龍井區,機車竊盜,1
2023,1,中區,住宅竊盜,1
2023,1,中區,強制性交,1
2023,1,中區,毒品,6
2023,1,中區,汽車竊盜,1
2023,1,北區,住宅竊盜,1
2023,1,北區,機車竊盜,2
2023,1,北區,毒品,26
2023,1,北區,汽車竊盜,1
2023,1,北屯區,住宅竊盜,1
2023,1,北屯區,機車竊盜,2
2023,1,北屯區,毒品,24
2023,1,南區,強制性交,1
2023,1,南區,機車竊盜,1
2023,1,南區,毒品,6
2023,1,南屯區,毒品,11
2023,1,后里區,機車竊盜,1
2023,1,后里區,毒品,7
2023,1,外埔區,機車竊盜,1
2023,1,外埔區,毒品,1
2023,1,大甲區,毒品,5
2023,1,大肚區,機車竊盜,1
2023,1,大肚區,毒品,4
2023,1,大里區,毒品,13
2023,1,大雅區,毒品,4
2023,1,太平區,機車竊盜,1
2023,1,太平區,毒品,11
2023,1,新社區,機車竊盜,1
2023,1,新社區,毒品,1
2023,1,東勢區,毒品,3
2023,1,東區,機車竊盜,2
2023,1,東區,毒品,10
2023,1,沙鹿區,住宅竊盜,1
2023,1,沙鹿區,毒品,9
2023,1,清水區,機車竊盜,1
2023,1,清水區,毒品,6
2023,1,潭子區,毒品,2
2023,1,烏日區,住宅竊盜,1
2023,1,烏日區,毒品,6
2023,1,神岡區,毒品,8
2023,1,西區,毒品,8
2023,1,西屯區,住宅竊盜,1
2023,1,西屯區,機車竊盜,2
2023,1,西屯區,毒品,35
2023,1,豐原區,毒品,9
2023,1,霧峰區,毒品,6
2023,1,龍井區,住宅竊盜,1
2023,1,龍井區,毒品,2
2023,2,中區,毒品,9
2023,2,北區,毒品,31
2023,2,北屯區,機車竊盜,9
2023,2,北屯區,毒品,15
2023,2,南區,毒品,7
2023,2,南屯區,搶奪,1
2023,2,南屯區,毒品,8
2023,2,后里區,毒品,2
2023,2,外埔區,毒品,1
2023,2,大安區,機車竊盜,1
2023,2,大甲區,機車竊盜,1
2023,2,大甲區,毒品,5
2023,2,大肚區,毒品,1
2023,2,大里區,機車竊盜,1
2023,2,大里區,毒品,8
2023,2,大里區,汽車竊盜,1
2023,2,大雅區,毒品,5
2023,2,太平區,機車竊盜,3
2023,2,太平區,毒品,10
2023,2,太平區,汽車竊盜,1
2023,2,東勢區,毒品,1
2023,2,東區,住宅竊盜,1
2023,2,東區,機車竊盜,1
2023,2,東區,毒品,6
2023,2,梧棲區,機車竊盜,1
2023,2,梧棲區,毒品,3
2023,2,沙鹿區,毒品,1
2023,2,清水區,機車竊盜,1
2023,2,清水區,毒品,4
2023,2,潭子區,機車竊盜,4
2023,2,潭子區,毒品,4
2023,2,烏日區,毒品,3
2023,2,神岡區,毒品,4
2023,2,西區,毒品,5
2023,2,西屯區,住宅竊盜,1
2023,2,西屯區,機車竊盜,2
2023,2,西屯區,毒品,44
2023,2,西屯區,汽車竊盜,1
2023,2,豐原區,機車竊盜,2
2023,2,豐原區,毒品,9
2023,2,霧峰區,毒品,1
2023,2,龍井區,住宅竊盜,1
2023,2,龍井區,機車竊盜,1
2023,2,龍井區,毒品,3
2023,3,中區,毒品,4
2023,3,北區,機車竊盜,2
2023,3,北區,毒品,15
2023,3,北屯區,機車竊盜,1
2023,3,北屯區,毒品,19
2023,3,北屯區,組織犯罪防制條例,1
2023,3,南區,機車竊盜,1
2023,3,南區,毒品,1
2023,3,南屯區,毒品,8
2023,3,后里區,毒品,3
2023,3,和平區,汽車竊盜,1
2023,3,外埔區,毒品,1
2023,3,大安區,毒品,1
2023,3,大甲區,毒品,3
2023,3,大肚區,毒品,2
2023,3,大里區,毒品,13
2023,3,太平區,住宅竊盜,1
2023,3,太平區,毒品,5
2023,3,太平區,汽車竊盜,1
2023,3,新社區,毒品,1
2023,3,東勢區,機車竊盜,1
2023,3,東勢區,毒品,3
2023,3,東勢區,汽車竊盜,2
2023,3,東區,機車竊盜,1
2023,3,東區,毒品,5
2023,3,沙鹿區,機車竊盜,1
2023,3,沙鹿區,毒品,1
2023,3,清水區,毒品,2
2023,3,潭子區,毒品,2
2023,3,烏日區,機車竊盜,1
2023,3,烏日區,毒品,2
2023,3,神岡區,毒品,5
2023,3,西區,毒品,4
2023,3,西屯區,機車竊盜,2
2023,3,西屯區,毒品,26
2023,3,豐原區,機車竊盜,1
2023,3,豐原區,毒品,8
2023,3,霧峰區,毒品,2
2023,3,龍井區,住宅竊盜,1
2023,3,龍井區,毒品,2
2023,4,中區,毒品,6
2023,4,北區,機車竊盜,2
2023,4,北區,毒品,31
2023,4,北屯區,住宅竊盜,1
2023,4,北屯區,機車竊盜,3
2023,4,北屯區,毒品,16
2023,4,南區,毒品,5
2023,4,南屯區,毒品,15
2023,4,后里區,毒品,3
2023,4,大安區,毒品,1
2023,4,大甲區,機車竊盜,1
2023,4,大甲區,毒品,3
2023,4,大甲區,汽車竊盜,1
2023,4,大肚區,毒品,1
2023,4,大里區,住宅竊盜,1
2023,4,大里區,機車竊盜,1
2023,4,大里區,毒品,13
2023,4,大里區,汽車竊盜,2
2023,4,大雅區,毒品,8
2023,4,太平區,機車竊盜,1
2023,4,太平區,毒品,12
2023,4,東勢區,毒品,8
2023,4,東區,住宅竊盜,1
2023,4,東區,毒品,9
2023,4,梧棲區,住宅竊盜,1
2023,4,沙鹿區,機車竊盜,1
2023,4,沙鹿區,毒品,4
2023,4,清水區,住宅竊盜,1
2023,4,清水區,毒品,1
2023,4,潭子區,毒品,5
2023,4,神岡區,毒品,6
2023,4,神岡區,汽車竊盜,1
2023,4,西區,機車竊盜,1
2023,4,西區,毒品,11
2023,4,西屯區,機車竊盜,5
2023,4,西屯區,毒品,46
2023,4,豐原區,毒品,18
2023,4,霧峰區,毒品,12
2023,4,龍井區,毒品,2
2023,4,龍井區,汽車竊盜,1
2023,5,中區,毒品,4
2023,5,北區,機車竊盜,5
2023,5,北區,毒品,33
2023,5,北區,汽車竊盜,1
2023,5,北屯區,機車竊盜,5
2023,5,北屯區,毒品,13
2023,5,北屯區,汽車竊盜,1
2023,5,南區,機車竊盜,1
2023,5,南區,毒品,3
2023,5,南屯區,機車竊盜,1
2023,5,南屯區,毒品,8
2023,5,后里區,毒品,4
2023,5,和平區,機車竊盜,1
2023,5,大甲區,毒品,3
2023,5,大甲區,汽車竊盜,1
2023,5,大里區,機車竊盜,1
2023,5,大里區,毒品,9
2023,5,大里區,汽車竊盜,1
2023,5,大雅區,機車竊盜,1
2023,5,大雅區,毒品,6
2023,5,太平區,機車竊盜,3
2023,5,太平區,毒品,12
2023,5,太平區,汽車竊盜,1
2023,5,新社區,毒品,1
2023,5,新社區,汽車竊盜,1
2023,5,東勢區,毒品,3
2023,5,東勢區,汽車竊盜,1
2023,5,東區,住宅竊盜,1
2023,5,東區,毒品,14
2023,5,梧棲區,住宅竊盜,1
2023,5,梧棲區,機車竊盜,1
2023,5,梧棲區,毒品,3
2023,5,沙鹿區,毒品,3
2023,5,清水區,機車竊盜,1
2023,5,清水區,毒品,1
2023,5,潭子區,毒品,4
2023,5,烏日區,機車竊盜,4
2023,5,神岡區,毒品,5
2023,5,西區,機車竊盜,4
2023,5,西區,毒品,5
2023,5,西屯區,機車竊盜,1
2023,5,西屯區,毒品,32
2023,5,豐原區,搶奪,1
2023,5,豐原區,毒品,11
2023,5,霧峰區,機車竊盜,1
2023,5,霧峰區,毒品,1
2023,5,龍井區,機車竊盜,1
2023,5,龍井區,毒品,4
2023,5,龍井區,汽車竊盜,1
2023,6,中區,毒品,3
2023,6,北區,住宅竊盜,1
2023,6,北區,機車竊盜,2
2023,6,北區,毒品,10
2023,6,北屯區,機車竊盜,4
2023,6,北屯區,毒品,5
2023,6,南區,毒品,3
2023,6,南屯區,住宅竊盜,1
2023,6,南屯區,機車竊盜,1
2023,6,南屯區,毒品,4
2023,6,南屯區,汽車竊盜,3
2023,6,后里區,毒品,3
2023,6,大里區,毒品,2
2023,6,大里區,汽車竊盜,1
2023,6,大雅區,汽車竊盜,1
2023,6,太平區,機車竊盜,3
2023,6,太平區,毒品,6
2023,6,太平區,汽車竊盜,2
2023,6,新社區,機車竊盜,1
2023,6,東勢區,機車竊盜,1
2023,6,東勢區,毒品,2
2023,6,東區,機車竊盜,1
2023,6,東區,毒品,1
2023,6,沙鹿區,機車竊盜,2
2023,6,沙鹿區,毒品,2
2023,6,沙鹿區,汽車竊盜,3
2023,6,潭子區,毒品,1
2023,6,烏日區,毒品,2
2023,6,神岡區,機車竊盜,2
2023,6,神岡區,毒品,1
2023,6,西區,機車竊盜,1
2023,6,西區,毒品,5
2023,6,西屯區,機車竊盜,1
2023,6,西屯區,毒品,27
2023,6,豐原區,機車竊盜,1
2023,6,豐原區,毒品,2
2023,6,霧峰區,毒品,1
2023,6,龍井區,毒品,1
2023,7,中區,搶奪,1
2023,7,中區,機車竊盜,2
2023,7,中區,毒品,5
2023,7,北區,機車竊盜,4
2023,7,北區,毒品,25
2023,7,北屯區,強制性交,1
2023,7,北屯區,機車竊盜,4
2023,7,北屯區,毒品,17
2023,7,南區,住宅竊盜,1
2023,7,南區,機車竊盜,1
2023,7,南區,毒品,6
2023,7,南屯區,毒品,9
2023,7,南屯區,汽車竊盜,1
2023,7,后里區,毒品,5
2023,7,后里區,汽車竊盜,3
2023,7,外埔區,毒品,1
2023,7,大安區,毒品,3
2023,7,大甲區,毒品,4
2023,7,大肚區,住宅竊盜,1
2023,7,大肚區,機車竊盜,1
2023,7,大肚區,毒品,4
2023,7,大里區,機車竊盜,1
2023,7,大里區,毒品,14
2023,7,大雅區,毒品,1
2023,7,太平區,機車竊盜,2
2023,7,太平區,毒品,17
2023,7,東勢區,機車竊盜,1
2023,7,東勢區,毒品,1
2023,7,東勢區,汽車竊盜,2
2023,7,東區,機車竊盜,2
2023,7,東區,毒品,13
2023,7,東區,汽車竊盜,1
2023,7,梧棲區,毒品,6
2023,7,沙鹿區,機車竊盜,1
2023,7,沙鹿區,毒品,5
2023,7,清水區,毒品,8
2023,7,潭子區,搶奪,1
2023,7,潭子區,毒品,9
2023,7,烏日區,機車竊盜,1
2023,7,烏日區,毒品,2
2023,7,石岡區,毒品,1
2023,7,神岡區,毒品,10
2023,7,神岡區,汽車竊盜,1
2023,7,西區,住宅竊盜,1
2023,7,西區,機車竊盜,1
2023,7,西區,毒品,9
2023,7,西屯區,住宅竊盜,2
2023,7,西屯區,機車竊盜,3
2023,7,西屯區,毒品,28
2023,7,豐原區,毒品,15
2023,7,豐原區,汽車竊盜,1
2023,7,霧峰區,機車竊盜,2
2023,7,霧峰區,毒品,5
2023,7,龍井區,毒品,4
2023,8,中區,機車竊盜,1
2023,8,中區,毒品,7
2023,8,北區,住宅竊盜,1
2023,8,北區,機車竊盜,1
2023,8,北區,毒品,15
2023,8,北屯區,強制性交,1
2023,8,北屯區,機車竊盜,1
2023,8,北屯區,毒品,8
2023,8,北屯區,汽車竊盜,1
2023,8,南區,機車竊盜,1
2023,8,南區,毒品,2
2023,8,南屯區,機車竊盜,2
2023,8,南屯區,毒品,3
2023,8,后里區,毒品,1
2023,8,后里區,汽車竊盜,2
2023,8,外埔區,機車竊盜,1
2023,8,大安區,毒品,1
2023,8,大肚區,住宅竊盜,1
2023,8,大肚區,毒品,2
2023,8,大里區,毒品,12
2023,8,大雅區,機車竊盜,1
2023,8,太平區,機車竊盜,4
2023,8,太平區,毒品,6
2023,8,東勢區,毒品,2
2023,8,東區,機車竊盜,3
2023,8,東區,毒品,2
2023,8,梧棲區,機車竊盜,1
2023,8,梧棲區,毒品,1
2023,8,沙鹿區,機車竊盜,1
2023,8,沙鹿區,毒品,6
2023,8,沙鹿區,汽車竊盜,1
2023,8,清水區,機車竊盜,1
2023,8,清水區,毒品,5
2023,8,潭子區,毒品,7
2023,8,烏日區,住宅竊盜,2
2023,8,烏日區,毒品,2
2023,8,烏日區,汽車竊盜,1
2023,8,神岡區,毒品,1
2023,8,西區,機車竊盜,3
2023,8,西區,毒品,10
2023,8,西屯區,住宅竊盜,1
2023,8,西屯區,毒品,18
2023,8,西屯區,汽車竊盜,1
2023,8,豐原區,毒品,5
2023,8,霧峰區,搶奪,1
2023,8,霧峰區,毒品,7
2023,8,龍井區,住宅竊盜,1
2023,8,龍井區,機車竊盜,1
2023,8,龍井區,毒品,3
2023,8,龍井區,汽車竊盜,1
2023,9,中區,機車竊盜,1
2023,9,中區,毒品,3
2023,9,北區,機車竊盜,2
2023,9,北區,毒品,11
2023,9,北屯區,搶奪,1
2023,9,北屯區,毒品,11
2023,9,北屯區,汽車竊盜,1
2023,9,南區,機車竊盜,2
2023,9,南區,毒品,1
2023,9,南屯區,強盜,1
2023,9,南屯區,毒品,5
2023,9,后里區,機車竊盜,1
2023,9,后里區,毒品,3
2023,9,大安區,毒品,1
2023,9,大甲區,毒品,7
2023,9,大肚區,毒品,3
2023,9,大里區,機車竊盜,2
2023,9,大里區,毒品,2
2023,9,大雅區,毒品,2
2023,9,太平區,毒品,5
2023,9,新社區,毒品,1
2023,9,東勢區,機車竊盜,1
2023,9,東勢區,毒品,1
2023,9,東區,機車竊盜,1
2023,9,東區,毒品,2
2023,9,梧棲區,機車竊盜,1
2023,9,梧棲區,毒品,3
2023,9,沙鹿區,機車竊盜,1
2023,9,沙鹿區,毒品,3
2023,9,清水區,機車竊盜,1
2023,9,清水區,毒品,3
2023,9,清水區,汽車竊盜,1
2023,9,烏日區,機車竊盜,1
2023,9,烏日區,毒品,1
2023,9,石岡區,機車竊盜,1
2023,9,神岡區,毒品,1
2023,9,西區,強盜,1
2023,9,西區,機車竊盜,1
2023,9,西區,毒品,5
2023,9,西屯區,強盜,1
2023,9,西屯區,搶奪,1
2023,9,西屯區,毒品,15
2023,9,豐原區,機車竊盜,1
2023,9,豐原區,毒品,6
2023,9,霧峰區,毒品,2
2023,9,龍井區,毒品,1
2023,9,龍井區,汽車竊盜,1
2023,10,中區,毒品,6
2023,10,北區,住宅竊盜,3
2023,10,北區,機車竊盜,5
2023,10,北區,毒品,23
2023,10,北屯區,住宅竊盜,1
2023,10,北屯區,機車竊盜,1
2023,10,北屯區,毒品,12
2023,10,北屯區,汽車竊盜,1
2023,10,南區,住宅竊盜,1
2023,10,南區,毒品,10
2023,10,南屯區,住宅竊盜,1
2023,10,南屯區,機車竊盜,1
2023,10,南屯區,毒品,16
2023,10,后里區,毒品,1
2023,10,后里區,汽車竊盜,1
2023,10,和平區,住宅竊盜,1
2023,10,和平區,毒品,1
2023,10,外埔區,毒品,1
2023,10,大安區,毒品,3
2023,10,大甲區,機車竊盜,1
2023,10,大甲區,毒品,11
2023,10,大肚區,機車竊盜,1
2023,10,大肚區,毒品,4
2023,10,大里區,機車竊盜,3
2023,10,大里區,毒品,15
2023,10,大雅區,機車竊盜,1
2023,10,大雅區,毒品,6
2023,10,太平區,住宅竊盜,2
2023,10,太平區,毒品,20
2023,10,東勢區,毒品,3
2023,10,東勢區,汽車竊盜,1
2023,10,東區,機車竊盜,2
2023,10,東區,毒品,6
2023,10,梧棲區,毒品,8
2023,10,梧棲區,汽車竊盜,2
2023,10,沙鹿區,機車竊盜,1
2023,10,沙鹿區,毒品,4
2023,10,清水區,毒品,4
2023,10,清水區,汽車竊盜,1
2023,10,潭子區,機車竊盜,1
2023,10,潭子區,毒品,6
2023,10,烏日區,毒品,9
2023,10,石岡區,機車竊盜,2
2023,10,神岡區,住宅竊盜,1
2023,10,神岡區,機車竊盜,1
2023,10,神岡區,毒品,3
2023,10,西區,搶奪,1
2023,10,西區,機車竊盜,1
2023,10,西區,毒品,9
2023,10,西屯區,機車竊盜,3
2023,10,西屯區,毒品,40
2023,10,西屯區,汽車竊盜,1
2023,10,豐原區,機車竊盜,1
2023,10,豐原區,毒品,9
2023,10,豐原區,汽車竊盜,1
2023,10,霧峰區,毒品,2
2023,10,龍井區,住宅竊盜,1
2023,10,龍井區,強制性交,1
2023,10,龍井區,機車竊盜,1
2023,10,龍井區,毒品,10
2023,11,中區,機車竊盜,1
2023,11,中區,毒品,7
2023,11,北區,住宅竊盜,1
2023,11,北區,機車竊盜,3
2023,11,北區,毒品,22
2023,11,北屯區,機車竊盜,3
2023,11,北屯區,毒品,14
2023,11,南區,毒品,2
2023,11,南屯區,毒品,5
2023,11,后里區,毒品,4
2023,11,大安區,毒品,2
2023,11,大甲區,機車竊盜,1
2023,11,大甲區,毒品,9
2023,11,大甲區,汽車竊盜,1
2023,11,大肚區,毒品,1
2023,11,大里區,機車竊盜,4
2023,11,大里區,毒品,2
2023,11,大雅區,毒品,1
2023,11,太平區,機車竊盜,1
2023,11,太平區,毒品,9
2023,11,東勢區,毒品,1
2023,11,東區,毒品,4
2023,11,梧棲區,機車竊盜,1
2023,11,梧棲區,毒品,1
2023,11,沙鹿區,機車竊盜,1
2023,11,沙鹿區,毒品,3
2023,11,清水區,毒品,3
2023,11,潭子區,住宅竊盜,1
2023,11,潭子區,毒品,5
2023,11,烏日區,毒品,5
2023,11,石岡區,機車竊盜,3
2023,11,石岡區,汽車竊盜,1
2023,11,神岡區,住宅竊盜,1
2023,11,神岡區,毒品,1
2023,11,西區,住宅竊盜,1
2023,11,西區,機車竊盜,1
2023,11,西區,毒品,5
2023,11,西屯區,機車竊盜,2
2023,11,西屯區,毒品,22
2023,11,豐原區,機車竊盜,1
2023,11,豐原區,毒品,9
2023,11,豐原區,汽車竊盜,1
2023,11,霧峰區,毒品,1
2023,11,霧峰區,汽車竊盜,1
2023,12,中區,機車竊盜,2
2023,12,中區,毒品,2
2023,12,北區,毒品,6
2023,12,北屯區,機車竊盜,1
2023,12,北屯區,毒品,8
2023,12,南區,毒品,3
2023,12,南屯區,毒品,5
2023,12,后里區,機車竊盜,2
2023,12,后里區,毒品,1
2023,12,大甲區,毒品,1
2023,12,大肚區,毒品,1
2023,12,大里區,毒品,4
2023,12,太平區,毒品,5
2023,12,東勢區,機車竊盜,2
2023,12,東勢區,毒品,1
2023,12,東勢區,汽車竊盜,1
2023,12,東區,毒品,2
2023,12,梧棲區,毒品,1
2023,12,沙鹿區,機車竊盜,1
2023,12,潭子區,毒品,3
2023,12,烏日區,毒品,2
2023,12,石岡區,機車竊盜,1
2023,12,西區,搶奪,1
2023,12,西區,機車竊盜,1
2023,12,西區,毒品,2
2023,12,西屯區,毒品,19
2023,12,豐原區,毒品,4
2023,12,龍井區,機車竊盜,1
2023,12,龍井區,毒品,1
2024,1,中區,毒品,13
2024,1,北區,機車竊盜,1
2024,1,北區,毒品,21
2024,1,北屯區,住宅竊盜,2
2024,1,北屯區,機車竊盜,2
2024,1,北屯區,毒品,16
2024,1,南區,毒品,4
2024,1,南屯區,強盜,1
2024,1,南屯區,毒品,6
2024,1,后里區,毒品,3
2024,1,大甲區,毒品,4
2024,1,大肚區,毒品,2
2024,1,大肚區,汽車竊盜,3
2024,1,大里區,毒品,9
2024,1,大雅區,毒品,5
2024,1,太平區,住宅竊盜,2
2024,1,太平區,機車竊盜,1
2024,1,太平區,毒品,14
2024,1,東勢區,機車竊盜,1
2024,1,東勢區,毒品,4
2024,1,東區,機車竊盜,1
2024,1,東區,毒品,2
2024,1,東區,汽車竊盜,1
2024,1,梧棲區,毒品,1
2024,1,沙鹿區,毒品,4
2024,1,清水區,毒品,3
2024,1,潭子區,機車竊盜,1
2024,1,潭子區,毒品,2
2024,1,烏日區,毒品,4
2024,1,西屯區,搶奪,1
2024,1,西屯區,毒品,31
2024,1,豐原區,毒品,5
2024,1,霧峰區,毒品,5
2024,1,龍井區,毒品,5
2024,2,中區,毒品,4
2024,2,北區,住宅竊盜,1
2024,2,北區,機車竊盜,1
2024,2,北區,毒品,10
2024,2,北屯區,機車竊盜,2
2024,2,北屯區,毒品,12
2024,2,南區,機車竊盜,1
2024,2,南區,毒品,7
2024,2,南屯區,毒品,5
2024,2,后里區,毒品,5
2024,2,外埔區,毒品,1
2024,2,大甲區,機車竊盜,1
2024,2,大甲區,毒品,2
2024,2,大肚區,毒品,3
2024,2,大里區,機車竊盜,1
2024,2,大里區,毒品,6
2024,2,大雅區,毒品,4
2024,2,太平區,機車竊盜,2
2024,2,太平區,毒品,14
2024,2,新社區,機車竊盜,1
2024,2,東勢區,毒品,1
2024,2,東勢區,汽車竊盜,1
2024,2,東區,機車竊盜,1
2024,2,東區,毒品,6
2024,2,梧棲區,毒品,2
2024,2,沙鹿區,機車竊盜,1
2024,2,沙鹿區,毒品,2
2024,2,清水區,機車竊盜,1
2024,2,清水區,毒品,3
2024,2,潭子區,毒品,5
2024,2,烏日區,毒品,2
2024,2,神岡區,毒品,2
2024,2,西區,毒品,4
2024,2,西區,汽車竊盜,2
2024,2,西屯區,毒品,14
2024,2,豐原區,毒品,4
2024,2,霧峰區,毒品,1
2024,2,龍井區,住宅竊盜,2
2024,2,龍井區,搶奪,1
2024,2,龍井區,機車竊盜,1
2024,2,龍井區,毒品,4
2024,3,中區,毒品,4
2024,3,北區,住宅竊盜,1
2024,3,北區,機車竊盜,1
2024,3,北區,毒品,21
2024,3,北屯區,毒品,16
2024,3,南區,毒品,5
2024,3,南屯區,毒品,11
2024,3,后里區,毒品,3
2024,3,后里區,汽車竊盜,1
2024,3,和平區,毒品,4
2024,3,外埔區,毒品,1
2024,3,大安區,毒品,1
2024,3,大甲區,毒品,2
2024,3,大肚區,毒品,3
2024,3,大里區,機車竊盜,4
2024,3,大里區,毒品,3
2024,3,大雅區,毒品,1
2024,3,太平區,住宅竊盜,1
2024,3,太平區,毒品,10
2024,3,太平區,汽車竊盜,1
2024,3,東勢區,毒品,1
2024,3,東勢區,汽車竊盜,1
2024,3,東區,機車竊盜,2
2024,3,東區,毒品,9
2024,3,梧棲區,毒品,1
2024,3,沙鹿區,機車竊盜,1
2024,3,沙鹿區,毒品,4
2024,3,清水區,機車竊盜,3
2024,3,清水區,毒品,5
2024,3,潭子區,毒品,3
2024,3,烏日區,毒品,1
2024,3,神岡區,機車竊盜,1
2024,3,神岡區,毒品,1
2024,3,西區,機車竊盜,2
2024,3,西區,毒品,5
2024,3,西屯區,毒品,21
2024,3,豐原區,毒品,6
2024,3,霧峰區,毒品,1
2024,3,龍井區,毒品,4
2024,4,中區,機車竊盜,1
2024,4,中區,毒品,8
2024,4,北區,機車竊盜,3
2024,4,北區,毒品,29
2024,4,北區,汽車竊盜,1
2024,4,北屯區,毒品,8
2024,4,北屯區,汽車竊盜,1
2024,4,南區,機車竊盜,2
2024,4,南區,毒品,6
2024,4,南屯區,機車竊盜,1
2024,4,南屯區,毒品,4
2024,4,后里區,機車竊盜,1
2024,4,后里區,毒品,3
2024,4,和平區,住宅竊盜,1
2024,4,和平區,毒品,1
2024,4,外埔區,機車竊盜,1
2024,4,大安區,毒品,1
2024,4,大甲區,毒品,4
2024,4,大肚區,毒品,3
2024,4,大里區,強盜,1
2024,4,大里區,毒品,6
2024,4,大雅區,機車竊盜,1
2024,4,大雅區,毒品,3
2024,4,太平區,機車竊盜,1
2024,4,太平區,毒品,21
2024,4,太平區,汽車竊盜,1
2024,4,東勢區,機車竊盜,1
2024,4,東勢區,毒品,9
2024,4,東區,機車竊盜,1
2024,4,東區,毒品,8
2024,4,東區,汽車竊盜,1
2024,4,梧棲區,毒品,6
2024,4,沙鹿區,機車竊盜,1
2024,4,沙鹿區,毒品,8
2024,4,清水區,機車竊盜,1
2024,4,清水區,毒品,3
2024,4,清水區,汽車竊盜,1
2024,4,潭子區,毒品,9
2024,4,烏日區,機車竊盜,1
2024,4,烏日區,汽車竊盜,1
2024,4,石岡區,毒品,1
2024,4,神岡區,毒品,3
2024,4,西區,住宅竊盜,1
2024,4,西區,毒品,5
2024,4,西屯區,機車竊盜,2
2024,4,西屯區,毒品,32
2024,4,豐原區,機車竊盜,1
2024,4,豐原區,毒品,3
2024,4,豐原區,汽車竊盜,2
2024,4,霧峰區,毒品,1
2024,4,龍井區,毒品,1
2024,5,中區,毒品,2
2024,5,北區,毒品,21
2024,5,北區,汽車竊盜,1
2024,5,北屯區,住宅竊盜,1
2024,5,北屯區,毒品,9
2024,5,南區,毒品,4
2024,5,南屯區,毒品,3
2024,5,后里區,毒品,4
2024,5,和平區,住宅竊盜,1
2024,5,外埔區,毒品,2
2024,5,大安區,毒品,3
2024,5,大甲區,毒品,10
2024,5,大肚區,毒品,1
2024,5,大里區,毒品,4
2024,5,大雅區,毒品,3
2024,5,太平區,毒品,18
2024,5,新社區,毒品,1
2024,5,東勢區,毒品,4
2024,5,東區,毒品,3
2024,5,梧棲區,毒品,1
2024,5,沙鹿區,毒品,3
2024,5,沙鹿區,汽車竊盜,1
2024,5,清水區,搶奪,1
2024,5,潭子區,毒品,5
2024,5,西區,毒品,2
2024,5,西屯區,毒品,35
2024,5,豐原區,毒品,11
2024,5,霧峰區,毒品,2
2024,5,龍井區,毒品,3
2024,6,中區,毒品,2
2024,6,北區,毒品,15
2024,6,北屯區,毒品,4
2024,6,北屯區,汽車竊盜,1
2024,6,南區,毒品,1
2024,6,南屯區,毒品,2
2024,6,南屯區,汽車竊盜,1
2024,6,后里區,毒品,1
2024,6,大甲區,毒品,2
2024,6,大里區,毒品,3
2024,6,太平區,毒品,10
2024,6,東勢區,毒品,2
2024,6,東勢區,汽車竊盜,1
2024,6,東區,毒品,5
2024,6,梧棲區,住宅竊盜,1
2024,6,梧棲區,毒品,2
2024,6,梧棲區,汽車竊盜,1
2024,6,沙鹿區,毒品,2
2024,6,清水區,毒品,3
2024,6,潭子區,毒品,3
2024,6,烏日區,毒品,4
2024,6,烏日區,汽車竊盜,1
2024,6,石岡區,汽車竊盜,1
2024,6,神岡區,毒品,1
2024,6,西區,毒品,2
2024,6,西屯區,毒品,12
2024,6,豐原區,毒品,2
2024,6,豐原區,汽車竊盜,1
2024,6,龍井區,毒品,2
2024,6,龍井區,汽車竊盜,1
2024,7,中區,住宅竊盜,1
2024,7,中區,機車竊盜,1
2024,7,中區,毒品,9
2024,7,北區,毒品,21
2024,7,北屯區,住宅竊盜,2
2024,7,北屯區,機車竊盜,1
2024,7,北屯區,毒品,14
2024,7,北屯區,汽車竊盜,2
2024,7,南區,毒品,6
2024,7,南屯區,毒品,4
2024,7,后里區,毒品,1
2024,7,后里區,汽車竊盜,1
2024,7,和平區,毒品,1
2024,7,外埔區,機車竊盜,1
2024,7,外埔區,毒品,2
2024,7,大安區,汽車竊盜,1
2024,7,大甲區,毒品,1
2024,7,大肚區,毒品,6
2024,7,大里區,毒品,6
2024,7,大雅區,毒品,1
2024,7,大雅區,汽車竊盜,1
2024,7,太平區,住宅竊盜,1
2024,7,太平區,毒品,18
2024,7,東勢區,毒品,3
2024,7,東區,毒品,2
2024,7,梧棲區,搶奪,1
2024,7,梧棲區,機車竊盜,1
2024,7,梧棲區,毒品,5
2024,7,沙鹿區,毒品,9
2024,7,清水區,毒品,7
2024,7,潭子區,毒品,6
2024,7,烏日區,住宅竊盜,1
2024,7,烏日區,毒品,6
2024,7,神岡區,毒品,4
2024,7,西區,住宅竊盜,1
2024,7,西區,毒品,6
2024,7,西屯區,毒品,33
2024,7,豐原區,毒品,4
2024,7,霧峰區,住宅竊盜,1
2024,7,霧峰區,毒品,4
2024,7,龍井區,機車竊盜,1
2024,7,龍井區,毒品,5
2024,8,中區,住宅竊盜,6
2024,8,中區,毒品,7
2024,8,中區,汽車竊盜,1
2024,8,北區,住宅竊盜,2
2024,8,北區,毒品,12
2024,8,北屯區,住宅竊盜,2
2024,8,北屯區,毒品,11
2024,8,南區,毒品,1
2024,8,南區,汽車竊盜,1
2024,8,南屯區,住宅竊盜,2
2024,8,南屯區,機車竊盜,1
2024,8,南屯區,毒品,7
2024,8,南屯區,汽車竊盜,1
2024,8,后里區,毒品,4
2024,8,后里區,汽車竊盜,1
2024,8,外埔區,毒品,1
2024,8,大安區,毒品,1
2024,8,大甲區,機車竊盜,1
2024,8,大甲區,毒品,7
2024,8,大甲區,汽車竊盜,1
2024,8,大肚區,毒品,1
2024,8,大里區,機車竊盜,1
2024,8,大里區,毒品,3
2024,8,大雅區,毒品,3
2024,8,太平區,機車竊盜,1
2024,8,太平區,毒品,10
2024,8,東勢區,毒品,1
2024,8,東勢區,汽車竊盜,1
2024,8,梧棲區,毒品,4
2024,8,沙鹿區,毒品,7
2024,8,清水區,機車竊盜,1
2024,8,清水區,毒品,4
2024,8,清水區,汽車竊盜,1
2024,8,潭子區,毒品,5
2024,8,烏日區,毒品,7
2024,8,石岡區,住宅竊盜,1
2024,8,石岡區,汽車竊盜,1
2024,8,神岡區,毒品,1
2024,8,西區,住宅竊盜,3
2024,8,西區,毒品,9
2024,8,西屯區,住宅竊盜,3
2024,8,西屯區,毒品,11
2024,8,豐原區,毒品,5
2024,8,霧峰區,毒品,3
2024,8,龍井區,住宅竊盜,1
2024,8,龍井區,毒品,5
2024,9,中區,住宅竊盜,1
2024,9,中區,機車竊盜,5
2024,9,中區,毒品,10
2024,9,北區,機車竊盜,6
2024,9,北區,毒品,16
2024,9,北屯區,住宅竊盜,2
2024,9,北屯區,機車竊盜,8
2024,9,北屯區,毒品,24
2024,9,北屯區,汽車竊盜,2
2024,9,南區,機車竊盜,1
2024,9,南區,毒品,2
2024,9,南屯區,強盜,1
2024,9,南屯區,機車竊盜,1
2024,9,南屯區,毒品,8
2024,9,后里區,機車竊盜,1
2024,9,后里區,毒品,1
2024,9,和平區,住宅竊盜,1
2024,9,大甲區,機車竊盜,2
2024,9,大甲區,毒品,3
2024,9,大甲區,汽車竊盜,1
2024,9,大肚區,毒品,2
2024,9,大里區,機車竊盜,1
2024,9,大里區,毒品,10
2024,9,大雅區,住宅竊盜,6
2024,9,大雅區,機車竊盜,1
2024,9,大雅區,毒品,1
2024,9,太平區,機車竊盜,3
2024,9,太平區,毒品,12
2024,9,新社區,機車竊盜,3
2024,9,東勢區,住宅竊盜,4
2024,9,東勢區,機車竊盜,1
2024,9,東勢區,毒品,5
2024,9,東勢區,汽車竊盜,1
2024,9,東區,機車竊盜,3
2024,9,東區,毒品,3
2024,9,東區,汽車竊盜,1
2024,9,梧棲區,住宅竊盜,1
2024,9,梧棲區,機車竊盜,1
2024,9,沙鹿區,住宅竊盜,1
2024,9,沙鹿區,強制性交,1
2024,9,沙鹿區,毒品,6
2024,9,沙鹿區,汽車竊盜,1
2024,9,清水區,機車竊盜,4
2024,9,清水區,毒品,1
2024,9,潭子區,住宅竊盜,3
2024,9,潭子區,機車竊盜,1
2024,9,潭子區,毒品,2
2024,9,潭子區,汽車竊盜,1
2024,9,烏日區,毒品,2
2024,9,石岡區,機車竊盜,1
2024,9,西區,住宅竊盜,1
2024,9,西區,毒品,5
2024,9,西屯區,機車竊盜,6
2024,9,西屯區,毒品,19
2024,9,豐原區,機車竊盜,1
2024,9,豐原區,毒品,6
2024,9,豐原區,汽車竊盜,1
2024,9,霧峰區,住宅竊盜,1
2024,9,霧峰區,機車竊盜,2
2024,9,霧峰區,毒品,2
2024,9,霧峰區,汽車竊盜,1
2024,9,龍井區,住宅竊盜,3
2024,9,龍井區,毒品,2
2024,10,中區,機車竊盜,2
2024,10,中區,毒品,11
2024,10,中區,汽車竊盜,1
2024,10,北區,住宅竊盜,2
2024,10,北區,機車竊盜,3
2024,10,北區,毒品,50
2024,10,北屯區,住宅竊盜,2
2024,10,北屯區,強制性交,1
2024,10,北屯區,機車竊盜,4
2024,10,北屯區,毒品,31
2024,10,北屯區,汽車竊盜,2
2024,10,南區,機車竊盜,1
2024,10,南區,毒品,3
2024,10,南區,汽車竊盜,1
2024,10,南屯區,機車竊盜,1
2024,10,南屯區,毒品,9
2024,10,南屯區,汽車竊盜,1
2024,10,后里區,機車竊盜,2
2024,10,后里區,毒品,3
2024,10,和平區,住宅竊盜,1
2024,10,和平區,毒品,3
2024,10,外埔區,毒品,3
2024,10,大安區,機車竊盜,1
2024,10,大安區,毒品,4
2024,10,大甲區,機車竊盜,3
2024,10,大甲區,毒品,11
2024,10,大甲區,汽車竊盜,2
2024,10,大肚區,住宅竊盜,1
2024,10,大肚區,毒品,7
2024,10,大里區,毒品,13
2024,10,大雅區,住宅竊盜,2
2024,10,大雅區,機車竊盜,4
2024,10,大雅區,毒品,4
2024,10,大雅區,汽車竊盜,1
2024,10,太平區,住宅竊盜,2
2024,10,太平區,機車竊盜,1
2024,10,太平區,毒品,11
2024,10,新社區,住宅竊盜,1
2024,10,新社區,毒品,1
2024,10,東勢區,毒品,6
2024,10,東區,機車竊盜,2
2024,10,東區,毒品,3
2024,10,梧棲區,機車竊盜,3
2024,10,梧棲區,毒品,6
2024,10,沙鹿區,機車竊盜,4
2024,10,沙鹿區,毒品,9
2024,10,沙鹿區,汽車竊盜,1
2024,10,清水區,住宅竊盜,1
2024,10,清水區,毒品,7
2024,10,潭子區,住宅竊盜,3
2024,10,潭子區,機車竊盜,1
2024,10,潭子區,毒品,9
2024,10,烏日區,住宅竊盜,2
2024,10,烏日區,毒品,8
2024,10,石岡區,毒品,1
2024,10,石岡區,汽車竊盜,1
2024,10,神岡區,機車竊盜,1
2024,10,神岡區,毒品,6
2024,10,西區,住宅竊盜,1
2024,10,西區,機車竊盜,2
2024,10,西區,毒品,12
2024,10,西屯區,住宅竊盜,2
2024,10,西屯區,機車竊盜,10
2024,10,西屯區,毒品,38
2024,10,豐原區,毒品,12
2024,10,霧峰區,機車竊盜,3
2024,10,霧峰區,毒品,4
2024,10,龍井區,住宅竊盜,5
2024,10,龍井區,機車竊盜,1
2024,10,龍井區,毒品,9
2024,11,中區,住宅竊盜,1
2024,11,中區,機車竊盜,2
2024,11,中區,毒品,4
2024,11,中區,汽車竊盜,1
2024,11,北區,住宅竊盜,4
2024,11,北區,機車竊盜,1
2024,11,北區,毒品,23
2024,11,北屯區,住宅竊盜,2
2024,11,北屯區,機車竊盜,2
2024,11,北屯區,毒品,15
2024,11,南區,機車竊盜,2
2024,11,南區,毒品,9
2024,11,南屯區,機車竊盜,2
2024,11,南屯區,毒品,7
2024,11,后里區,機車竊盜,2
2024,11,后里區,毒品,3
2024,11,和平區,住宅竊盜,1
2024,11,和平區,毒品,2
2024,11,外埔區,毒品,2
2024,11,大安區,毒品,1
2024,11,大甲區,汽車竊盜,1
2024,11,大肚區,機車竊盜,1
2024,11,大肚區,毒品,2
2024,11,大里區,住宅竊盜,1
2024,11,大里區,機車竊盜,1
2024,11,大里區,毒品,8
2024,11,大雅區,機車竊盜,2
2024,11,大雅區,毒品,2
2024,11,太平區,住宅竊盜,3
2024,11,太平區,毒品,13
2024,11,東勢區,機車竊盜,1
2024,11,東勢區,毒品,8
2024,11,東區,機車竊盜,3
2024,11,東區,毒品,3
2024,11,梧棲區,毒品,4
2024,11,沙鹿區,住宅竊盜,5
2024,11,沙鹿區,機車竊盜,3
2024,11,沙鹿區,毒品,3
2024,11,清水區,毒品,1
2024,11,潭子區,住宅竊盜,4
2024,11,潭子區,機車竊盜,1
2024,11,潭子區,毒品,6
2024,11,烏日區,毒品,5
2024,11,烏日區,汽車竊盜,1
2024,11,石岡區,機車竊盜,1
2024,11,石岡區,汽車竊盜,2
2024,11,神岡區,機車竊盜,1
2024,11,神岡區,毒品,2
2024,11,西區,住宅竊盜,1
2024,11,西區,毒品,5
2024,11,西屯區,住宅竊盜,1
2024,11,西屯區,強盜,1
2024,11,西屯區,機車竊盜,5
2024,11,西屯區,毒品,28
2024,11,西屯區,組織犯罪防制條例,1
2024,11,豐原區,機車竊盜,6
2024,11,豐原區,毒品,8
2024,11,豐原區,汽車竊盜,1
2024,11,霧峰區,機車竊盜,1
2024,11,霧峰區,毒品,2
2024,11,龍井區,毒品,7
2024,12,中區,機車竊盜,3
2024,12,中區,毒品,4
2024,12,北區,住宅竊盜,4
2024,12,北區,強盜,1
2024,12,北區,機車竊盜,1
2024,12,北區,毒品,22
2024,12,北屯區,機車竊盜,1
2024,12,北屯區,毒品,12
2024,12,南區,機車竊盜,3
2024,12,南區,毒品,1
2024,12,南屯區,機車竊盜,1
2024,12,南屯區,毒品,4
2024,12,南屯區,汽車竊盜,3
2024,12,外埔區,機車竊盜,2
2024,12,外埔區,汽車竊盜,1
2024,12,大甲區,機車竊盜,1
2024,12,大甲區,毒品,2
2024,12,大肚區,毒品,1
2024,12,大里區,住宅竊盜,2
2024,12,大里區,機車竊盜,1
2024,12,大里區,毒品,9
2024,12,大雅區,住宅竊盜,1
2024,12,大雅區,機車竊盜,2
2024,12,大雅區,毒品,2
2024,12,太平區,機車竊盜,1
2024,12,太平區,毒品,3
2024,12,新社區,住宅竊盜,1
2024,12,東勢區,住宅竊盜,1
2024,12,東勢區,機車竊盜,2
2024,12,東勢區,毒品,1
2024,12,東區,毒品,5
2024,12,梧棲區,住宅竊盜,1
2024,12,梧棲區,毒品,1
2024,12,梧棲區,汽車竊盜,1
2024,12,沙鹿區,機車竊盜,1
2024,12,沙鹿區,毒品,4
2024,12,沙鹿區,汽車竊盜,1
2024,12,清水區,住宅竊盜,1
2024,12,清水區,機車竊盜,2
2024,12,清水區,毒品,1
2024,12,清水區,汽車竊盜,1
2024,12,潭子區,毒品,4
2024,12,烏日區,住宅竊盜,1
2024,12,烏日區,機車竊盜,1
2024,12,烏日區,毒品,5
2024,12,石岡區,機車竊盜,1
2024,12,石岡區,毒品,2
2024,12,西區,機車竊盜,3
2024,12,西區,毒品,3
2024,12,西屯區,住宅竊盜,2
2024,12,西屯區,機車竊盜,3
2024,12,西屯區,毒品,18
2024,12,西屯區,汽車竊盜,1
2024,12,豐原區,機車竊盜,1
2024,12,豐原區,毒品,3
2024,12,霧峰區,住宅竊盜,1
2024,12,龍井區,住宅竊盜,1
2024,12,龍井區,機車竊盜,1
2024,12,龍井區,毒品,3
2025,1,中區,住宅竊盜,1
2025,1,中區,搶奪,1
2025,1,中區,機車竊盜,6
2025,1,中區,毒品,7
2025,1,北區,住宅竊盜,2
2025,1,北區,機車竊盜,5
2025,1,北區,毒品,26
2025,1,北屯區,住宅竊盜,14
2025,1,北屯區,機車竊盜,1
2025,1,北屯區,毒品,14
2025,1,北屯區,汽車竊盜,1
2025,1,南區,機車竊盜,3
2025,1,南區,毒品,4
2025,1,南區,汽車竊盜,1
2025,1,南屯區,毒品,9
2025,1,后里區,強盜,1
2025,1,后里區,毒品,1
2025,1,大安區,毒品,1
2025,1,大甲區,住宅竊盜,1
2025,1,大甲區,機車竊盜,1
2025,1,大甲區,毒品,5
2025,1,大肚區,毒品,2
2025,1,大里區,住宅竊盜,5
2025,1,大里區,機車竊盜,1
2025,1,大里區,毒品,12
2025,1,大雅區,住宅竊盜,2
2025,1,大雅區,機車竊盜,2
2025,1,大雅區,毒品,3
2025,1,太平區,毒品,24
2025,1,東勢區,毒品,5
2025,1,東區,住宅竊盜,1
2025,1,東區,機車竊盜,12
2025,1,東區,毒品,7
2025,1,東區,汽車竊盜,1
2025,1,梧棲區,住宅竊盜,1
2025,1,梧棲區,機車竊盜,1
2025,1,梧棲區,毒品,3
2025,1,沙鹿區,住宅竊盜,4
2025,1,沙鹿區,機車竊盜,1
2025,1,沙鹿區,毒品,10
2025,1,沙鹿區,汽車竊盜,1
2025,1,清水區,住宅竊盜,1
2025,1,清水區,毒品,9
2025,1,潭子區,毒品,8
2025,1,潭子區,汽車竊盜,1
2025,1,烏日區,住宅竊盜,1
2025,1,烏日區,毒品,4
2025,1,烏日區,汽車竊盜,1
2025,1,石岡區,毒品,1
2025,1,神岡區,毒品,1
2025,1,西區,住宅竊盜,4
2025,1,西區,機車竊盜,2
2025,1,西區,毒品,17
2025,1,西屯區,住宅竊盜,2
2025,1,西屯區,機車竊盜,4
2025,1,西屯區,毒品,30
2025,1,豐原區,機車竊盜,3
2025,1,豐原區,毒品,2
2025,1,霧峰區,住宅竊盜,2
2025,1,霧峰區,毒品,1
2025,1,龍井區,住宅竊盜,1
2025,1,龍井區,機車竊盜,3
2025,1,龍井區,毒品,8
2025,2,中區,住宅竊盜,2
2025,2,中區,機車竊盜,4
2025,2,中區,毒品,6
2025,2,中區,汽車竊盜,1
2025,2,北區,機車竊盜,2
2025,2,北區,毒品,30
2025,2,北屯區,住宅竊盜,15
2025,2,北屯區,機車竊盜,4
2025,2,北屯區,毒品,15
2025,2,南區,住宅竊盜,1
2025,2,南區,機車竊盜,3
2025,2,南區,毒品,1
2025,2,南屯區,搶奪,1
2025,2,南屯區,機車竊盜,2
2025,2,南屯區,毒品,4
2025,2,后里區,住宅竊盜,1
2025,2,后里區,強制性交,1
2025,2,后里區,機車竊盜,3
2025,2,后里區,毒品,3
2025,2,和平區,住宅竊盜,2
2025,2,外埔區,住宅竊盜,1
2025,2,外埔區,毒品,3
2025,2,大甲區,住宅竊盜,1
2025,2,大甲區,毒品,4
2025,2,大肚區,機車竊盜,1
2025,2,大肚區,毒品,2
2025,2,大里區,住宅竊盜,6
2025,2,大里區,機車竊盜,2
2025,2,大里區,毒品,7
2025,2,大里區,汽車竊盜,1
2025,2,大雅區,機車竊盜,1
2025,2,大雅區,毒品,2
2025,2,太平區,住宅竊盜,2
2025,2,太平區,機車竊盜,1
2025,2,太平區,毒品,12
2025,2,東勢區,住宅竊盜,1
2025,2,東勢區,機車竊盜,3
2025,2,東勢區,毒品,2
2025,2,東區,住宅竊盜,2
2025,2,東區,機車竊盜,4
2025,2,東區,毒品,8
2025,2,東區,汽車竊盜,3
2025,2,沙鹿區,住宅竊盜,10
2025,2,沙鹿區,機車竊盜,1
2025,2,沙鹿區,毒品,10
2025,2,清水區,住宅竊盜,5
2025,2,清水區,機車竊盜,1
2025,2,清水區,毒品,1
2025,2,潭子區,住宅竊盜,2
2025,2,潭子區,機車竊盜,1
2025,2,潭子區,毒品,5
2025,2,烏日區,住宅竊盜,2
2025,2,烏日區,機車竊盜,1
2025,2,烏日區,毒品,5
2025,2,神岡區,毒品,1
2025,2,西區,住宅竊盜,3
2025,2,西區,機車竊盜,2
2025,2,西區,毒品,7
2025,2,西區,汽車竊盜,1
2025,2,西屯區,住宅竊盜,3
2025,2,西屯區,機車竊盜,1
2025,2,西屯區,毒品,14
2025,2,西屯區,汽車竊盜,1
2025,2,豐原區,機車竊盜,2
2025,2,豐原區,毒品,2
2025,2,豐原區,汽車竊盜,1
2025,2,霧峰區,住宅竊盜,2
2025,2,霧峰區,機車竊盜,2
2025,2,霧峰區,毒品,2
2025,2,龍井區,住宅竊盜,5
2025,2,龍井區,機車竊盜,1
2025,2,龍井區,毒品,9
2025,3,中區,住宅竊盜,2
2025,3,中區,機車竊盜,1
2025,3,中區,毒品,10
2025,3,北區,住宅竊盜,4
2025,3,北區,機車竊盜,4
2025,3,北區,毒品,28
2025,3,北屯區,住宅竊盜,16
2025,3,北屯區,機車竊盜,2
2025,3,北屯區,毒品,32
2025,3,南區,住宅竊盜,3
2025,3,南區,機車竊盜,5
2025,3,南區,毒品,1
2025,3,南屯區,機車竊盜,1
2025,3,南屯區,毒品,7
2025,3,南屯區,汽車竊盜,1
2025,3,后里區,強制性交,1
2025,3,后里區,機車竊盜,4
2025,3,后里區,毒品,1
2025,3,后里區,組織犯罪防制條例,1
2025,3,和平區,住宅竊盜,1
2025,3,外埔區,住宅竊盜,1
2025,3,外埔區,機車竊盜,1
2025,3,大安區,機車竊盜,1
2025,3,大甲區,住宅竊盜,4
2025,3,大甲區,機車竊盜,1
2025,3,大甲區,毒品,1
2025,3,大甲區,汽車竊盜,1
2025,3,大肚區,毒品,4
2025,3,大肚區,汽車竊盜,1
2025,3,大里區,住宅竊盜,2
2025,3,大里區,強盜,1
2025,3,大里區,搶奪,1
2025,3,大里區,機車竊盜,1
2025,3,大里區,毒品,5
2025,3,大里區,汽車竊盜,1
2025,3,大雅區,住宅竊盜,2
2025,3,大雅區,機車竊盜,1
2025,3,大雅區,毒品,1
2025,3,太平區,住宅竊盜,2
2025,3,太平區,機車竊盜,1
2025,3,太平區,毒品,15
2025,3,新社區,毒品,1
2025,3,東勢區,住宅竊盜,2
2025,3,東勢區,毒品,4
2025,3,東區,住宅竊盜,7
2025,3,東區,機車竊盜,2
2025,3,東區,毒品,7
2025,3,梧棲區,住宅竊盜,5
2025,3,梧棲區,強盜,1
2025,3,梧棲區,毒品,2
2025,3,沙鹿區,住宅竊盜,5
2025,3,沙鹿區,毒品,5
2025,3,清水區,住宅竊盜,2
2025,3,清水區,機車竊盜,1
2025,3,清水區,毒品,3
2025,3,清水區,汽車竊盜,1
2025,3,潭子區,住宅竊盜,2
2025,3,潭子區,毒品,3
2025,3,烏日區,住宅竊盜,3
2025,3,烏日區,機車竊盜,2
2025,3,烏日區,毒品,6
2025,3,烏日區,汽車竊盜,1
2025,3,石岡區,毒品,1
2025,3,神岡區,機車竊盜,1
2025,3,神岡區,毒品,2
2025,3,西區,住宅竊盜,4
2025,3,西區,搶奪,1
2025,3,西區,毒品,10
2025,3,西屯區,住宅竊盜,1
2025,3,西屯區,機車竊盜,5
2025,3,西屯區,毒品,36
2025,3,西屯區,汽車竊盜,3
2025,3,豐原區,住宅竊盜,1
2025,3,豐原區,機車竊盜,2
2025,3,豐原區,毒品,3
2025,3,霧峰區,住宅竊盜,3
2025,3,霧峰區,機車竊盜,2
2025,3,霧峰區,毒品,4
2025,3,龍井區,住宅竊盜,2
2025,3,龍井區,毒品,5
2025,4,中區,機車竊盜,2
2025,4,中區,毒品,16
2025,4,北區,住宅竊盜,2
2025,4,北區,機車竊盜,3
2025,4,北區,毒品,50
2025,4,北屯區,住宅竊盜,6
2025,4,北屯區,機車竊盜,2
2025,4,北屯區,毒品,28
2025,4,南區,住宅竊盜,1
2025,4,南區,機車竊盜,6
2025,4,南區,毒品,8
2025,4,南屯區,住宅竊盜,2
2025,4,南屯區,機車竊盜,1
2025,4,南屯區,毒品,12
2025,4,后里區,機車竊盜,1
2025,4,后里區,毒品,5
2025,4,后里區,汽車竊盜,1
2025,4,和平區,住宅竊盜,1
2025,4,外埔區,機車竊盜,2
2025,4,外埔區,毒品,2
2025,4,大甲區,住宅竊盜,1
2025,4,大甲區,毒品,6
2025,4,大肚區,毒品,5
2025,4,大里區,住宅竊盜,8
2025,4,大里區,機車竊盜,2
2025,4,大里區,毒品,20
2025,4,大里區,汽車竊盜,1
2025,4,大雅區,住宅竊盜,2
2025,4,大雅區,機車竊盜,2
2025,4,大雅區,毒品,7
2025,4,大雅區,汽車竊盜,1
2025,4,太平區,住宅竊盜,3
2025,4,太平區,機車竊盜,2
2025,4,太平區,毒品,19
2025,4,太平區,汽車竊盜,1
2025,4,東勢區,機車竊盜,1
2025,4,東勢區,毒品,5
2025,4,東勢區,汽車竊盜,1
2025,4,東區,機車竊盜,9
2025,4,東區,毒品,11
2025,4,梧棲區,住宅竊盜,1
2025,4,梧棲區,毒品,4
2025,4,沙鹿區,住宅竊盜,3
2025,4,沙鹿區,機車竊盜,1
2025,4,沙鹿區,毒品,3
2025,4,清水區,住宅竊盜,1
2025,4,清水區,機車竊盜,1
2025,4,清水區,毒品,2
2025,4,清水區,汽車竊盜,1
2025,4,潭子區,住宅竊盜,2
2025,4,潭子區,機車竊盜,1
2025,4,潭子區,毒品,13
2025,4,烏日區,住宅竊盜,1
2025,4,烏日區,機車竊盜,1
2025,4,烏日區,毒品,7
2025,4,石岡區,毒品,1
2025,4,石岡區,汽車竊盜,1
2025,4,神岡區,住宅竊盜,1
2025,4,神岡區,毒品,5
2025,4,神岡區,汽車竊盜,1
2025,4,西區,機車竊盜,3
2025,4,西區,毒品,12
2025,4,西屯區,機車竊盜,3
2025,4,西屯區,毒品,46
2025,4,豐原區,住宅竊盜,3
2025,4,豐原區,搶奪,1
2025,4,豐原區,機車竊盜,3
2025,4,豐原區,毒品,6
2025,4,霧峰區,機車竊盜,1
2025,4,霧峰區,毒品,8
2025,4,龍井區,住宅竊盜,1
2025,4,龍井區,毒品,10
2025,5,中區,毒品,10
2025,5,北區,住宅竊盜,1
2025,5,北區,機車竊盜,5
2025,5,北區,毒品,20
2025,5,北屯區,住宅竊盜,4
2025,5,北屯區,機車竊盜,1
2025,5,北屯區,毒品,32
2025,5,南區,住宅竊盜,2
2025,5,南區,機車竊盜,1
2025,5,南區,毒品,5
2025,5,南區,汽車竊盜,2
2025,5,南屯區,住宅竊盜,2
2025,5,南屯區,機車竊盜,1
2025,5,南屯區,毒品,8
2025,5,后里區,住宅竊盜,1
2025,5,后里區,機車竊盜,3
2025,5,后里區,汽車竊盜,1
2025,5,和平區,毒品,1
2025,5,外埔區,機車竊盜,1
2025,5,外埔區,毒品,1
2025,5,大安區,住宅竊盜,1
2025,5,大安區,毒品,1
2025,5,大甲區,住宅竊盜,1
2025,5,大甲區,機車竊盜,1
2025,5,大甲區,毒品,4
2025,5,大肚區,住宅竊盜,4
2025,5,大肚區,毒品,2
2025,5,大里區,住宅竊盜,1
2025,5,大里區,機車竊盜,1
2025,5,大里區,毒品,7
2025,5,大里區,汽車竊盜,1
2025,5,大雅區,住宅竊盜,1
2025,5,大雅區,機車竊盜,2
2025,5,大雅區,毒品,5
2025,5,太平區,住宅竊盜,2
2025,5,太平區,機車竊盜,1
2025,5,太平區,毒品,12
2025,5,新社區,機車竊盜,1
2025,5,東勢區,住宅竊盜,2
2025,5,東勢區,機車竊盜,1
2025,5,東勢區,毒品,7
2025,5,東區,住宅竊盜,4
2025,5,東區,機車竊盜,4
2025,5,東區,毒品,6
2025,5,梧棲區,住宅竊盜,1
2025,5,梧棲區,機車竊盜,1
2025,5,梧棲區,毒品,5
2025,5,沙鹿區,住宅竊盜,5
2025,5,沙鹿區,機車竊盜,1
2025,5,沙鹿區,毒品,7
2025,5,清水區,住宅竊盜,3
2025,5,清水區,強盜,1
2025,5,清水區,機車竊盜,1
2025,5,清水區,毒品,4
2025,5,潭子區,住宅竊盜,2
2025,5,潭子區,機車竊盜,1
2025,5,潭子區,毒品,7
2025,5,烏日區,住宅竊盜,2
2025,5,烏日區,機車竊盜,1
2025,5,烏日區,毒品,4
2025,5,神岡區,住宅竊盜,1
2025,5,神岡區,毒品,4
2025,5,西區,機車竊盜,3
2025,5,西區,毒品,5
2025,5,西屯區,住宅竊盜,1
2025,5,西屯區,強盜,1
2025,5,西屯區,機車竊盜,8
2025,5,西屯區,毒品,36
2025,5,豐原區,住宅竊盜,1
2025,5,豐原區,機車竊盜,8
2025,5,豐原區,毒品,2
2025,5,豐原區,汽車竊盜,2
2025,5,霧峰區,住宅竊盜,2
2025,5,霧峰區,機車竊盜,2
2025,5,霧峰區,毒品,1
2025,5,龍井區,住宅竊盜,4
2025,5,龍井區,毒品,6
2025,6,中區,機車竊盜,3
2025,6,中區,毒品,7
2025,6,北區,機車竊盜,4
2025,6,北區,毒品,15
2025,6,北區,汽車竊盜,1
2025,6,北屯區,住宅竊盜,2
2025,6,北屯區,搶奪,1
2025,6,北屯區,機車竊盜,7
2025,6,北屯區,毒品,12
2025,6,南區,住宅竊盜,5
2025,6,南區,機車竊盜,3
2025,6,南區,毒品,1
2025,6,南屯區,機車竊盜,1
2025,6,南屯區,毒品,11
2025,6,后里區,住宅竊盜,1
2025,6,后里區,機車竊盜,2
2025,6,后里區,毒品,1
2025,6,外埔區,毒品,1
2025,6,大甲區,住宅竊盜,1
2025,6,大甲區,毒品,3
2025,6,大肚區,住宅竊盜,1
2025,6,大肚區,毒品,2
2025,6,大里區,住宅竊盜,2
2025,6,大里區,機車竊盜,1
2025,6,大里區,毒品,2
2025,6,大雅區,住宅竊盜,1
2025,6,大雅區,機車竊盜,1
2025,6,大雅區,毒品,4
2025,6,太平區,住宅竊盜,4
2025,6,太平區,機車竊盜,2
2025,6,太平區,毒品,9
2025,6,新社區,毒品,3
2025,6,東勢區,毒品,2
2025,6,東勢區,汽車竊盜,1
2025,6,東區,住宅竊盜,10
2025,6,東區,毒品,4
2025,6,東區,汽車竊盜,1
2025,6,梧棲區,機車竊盜,2
2025,6,梧棲區,毒品,4
2025,6,沙鹿區,住宅竊盜,3
2025,6,沙鹿區,機車竊盜,1
2025,6,沙鹿區,毒品,4
2025,6,清水區,住宅竊盜,1
2025,6,潭子區,機車竊盜,1
2025,6,潭子區,毒品,1
2025,6,烏日區,住宅竊盜,3
2025,6,烏日區,機車竊盜,2
2025,6,烏日區,毒品,2
2025,6,神岡區,毒品,4
2025,6,西區,機車竊盜,1
2025,6,西區,毒品,5
2025,6,西屯區,機車竊盜,2
2025,6,西屯區,毒品,23
2025,6,豐原區,住宅竊盜,3
2025,6,豐原區,機車竊盜,2
2025,6,豐原區,毒品,4
2025,6,龍井區,住宅竊盜,1
2025,6,龍井區,機車竊盜,1
2025,6,龍井區,毒品,6
2025,7,中區,住宅竊盜,2
2025,7,中區,強制性交,1
2025,7,中區,搶奪,1
2025,7,中區,機車竊盜,1
2025,7,中區,毒品,8
2025,7,北區,強盜,1
2025,7,北區,機車竊盜,6
2025,7,北區,毒品,34
2025,7,北屯區,住宅竊盜,4
2025,7,北屯區,機車竊盜,3
2025,7,北屯區,毒品,25
2025,7,南區,住宅竊盜,1
2025,7,南區,機車竊盜,3
2025,7,南區,毒品,7
2025,7,南屯區,住宅竊盜,1
2025,7,南屯區,毒品,16
2025,7,后里區,住宅竊盜,3
2025,7,后里區,毒品,3
2025,7,后里區,汽車竊盜,1
2025,7,和平區,毒品,2
2025,7,外埔區,機車竊盜,1
2025,7,外埔區,毒品,1
2025,7,大安區,住宅竊盜,2
2025,7,大甲區,住宅竊盜,5
2025,7,大甲區,機車竊盜,1
2025,7,大甲區,毒品,11
2025,7,大肚區,毒品,5
2025,7,大里區,住宅竊盜,6
2025,7,大里區,機車竊盜,1
2025,7,大里區,毒品,18
2025,7,大里區,汽車竊盜,1
2025,7,大雅區,住宅竊盜,4
2025,7,大雅區,機車竊盜,1
2025,7,大雅區,毒品,12
2025,7,太平區,住宅竊盜,3
2025,7,太平區,毒品,13
2025,7,太平區,組織犯罪防制條例,1
2025,7,東勢區,毒品,8
2025,7,東勢區,汽車竊盜,1
2025,7,東區,住宅竊盜,1
2025,7,東區,機車竊盜,3
2025,7,東區,毒品,12
2025,7,梧棲區,住宅竊盜,4
2025,7,梧棲區,機車竊盜,1
2025,7,梧棲區,毒品,3
2025,7,梧棲區,汽車竊盜,1
2025,7,沙鹿區,住宅竊盜,6
2025,7,沙鹿區,機車竊盜,1
2025,7,沙鹿區,毒品,13
2025,7,清水區,住宅竊盜,2
2025,7,清水區,毒品,2
2025,7,潭子區,住宅竊盜,1
2025,7,潭子區,毒品,10
2025,7,烏日區,住宅竊盜,2
2025,7,烏日區,毒品,7
2025,7,石岡區,毒品,1
2025,7,神岡區,住宅竊盜,2
2025,7,神岡區,毒品,2
2025,7,西區,毒品,6
2025,7,西屯區,住宅竊盜,1
2025,7,西屯區,搶奪,1
2025,7,西屯區,機車竊盜,1
2025,7,西屯區,毒品,49
2025,7,豐原區,住宅竊盜,4
2025,7,豐原區,機車竊盜,3
2025,7,豐原區,毒品,7
2025,7,豐原區,汽車竊盜,1
2025,7,霧峰區,住宅竊盜,1
2025,7,霧峰區,機車竊盜,2
2025,7,霧峰區,毒品,3
2025,7,龍井區,住宅竊盜,5
2025,7,龍井區,機車竊盜,1
2025,7,龍井區,毒品,9
2025,7,龍井區,汽車竊盜,1
2025,8,中區,機車竊盜,1
2025,8,中區,毒品,5
2025,8,北區,住宅竊盜,1
2025,8,北區,機車竊盜,4
2025,8,北區,毒品,25
2025,8,北屯區,住宅竊盜,2
2025,8,北屯區,機車竊盜,2
2025,8,北屯區,毒品,19
2025,8,南區,住宅竊盜,6
2025,8,南區,機車竊盜,4
2025,8,南區,毒品,10
2025,8,南屯區,住宅竊盜,1
2025,8,南屯區,機車竊盜,2
2025,8,南屯區,毒品,7
2025,8,后里區,住宅竊盜,2
2025,8,后里區,毒品,2
2025,8,和平區,毒品,2
2025,8,外埔區,機車竊盜,1
2025,8,外埔區,毒品,2
2025,8,大安區,住宅竊盜,4
2025,8,大安區,毒品,1
2025,8,大甲區,住宅竊盜,4
2025,8,大甲區,機車竊盜,2
2025,8,大甲區,毒品,4
2025,8,大肚區,住宅竊盜,2
2025,8,大里區,住宅竊盜,2
2025,8,大里區,強盜,1
2025,8,大里區,毒品,8
2025,8,大雅區,住宅竊盜,3
2025,8,大雅區,毒品,10
2025,8,大雅區,汽車竊盜,1
2025,8,太平區,住宅竊盜,1
2025,8,太平區,強制性交,1
2025,8,太平區,毒品,10
2025,8,新社區,住宅竊盜,1
2025,8,東勢區,機車竊盜,1
2025,8,東勢區,毒品,5
2025,8,東勢區,汽車竊盜,1
2025,8,東區,住宅竊盜,7
2025,8,東區,機車竊盜,2
2025,8,東區,毒品,7
2025,8,梧棲區,住宅竊盜,5
2025,8,梧棲區,機車竊盜,1
2025,8,梧棲區,毒品,6
2025,8,沙鹿區,住宅竊盜,7
2025,8,沙鹿區,機車竊盜,4
2025,8,沙鹿區,毒品,1
2025,8,清水區,住宅竊盜,8
2025,8,清水區,機車竊盜,1
2025,8,清水區,毒品,4
2025,8,潭子區,住宅竊盜,2
2025,8,潭子區,毒品,7
2025,8,烏日區,毒品,4
2025,8,石岡區,機車竊盜,1
2025,8,石岡區,汽車竊盜,1
2025,8,神岡區,汽車竊盜,1
2025,8,西區,住宅竊盜,5
2025,8,西區,毒品,4
2025,8,西屯區,住宅竊盜,1
2025,8,西屯區,機車竊盜,4
2025,8,西屯區,毒品,22
2025,8,西屯區,汽車竊盜,1
2025,8,豐原區,住宅竊盜,4
2025,8,豐原區,機車竊盜,2
2025,8,豐原區,毒品,8
2025,8,霧峰區,機車竊盜,2
2025,8,霧峰區,毒品,1
2025,8,龍井區,住宅竊盜,3
2025,8,龍井區,毒品,5
2025,9,中區,住宅竊盜,2
2025,9,中區,毒品,14
2025,9,北區,機車竊盜,4
2025,9,北區,毒品,17
2025,9,北屯區,住宅竊盜,8
2025,9,北屯區,毒品,16
2025,9,南區,住宅竊盜,3
2025,9,南區,毒品,5
2025,9,南屯區,毒品,7
2025,9,后里區,住宅竊盜,6
2025,9,后里區,機車竊盜,2
2025,9,后里區,毒品,3
2025,9,和平區,住宅竊盜,1
2025,9,外埔區,住宅竊盜,3
2025,9,外埔區,機車竊盜,3
2025,9,外埔區,汽車竊盜,1
2025,9,大甲區,住宅竊盜,3
2025,9,大甲區,機車竊盜,3
2025,9,大甲區,毒品,3
2025,9,大甲區,汽車竊盜,1
2025,9,大肚區,住宅竊盜,4
2025,9,大肚區,毒品,1
2025,9,大里區,機車竊盜,1
2025,9,大里區,毒品,7
2025,9,大雅區,住宅竊盜,1
2025,9,大雅區,機車竊盜,1
2025,9,大雅區,毒品,7
2025,9,大雅區,汽車竊盜,1
2025,9,太平區,毒品,13
2025,9,東勢區,住宅竊盜,4
2025,9,東勢區,機車竊盜,2
2025,9,東勢區,毒品,3
2025,9,東區,住宅竊盜,7
2025,9,東區,機車竊盜,5
2025,9,東區,毒品,2
2025,9,梧棲區,住宅竊盜,3
2025,9,梧棲區,機車竊盜,2
2025,9,梧棲區,毒品,2
2025,9,沙鹿區,住宅竊盜,5
2025,9,沙鹿區,機車竊盜,2
2025,9,沙鹿區,毒品,4
2025,9,沙鹿區,汽車竊盜,1
2025,9,清水區,住宅竊盜,2
2025,9,清水區,毒品,1
2025,9,潭子區,住宅竊盜,2
2025,9,潭子區,機車竊盜,2
2025,9,潭子區,毒品,8
2025,9,烏日區,住宅竊盜,3
2025,9,烏日區,機車竊盜,1
2025,9,烏日區,毒品,4
2025,9,石岡區,毒品,1
2025,9,神岡區,機車竊盜,1
2025,9,神岡區,毒品,2
2025,9,西區,搶奪,1
2025,9,西區,機車竊盜,1
2025,9,西區,毒品,3
2025,9,西屯區,機車竊盜,2
2025,9,西屯區,毒品,26
2025,9,豐原區,住宅竊盜,3
2025,9,豐原區,機車竊盜,1
2025,9,豐原區,毒品,6
2025,9,霧峰區,機車竊盜,2
2025,9,霧峰區,毒品,5
2025,9,龍井區,住宅竊盜,2
2025,9,龍井區,毒品,1
2025,10,中區,住宅竊盜,2
2025,10,中區,機車竊盜,6
2025,10,中區,毒品,13
2025,10,北區,住宅竊盜,2
2025,10,北區,機車竊盜,3
2025,10,北區,毒品,28
2025,10,北屯區,住宅竊盜,5
2025,10,北屯區,強盜,1
2025,10,北屯區,機車竊盜,3
2025,10,北屯區,毒品,31
2025,10,南區,住宅竊盜,6
2025,10,南區,機車竊盜,2
2025,10,南區,毒品,6
2025,10,南區,汽車竊盜,1
2025,10,南屯區,住宅竊盜,2
2025,10,南屯區,機車竊盜,1
2025,10,南屯區,毒品,12
2025,10,南屯區,汽車竊盜,2
2025,10,后里區,住宅竊盜,8
2025,10,后里區,機車竊盜,1
2025,10,后里區,毒品,9
2025,10,和平區,機車竊盜,1
2025,10,和平區,毒品,3
2025,10,外埔區,住宅竊盜,2
2025,10,外埔區,毒品,7
2025,10,大安區,住宅竊盜,4
2025,10,大安區,毒品,2
2025,10,大甲區,住宅竊盜,4
2025,10,大甲區,機車竊盜,2
2025,10,大甲區,毒品,4
2025,10,大肚區,住宅竊盜,1
2025,10,大肚區,機車竊盜,1
2025,10,大肚區,毒品,6
2025,10,大里區,住宅竊盜,8
2025,10,大里區,強盜,1
2025,10,大里區,機車竊盜,5
2025,10,大里區,毒品,21
2025,10,大雅區,住宅竊盜,1
2025,10,大雅區,機車竊盜,2
2025,10,大雅區,毒品,10
2025,10,太平區,住宅竊盜,2
2025,10,太平區,機車竊盜,5
2025,10,太平區,毒品,23
2025,10,新社區,機車竊盜,2
2025,10,新社區,毒品,1
2025,10,東勢區,毒品,14
2025,10,東區,住宅竊盜,4
2025,10,東區,機車竊盜,3
2025,10,東區,毒品,14
2025,10,梧棲區,住宅竊盜,7
2025,10,梧棲區,機車竊盜,1
2025,10,梧棲區,毒品,6
2025,10,沙鹿區,住宅竊盜,4
2025,10,沙鹿區,機車竊盜,4
2025,10,沙鹿區,毒品,14
2025,10,清水區,住宅竊盜,4
2025,10,清水區,毒品,13
2025,10,潭子區,住宅竊盜,2
2025,10,潭子區,機車竊盜,1
2025,10,潭子區,毒品,14
2025,10,烏日區,住宅竊盜,2
2025,10,烏日區,機車竊盜,1
2025,10,烏日區,毒品,12
2025,10,烏日區,汽車竊盜,1
2025,10,石岡區,毒品,2
2025,10,神岡區,住宅竊盜,2
2025,10,神岡區,機車竊盜,2
2025,10,神岡區,毒品,10
2025,10,西區,住宅竊盜,3
2025,10,西區,機車竊盜,2
2025,10,西區,毒品,11
2025,10,西屯區,住宅竊盜,1
2025,10,西屯區,機車竊盜,4
2025,10,西屯區,毒品,49
2025,10,豐原區,住宅竊盜,2
2025,10,豐原區,毒品,13
2025,10,霧峰區,住宅竊盜,3
2025,10,霧峰區,毒品,4
2025,10,龍井區,住宅竊盜,6
2025,10,龍井區,機車竊盜,1
2025,10,龍井區,毒品,15
2025,11,中區,住宅竊盜,1
2025,11,中區,機車竊盜,1
2025,11,中區,毒品,4
2025,11,北區,機車竊盜,1
2025,11,北區,毒品,18
2025,11,北屯區,住宅竊盜,3
2025,11,北屯區,機車竊盜,2
2025,11,北屯區,毒品,21
2025,11,南區,住宅竊盜,1
2025,11,南區,機車竊盜,1
2025,11,南區,毒品,6
2025,11,南區,汽車竊盜,2
2025,11,南屯區,住宅竊盜,2
2025,11,南屯區,強制性交,1
2025,11,南屯區,毒品,7
2025,11,南屯區,汽車竊盜,1
2025,11,后里區,住宅竊盜,6
2025,11,后里區,毒品,4
2025,11,后里區,汽車竊盜,1
2025,11,和平區,機車竊盜,1
2025,11,和平區,毒品,2
2025,11,外埔區,住宅竊盜,1
2025,11,大安區,住宅竊盜,2
2025,11,大安區,毒品,1
2025,11,大甲區,住宅竊盜,6
2025,11,大甲區,毒品,5
2025,11,大甲區,汽車竊盜,2
2025,11,大肚區,住宅竊盜,3
2025,11,大肚區,機車竊盜,1
2025,11,大肚區,毒品,4
2025,11,大肚區,汽車竊盜,1
2025,11,大里區,住宅竊盜,7
2025,11,大里區,機車竊盜,4
2025,11,大里區,毒品,11
2025,11,大里區,汽車竊盜,2
2025,11,大雅區,住宅竊盜,3
2025,11,大雅區,機車竊盜,1
2025,11,大雅區,毒品,6
2025,11,太平區,住宅竊盜,1
2025,11,太平區,機車竊盜,1
2025,11,太平區,毒品,15
2025,11,太平區,汽車竊盜,1
2025,11,新社區,住宅竊盜,1
2025,11,新社區,機車竊盜,1
2025,11,東勢區,毒品,4
2025,11,東勢區,汽車竊盜,1
2025,11,東區,毒品,8
2025,11,梧棲區,住宅竊盜,1
2025,11,梧棲區,機車竊盜,2
2025,11,沙鹿區,住宅竊盜,2
2025,11,沙鹿區,強盜,1
2025,11,沙鹿區,機車竊盜,2
2025,11,沙鹿區,毒品,3
2025,11,清水區,住宅竊盜,4
2025,11,清水區,毒品,4
2025,11,潭子區,住宅竊盜,2
2025,11,潭子區,毒品,6
2025,11,潭子區,汽車竊盜,1
2025,11,烏日區,住宅竊盜,5
2025,11,烏日區,機車竊盜,2
2025,11,烏日區,汽車竊盜,1
2025,11,石岡區,住宅竊盜,1
2025,11,神岡區,住宅竊盜,2
2025,11,神岡區,毒品,4
2025,11,西區,住宅竊盜,1
2025,11,西區,毒品,4
2025,11,西區,汽車竊盜,1
2025,11,西屯區,機車竊盜,2
2025,11,西屯區,毒品,37
2025,11,西屯區,汽車竊盜,1
2025,11,豐原區,住宅竊盜,2
2025,11,豐原區,機車竊盜,2
2025,11,豐原區,毒品,4
2025,11,霧峰區,住宅竊盜,1
2025,11,霧峰區,毒品,3
2025,11,龍井區,住宅竊盜,4
2025,11,龍井區,毒品,7
2025,12,中區,毒品,6
2025,12,北區,住宅竊盜,1
2025,12,北區,毒品,10
2025,12,北屯區,住宅竊盜,4
2025,12,北屯區,機車竊盜,3
2025,12,北屯區,毒品,7
2025,12,南區,住宅竊盜,4
2025,12,南區,機車竊盜,4
2025,12,南區,毒品,3
2025,12,南屯區,住宅竊盜,1
2025,12,南屯區,毒品,6
2025,12,后里區,住宅竊盜,3
2025,12,后里區,毒品,2
2025,12,后里區,汽車竊盜,2
2025,12,和平區,機車竊盜,1
2025,12,大安區,住宅竊盜,1
2025,12,大安區,毒品,1
2025,12,大甲區,住宅竊盜,2
2025,12,大甲區,機車竊盜,1
2025,12,大甲區,毒品,1
2025,12,大肚區,毒品,1
2025,12,大肚區,汽車竊盜,1
2025,12,大里區,住宅竊盜,10
2025,12,大里區,機車竊盜,2
2025,12,大里區,毒品,3
2025,12,大雅區,住宅竊盜,1
2025,12,大雅區,毒品,1
2025,12,太平區,機車竊盜,1
2025,12,太平區,毒品,11
2025,12,東勢區,機車竊盜,2
2025,12,東勢區,毒品,4
2025,12,東區,住宅竊盜,5
2025,12,東區,毒品,6
2025,12,梧棲區,住宅竊盜,2
2025,12,梧棲區,毒品,1
2025,12,梧棲區,汽車竊盜,2
2025,12,沙鹿區,住宅竊盜,6
2025,12,沙鹿區,機車竊盜,1
2025,12,沙鹿區,毒品,1
2025,12,清水區,住宅竊盜,4
2025,12,清水區,機車竊盜,2
2025,12,清水區,毒品,4
2025,12,潭子區,機車竊盜,1
2025,12,潭子區,毒品,5
2025,12,烏日區,住宅竊盜,1
2025,12,烏日區,搶奪,1
2025,12,烏日區,機車竊盜,1
2025,12,神岡區,強制性交,1
2025,12,神岡區,毒品,1
2025,12,西區,住宅竊盜,2
2025,12,西區,機車竊盜,1
2025,12,西區,毒品,3
2025,12,西屯區,住宅竊盜,1
2025,12,西屯區,機車竊盜,2
2025,12,西屯區,毒品,23
2025,12,豐原區,住宅竊盜,2
2025,12,豐原區,毒品,2
2025,12,豐原區,汽車竊盜,1
2025,12,霧峰區,住宅竊盜,1
2025,12,霧峰區,機車竊盜,3
2025,12,龍井區,住宅竊盜,3
2025,12,龍井區,毒品,3
2025,12,龍井區,汽車竊盜,2
