crime_type,roc_year,oc_data,source_county_original,oc_region,source_period,source_file,source_line,rejection_reason,rejection_details
機車竊盜,105,0101,台中市,,10501-10503,npa_crime_105_01_03.csv,950,blank_district,
機車竊盜,105,0101,台中市,,10501-10503,npa_crime_105_01_03.csv,965,blank_district,
機車竊盜,105,0102,台中市,,10501-10503,npa_crime_105_01_03.csv,986,blank_district,
機車竊盜,105,0102,台中市,,10501-10503,npa_crime_105_01_03.csv,997,blank_district,
機車竊盜,105,0102,台中市,,10501-10503,npa_crime_105_01_03.csv,998,blank_district,
機車竊盜,105,0103,台中市,,10501-10503,npa_crime_105_01_03.csv,1013,blank_district,
機車竊盜,105,0103,台中市,,10501-10503,npa_crime_105_01_03.csv,1016,blank_district,
機車竊盜,105,0104,台中市,,10501-10503,npa_crime_105_01_03.csv,1032,blank_district,
機車竊盜,105,0104,台中市,,10501-10503,npa_crime_105_01_03.csv,1041,blank_district,
機車竊盜,105,0104,台中市,,10501-10503,npa_crime_105_01_03.csv,1049,blank_district,
機車竊盜,105,0106,台中市,,10501-10503,npa_crime_105_01_03.csv,1122,blank_district,
機車竊盜,105,0107,台中市,,10501-10503,npa_crime_105_01_03.csv,1133,blank_district,
機車竊盜,105,0109,台中市,,10501-10503,npa_crime_105_01_03.csv,1209,blank_district,
機車竊盜,105,0109,台中市,,10501-10503,npa_crime_105_01_03.csv,1227,blank_district,
機車竊盜,105,0110,台中市,,10501-10503,npa_crime_105_01_03.csv,1230,blank_district,
機車竊盜,105,0110,台中市,,10501-10503,npa_crime_105_01_03.csv,1236,blank_district,
機車竊盜,105,0110,台中市,,10501-10503,npa_crime_105_01_03.csv,1239,blank_district,
機車竊盜,105,0110,台中市,,10501-10503,npa_crime_105_01_03.csv,1244,blank_district,
機車竊盜,105,0111,台中市,,10501-10503,npa_crime_105_01_03.csv,1270,blank_district,
機車竊盜,105,0111,台中市,,10501-10503,npa_crime_105_01_03.csv,1274,blank_district,
機車竊盜,105,0111,台中市,,10501-10503,npa_crime_105_01_03.csv,1295,blank_district,
機車竊盜,105,0113,台中市,,10501-10503,npa_crime_105_01_03.csv,1355,blank_district,
機車竊盜,105,0113,台中市,,10501-10503,npa_crime_105_01_03.csv,1363,blank_district,
機車竊盜,105,0115,台中市,,10501-10503,npa_crime_105_01_03.csv,1403,blank_district,
機車竊盜,105,0115,台中市,,10501-10503,npa_crime_105_01_03.csv,1417,blank_district,
機車竊盜,105,0116,台中市,,10501-10503,npa_crime_105_01_03.csv,1423,blank_district,
機車竊盜,105,0116,台中市,,10501-10503,npa_crime_105_01_03.csv,1438,blank_district,
機車竊盜,105,0116,台中市,,10501-10503,npa_crime_105_01_03.csv,1452,blank_district,
機車竊盜,105,0117,台中市,,10501-10503,npa_crime_105_01_03.csv,1473,blank_district,
機車竊盜,105,0117,台中市,,10501-10503,npa_crime_105_01_03.csv,1475,blank_district,
機車竊盜,105,0117,台中市,,10501-10503,npa_crime_105_01_03.csv,1483,blank_district,
機車竊盜,105,0118,台中市,,10501-10503,npa_crime_105_01_03.csv,1515,blank_district,
機車竊盜,105,0118,台中市,,10501-10503,npa_crime_105_01_03.csv,1516,blank_district,
機車竊盜,105,0118,台中市,,10501-10503,npa_crime_105_01_03.csv,1520,blank_district,
機車竊盜,105,0119,台中市,,10501-10503,npa_crime_105_01_03.csv,1567,blank_district,
機車竊盜,105,0120,台中市,,10501-10503,npa_crime_105_01_03.csv,1580,blank_district,
機車竊盜,105,0120,台中市,,10501-10503,npa_crime_105_01_03.csv,1589,blank_district,
機車竊盜,105,0120,台中市,,10501-10503,npa_crime_105_01_03.csv,1591,blank_district,
機車竊盜,105,0121,台中市,,10501-10503,npa_crime_105_01_03.csv,1615,blank_district,
機車竊盜,105,0121,台中市,,10501-10503,npa_crime_105_01_03.csv,1629,blank_district,
機車竊盜,105,0122,台中市,,10501-10503,npa_crime_105_01_03.csv,1637,blank_district,
機車竊盜,105,0122,台中市,,10501-10503,npa_crime_105_01_03.csv,1660,blank_district,
機車竊盜,105,0122,台中市,,10501-10503,npa_crime_105_01_03.csv,1661,blank_district,
機車竊盜,105,0123,台中市,,10501-10503,npa_crime_105_01_03.csv,1674,blank_district,
機車竊盜,105,0123,台中市,,10501-10503,npa_crime_105_01_03.csv,1681,blank_district,
機車竊盜,105,0124,台中市,,10501-10503,npa_crime_105_01_03.csv,1704,blank_district,
機車竊盜,105,0125,台中市,,10501-10503,npa_crime_105_01_03.csv,1712,blank_district,
機車竊盜,105,0125,台中市,,10501-10503,npa_crime_105_01_03.csv,1738,blank_district,
機車竊盜,105,0126,台中市,,10501-10503,npa_crime_105_01_03.csv,1750,blank_district,
機車竊盜,105,0128,台中市,,10501-10503,npa_crime_105_01_03.csv,1824,blank_district,
機車竊盜,105,0128,台中市,,10501-10503,npa_crime_105_01_03.csv,1837,blank_district,
機車竊盜,105,0129,台中市,,10501-10503,npa_crime_105_01_03.csv,1857,blank_district,
機車竊盜,105,0130,台中市,,10501-10503,npa_crime_105_01_03.csv,1877,blank_district,
機車竊盜,105,0130,台中市,,10501-10503,npa_crime_105_01_03.csv,1887,blank_district,
機車竊盜,105,0131,台中市,,10501-10503,npa_crime_105_01_03.csv,1924,blank_district,
機車竊盜,105,0131,台中市,,10501-10503,npa_crime_105_01_03.csv,1929,blank_district,
機車竊盜,105,0201,台中市,,10501-10503,npa_crime_105_01_03.csv,1948,blank_district,
機車竊盜,105,0201,台中市,,10501-10503,npa_crime_105_01_03.csv,1955,blank_district,
機車竊盜,105,0202,台中市,,10501-10503,npa_crime_105_01_03.csv,1982,blank_district,
機車竊盜,105,0202,台中市,,10501-10503,npa_crime_105_01_03.csv,1990,blank_district,
機車竊盜,105,0202,台中市,,10501-10503,npa_crime_105_01_03.csv,1998,blank_district,
機車竊盜,105,0202,台中市,,10501-10503,npa_crime_105_01_03.csv,2010,blank_district,
機車竊盜,105,0203,台中市,,10501-10503,npa_crime_105_01_03.csv,2025,blank_district,
機車竊盜,105,0204,台中市,,10501-10503,npa_crime_105_01_03.csv,2058,blank_district,
機車竊盜,105,0207,台中市,,10501-10503,npa_crime_105_01_03.csv,2142,blank_district,
機車竊盜,105,0207,台中市,,10501-10503,npa_crime_105_01_03.csv,2167,blank_district,
機車竊盜,105,0209,台中市,,10501-10503,npa_crime_105_01_03.csv,2201,blank_district,
機車竊盜,105,0210,台中市,,10501-10503,npa_crime_105_01_03.csv,2237,blank_district,
機車竊盜,105,0212,台中市,,10501-10503,npa_crime_105_01_03.csv,2299,blank_district,
機車竊盜,105,0212,台中市,,10501-10503,npa_crime_105_01_03.csv,2321,blank_district,
機車竊盜,105,0213,台中市,,10501-10503,npa_crime_105_01_03.csv,2331,blank_district,
機車竊盜,105,0213,台中市,,10501-10503,npa_crime_105_01_03.csv,2344,blank_district,
機車竊盜,105,0213,台中市,,10501-10503,npa_crime_105_01_03.csv,2352,blank_district,
機車竊盜,105,0213,台中市,,10501-10503,npa_crime_105_01_03.csv,2353,blank_district,
機車竊盜,105,0214,台中市,,10501-10503,npa_crime_105_01_03.csv,2395,blank_district,
機車竊盜,105,0215,台中市,,10501-10503,npa_crime_105_01_03.csv,2405,blank_district,
機車竊盜,105,0216,台中市,,10501-10503,npa_crime_105_01_03.csv,2439,blank_district,
機車竊盜,105,0216,台中市,,10501-10503,npa_crime_105_01_03.csv,2449,blank_district,
機車竊盜,105,0217,台中市,,10501-10503,npa_crime_105_01_03.csv,2480,blank_district,
機車竊盜,105,0218,台中市,,10501-10503,npa_crime_105_01_03.csv,2491,blank_district,
機車竊盜,105,0218,台中市,,10501-10503,npa_crime_105_01_03.csv,2519,blank_district,
機車竊盜,105,0219,台中市,,10501-10503,npa_crime_105_01_03.csv,2545,blank_district,
機車竊盜,105,0220,台中市,,10501-10503,npa_crime_105_01_03.csv,2573,blank_district,
機車竊盜,105,0220,台中市,,10501-10503,npa_crime_105_01_03.csv,2575,blank_district,
機車竊盜,105,0221,台中市,,10501-10503,npa_crime_105_01_03.csv,2581,blank_district,
機車竊盜,105,0221,台中市,,10501-10503,npa_crime_105_01_03.csv,2597,blank_district,
機車竊盜,105,0222,台中市,,10501-10503,npa_crime_105_01_03.csv,2611,blank_district,
機車竊盜,105,0222,台中市,,10501-10503,npa_crime_105_01_03.csv,2622,blank_district,
機車竊盜,105,0222,台中市,,10501-10503,npa_crime_105_01_03.csv,2629,blank_district,
機車竊盜,105,0222,台中市,,10501-10503,npa_crime_105_01_03.csv,2647,blank_district,
機車竊盜,105,0223,台中市,,10501-10503,npa_crime_105_01_03.csv,2688,blank_district,
機車竊盜,105,0224,台中市,,10501-10503,npa_crime_105_01_03.csv,2704,blank_district,
機車竊盜,105,0224,台中市,,10501-10503,npa_crime_105_01_03.csv,2705,blank_district,
機車竊盜,105,0224,台中市,,10501-10503,npa_crime_105_01_03.csv,2706,blank_district,
機車竊盜,105,0224,台中市,,10501-10503,npa_crime_105_01_03.csv,2709,blank_district,
機車竊盜,105,0224,台中市,,10501-10503,npa_crime_105_01_03.csv,2711,blank_district,
機車竊盜,105,0224,台中市,,10501-10503,npa_crime_105_01_03.csv,2729,blank_district,
機車竊盜,105,0225,台中市,,10501-10503,npa_crime_105_01_03.csv,2756,blank_district,
機車竊盜,105,0226,台中市,,10501-10503,npa_crime_105_01_03.csv,2766,blank_district,
機車竊盜,105,0226,台中市,,10501-10503,npa_crime_105_01_03.csv,2776,blank_district,
機車竊盜,105,0227,台中市,,10501-10503,npa_crime_105_01_03.csv,2804,blank_district,
機車竊盜,105,0227,台中市,,10501-10503,npa_crime_105_01_03.csv,2816,blank_district,
機車竊盜,105,0228,台中市,,10501-10503,npa_crime_105_01_03.csv,2841,blank_district,
機車竊盜,105,0229,台中市,,10501-10503,npa_crime_105_01_03.csv,2881,blank_district,
機車竊盜,105,0229,台中市,,10501-10503,npa_crime_105_01_03.csv,2899,blank_district,
機車竊盜,105,0301,台中市,,10501-10503,npa_crime_105_01_03.csv,2913,blank_district,
機車竊盜,105,0301,台中市,,10501-10503,npa_crime_105_01_03.csv,2940,blank_district,
機車竊盜,105,0301,台中市,,10501-10503,npa_crime_105_01_03.csv,2942,blank_district,
機車竊盜,105,0302,台中市,,10501-10503,npa_crime_105_01_03.csv,2956,blank_district,
機車竊盜,105,0303,台中市,,10501-10503,npa_crime_105_01_03.csv,2986,blank_district,
機車竊盜,105,0303,台中市,,10501-10503,npa_crime_105_01_03.csv,2994,blank_district,
機車竊盜,105,0303,台中市,,10501-10503,npa_crime_105_01_03.csv,3000,blank_district,
機車竊盜,105,0303,台中市,,10501-10503,npa_crime_105_01_03.csv,3001,blank_district,
機車竊盜,105,0304,台中市,,10501-10503,npa_crime_105_01_03.csv,3016,blank_district,
機車竊盜,105,0304,台中市,,10501-10503,npa_crime_105_01_03.csv,3022,blank_district,
機車竊盜,105,0304,台中市,,10501-10503,npa_crime_105_01_03.csv,3027,blank_district,
機車竊盜,105,0305,台中市,,10501-10503,npa_crime_105_01_03.csv,3049,blank_district,
機車竊盜,105,0305,台中市,,10501-10503,npa_crime_105_01_03.csv,3078,blank_district,
機車竊盜,105,0307,台中市,,10501-10503,npa_crime_105_01_03.csv,3126,blank_district,
機車竊盜,105,0308,台中市,,10501-10503,npa_crime_105_01_03.csv,3175,blank_district,
機車竊盜,105,0308,台中市,,10501-10503,npa_crime_105_01_03.csv,3179,blank_district,
機車竊盜,105,0308,台中市,,10501-10503,npa_crime_105_01_03.csv,3192,blank_district,
機車竊盜,105,0309,台中市,,10501-10503,npa_crime_105_01_03.csv,3208,blank_district,
機車竊盜,105,0309,台中市,,10501-10503,npa_crime_105_01_03.csv,3209,blank_district,
機車竊盜,105,0309,台中市,,10501-10503,npa_crime_105_01_03.csv,3219,blank_district,
機車竊盜,105,0309,台中市,,10501-10503,npa_crime_105_01_03.csv,3227,blank_district,
機車竊盜,105,0309,台中市,,10501-10503,npa_crime_105_01_03.csv,3233,blank_district,
機車竊盜,105,0310,台中市,,10501-10503,npa_crime_105_01_03.csv,3253,blank_district,
機車竊盜,105,0310,台中市,,10501-10503,npa_crime_105_01_03.csv,3257,blank_district,
機車竊盜,105,0311,台中市,,10501-10503,npa_crime_105_01_03.csv,3267,blank_district,
機車竊盜,105,0311,台中市,,10501-10503,npa_crime_105_01_03.csv,3271,blank_district,
機車竊盜,105,0311,台中市,,10501-10503,npa_crime_105_01_03.csv,3284,blank_district,
機車竊盜,105,0313,台中市,,10501-10503,npa_crime_105_01_03.csv,3338,blank_district,
機車竊盜,105,0314,台中市,,10501-10503,npa_crime_105_01_03.csv,3376,blank_district,
機車竊盜,105,0316,台中市,,10501-10503,npa_crime_105_01_03.csv,3431,blank_district,
機車竊盜,105,0316,台中市,,10501-10503,npa_crime_105_01_03.csv,3439,blank_district,
機車竊盜,105,0316,台中市,,10501-10503,npa_crime_105_01_03.csv,3449,blank_district,
機車竊盜,105,0317,台中市,,10501-10503,npa_crime_105_01_03.csv,3466,blank_district,
機車竊盜,105,0317,台中市,,10501-10503,npa_crime_105_01_03.csv,3475,blank_district,
機車竊盜,105,0317,台中市,,10501-10503,npa_crime_105_01_03.csv,3486,blank_district,
機車竊盜,105,0317,台中市,,10501-10503,npa_crime_105_01_03.csv,3499,blank_district,
機車竊盜,105,0318,台中市,,10501-10503,npa_crime_105_01_03.csv,3523,blank_district,
機車竊盜,105,0318,台中市,,10501-10503,npa_crime_105_01_03.csv,3536,blank_district,
機車竊盜,105,0319,台中市,,10501-10503,npa_crime_105_01_03.csv,3549,blank_district,
機車竊盜,105,0320,台中市,,10501-10503,npa_crime_105_01_03.csv,3591,blank_district,
機車竊盜,105,0320,台中市,,10501-10503,npa_crime_105_01_03.csv,3604,blank_district,
機車竊盜,105,0322,台中市,,10501-10503,npa_crime_105_01_03.csv,3655,blank_district,
機車竊盜,105,0323,台中市,,10501-10503,npa_crime_105_01_03.csv,3690,blank_district,
機車竊盜,105,0323,台中市,,10501-10503,npa_crime_105_01_03.csv,3692,blank_district,
機車竊盜,105,0325,台中市,,10501-10503,npa_crime_105_01_03.csv,3747,blank_district,
機車竊盜,105,0326,台中市,,10501-10503,npa_crime_105_01_03.csv,3772,blank_district,
機車竊盜,105,0326,台中市,,10501-10503,npa_crime_105_01_03.csv,3777,blank_district,
機車竊盜,105,0327,台中市,,10501-10503,npa_crime_105_01_03.csv,3801,blank_district,
機車竊盜,105,0329,台中市,,10501-10503,npa_crime_105_01_03.csv,3871,blank_district,
機車竊盜,105,0330,台中市,,10501-10503,npa_crime_105_01_03.csv,3908,blank_district,
機車竊盜,105,0330,台中市,,10501-10503,npa_crime_105_01_03.csv,3910,blank_district,
機車竊盜,105,0402,台中市,,10504-10506,npa_crime_105_04_06.csv,1041,blank_district,
機車竊盜,105,0402,台中市,,10504-10506,npa_crime_105_04_06.csv,1047,blank_district,
機車竊盜,105,0403,台中市,,10504-10506,npa_crime_105_04_06.csv,1069,blank_district,
機車竊盜,105,0403,台中市,,10504-10506,npa_crime_105_04_06.csv,1070,blank_district,
機車竊盜,105,0404,台中市,,10504-10506,npa_crime_105_04_06.csv,1107,blank_district,
機車竊盜,105,0405,台中市,,10504-10506,npa_crime_105_04_06.csv,1136,blank_district,
機車竊盜,105,0405,台中市,,10504-10506,npa_crime_105_04_06.csv,1137,blank_district,
機車竊盜,105,0406,台中市,,10504-10506,npa_crime_105_04_06.csv,1166,blank_district,
機車竊盜,105,0407,台中市,,10504-10506,npa_crime_105_04_06.csv,1213,blank_district,
機車竊盜,105,0409,台中市,,10504-10506,npa_crime_105_04_06.csv,1291,blank_district,
機車竊盜,105,0410,台中市,,10504-10506,npa_crime_105_04_06.csv,1319,blank_district,
機車竊盜,105,0410,台中市,,10504-10506,npa_crime_105_04_06.csv,1331,blank_district,
機車竊盜,105,0411,台中市,,10504-10506,npa_crime_105_04_06.csv,1377,blank_district,
機車竊盜,105,0411,台中市,,10504-10506,npa_crime_105_04_06.csv,1388,blank_district,
機車竊盜,105,0413,台中市,,10504-10506,npa_crime_105_04_06.csv,1429,blank_district,
機車竊盜,105,0413,台中市,,10504-10506,npa_crime_105_04_06.csv,1431,blank_district,
機車竊盜,105,0415,台中市,,10504-10506,npa_crime_105_04_06.csv,1478,blank_district,
機車竊盜,105,0415,台中市,,10504-10506,npa_crime_105_04_06.csv,1483,blank_district,
機車竊盜,105,0416,台中市,,10504-10506,npa_crime_105_04_06.csv,1509,blank_district,
機車竊盜,105,0416,台中市,,10504-10506,npa_crime_105_04_06.csv,1510,blank_district,
機車竊盜,105,0416,台中市,,10504-10506,npa_crime_105_04_06.csv,1512,blank_district,
機車竊盜,105,0417,台中市,,10504-10506,npa_crime_105_04_06.csv,1524,blank_district,
機車竊盜,105,0417,台中市,,10504-10506,npa_crime_105_04_06.csv,1527,blank_district,
機車竊盜,105,0417,台中市,,10504-10506,npa_crime_105_04_06.csv,1549,blank_district,
機車竊盜,105,0418,台中市,,10504-10506,npa_crime_105_04_06.csv,1561,blank_district,
機車竊盜,105,0419,台中市,,10504-10506,npa_crime_105_04_06.csv,1609,blank_district,
機車竊盜,105,0421,台中市,,10504-10506,npa_crime_105_04_06.csv,1722,blank_district,
機車竊盜,105,0422,台中市,,10504-10506,npa_crime_105_04_06.csv,1733,blank_district,
機車竊盜,105,0422,台中市,,10504-10506,npa_crime_105_04_06.csv,1735,blank_district,
機車竊盜,105,0423,台中市,,10504-10506,npa_crime_105_04_06.csv,1764,blank_district,
機車竊盜,105,0423,台中市,,10504-10506,npa_crime_105_04_06.csv,1775,blank_district,
機車竊盜,105,0424,台中市,,10504-10506,npa_crime_105_04_06.csv,1811,blank_district,
機車竊盜,105,0424,台中市,,10504-10506,npa_crime_105_04_06.csv,1813,blank_district,
機車竊盜,105,0424,台中市,,10504-10506,npa_crime_105_04_06.csv,1816,blank_district,
機車竊盜,105,0424,台中市,,10504-10506,npa_crime_105_04_06.csv,1818,blank_district,
機車竊盜,105,0425,台中市,,10504-10506,npa_crime_105_04_06.csv,1846,blank_district,
機車竊盜,105,0425,台中市,,10504-10506,npa_crime_105_04_06.csv,1852,blank_district,
機車竊盜,105,0425,台中市,,10504-10506,npa_crime_105_04_06.csv,1857,blank_district,
機車竊盜,105,0425,台中市,,10504-10506,npa_crime_105_04_06.csv,1870,blank_district,
機車竊盜,105,0425,台中市,,10504-10506,npa_crime_105_04_06.csv,1875,blank_district,
機車竊盜,105,0426,台中市,,10504-10506,npa_crime_105_04_06.csv,1899,blank_district,
機車竊盜,105,0427,台中市,,10504-10506,npa_crime_105_04_06.csv,1924,blank_district,
機車竊盜,105,0427,台中市,,10504-10506,npa_crime_105_04_06.csv,1931,blank_district,
機車竊盜,105,0427,台中市,,10504-10506,npa_crime_105_04_06.csv,1938,blank_district,
機車竊盜,105,0427,台中市,,10504-10506,npa_crime_105_04_06.csv,1947,blank_district,
機車竊盜,105,0427,台中市,,10504-10506,npa_crime_105_04_06.csv,1951,blank_district,
機車竊盜,105,0427,台中市,,10504-10506,npa_crime_105_04_06.csv,1962,blank_district,
機車竊盜,105,0428,台中市,,10504-10506,npa_crime_105_04_06.csv,1975,blank_district,
機車竊盜,105,0428,台中市,,10504-10506,npa_crime_105_04_06.csv,1982,blank_district,
機車竊盜,105,0428,台中市,,10504-10506,npa_crime_105_04_06.csv,1992,blank_district,
機車竊盜,105,0428,台中市,,10504-10506,npa_crime_105_04_06.csv,1995,blank_district,
機車竊盜,105,0429,台中市,,10504-10506,npa_crime_105_04_06.csv,2013,blank_district,
機車竊盜,105,0429,台中市,,10504-10506,npa_crime_105_04_06.csv,2037,blank_district,
機車竊盜,105,0430,台中市,,10504-10506,npa_crime_105_04_06.csv,2042,blank_district,
機車竊盜,105,0430,台中市,,10504-10506,npa_crime_105_04_06.csv,2055,blank_district,
機車竊盜,105,0502,台中市,,10504-10506,npa_crime_105_04_06.csv,2114,blank_district,
機車竊盜,105,0503,台中市,,10504-10506,npa_crime_105_04_06.csv,2135,blank_district,
機車竊盜,105,0503,台中市,,10504-10506,npa_crime_105_04_06.csv,2164,blank_district,
機車竊盜,105,0505,台中市,,10504-10506,npa_crime_105_04_06.csv,2243,blank_district,
機車竊盜,105,0505,台中市,,10504-10506,npa_crime_105_04_06.csv,2244,blank_district,
機車竊盜,105,0506,台中市,,10504-10506,npa_crime_105_04_06.csv,2252,blank_district,
機車竊盜,105,0506,台中市,,10504-10506,npa_crime_105_04_06.csv,2256,blank_district,
機車竊盜,105,0506,台中市,,10504-10506,npa_crime_105_04_06.csv,2259,blank_district,
機車竊盜,105,0506,台中市,,10504-10506,npa_crime_105_04_06.csv,2274,blank_district,
機車竊盜,105,0508,台中市,,10504-10506,npa_crime_105_04_06.csv,2355,blank_district,
機車竊盜,105,0511,台中市,,10504-10506,npa_crime_105_04_06.csv,2457,blank_district,
機車竊盜,105,0512,台中市,,10504-10506,npa_crime_105_04_06.csv,2468,blank_district,
機車竊盜,105,0512,台中市,,10504-10506,npa_crime_105_04_06.csv,2471,blank_district,
機車竊盜,105,0512,台中市,,10504-10506,npa_crime_105_04_06.csv,2487,blank_district,
機車竊盜,105,0513,台中市,,10504-10506,npa_crime_105_04_06.csv,2501,blank_district,
機車竊盜,105,0513,台中市,,10504-10506,npa_crime_105_04_06.csv,2520,blank_district,
機車竊盜,105,0513,台中市,,10504-10506,npa_crime_105_04_06.csv,2521,blank_district,
機車竊盜,105,0513,台中市,,10504-10506,npa_crime_105_04_06.csv,2528,blank_district,
機車竊盜,105,0514,台中市,,10504-10506,npa_crime_105_04_06.csv,2536,blank_district,
機車竊盜,105,0514,台中市,,10504-10506,npa_crime_105_04_06.csv,2547,blank_district,
機車竊盜,105,0515,台中市,,10504-10506,npa_crime_105_04_06.csv,2596,blank_district,
機車竊盜,105,0515,台中市,,10504-10506,npa_crime_105_04_06.csv,2616,blank_district,
機車竊盜,105,0516,台中市,,10504-10506,npa_crime_105_04_06.csv,2624,blank_district,
機車竊盜,105,0516,台中市,,10504-10506,npa_crime_105_04_06.csv,2638,blank_district,
機車竊盜,105,0518,台中市,,10504-10506,npa_crime_105_04_06.csv,2704,blank_district,
機車竊盜,105,0520,台中市,,10504-10506,npa_crime_105_04_06.csv,2742,blank_district,
機車竊盜,105,0520,台中市,,10504-10506,npa_crime_105_04_06.csv,2745,blank_district,
機車竊盜,105,0520,台中市,,10504-10506,npa_crime_105_04_06.csv,2749,blank_district,
機車竊盜,105,0521,台中市,,10504-10506,npa_crime_105_04_06.csv,2777,blank_district,
機車竊盜,105,0521,台中市,,10504-10506,npa_crime_105_04_06.csv,2786,blank_district,
機車竊盜,105,0521,台中市,,10504-10506,npa_crime_105_04_06.csv,2797,blank_district,
機車竊盜,105,0523,台中市,,10504-10506,npa_crime_105_04_06.csv,2851,blank_district,
機車竊盜,105,0523,台中市,,10504-10506,npa_crime_105_04_06.csv,2857,blank_district,
機車竊盜,105,0523,台中市,,10504-10506,npa_crime_105_04_06.csv,2880,blank_district,
機車竊盜,105,0524,台中市,,10504-10506,npa_crime_105_04_06.csv,2901,blank_district,
機車竊盜,105,0524,台中市,,10504-10506,npa_crime_105_04_06.csv,2902,blank_district,
機車竊盜,105,0525,台中市,,10504-10506,npa_crime_105_04_06.csv,2932,blank_district,
機車竊盜,105,0527,台中市,,10504-10506,npa_crime_105_04_06.csv,3007,blank_district,
機車竊盜,105,0528,台中市,,10504-10506,npa_crime_105_04_06.csv,3020,blank_district,
機車竊盜,105,0531,台中市,,10504-10506,npa_crime_105_04_06.csv,3147,blank_district,
機車竊盜,105,0601,台中市,,10504-10506,npa_crime_105_04_06.csv,3187,blank_district,
機車竊盜,105,0602,台中市,,10504-10506,npa_crime_105_04_06.csv,3250,blank_district,
機車竊盜,105,0602,台中市,,10504-10506,npa_crime_105_04_06.csv,3253,blank_district,
機車竊盜,105,0603,台中市,,10504-10506,npa_crime_105_04_06.csv,3257,blank_district,
機車竊盜,105,0604,台中市,,10504-10506,npa_crime_105_04_06.csv,3324,blank_district,
機車竊盜,105,0605,台中市,,10504-10506,npa_crime_105_04_06.csv,3364,blank_district,
機車竊盜,105,0607,台中市,,10504-10506,npa_crime_105_04_06.csv,3456,blank_district,
機車竊盜,105,0607,台中市,,10504-10506,npa_crime_105_04_06.csv,3457,blank_district,
機車竊盜,105,0608,台中市,,10504-10506,npa_crime_105_04_06.csv,3474,blank_district,
機車竊盜,105,0608,台中市,,10504-10506,npa_crime_105_04_06.csv,3483,blank_district,
機車竊盜,105,0609,台中市,,10504-10506,npa_crime_105_04_06.csv,3519,blank_district,
機車竊盜,105,0611,台中市,,10504-10506,npa_crime_105_04_06.csv,3587,blank_district,
機車竊盜,105,0611,台中市,,10504-10506,npa_crime_105_04_06.csv,3588,blank_district,
機車竊盜,105,0611,台中市,,10504-10506,npa_crime_105_04_06.csv,3596,blank_district,
機車竊盜,105,0612,台中市,,10504-10506,npa_crime_105_04_06.csv,3637,blank_district,
機車竊盜,105,0612,台中市,,10504-10506,npa_crime_105_04_06.csv,3659,blank_district,
機車竊盜,105,0613,台中市,,10504-10506,npa_crime_105_04_06.csv,3699,blank_district,
機車竊盜,105,0614,台中市,,10504-10506,npa_crime_105_04_06.csv,3727,blank_district,
機車竊盜,105,0614,台中市,,10504-10506,npa_crime_105_04_06.csv,3744,blank_district,
機車竊盜,105,0614,台中市,,10504-10506,npa_crime_105_04_06.csv,3745,blank_district,
機車竊盜,105,0614,台中市,,10504-10506,npa_crime_105_04_06.csv,3752,blank_district,
機車竊盜,105,0614,台中市,,10504-10506,npa_crime_105_04_06.csv,3758,blank_district,
機車竊盜,105,0615,台中市,,10504-10506,npa_crime_105_04_06.csv,3770,blank_district,
機車竊盜,105,0615,台中市,,10504-10506,npa_crime_105_04_06.csv,3795,blank_district,
機車竊盜,105,0616,台中市,,10504-10506,npa_crime_105_04_06.csv,3801,blank_district,
機車竊盜,105,0616,台中市,,10504-10506,npa_crime_105_04_06.csv,3833,blank_district,
機車竊盜,105,0617,台中市,,10504-10506,npa_crime_105_04_06.csv,3855,blank_district,
機車竊盜,105,0617,台中市,,10504-10506,npa_crime_105_04_06.csv,3862,blank_district,
機車竊盜,105,0617,台中市,,10504-10506,npa_crime_105_04_06.csv,3875,blank_district,
機車竊盜,105,0618,台中市,,10504-10506,npa_crime_105_04_06.csv,3908,blank_district,
機車竊盜,105,0618,台中市,,10504-10506,npa_crime_105_04_06.csv,3921,blank_district,
機車竊盜,105,0619,台中市,,10504-10506,npa_crime_105_04_06.csv,3954,blank_district,
機車竊盜,105,0619,台中市,,10504-10506,npa_crime_105_04_06.csv,3967,blank_district,
機車竊盜,105,0620,台中市,,10504-10506,npa_crime_105_04_06.csv,3974,blank_district,
機車竊盜,105,0620,台中市,,10504-10506,npa_crime_105_04_06.csv,4000,blank_district,
機車竊盜,105,0620,台中市,,10504-10506,npa_crime_105_04_06.csv,4007,blank_district,
機車竊盜,105,0621,台中市,,10504-10506,npa_crime_105_04_06.csv,4046,blank_district,
機車竊盜,105,0621,台中市,,10504-10506,npa_crime_105_04_06.csv,4047,blank_district,
機車竊盜,105,0622,台中市,,10504-10506,npa_crime_105_04_06.csv,4066,blank_district,
機車竊盜,105,0622,台中市,,10504-10506,npa_crime_105_04_06.csv,4069,blank_district,
機車竊盜,105,0622,台中市,,10504-10506,npa_crime_105_04_06.csv,4079,blank_district,
機車竊盜,105,0622,台中市,,10504-10506,npa_crime_105_04_06.csv,4087,blank_district,
機車竊盜,105,0623,台中市,,10504-10506,npa_crime_105_04_06.csv,4097,blank_district,
機車竊盜,105,0623,台中市,,10504-10506,npa_crime_105_04_06.csv,4124,blank_district,
機車竊盜,105,0623,台中市,,10504-10506,npa_crime_105_04_06.csv,4127,blank_district,
機車竊盜,105,0624,台中市,,10504-10506,npa_crime_105_04_06.csv,4146,blank_district,
機車竊盜,105,0624,台中市,,10504-10506,npa_crime_105_04_06.csv,4147,blank_district,
機車竊盜,105,0625,台中市,,10504-10506,npa_crime_105_04_06.csv,4179,blank_district,
機車竊盜,105,0625,台中市,,10504-10506,npa_crime_105_04_06.csv,4198,blank_district,
機車竊盜,105,0626,台中市,,10504-10506,npa_crime_105_04_06.csv,4210,blank_district,
機車竊盜,105,0626,台中市,,10504-10506,npa_crime_105_04_06.csv,4228,blank_district,
機車竊盜,105,0628,台中市,,10504-10506,npa_crime_105_04_06.csv,4287,blank_district,
機車竊盜,105,0629,台中市,,10504-10506,npa_crime_105_04_06.csv,4329,blank_district,
機車竊盜,105,0630,台中市,,10504-10506,npa_crime_105_04_06.csv,4357,blank_district,
機車竊盜,105,0630,台中市,,10504-10506,npa_crime_105_04_06.csv,4362,blank_district,
機車竊盜,105,0630,台中市,,10504-10506,npa_crime_105_04_06.csv,4367,blank_district,
毒品,105,0600,台中市,清水區,10504-10506,npa_crime_105_04_06.csv,11577,invalid_date,day 0 must be in range 1..30 for month 6 in year 2016
機車竊盜,105,0701,台中市,,10507-10509,npa_crime_105_07_09.csv,925,blank_district,
機車竊盜,105,0702,台中市,,10507-10509,npa_crime_105_07_09.csv,942,blank_district,
機車竊盜,105,0702,台中市,,10507-10509,npa_crime_105_07_09.csv,949,blank_district,
機車竊盜,105,0702,台中市,,10507-10509,npa_crime_105_07_09.csv,952,blank_district,
機車竊盜,105,0702,台中市,,10507-10509,npa_crime_105_07_09.csv,969,blank_district,
機車竊盜,105,0702,台中市,,10507-10509,npa_crime_105_07_09.csv,974,blank_district,
機車竊盜,105,0704,台中市,,10507-10509,npa_crime_105_07_09.csv,1033,blank_district,
機車竊盜,105,0704,台中市,,10507-10509,npa_crime_105_07_09.csv,1053,blank_district,
機車竊盜,105,0705,台中市,,10507-10509,npa_crime_105_07_09.csv,1079,blank_district,
機車竊盜,105,0706,台中市,,10507-10509,npa_crime_105_07_09.csv,1099,blank_district,
機車竊盜,105,0706,台中市,,10507-10509,npa_crime_105_07_09.csv,1104,blank_district,
機車竊盜,105,0707,台中市,,10507-10509,npa_crime_105_07_09.csv,1159,blank_district,
機車竊盜,105,0708,台中市,,10507-10509,npa_crime_105_07_09.csv,1166,blank_district,
機車竊盜,105,0710,台中市,,10507-10509,npa_crime_105_07_09.csv,1248,blank_district,
機車竊盜,105,0711,台中市,,10507-10509,npa_crime_105_07_09.csv,1265,blank_district,
機車竊盜,105,0711,台中市,,10507-10509,npa_crime_105_07_09.csv,1282,blank_district,
機車竊盜,105,0712,台中市,,10507-10509,npa_crime_105_07_09.csv,1308,blank_district,
機車竊盜,105,0712,台中市,,10507-10509,npa_crime_105_07_09.csv,1330,blank_district,
機車竊盜,105,0713,台中市,,10507-10509,npa_crime_105_07_09.csv,1365,blank_district,
機車竊盜,105,0713,台中市,,10507-10509,npa_crime_105_07_09.csv,1377,blank_district,
機車竊盜,105,0713,台中市,,10507-10509,npa_crime_105_07_09.csv,1383,blank_district,
機車竊盜,105,0714,台中市,,10507-10509,npa_crime_105_07_09.csv,1405,blank_district,
機車竊盜,105,0715,台中市,,10507-10509,npa_crime_105_07_09.csv,1441,blank_district,
機車竊盜,105,0716,台中市,,10507-10509,npa_crime_105_07_09.csv,1472,blank_district,
機車竊盜,105,0716,台中市,,10507-10509,npa_crime_105_07_09.csv,1474,blank_district,
機車竊盜,105,0716,台中市,,10507-10509,npa_crime_105_07_09.csv,1478,blank_district,
機車竊盜,105,0716,台中市,,10507-10509,npa_crime_105_07_09.csv,1482,blank_district,
機車竊盜,105,0718,台中市,,10507-10509,npa_crime_105_07_09.csv,1518,blank_district,
機車竊盜,105,0718,台中市,,10507-10509,npa_crime_105_07_09.csv,1528,blank_district,
機車竊盜,105,0718,台中市,,10507-10509,npa_crime_105_07_09.csv,1540,blank_district,
機車竊盜,105,0718,台中市,,10507-10509,npa_crime_105_07_09.csv,1541,blank_district,
機車竊盜,105,0718,台中市,,10507-10509,npa_crime_105_07_09.csv,1548,blank_district,
機車竊盜,105,0720,台中市,,10507-10509,npa_crime_105_07_09.csv,1594,blank_district,
機車竊盜,105,0720,台中市,,10507-10509,npa_crime_105_07_09.csv,1629,blank_district,
機車竊盜,105,0720,台中市,,10507-10509,npa_crime_105_07_09.csv,1631,blank_district,
機車竊盜,105,0721,台中市,,10507-10509,npa_crime_105_07_09.csv,1655,blank_district,
機車竊盜,105,0721,台中市,,10507-10509,npa_crime_105_07_09.csv,1666,blank_district,
機車竊盜,105,0721,台中市,,10507-10509,npa_crime_105_07_09.csv,1669,blank_district,
機車竊盜,105,0721,台中市,,10507-10509,npa_crime_105_07_09.csv,1670,blank_district,
機車竊盜,105,0722,台中市,,10507-10509,npa_crime_105_07_09.csv,1716,blank_district,
機車竊盜,105,0722,台中市,,10507-10509,npa_crime_105_07_09.csv,1719,blank_district,
機車竊盜,105,0722,台中市,,10507-10509,npa_crime_105_07_09.csv,1721,blank_district,
機車竊盜,105,0723,台中市,,10507-10509,npa_crime_105_07_09.csv,1758,blank_district,
機車竊盜,105,0724,台中市,,10507-10509,npa_crime_105_07_09.csv,1799,blank_district,
機車竊盜,105,0726,台中市,,10507-10509,npa_crime_105_07_09.csv,1880,blank_district,
機車竊盜,105,0727,台中市,,10507-10509,npa_crime_105_07_09.csv,1895,blank_district,
機車竊盜,105,0727,台中市,,10507-10509,npa_crime_105_07_09.csv,1903,blank_district,
機車竊盜,105,0727,台中市,,10507-10509,npa_crime_105_07_09.csv,1912,blank_district,
機車竊盜,105,0727,台中市,,10507-10509,npa_crime_105_07_09.csv,1921,blank_district,
機車竊盜,105,0728,台中市,,10507-10509,npa_crime_105_07_09.csv,1942,blank_district,
機車竊盜,105,0729,台中市,,10507-10509,npa_crime_105_07_09.csv,1973,blank_district,
機車竊盜,105,0729,台中市,,10507-10509,npa_crime_105_07_09.csv,1974,blank_district,
機車竊盜,105,0729,台中市,,10507-10509,npa_crime_105_07_09.csv,1985,blank_district,
機車竊盜,105,0729,台中市,,10507-10509,npa_crime_105_07_09.csv,1996,blank_district,
機車竊盜,105,0729,台中市,,10507-10509,npa_crime_105_07_09.csv,2001,blank_district,
機車竊盜,105,0730,台中市,,10507-10509,npa_crime_105_07_09.csv,2018,blank_district,
機車竊盜,105,0730,台中市,,10507-10509,npa_crime_105_07_09.csv,2040,blank_district,
機車竊盜,105,0731,台中市,,10507-10509,npa_crime_105_07_09.csv,2061,blank_district,
機車竊盜,105,0731,台中市,,10507-10509,npa_crime_105_07_09.csv,2062,blank_district,
機車竊盜,105,0731,台中市,,10507-10509,npa_crime_105_07_09.csv,2070,blank_district,
機車竊盜,105,0731,台中市,,10507-10509,npa_crime_105_07_09.csv,2086,blank_district,
機車竊盜,105,0802,台中市,,10507-10509,npa_crime_105_07_09.csv,2151,blank_district,
機車竊盜,105,0802,台中市,,10507-10509,npa_crime_105_07_09.csv,2153,blank_district,
機車竊盜,105,0802,台中市,,10507-10509,npa_crime_105_07_09.csv,2162,blank_district,
機車竊盜,105,0802,台中市,,10507-10509,npa_crime_105_07_09.csv,2171,blank_district,
機車竊盜,105,0802,台中市,,10507-10509,npa_crime_105_07_09.csv,2181,blank_district,
機車竊盜,105,0803,台中市,,10507-10509,npa_crime_105_07_09.csv,2216,blank_district,
機車竊盜,105,0804,台中市,,10507-10509,npa_crime_105_07_09.csv,2226,blank_district,
機車竊盜,105,0805,台中市,,10507-10509,npa_crime_105_07_09.csv,2254,blank_district,
機車竊盜,105,0805,台中市,,10507-10509,npa_crime_105_07_09.csv,2258,blank_district,
機車竊盜,105,0805,台中市,,10507-10509,npa_crime_105_07_09.csv,2267,blank_district,
機車竊盜,105,0805,台中市,,10507-10509,npa_crime_105_07_09.csv,2269,blank_district,
機車竊盜,105,0805,台中市,,10507-10509,npa_crime_105_07_09.csv,2271,blank_district,
機車竊盜,105,0806,台中市,,10507-10509,npa_crime_105_07_09.csv,2329,blank_district,
機車竊盜,105,0807,台中市,,10507-10509,npa_crime_105_07_09.csv,2347,blank_district,
機車竊盜,105,0808,台中市,,10507-10509,npa_crime_105_07_09.csv,2376,blank_district,
機車竊盜,105,0808,台中市,,10507-10509,npa_crime_105_07_09.csv,2388,blank_district,
機車竊盜,105,0808,台中市,,10507-10509,npa_crime_105_07_09.csv,2395,blank_district,
機車竊盜,105,0809,台中市,,10507-10509,npa_crime_105_07_09.csv,2418,blank_district,
機車竊盜,105,0809,台中市,,10507-10509,npa_crime_105_07_09.csv,2429,blank_district,
機車竊盜,105,0809,台中市,,10507-10509,npa_crime_105_07_09.csv,2442,blank_district,
機車竊盜,105,0810,台中市,,10507-10509,npa_crime_105_07_09.csv,2447,blank_district,
機車竊盜,105,0810,台中市,,10507-10509,npa_crime_105_07_09.csv,2451,blank_district,
機車竊盜,105,0810,台中市,,10507-10509,npa_crime_105_07_09.csv,2466,blank_district,
機車竊盜,105,0810,台中市,,10507-10509,npa_crime_105_07_09.csv,2469,blank_district,
機車竊盜,105,0811,台中市,,10507-10509,npa_crime_105_07_09.csv,2500,blank_district,
機車竊盜,105,0812,台中市,,10507-10509,npa_crime_105_07_09.csv,2522,blank_district,
機車竊盜,105,0813,台中市,,10507-10509,npa_crime_105_07_09.csv,2563,blank_district,
機車竊盜,105,0813,台中市,,10507-10509,npa_crime_105_07_09.csv,2581,blank_district,
機車竊盜,105,0814,台中市,,10507-10509,npa_crime_105_07_09.csv,2606,blank_district,
機車竊盜,105,0814,台中市,,10507-10509,npa_crime_105_07_09.csv,2616,blank_district,
機車竊盜,105,0815,台中市,,10507-10509,npa_crime_105_07_09.csv,2622,blank_district,
機車竊盜,105,0815,台中市,,10507-10509,npa_crime_105_07_09.csv,2633,blank_district,
機車竊盜,105,0815,台中市,,10507-10509,npa_crime_105_07_09.csv,2640,blank_district,
機車竊盜,105,0815,台中市,,10507-10509,npa_crime_105_07_09.csv,2642,blank_district,
機車竊盜,105,0815,台中市,,10507-10509,npa_crime_105_07_09.csv,2654,blank_district,
機車竊盜,105,0815,台中市,,10507-10509,npa_crime_105_07_09.csv,2663,blank_district,
機車竊盜,105,0816,台中市,,10507-10509,npa_crime_105_07_09.csv,2676,blank_district,
機車竊盜,105,0817,台中市,,10507-10509,npa_crime_105_07_09.csv,2697,blank_district,
機車竊盜,105,0818,台中市,,10507-10509,npa_crime_105_07_09.csv,2745,blank_district,
機車竊盜,105,0819,台中市,,10507-10509,npa_crime_105_07_09.csv,2780,blank_district,
機車竊盜,105,0820,台中市,,10507-10509,npa_crime_105_07_09.csv,2809,blank_district,
機車竊盜,105,0821,台中市,,10507-10509,npa_crime_105_07_09.csv,2836,blank_district,
機車竊盜,105,0822,台中市,,10507-10509,npa_crime_105_07_09.csv,2898,blank_district,
機車竊盜,105,0822,台中市,,10507-10509,npa_crime_105_07_09.csv,2906,blank_district,
機車竊盜,105,0823,台中市,,10507-10509,npa_crime_105_07_09.csv,2918,blank_district,
機車竊盜,105,0823,台中市,,10507-10509,npa_crime_105_07_09.csv,2928,blank_district,
機車竊盜,105,0823,台中市,,10507-10509,npa_crime_105_07_09.csv,2930,blank_district,
機車竊盜,105,0824,台中市,,10507-10509,npa_crime_105_07_09.csv,2942,blank_district,
機車竊盜,105,0824,台中市,,10507-10509,npa_crime_105_07_09.csv,2962,blank_district,
機車竊盜,105,0824,台中市,,10507-10509,npa_crime_105_07_09.csv,2965,blank_district,
機車竊盜,105,0824,台中市,,10507-10509,npa_crime_105_07_09.csv,2970,blank_district,
機車竊盜,105,0824,台中市,,10507-10509,npa_crime_105_07_09.csv,2979,blank_district,
機車竊盜,105,0825,台中市,,10507-10509,npa_crime_105_07_09.csv,2990,blank_district,
機車竊盜,105,0825,台中市,,10507-10509,npa_crime_105_07_09.csv,3017,blank_district,
機車竊盜,105,0826,台中市,,10507-10509,npa_crime_105_07_09.csv,3048,blank_district,
機車竊盜,105,0828,台中市,,10507-10509,npa_crime_105_07_09.csv,3099,blank_district,
機車竊盜,105,0828,台中市,,10507-10509,npa_crime_105_07_09.csv,3113,blank_district,
機車竊盜,105,0829,台中市,,10507-10509,npa_crime_105_07_09.csv,3147,blank_district,
機車竊盜,105,0829,台中市,,10507-10509,npa_crime_105_07_09.csv,3154,blank_district,
機車竊盜,105,0829,台中市,,10507-10509,npa_crime_105_07_09.csv,3184,blank_district,
機車竊盜,105,0830,台中市,,10507-10509,npa_crime_105_07_09.csv,3192,blank_district,
機車竊盜,105,0830,台中市,,10507-10509,npa_crime_105_07_09.csv,3197,blank_district,
機車竊盜,105,0830,台中市,,10507-10509,npa_crime_105_07_09.csv,3209,blank_district,
機車竊盜,105,0830,台中市,,10507-10509,npa_crime_105_07_09.csv,3218,blank_district,
機車竊盜,105,0831,台中市,,10507-10509,npa_crime_105_07_09.csv,3222,blank_district,
機車竊盜,105,0831,台中市,,10507-10509,npa_crime_105_07_09.csv,3253,blank_district,
機車竊盜,105,0831,台中市,,10507-10509,npa_crime_105_07_09.csv,3260,blank_district,
機車竊盜,105,0831,台中市,,10507-10509,npa_crime_105_07_09.csv,3264,blank_district,
機車竊盜,105,0901,台中市,,10507-10509,npa_crime_105_07_09.csv,3289,blank_district,
機車竊盜,105,0902,台中市,,10507-10509,npa_crime_105_07_09.csv,3315,blank_district,
機車竊盜,105,0903,台中市,,10507-10509,npa_crime_105_07_09.csv,3352,blank_district,
機車竊盜,105,0904,台中市,,10507-10509,npa_crime_105_07_09.csv,3363,blank_district,
機車竊盜,105,0904,台中市,,10507-10509,npa_crime_105_07_09.csv,3380,blank_district,
機車竊盜,105,0905,台中市,,10507-10509,npa_crime_105_07_09.csv,3433,blank_district,
機車竊盜,105,0906,台中市,,10507-10509,npa_crime_105_07_09.csv,3436,blank_district,
機車竊盜,105,0906,台中市,,10507-10509,npa_crime_105_07_09.csv,3442,blank_district,
機車竊盜,105,0906,台中市,,10507-10509,npa_crime_105_07_09.csv,3447,blank_district,
機車竊盜,105,0906,台中市,,10507-10509,npa_crime_105_07_09.csv,3451,blank_district,
機車竊盜,105,0906,台中市,,10507-10509,npa_crime_105_07_09.csv,3460,blank_district,
機車竊盜,105,0907,台中市,,10507-10509,npa_crime_105_07_09.csv,3482,blank_district,
機車竊盜,105,0907,台中市,,10507-10509,npa_crime_105_07_09.csv,3497,blank_district,
機車竊盜,105,0908,台中市,,10507-10509,npa_crime_105_07_09.csv,3527,blank_district,
機車竊盜,105,0909,台中市,,10507-10509,npa_crime_105_07_09.csv,3552,blank_district,
機車竊盜,105,0910,台中市,,10507-10509,npa_crime_105_07_09.csv,3573,blank_district,
機車竊盜,105,0910,台中市,,10507-10509,npa_crime_105_07_09.csv,3604,blank_district,
機車竊盜,105,0911,台中市,,10507-10509,npa_crime_105_07_09.csv,3612,blank_district,
機車竊盜,105,0911,台中市,,10507-10509,npa_crime_105_07_09.csv,3614,blank_district,
機車竊盜,105,0914,台中市,,10507-10509,npa_crime_105_07_09.csv,3759,blank_district,
機車竊盜,105,0916,台中市,,10507-10509,npa_crime_105_07_09.csv,3815,blank_district,
機車竊盜,105,0917,台中市,,10507-10509,npa_crime_105_07_09.csv,3867,blank_district,
機車竊盜,105,0918,台中市,,10507-10509,npa_crime_105_07_09.csv,3874,blank_district,
機車竊盜,105,0918,台中市,,10507-10509,npa_crime_105_07_09.csv,3903,blank_district,
機車竊盜,105,0918,台中市,,10507-10509,npa_crime_105_07_09.csv,3906,blank_district,
機車竊盜,105,0919,台中市,,10507-10509,npa_crime_105_07_09.csv,3948,blank_district,
機車竊盜,105,0919,台中市,,10507-10509,npa_crime_105_07_09.csv,3963,blank_district,
機車竊盜,105,0921,台中市,,10507-10509,npa_crime_105_07_09.csv,4011,blank_district,
機車竊盜,105,0921,台中市,,10507-10509,npa_crime_105_07_09.csv,4030,blank_district,
機車竊盜,105,0921,台中市,,10507-10509,npa_crime_105_07_09.csv,4036,blank_district,
機車竊盜,105,0922,台中市,,10507-10509,npa_crime_105_07_09.csv,4056,blank_district,
機車竊盜,105,0923,台中市,,10507-10509,npa_crime_105_07_09.csv,4080,blank_district,
機車竊盜,105,0923,台中市,,10507-10509,npa_crime_105_07_09.csv,4098,blank_district,
機車竊盜,105,0924,台中市,,10507-10509,npa_crime_105_07_09.csv,4134,blank_district,
機車竊盜,105,0925,台中市,,10507-10509,npa_crime_105_07_09.csv,4165,blank_district,
機車竊盜,105,0926,台中市,,10507-10509,npa_crime_105_07_09.csv,4179,blank_district,
機車竊盜,105,0926,台中市,,10507-10509,npa_crime_105_07_09.csv,4191,blank_district,
機車竊盜,105,0926,台中市,,10507-10509,npa_crime_105_07_09.csv,4199,blank_district,
機車竊盜,105,0927,台中市,,10507-10509,npa_crime_105_07_09.csv,4209,blank_district,
機車竊盜,105,0928,台中市,,10507-10509,npa_crime_105_07_09.csv,4230,blank_district,
機車竊盜,105,0930,台中市,,10507-10509,npa_crime_105_07_09.csv,4274,blank_district,
毒品,105,0705,台中市,,10507-10509,npa_crime_105_07_09.csv,6103,blank_district,
機車竊盜,105,1001,台中市,,10510-10512,npa_crime_105_10_12.csv,862,blank_district,
機車竊盜,105,1001,台中市,,10510-10512,npa_crime_105_10_12.csv,892,blank_district,
機車竊盜,105,1002,台中市,,10510-10512,npa_crime_105_10_12.csv,897,blank_district,
機車竊盜,105,1002,台中市,,10510-10512,npa_crime_105_10_12.csv,916,blank_district,
機車竊盜,105,1003,台中市,,10510-10512,npa_crime_105_10_12.csv,950,blank_district,
機車竊盜,105,1003,台中市,,10510-10512,npa_crime_105_10_12.csv,960,blank_district,
機車竊盜,105,1004,台中市,,10510-10512,npa_crime_105_10_12.csv,971,blank_district,
機車竊盜,105,1004,台中市,,10510-10512,npa_crime_105_10_12.csv,989,blank_district,
機車竊盜,105,1004,台中市,,10510-10512,npa_crime_105_10_12.csv,995,blank_district,
機車竊盜,105,1005,台中市,,10510-10512,npa_crime_105_10_12.csv,1017,blank_district,
機車竊盜,105,1005,台中市,,10510-10512,npa_crime_105_10_12.csv,1021,blank_district,
機車竊盜,105,1005,台中市,,10510-10512,npa_crime_105_10_12.csv,1051,blank_district,
機車竊盜,105,1006,台中市,,10510-10512,npa_crime_105_10_12.csv,1065,blank_district,
機車竊盜,105,1007,台中市,,10510-10512,npa_crime_105_10_12.csv,1111,blank_district,
機車竊盜,105,1007,台中市,,10510-10512,npa_crime_105_10_12.csv,1116,blank_district,
機車竊盜,105,1007,台中市,,10510-10512,npa_crime_105_10_12.csv,1120,blank_district,
機車竊盜,105,1007,台中市,,10510-10512,npa_crime_105_10_12.csv,1123,blank_district,
機車竊盜,105,1007,台中市,,10510-10512,npa_crime_105_10_12.csv,1125,blank_district,
機車竊盜,105,1008,台中市,,10510-10512,npa_crime_105_10_12.csv,1130,blank_district,
機車竊盜,105,1008,台中市,,10510-10512,npa_crime_105_10_12.csv,1148,blank_district,
機車竊盜,105,1009,台中市,,10510-10512,npa_crime_105_10_12.csv,1163,blank_district,
機車竊盜,105,1010,台中市,,10510-10512,npa_crime_105_10_12.csv,1202,blank_district,
機車竊盜,105,1010,台中市,,10510-10512,npa_crime_105_10_12.csv,1215,blank_district,
機車竊盜,105,1010,台中市,,10510-10512,npa_crime_105_10_12.csv,1219,blank_district,
機車竊盜,105,1010,台中市,,10510-10512,npa_crime_105_10_12.csv,1220,blank_district,
機車竊盜,105,1010,台中市,,10510-10512,npa_crime_105_10_12.csv,1229,blank_district,
機車竊盜,105,1011,台中市,,10510-10512,npa_crime_105_10_12.csv,1251,blank_district,
機車竊盜,105,1012,台中市,,10510-10512,npa_crime_105_10_12.csv,1294,blank_district,
機車竊盜,105,1012,台中市,,10510-10512,npa_crime_105_10_12.csv,1302,blank_district,
機車竊盜,105,1013,台中市,,10510-10512,npa_crime_105_10_12.csv,1337,blank_district,
機車竊盜,105,1013,台中市,,10510-10512,npa_crime_105_10_12.csv,1339,blank_district,
機車竊盜,105,1014,台中市,,10510-10512,npa_crime_105_10_12.csv,1353,blank_district,
機車竊盜,105,1014,台中市,,10510-10512,npa_crime_105_10_12.csv,1355,blank_district,
機車竊盜,105,1014,台中市,,10510-10512,npa_crime_105_10_12.csv,1368,blank_district,
機車竊盜,105,1014,台中市,,10510-10512,npa_crime_105_10_12.csv,1372,blank_district,
機車竊盜,105,1014,台中市,,10510-10512,npa_crime_105_10_12.csv,1378,blank_district,
機車竊盜,105,1015,台中市,,10510-10512,npa_crime_105_10_12.csv,1417,blank_district,
機車竊盜,105,1016,台中市,,10510-10512,npa_crime_105_10_12.csv,1432,blank_district,
機車竊盜,105,1016,台中市,,10510-10512,npa_crime_105_10_12.csv,1435,blank_district,
機車竊盜,105,1016,台中市,,10510-10512,npa_crime_105_10_12.csv,1452,blank_district,
機車竊盜,105,1016,台中市,,10510-10512,npa_crime_105_10_12.csv,1456,blank_district,
機車竊盜,105,1017,台中市,,10510-10512,npa_crime_105_10_12.csv,1481,blank_district,
機車竊盜,105,1017,台中市,,10510-10512,npa_crime_105_10_12.csv,1509,blank_district,
機車竊盜,105,1020,台中市,,10510-10512,npa_crime_105_10_12.csv,1609,blank_district,
機車竊盜,105,1022,台中市,,10510-10512,npa_crime_105_10_12.csv,1711,blank_district,
機車竊盜,105,1026,台中市,,10510-10512,npa_crime_105_10_12.csv,1866,blank_district,
機車竊盜,105,1026,台中市,,10510-10512,npa_crime_105_10_12.csv,1879,blank_district,
機車竊盜,105,1027,台中市,,10510-10512,npa_crime_105_10_12.csv,1887,blank_district,
機車竊盜,105,1027,台中市,,10510-10512,npa_crime_105_10_12.csv,1892,blank_district,
機車竊盜,105,1027,台中市,,10510-10512,npa_crime_105_10_12.csv,1919,blank_district,
機車竊盜,105,1028,台中市,,10510-10512,npa_crime_105_10_12.csv,1940,blank_district,
機車竊盜,105,1028,台中市,,10510-10512,npa_crime_105_10_12.csv,1959,blank_district,
機車竊盜,105,1029,台中市,,10510-10512,npa_crime_105_10_12.csv,1975,blank_district,
機車竊盜,105,1029,台中市,,10510-10512,npa_crime_105_10_12.csv,1989,blank_district,
機車竊盜,105,1029,台中市,,10510-10512,npa_crime_105_10_12.csv,2006,blank_district,
機車竊盜,105,1030,台中市,,10510-10512,npa_crime_105_10_12.csv,2020,blank_district,
機車竊盜,105,1031,台中市,,10510-10512,npa_crime_105_10_12.csv,2053,blank_district,
機車竊盜,105,1101,台中市,,10510-10512,npa_crime_105_10_12.csv,2102,blank_district,
機車竊盜,105,1102,台中市,,10510-10512,npa_crime_105_10_12.csv,2114,blank_district,
機車竊盜,105,1102,台中市,,10510-10512,npa_crime_105_10_12.csv,2128,blank_district,
機車竊盜,105,1104,台中市,,10510-10512,npa_crime_105_10_12.csv,2215,blank_district,
機車竊盜,105,1105,台中市,,10510-10512,npa_crime_105_10_12.csv,2228,blank_district,
機車竊盜,105,1105,台中市,,10510-10512,npa_crime_105_10_12.csv,2237,blank_district,
機車竊盜,105,1105,台中市,,10510-10512,npa_crime_105_10_12.csv,2245,blank_district,
機車竊盜,105,1107,台中市,,10510-10512,npa_crime_105_10_12.csv,2294,blank_district,
機車竊盜,105,1107,台中市,,10510-10512,npa_crime_105_10_12.csv,2301,blank_district,
機車竊盜,105,1107,台中市,,10510-10512,npa_crime_105_10_12.csv,2332,blank_district,
機車竊盜,105,1108,台中市,,10510-10512,npa_crime_105_10_12.csv,2353,blank_district,
機車竊盜,105,1108,台中市,,10510-10512,npa_crime_105_10_12.csv,2383,blank_district,
機車竊盜,105,1110,台中市,,10510-10512,npa_crime_105_10_12.csv,2424,blank_district,
機車竊盜,105,1110,台中市,,10510-10512,npa_crime_105_10_12.csv,2440,blank_district,
機車竊盜,105,1111,台中市,,10510-10512,npa_crime_105_10_12.csv,2475,blank_district,
機車竊盜,105,1112,台中市,,10510-10512,npa_crime_105_10_12.csv,2484,blank_district,
機車竊盜,105,1112,台中市,,10510-10512,npa_crime_105_10_12.csv,2520,blank_district,
機車竊盜,105,1113,台中市,,10510-10512,npa_crime_105_10_12.csv,2529,blank_district,
機車竊盜,105,1113,台中市,,10510-10512,npa_crime_105_10_12.csv,2545,blank_district,
機車竊盜,105,1114,台中市,,10510-10512,npa_crime_105_10_12.csv,2560,blank_district,
機車竊盜,105,1115,台中市,,10510-10512,npa_crime_105_10_12.csv,2603,blank_district,
機車竊盜,105,1115,台中市,,10510-10512,npa_crime_105_10_12.csv,2610,blank_district,
機車竊盜,105,1116,台中市,,10510-10512,npa_crime_105_10_12.csv,2637,blank_district,
機車竊盜,105,1116,台中市,,10510-10512,npa_crime_105_10_12.csv,2647,blank_district,
機車竊盜,105,1117,台中市,,10510-10512,npa_crime_105_10_12.csv,2700,blank_district,
機車竊盜,105,1118,台中市,,10510-10512,npa_crime_105_10_12.csv,2717,blank_district,
機車竊盜,105,1118,台中市,,10510-10512,npa_crime_105_10_12.csv,2736,blank_district,
機車竊盜,105,1120,台中市,,10510-10512,npa_crime_105_10_12.csv,2805,blank_district,
機車竊盜,105,1120,台中市,,10510-10512,npa_crime_105_10_12.csv,2824,blank_district,
機車竊盜,105,1121,台中市,,10510-10512,npa_crime_105_10_12.csv,2831,blank_district,
機車竊盜,105,1121,台中市,,10510-10512,npa_crime_105_10_12.csv,2839,blank_district,
機車竊盜,105,1122,台中市,,10510-10512,npa_crime_105_10_12.csv,2871,blank_district,
機車竊盜,105,1123,台中市,,10510-10512,npa_crime_105_10_12.csv,2907,blank_district,
機車竊盜,105,1125,台中市,,10510-10512,npa_crime_105_10_12.csv,2960,blank_district,
機車竊盜,105,1125,台中市,,10510-10512,npa_crime_105_10_12.csv,2971,blank_district,
機車竊盜,105,1126,台中市,,10510-10512,npa_crime_105_10_12.csv,3010,blank_district,
機車竊盜,105,1127,台中市,,10510-10512,npa_crime_105_10_12.csv,3036,blank_district,
機車竊盜,105,1127,台中市,,10510-10512,npa_crime_105_10_12.csv,3049,blank_district,
機車竊盜,105,1127,台中市,,10510-10512,npa_crime_105_10_12.csv,3062,blank_district,
機車竊盜,105,1129,台中市,,10510-10512,npa_crime_105_10_12.csv,3097,blank_district,
機車竊盜,105,1130,台中市,,10510-10512,npa_crime_105_10_12.csv,3124,blank_district,
機車竊盜,105,1202,台中市,,10510-10512,npa_crime_105_10_12.csv,3198,blank_district,
機車竊盜,105,1202,台中市,,10510-10512,npa_crime_105_10_12.csv,3202,blank_district,
機車竊盜,105,1203,台中市,,10510-10512,npa_crime_105_10_12.csv,3242,blank_district,
機車竊盜,105,1204,台中市,,10510-10512,npa_crime_105_10_12.csv,3252,blank_district,
機車竊盜,105,1204,台中市,,10510-10512,npa_crime_105_10_12.csv,3271,blank_district,
機車竊盜,105,1204,台中市,,10510-10512,npa_crime_105_10_12.csv,3272,blank_district,
機車竊盜,105,1205,台中市,,10510-10512,npa_crime_105_10_12.csv,3289,blank_district,
機車竊盜,105,1205,台中市,,10510-10512,npa_crime_105_10_12.csv,3293,blank_district,
機車竊盜,105,1206,台中市,,10510-10512,npa_crime_105_10_12.csv,3321,blank_district,
機車竊盜,105,1207,台中市,,10510-10512,npa_crime_105_10_12.csv,3348,blank_district,
機車竊盜,105,1207,台中市,,10510-10512,npa_crime_105_10_12.csv,3349,blank_district,
機車竊盜,105,1207,台中市,,10510-10512,npa_crime_105_10_12.csv,3355,blank_district,
機車竊盜,105,1208,台中市,,10510-10512,npa_crime_105_10_12.csv,3361,blank_district,
機車竊盜,105,1209,台中市,,10510-10512,npa_crime_105_10_12.csv,3390,blank_district,
機車竊盜,105,1209,台中市,,10510-10512,npa_crime_105_10_12.csv,3412,blank_district,
機車竊盜,105,1211,台中市,,10510-10512,npa_crime_105_10_12.csv,3471,blank_district,
機車竊盜,105,1212,台中市,,10510-10512,npa_crime_105_10_12.csv,3496,blank_district,
機車竊盜,105,1213,台中市,,10510-10512,npa_crime_105_10_12.csv,3521,blank_district,
機車竊盜,105,1213,台中市,,10510-10512,npa_crime_105_10_12.csv,3533,blank_district,
機車竊盜,105,1214,台中市,,10510-10512,npa_crime_105_10_12.csv,3565,blank_district,
機車竊盜,105,1216,台中市,,10510-10512,npa_crime_105_10_12.csv,3609,blank_district,
機車竊盜,105,1216,台中市,,10510-10512,npa_crime_105_10_12.csv,3622,blank_district,
機車竊盜,105,1217,台中市,,10510-10512,npa_crime_105_10_12.csv,3629,blank_district,
機車竊盜,105,1217,台中市,,10510-10512,npa_crime_105_10_12.csv,3657,blank_district,
機車竊盜,105,1218,台中市,,10510-10512,npa_crime_105_10_12.csv,3681,blank_district,
機車竊盜,105,1219,台中市,,10510-10512,npa_crime_105_10_12.csv,3699,blank_district,
機車竊盜,105,1219,台中市,,10510-10512,npa_crime_105_10_12.csv,3714,blank_district,
機車竊盜,105,1219,台中市,,10510-10512,npa_crime_105_10_12.csv,3720,blank_district,
機車竊盜,105,1220,台中市,,10510-10512,npa_crime_105_10_12.csv,3752,blank_district,
機車竊盜,105,1220,台中市,,10510-10512,npa_crime_105_10_12.csv,3754,blank_district,
機車竊盜,105,1221,台中市,,10510-10512,npa_crime_105_10_12.csv,3778,blank_district,
機車竊盜,105,1221,台中市,,10510-10512,npa_crime_105_10_12.csv,3786,blank_district,
機車竊盜,105,1223,台中市,,10510-10512,npa_crime_105_10_12.csv,3824,blank_district,
機車竊盜,105,1223,台中市,,10510-10512,npa_crime_105_10_12.csv,3842,blank_district,
機車竊盜,105,1224,台中市,,10510-10512,npa_crime_105_10_12.csv,3861,blank_district,
機車竊盜,105,1224,台中市,,10510-10512,npa_crime_105_10_12.csv,3871,blank_district,
機車竊盜,105,1224,台中市,,10510-10512,npa_crime_105_10_12.csv,3872,blank_district,
機車竊盜,105,1225,台中市,,10510-10512,npa_crime_105_10_12.csv,3931,blank_district,
機車竊盜,105,1227,台中市,,10510-10512,npa_crime_105_10_12.csv,3994,blank_district,
機車竊盜,105,1229,台中市,,10510-10512,npa_crime_105_10_12.csv,4045,blank_district,
機車竊盜,105,1230,台中市,,10510-10512,npa_crime_105_10_12.csv,4055,blank_district,
機車竊盜,105,1231,台中市,,10510-10512,npa_crime_105_10_12.csv,4082,blank_district,
機車竊盜,106,101,台中市,,10601-10603,npa_crime_106_01_03.csv,764,blank_district,
機車竊盜,106,101,台中市,,10601-10603,npa_crime_106_01_03.csv,769,blank_district,
機車竊盜,106,101,台中市,,10601-10603,npa_crime_106_01_03.csv,779,blank_district,
機車竊盜,106,101,台中市,,10601-10603,npa_crime_106_01_03.csv,781,blank_district,
機車竊盜,106,102,台中市,,10601-10603,npa_crime_106_01_03.csv,805,blank_district,
機車竊盜,106,103,台中市,,10601-10603,npa_crime_106_01_03.csv,832,blank_district,
機車竊盜,106,103,台中市,,10601-10603,npa_crime_106_01_03.csv,851,blank_district,
機車竊盜,106,104,台中市,,10601-10603,npa_crime_106_01_03.csv,858,blank_district,
機車竊盜,106,105,台中市,,10601-10603,npa_crime_106_01_03.csv,896,blank_district,
機車竊盜,106,105,台中市,,10601-10603,npa_crime_106_01_03.csv,901,blank_district,
機車竊盜,106,105,台中市,,10601-10603,npa_crime_106_01_03.csv,903,blank_district,
機車竊盜,106,106,台中市,,10601-10603,npa_crime_106_01_03.csv,917,blank_district,
機車竊盜,106,106,台中市,,10601-10603,npa_crime_106_01_03.csv,922,blank_district,
機車竊盜,106,107,台中市,,10601-10603,npa_crime_106_01_03.csv,940,blank_district,
機車竊盜,106,108,台中市,,10601-10603,npa_crime_106_01_03.csv,976,blank_district,
機車竊盜,106,108,台中市,,10601-10603,npa_crime_106_01_03.csv,985,blank_district,
機車竊盜,106,108,台中市,,10601-10603,npa_crime_106_01_03.csv,986,blank_district,
機車竊盜,106,108,台中市,,10601-10603,npa_crime_106_01_03.csv,988,blank_district,
機車竊盜,106,109,台中市,,10601-10603,npa_crime_106_01_03.csv,995,blank_district,
機車竊盜,106,109,台中市,,10601-10603,npa_crime_106_01_03.csv,1002,blank_district,
機車竊盜,106,109,台中市,,10601-10603,npa_crime_106_01_03.csv,1014,blank_district,
機車竊盜,106,109,台中市,,10601-10603,npa_crime_106_01_03.csv,1016,blank_district,
機車竊盜,106,110,台中市,,10601-10603,npa_crime_106_01_03.csv,1031,blank_district,
機車竊盜,106,110,台中市,,10601-10603,npa_crime_106_01_03.csv,1034,blank_district,
機車竊盜,106,110,台中市,,10601-10603,npa_crime_106_01_03.csv,1039,blank_district,
機車竊盜,106,111,台中市,,10601-10603,npa_crime_106_01_03.csv,1054,blank_district,
機車竊盜,106,111,台中市,,10601-10603,npa_crime_106_01_03.csv,1060,blank_district,
機車竊盜,106,111,台中市,,10601-10603,npa_crime_106_01_03.csv,1069,blank_district,
機車竊盜,106,112,台中市,,10601-10603,npa_crime_106_01_03.csv,1097,blank_district,
機車竊盜,106,113,台中市,,10601-10603,npa_crime_106_01_03.csv,1133,blank_district,
機車竊盜,106,114,台中市,,10601-10603,npa_crime_106_01_03.csv,1150,blank_district,
機車竊盜,106,114,台中市,,10601-10603,npa_crime_106_01_03.csv,1156,blank_district,
機車竊盜,106,114,台中市,,10601-10603,npa_crime_106_01_03.csv,1167,blank_district,
機車竊盜,106,114,台中市,,10601-10603,npa_crime_106_01_03.csv,1169,blank_district,
機車竊盜,106,115,台中市,,10601-10603,npa_crime_106_01_03.csv,1177,blank_district,
機車竊盜,106,115,台中市,,10601-10603,npa_crime_106_01_03.csv,1178,blank_district,
機車竊盜,106,115,台中市,,10601-10603,npa_crime_106_01_03.csv,1181,blank_district,
機車竊盜,106,115,台中市,,10601-10603,npa_crime_106_01_03.csv,1192,blank_district,
機車竊盜,106,116,台中市,,10601-10603,npa_crime_106_01_03.csv,1211,blank_district,
機車竊盜,106,117,台中市,,10601-10603,npa_crime_106_01_03.csv,1258,blank_district,
機車竊盜,106,119,台中市,,10601-10603,npa_crime_106_01_03.csv,1299,blank_district,
機車竊盜,106,119,台中市,,10601-10603,npa_crime_106_01_03.csv,1308,blank_district,
機車竊盜,106,121,台中市,,10601-10603,npa_crime_106_01_03.csv,1341,blank_district,
機車竊盜,106,123,台中市,,10601-10603,npa_crime_106_01_03.csv,1391,blank_district,
機車竊盜,106,124,台中市,,10601-10603,npa_crime_106_01_03.csv,1433,blank_district,
機車竊盜,106,125,台中市,,10601-10603,npa_crime_106_01_03.csv,1449,blank_district,
機車竊盜,106,125,台中市,,10601-10603,npa_crime_106_01_03.csv,1450,blank_district,
機車竊盜,106,125,台中市,,10601-10603,npa_crime_106_01_03.csv,1464,blank_district,
機車竊盜,106,125,台中市,,10601-10603,npa_crime_106_01_03.csv,1470,blank_district,
機車竊盜,106,126,台中市,,10601-10603,npa_crime_106_01_03.csv,1488,blank_district,
機車竊盜,106,126,台中市,,10601-10603,npa_crime_106_01_03.csv,1504,blank_district,
機車竊盜,106,126,台中市,,10601-10603,npa_crime_106_01_03.csv,1506,blank_district,
機車竊盜,106,129,台中市,,10601-10603,npa_crime_106_01_03.csv,1548,blank_district,
機車竊盜,106,130,台中市,,10601-10603,npa_crime_106_01_03.csv,1589,blank_district,
機車竊盜,106,201,台中市,,10601-10603,npa_crime_106_01_03.csv,1633,blank_district,
機車竊盜,106,202,台中市,,10601-10603,npa_crime_106_01_03.csv,1665,blank_district,
機車竊盜,106,202,台中市,,10601-10603,npa_crime_106_01_03.csv,1666,blank_district,
機車竊盜,106,202,台中市,,10601-10603,npa_crime_106_01_03.csv,1668,blank_district,
機車竊盜,106,203,台中市,,10601-10603,npa_crime_106_01_03.csv,1709,blank_district,
機車竊盜,106,205,台中市,,10601-10603,npa_crime_106_01_03.csv,1739,blank_district,
機車竊盜,106,205,台中市,,10601-10603,npa_crime_106_01_03.csv,1763,blank_district,
機車竊盜,106,205,台中市,,10601-10603,npa_crime_106_01_03.csv,1767,blank_district,
機車竊盜,106,206,台中市,,10601-10603,npa_crime_106_01_03.csv,1785,blank_district,
機車竊盜,106,206,台中市,,10601-10603,npa_crime_106_01_03.csv,1794,blank_district,
機車竊盜,106,207,台中市,,10601-10603,npa_crime_106_01_03.csv,1802,blank_district,
機車竊盜,106,208,台中市,,10601-10603,npa_crime_106_01_03.csv,1839,blank_district,
機車竊盜,106,209,台中市,,10601-10603,npa_crime_106_01_03.csv,1869,blank_district,
機車竊盜,106,209,台中市,,10601-10603,npa_crime_106_01_03.csv,1871,blank_district,
機車竊盜,106,209,台中市,,10601-10603,npa_crime_106_01_03.csv,1882,blank_district,
機車竊盜,106,210,台中市,,10601-10603,npa_crime_106_01_03.csv,1884,blank_district,
機車竊盜,106,211,台中市,,10601-10603,npa_crime_106_01_03.csv,1909,blank_district,
機車竊盜,106,212,台中市,,10601-10603,npa_crime_106_01_03.csv,1923,blank_district,
機車竊盜,106,212,台中市,,10601-10603,npa_crime_106_01_03.csv,1934,blank_district,
機車竊盜,106,213,台中市,,10601-10603,npa_crime_106_01_03.csv,1953,blank_district,
機車竊盜,106,213,台中市,,10601-10603,npa_crime_106_01_03.csv,1955,blank_district,
機車竊盜,106,213,台中市,,10601-10603,npa_crime_106_01_03.csv,1956,blank_district,
機車竊盜,106,213,台中市,,10601-10603,npa_crime_106_01_03.csv,1958,blank_district,
機車竊盜,106,213,台中市,,10601-10603,npa_crime_106_01_03.csv,1965,blank_district,
機車竊盜,106,213,台中市,,10601-10603,npa_crime_106_01_03.csv,1968,blank_district,
機車竊盜,106,214,台中市,,10601-10603,npa_crime_106_01_03.csv,1976,blank_district,
機車竊盜,106,214,台中市,,10601-10603,npa_crime_106_01_03.csv,1985,blank_district,
機車竊盜,106,214,台中市,,10601-10603,npa_crime_106_01_03.csv,2001,blank_district,
機車竊盜,106,216,台中市,,10601-10603,npa_crime_106_01_03.csv,2041,blank_district,
機車竊盜,106,217,台中市,,10601-10603,npa_crime_106_01_03.csv,2053,blank_district,
機車竊盜,106,218,台中市,,10601-10603,npa_crime_106_01_03.csv,2086,blank_district,
機車竊盜,106,220,台中市,,10601-10603,npa_crime_106_01_03.csv,2168,blank_district,
機車竊盜,106,222,台中市,,10601-10603,npa_crime_106_01_03.csv,2219,blank_district,
機車竊盜,106,222,台中市,,10601-10603,npa_crime_106_01_03.csv,2222,blank_district,
機車竊盜,106,223,台中市,,10601-10603,npa_crime_106_01_03.csv,2243,blank_district,
機車竊盜,106,223,台中市,,10601-10603,npa_crime_106_01_03.csv,2250,blank_district,
機車竊盜,106,223,台中市,,10601-10603,npa_crime_106_01_03.csv,2251,blank_district,
機車竊盜,106,225,台中市,,10601-10603,npa_crime_106_01_03.csv,2288,blank_district,
機車竊盜,106,225,台中市,,10601-10603,npa_crime_106_01_03.csv,2309,blank_district,
機車竊盜,106,226,台中市,,10601-10603,npa_crime_106_01_03.csv,2316,blank_district,
機車竊盜,106,226,台中市,,10601-10603,npa_crime_106_01_03.csv,2328,blank_district,
機車竊盜,106,228,台中市,,10601-10603,npa_crime_106_01_03.csv,2383,blank_district,
機車竊盜,106,228,台中市,,10601-10603,npa_crime_106_01_03.csv,2384,blank_district,
機車竊盜,106,301,台中市,,10601-10603,npa_crime_106_01_03.csv,2414,blank_district,
機車竊盜,106,301,台中市,,10601-10603,npa_crime_106_01_03.csv,2426,blank_district,
機車竊盜,106,302,台中市,,10601-10603,npa_crime_106_01_03.csv,2435,blank_district,
機車竊盜,106,303,台中市,,10601-10603,npa_crime_106_01_03.csv,2492,blank_district,
機車竊盜,106,304,台中市,,10601-10603,npa_crime_106_01_03.csv,2499,blank_district,
機車竊盜,106,304,台中市,,10601-10603,npa_crime_106_01_03.csv,2502,blank_district,
機車竊盜,106,304,台中市,,10601-10603,npa_crime_106_01_03.csv,2504,blank_district,
機車竊盜,106,305,台中市,,10601-10603,npa_crime_106_01_03.csv,2517,blank_district,
機車竊盜,106,305,台中市,,10601-10603,npa_crime_106_01_03.csv,2532,blank_district,
機車竊盜,106,307,台中市,,10601-10603,npa_crime_106_01_03.csv,2590,blank_district,
機車竊盜,106,308,台中市,,10601-10603,npa_crime_106_01_03.csv,2596,blank_district,
機車竊盜,106,308,台中市,,10601-10603,npa_crime_106_01_03.csv,2600,blank_district,
機車竊盜,106,308,台中市,,10601-10603,npa_crime_106_01_03.csv,2604,blank_district,
機車竊盜,106,309,台中市,,10601-10603,npa_crime_106_01_03.csv,2652,blank_district,
機車竊盜,106,310,台中市,,10601-10603,npa_crime_106_01_03.csv,2670,blank_district,
機車竊盜,106,311,台中市,,10601-10603,npa_crime_106_01_03.csv,2692,blank_district,
機車竊盜,106,311,台中市,,10601-10603,npa_crime_106_01_03.csv,2698,blank_district,
機車竊盜,106,311,台中市,,10601-10603,npa_crime_106_01_03.csv,2722,blank_district,
機車竊盜,106,312,台中市,,10601-10603,npa_crime_106_01_03.csv,2754,blank_district,
機車竊盜,106,312,台中市,,10601-10603,npa_crime_106_01_03.csv,2757,blank_district,
機車竊盜,106,313,台中市,,10601-10603,npa_crime_106_01_03.csv,2787,blank_district,
機車竊盜,106,314,台中市,,10601-10603,npa_crime_106_01_03.csv,2805,blank_district,
機車竊盜,106,314,台中市,,10601-10603,npa_crime_106_01_03.csv,2810,blank_district,
機車竊盜,106,316,台中市,,10601-10603,npa_crime_106_01_03.csv,2847,blank_district,
機車竊盜,106,316,台中市,,10601-10603,npa_crime_106_01_03.csv,2850,blank_district,
機車竊盜,106,316,台中市,,10601-10603,npa_crime_106_01_03.csv,2852,blank_district,
機車竊盜,106,316,台中市,,10601-10603,npa_crime_106_01_03.csv,2866,blank_district,
機車竊盜,106,317,台中市,,10601-10603,npa_crime_106_01_03.csv,2893,blank_district,
機車竊盜,106,317,台中市,,10601-10603,npa_crime_106_01_03.csv,2894,blank_district,
機車竊盜,106,320,台中市,,10601-10603,npa_crime_106_01_03.csv,2978,blank_district,
機車竊盜,106,320,台中市,,10601-10603,npa_crime_106_01_03.csv,2985,blank_district,
機車竊盜,106,320,台中市,,10601-10603,npa_crime_106_01_03.csv,2989,blank_district,
機車竊盜,106,321,台中市,,10601-10603,npa_crime_106_01_03.csv,3002,blank_district,
機車竊盜,106,322,台中市,,10601-10603,npa_crime_106_01_03.csv,3024,blank_district,
機車竊盜,106,324,台中市,,10601-10603,npa_crime_106_01_03.csv,3058,blank_district,
機車竊盜,106,324,台中市,,10601-10603,npa_crime_106_01_03.csv,3082,blank_district,
機車竊盜,106,325,台中市,,10601-10603,npa_crime_106_01_03.csv,3089,blank_district,
機車竊盜,106,327,台中市,,10601-10603,npa_crime_106_01_03.csv,3142,blank_district,
機車竊盜,106,327,台中市,,10601-10603,npa_crime_106_01_03.csv,3157,blank_district,
機車竊盜,106,327,台中市,,10601-10603,npa_crime_106_01_03.csv,3163,blank_district,
機車竊盜,106,328,台中市,,10601-10603,npa_crime_106_01_03.csv,3173,blank_district,
機車竊盜,106,329,台中市,,10601-10603,npa_crime_106_01_03.csv,3208,blank_district,
機車竊盜,106,329,台中市,,10601-10603,npa_crime_106_01_03.csv,3210,blank_district,
機車竊盜,106,330,台中市,,10601-10603,npa_crime_106_01_03.csv,3222,blank_district,
機車竊盜,106,330,台中市,,10601-10603,npa_crime_106_01_03.csv,3236,blank_district,
機車竊盜,106,330,台中市,,10601-10603,npa_crime_106_01_03.csv,3238,blank_district,
機車竊盜,106,0401,台中市,,10604-10606,npa_crime_106_04_06.csv,846,blank_district,
機車竊盜,106,0401,台中市,,10604-10606,npa_crime_106_04_06.csv,848,blank_district,
機車竊盜,106,0403,台中市,,10604-10606,npa_crime_106_04_06.csv,887,blank_district,
機車竊盜,106,0404,台中市,,10604-10606,npa_crime_106_04_06.csv,924,blank_district,
機車竊盜,106,0404,台中市,,10604-10606,npa_crime_106_04_06.csv,925,blank_district,
機車竊盜,106,0406,台中市,,10604-10606,npa_crime_106_04_06.csv,972,blank_district,
機車竊盜,106,0406,台中市,,10604-10606,npa_crime_106_04_06.csv,976,blank_district,
機車竊盜,106,0406,台中市,,10604-10606,npa_crime_106_04_06.csv,984,blank_district,
機車竊盜,106,0407,台中市,,10604-10606,npa_crime_106_04_06.csv,1002,blank_district,
機車竊盜,106,0407,台中市,,10604-10606,npa_crime_106_04_06.csv,1031,blank_district,
機車竊盜,106,0408,台中市,,10604-10606,npa_crime_106_04_06.csv,1037,blank_district,
機車竊盜,106,0408,台中市,,10604-10606,npa_crime_106_04_06.csv,1049,blank_district,
機車竊盜,106,0408,台中市,,10604-10606,npa_crime_106_04_06.csv,1051,blank_district,
機車竊盜,106,0409,台中市,,10604-10606,npa_crime_106_04_06.csv,1065,blank_district,
機車竊盜,106,0409,台中市,,10604-10606,npa_crime_106_04_06.csv,1083,blank_district,
機車竊盜,106,0410,台中市,,10604-10606,npa_crime_106_04_06.csv,1106,blank_district,
機車竊盜,106,0410,台中市,,10604-10606,npa_crime_106_04_06.csv,1113,blank_district,
機車竊盜,106,0410,台中市,,10604-10606,npa_crime_106_04_06.csv,1114,blank_district,
機車竊盜,106,0412,台中市,,10604-10606,npa_crime_106_04_06.csv,1151,blank_district,
機車竊盜,106,0413,台中市,,10604-10606,npa_crime_106_04_06.csv,1171,blank_district,
機車竊盜,106,0413,台中市,,10604-10606,npa_crime_106_04_06.csv,1177,blank_district,
機車竊盜,106,0414,台中市,,10604-10606,npa_crime_106_04_06.csv,1226,blank_district,
機車竊盜,106,0415,台中市,,10604-10606,npa_crime_106_04_06.csv,1248,blank_district,
機車竊盜,106,0415,台中市,,10604-10606,npa_crime_106_04_06.csv,1254,blank_district,
機車竊盜,106,0416,台中市,,10604-10606,npa_crime_106_04_06.csv,1269,blank_district,
機車竊盜,106,0416,台中市,,10604-10606,npa_crime_106_04_06.csv,1283,blank_district,
機車竊盜,106,0416,台中市,,10604-10606,npa_crime_106_04_06.csv,1293,blank_district,
機車竊盜,106,0418,台中市,,10604-10606,npa_crime_106_04_06.csv,1369,blank_district,
機車竊盜,106,0418,台中市,,10604-10606,npa_crime_106_04_06.csv,1371,blank_district,
機車竊盜,106,0419,台中市,,10604-10606,npa_crime_106_04_06.csv,1385,blank_district,
機車竊盜,106,0419,台中市,,10604-10606,npa_crime_106_04_06.csv,1386,blank_district,
機車竊盜,106,0419,台中市,,10604-10606,npa_crime_106_04_06.csv,1389,blank_district,
機車竊盜,106,0421,台中市,,10604-10606,npa_crime_106_04_06.csv,1440,blank_district,
機車竊盜,106,0421,台中市,,10604-10606,npa_crime_106_04_06.csv,1445,blank_district,
機車竊盜,106,0421,台中市,,10604-10606,npa_crime_106_04_06.csv,1452,blank_district,
機車竊盜,106,0422,台中市,,10604-10606,npa_crime_106_04_06.csv,1509,blank_district,
機車竊盜,106,0423,台中市,,10604-10606,npa_crime_106_04_06.csv,1513,blank_district,
機車竊盜,106,0423,台中市,,10604-10606,npa_crime_106_04_06.csv,1530,blank_district,
機車竊盜,106,0423,台中市,,10604-10606,npa_crime_106_04_06.csv,1540,blank_district,
機車竊盜,106,0424,台中市,,10604-10606,npa_crime_106_04_06.csv,1564,blank_district,
機車竊盜,106,0425,台中市,,10604-10606,npa_crime_106_04_06.csv,1589,blank_district,
機車竊盜,106,0427,台中市,,10604-10606,npa_crime_106_04_06.csv,1655,blank_district,
機車竊盜,106,0428,台中市,,10604-10606,npa_crime_106_04_06.csv,1671,blank_district,
機車竊盜,106,0428,台中市,,10604-10606,npa_crime_106_04_06.csv,1674,blank_district,
機車竊盜,106,0429,台中市,,10604-10606,npa_crime_106_04_06.csv,1704,blank_district,
機車竊盜,106,0429,台中市,,10604-10606,npa_crime_106_04_06.csv,1713,blank_district,
機車竊盜,106,0429,台中市,,10604-10606,npa_crime_106_04_06.csv,1716,blank_district,
機車竊盜,106,0430,台中市,,10604-10606,npa_crime_106_04_06.csv,1729,blank_district,
機車竊盜,106,0430,台中市,,10604-10606,npa_crime_106_04_06.csv,1735,blank_district,
機車竊盜,106,0501,台中市,,10604-10606,npa_crime_106_04_06.csv,1750,blank_district,
機車竊盜,106,0501,台中市,,10604-10606,npa_crime_106_04_06.csv,1762,blank_district,
機車竊盜,106,0501,台中市,,10604-10606,npa_crime_106_04_06.csv,1764,blank_district,
機車竊盜,106,0501,台中市,,10604-10606,npa_crime_106_04_06.csv,1774,blank_district,
機車竊盜,106,0501,台中市,,10604-10606,npa_crime_106_04_06.csv,1790,blank_district,
機車竊盜,106,0502,台中市,,10604-10606,npa_crime_106_04_06.csv,1798,blank_district,
機車竊盜,106,0502,台中市,,10604-10606,npa_crime_106_04_06.csv,1803,blank_district,
機車竊盜,106,0504,台中市,,10604-10606,npa_crime_106_04_06.csv,1863,blank_district,
機車竊盜,106,0504,台中市,,10604-10606,npa_crime_106_04_06.csv,1864,blank_district,
機車竊盜,106,0505,台中市,,10604-10606,npa_crime_106_04_06.csv,1874,blank_district,
機車竊盜,106,0505,台中市,,10604-10606,npa_crime_106_04_06.csv,1875,blank_district,
機車竊盜,106,0505,台中市,,10604-10606,npa_crime_106_04_06.csv,1883,blank_district,
機車竊盜,106,0505,台中市,,10604-10606,npa_crime_106_04_06.csv,1887,blank_district,
機車竊盜,106,0505,台中市,,10604-10606,npa_crime_106_04_06.csv,1896,blank_district,
機車竊盜,106,0506,台中市,,10604-10606,npa_crime_106_04_06.csv,1943,blank_district,
機車竊盜,106,0507,台中市,,10604-10606,npa_crime_106_04_06.csv,1969,blank_district,
機車竊盜,106,0508,台中市,,10604-10606,npa_crime_106_04_06.csv,1997,blank_district,
機車竊盜,106,0508,台中市,,10604-10606,npa_crime_106_04_06.csv,2005,blank_district,
機車竊盜,106,0509,台中市,,10604-10606,npa_crime_106_04_06.csv,2029,blank_district,
機車竊盜,106,0511,台中市,,10604-10606,npa_crime_106_04_06.csv,2086,blank_district,
機車竊盜,106,0511,台中市,,10604-10606,npa_crime_106_04_06.csv,2098,blank_district,
機車竊盜,106,0511,台中市,,10604-10606,npa_crime_106_04_06.csv,2103,blank_district,
機車竊盜,106,0512,台中市,,10604-10606,npa_crime_106_04_06.csv,2114,blank_district,
機車竊盜,106,0513,台中市,,10604-10606,npa_crime_106_04_06.csv,2144,blank_district,
機車竊盜,106,0513,台中市,,10604-10606,npa_crime_106_04_06.csv,2156,blank_district,
機車竊盜,106,0514,台中市,,10604-10606,npa_crime_106_04_06.csv,2166,blank_district,
機車竊盜,106,0517,台中市,,10604-10606,npa_crime_106_04_06.csv,2269,blank_district,
機車竊盜,106,0517,台中市,,10604-10606,npa_crime_106_04_06.csv,2271,blank_district,
機車竊盜,106,0517,台中市,,10604-10606,npa_crime_106_04_06.csv,2272,blank_district,
機車竊盜,106,0517,台中市,,10604-10606,npa_crime_106_04_06.csv,2283,blank_district,
機車竊盜,106,0518,台中市,,10604-10606,npa_crime_106_04_06.csv,2294,blank_district,
機車竊盜,106,0518,台中市,,10604-10606,npa_crime_106_04_06.csv,2305,blank_district,
機車竊盜,106,0518,台中市,,10604-10606,npa_crime_106_04_06.csv,2313,blank_district,
機車竊盜,106,0519,台中市,,10604-10606,npa_crime_106_04_06.csv,2326,blank_district,
機車竊盜,106,0519,台中市,,10604-10606,npa_crime_106_04_06.csv,2334,blank_district,
機車竊盜,106,0519,台中市,,10604-10606,npa_crime_106_04_06.csv,2337,blank_district,
機車竊盜,106,0519,台中市,,10604-10606,npa_crime_106_04_06.csv,2346,blank_district,
機車竊盜,106,0519,台中市,,10604-10606,npa_crime_106_04_06.csv,2352,blank_district,
機車竊盜,106,0519,台中市,,10604-10606,npa_crime_106_04_06.csv,2353,blank_district,
機車竊盜,106,0520,台中市,,10604-10606,npa_crime_106_04_06.csv,2359,blank_district,
機車竊盜,106,0520,台中市,,10604-10606,npa_crime_106_04_06.csv,2367,blank_district,
機車竊盜,106,0520,台中市,,10604-10606,npa_crime_106_04_06.csv,2378,blank_district,
機車竊盜,106,0520,台中市,,10604-10606,npa_crime_106_04_06.csv,2394,blank_district,
機車竊盜,106,0521,台中市,,10604-10606,npa_crime_106_04_06.csv,2415,blank_district,
機車竊盜,106,0521,台中市,,10604-10606,npa_crime_106_04_06.csv,2431,blank_district,
機車竊盜,106,0522,台中市,,10604-10606,npa_crime_106_04_06.csv,2452,blank_district,
機車竊盜,106,0522,台中市,,10604-10606,npa_crime_106_04_06.csv,2462,blank_district,
機車竊盜,106,0523,台中市,,10604-10606,npa_crime_106_04_06.csv,2475,blank_district,
機車竊盜,106,0523,台中市,,10604-10606,npa_crime_106_04_06.csv,2489,blank_district,
機車竊盜,106,0524,台中市,,10604-10606,npa_crime_106_04_06.csv,2509,blank_district,
機車竊盜,106,0524,台中市,,10604-10606,npa_crime_106_04_06.csv,2517,blank_district,
機車竊盜,106,0524,台中市,,10604-10606,npa_crime_106_04_06.csv,2521,blank_district,
機車竊盜,106,0524,台中市,,10604-10606,npa_crime_106_04_06.csv,2524,blank_district,
機車竊盜,106,0525,台中市,,10604-10606,npa_crime_106_04_06.csv,2527,blank_district,
機車竊盜,106,0526,台中市,,10604-10606,npa_crime_106_04_06.csv,2563,blank_district,
機車竊盜,106,0526,台中市,,10604-10606,npa_crime_106_04_06.csv,2592,blank_district,
機車竊盜,106,0527,台中市,,10604-10606,npa_crime_106_04_06.csv,2604,blank_district,
機車竊盜,106,0527,台中市,,10604-10606,npa_crime_106_04_06.csv,2611,blank_district,
機車竊盜,106,0527,台中市,,10604-10606,npa_crime_106_04_06.csv,2635,blank_district,
機車竊盜,106,0528,台中市,,10604-10606,npa_crime_106_04_06.csv,2658,blank_district,
機車竊盜,106,0529,台中市,,10604-10606,npa_crime_106_04_06.csv,2678,blank_district,
機車竊盜,106,0529,台中市,,10604-10606,npa_crime_106_04_06.csv,2680,blank_district,
機車竊盜,106,0529,台中市,,10604-10606,npa_crime_106_04_06.csv,2681,blank_district,
機車竊盜,106,0529,台中市,,10604-10606,npa_crime_106_04_06.csv,2685,blank_district,
機車竊盜,106,0529,台中市,,10604-10606,npa_crime_106_04_06.csv,2693,blank_district,
機車竊盜,106,0530,台中市,,10604-10606,npa_crime_106_04_06.csv,2703,blank_district,
機車竊盜,106,0530,台中市,,10604-10606,npa_crime_106_04_06.csv,2712,blank_district,
機車竊盜,106,0531,台中市,,10604-10606,npa_crime_106_04_06.csv,2741,blank_district,
機車竊盜,106,0531,台中市,,10604-10606,npa_crime_106_04_06.csv,2764,blank_district,
機車竊盜,106,0601,台中市,,10604-10606,npa_crime_106_04_06.csv,2791,blank_district,
機車竊盜,106,0601,台中市,,10604-10606,npa_crime_106_04_06.csv,2806,blank_district,
機車竊盜,106,0602,台中市,,10604-10606,npa_crime_106_04_06.csv,2835,blank_district,
機車竊盜,106,0602,台中市,,10604-10606,npa_crime_106_04_06.csv,2843,blank_district,
機車竊盜,106,0604,台中市,,10604-10606,npa_crime_106_04_06.csv,2890,blank_district,
機車竊盜,106,0604,台中市,,10604-10606,npa_crime_106_04_06.csv,2903,blank_district,
機車竊盜,106,0606,台中市,,10604-10606,npa_crime_106_04_06.csv,2980,blank_district,
機車竊盜,106,0607,台中市,,10604-10606,npa_crime_106_04_06.csv,3011,blank_district,
機車竊盜,106,0608,台中市,,10604-10606,npa_crime_106_04_06.csv,3036,blank_district,
機車竊盜,106,0609,台中市,,10604-10606,npa_crime_106_04_06.csv,3056,blank_district,
機車竊盜,106,0609,台中市,,10604-10606,npa_crime_106_04_06.csv,3062,blank_district,
機車竊盜,106,0610,台中市,,10604-10606,npa_crime_106_04_06.csv,3093,blank_district,
機車竊盜,106,0610,台中市,,10604-10606,npa_crime_106_04_06.csv,3096,blank_district,
機車竊盜,106,0610,台中市,,10604-10606,npa_crime_106_04_06.csv,3128,blank_district,
機車竊盜,106,0610,台中市,,10604-10606,npa_crime_106_04_06.csv,3131,blank_district,
機車竊盜,106,0611,台中市,,10604-10606,npa_crime_106_04_06.csv,3150,blank_district,
機車竊盜,106,0612,台中市,,10604-10606,npa_crime_106_04_06.csv,3176,blank_district,
機車竊盜,106,0613,台中市,,10604-10606,npa_crime_106_04_06.csv,3211,blank_district,
機車竊盜,106,0613,台中市,,10604-10606,npa_crime_106_04_06.csv,3212,blank_district,
機車竊盜,106,0613,台中市,,10604-10606,npa_crime_106_04_06.csv,3227,blank_district,
機車竊盜,106,0614,台中市,,10604-10606,npa_crime_106_04_06.csv,3244,blank_district,
機車竊盜,106,0616,台中市,,10604-10606,npa_crime_106_04_06.csv,3309,blank_district,
機車竊盜,106,0616,台中市,,10604-10606,npa_crime_106_04_06.csv,3316,blank_district,
機車竊盜,106,0617,台中市,,10604-10606,npa_crime_106_04_06.csv,3324,blank_district,
機車竊盜,106,0618,台中市,,10604-10606,npa_crime_106_04_06.csv,3361,blank_district,
機車竊盜,106,0619,台中市,,10604-10606,npa_crime_106_04_06.csv,3386,blank_district,
機車竊盜,106,0620,台中市,,10604-10606,npa_crime_106_04_06.csv,3421,blank_district,
機車竊盜,106,0620,台中市,,10604-10606,npa_crime_106_04_06.csv,3426,blank_district,
機車竊盜,106,0621,台中市,,10604-10606,npa_crime_106_04_06.csv,3456,blank_district,
機車竊盜,106,0623,台中市,,10604-10606,npa_crime_106_04_06.csv,3518,blank_district,
機車竊盜,106,0623,台中市,,10604-10606,npa_crime_106_04_06.csv,3533,blank_district,
機車竊盜,106,0625,台中市,,10604-10606,npa_crime_106_04_06.csv,3589,blank_district,
機車竊盜,106,0626,台中市,,10604-10606,npa_crime_106_04_06.csv,3643,blank_district,
機車竊盜,106,0626,台中市,,10604-10606,npa_crime_106_04_06.csv,3652,blank_district,
機車竊盜,106,0627,台中市,,10604-10606,npa_crime_106_04_06.csv,3667,blank_district,
機車竊盜,106,0627,台中市,,10604-10606,npa_crime_106_04_06.csv,3669,blank_district,
機車竊盜,106,0627,台中市,,10604-10606,npa_crime_106_04_06.csv,3681,blank_district,
機車竊盜,106,0628,台中市,,10604-10606,npa_crime_106_04_06.csv,3705,blank_district,
機車竊盜,106,0629,台中市,,10604-10606,npa_crime_106_04_06.csv,3722,blank_district,
機車竊盜,106,0629,台中市,,10604-10606,npa_crime_106_04_06.csv,3724,blank_district,
機車竊盜,106,0629,台中市,,10604-10606,npa_crime_106_04_06.csv,3739,blank_district,
毒品,106,0600,台中市,北區,10604-10606,npa_crime_106_04_06.csv,10640,invalid_date,day 0 must be in range 1..30 for month 6 in year 2017
機車竊盜,106,0701,台中市,,10607-10609,npa_crime_106_07_09.csv,883,blank_district,
機車竊盜,106,0701,台中市,,10607-10609,npa_crime_106_07_09.csv,898,blank_district,
機車竊盜,106,0701,台中市,,10607-10609,npa_crime_106_07_09.csv,900,blank_district,
機車竊盜,106,0702,台中市,,10607-10609,npa_crime_106_07_09.csv,910,blank_district,
機車竊盜,106,0703,台中市,,10607-10609,npa_crime_106_07_09.csv,948,blank_district,
機車竊盜,106,0705,台中市,,10607-10609,npa_crime_106_07_09.csv,998,blank_district,
機車竊盜,106,0705,台中市,,10607-10609,npa_crime_106_07_09.csv,999,blank_district,
機車竊盜,106,0705,台中市,,10607-10609,npa_crime_106_07_09.csv,1010,blank_district,
機車竊盜,106,0706,台中市,,10607-10609,npa_crime_106_07_09.csv,1040,blank_district,
機車竊盜,106,0706,台中市,,10607-10609,npa_crime_106_07_09.csv,1042,blank_district,
機車竊盜,106,0706,台中市,,10607-10609,npa_crime_106_07_09.csv,1054,blank_district,
機車竊盜,106,0706,台中市,,10607-10609,npa_crime_106_07_09.csv,1057,blank_district,
機車竊盜,106,0707,台中市,,10607-10609,npa_crime_106_07_09.csv,1070,blank_district,
機車竊盜,106,0708,台中市,,10607-10609,npa_crime_106_07_09.csv,1116,blank_district,
機車竊盜,106,0709,台中市,,10607-10609,npa_crime_106_07_09.csv,1145,blank_district,
機車竊盜,106,0711,台中市,,10607-10609,npa_crime_106_07_09.csv,1217,blank_district,
機車竊盜,106,0711,台中市,,10607-10609,npa_crime_106_07_09.csv,1221,blank_district,
機車竊盜,106,0711,台中市,,10607-10609,npa_crime_106_07_09.csv,1238,blank_district,
機車竊盜,106,0711,台中市,,10607-10609,npa_crime_106_07_09.csv,1242,blank_district,
機車竊盜,106,0711,台中市,,10607-10609,npa_crime_106_07_09.csv,1249,blank_district,
機車竊盜,106,0711,台中市,,10607-10609,npa_crime_106_07_09.csv,1253,blank_district,
機車竊盜,106,0712,台中市,,10607-10609,npa_crime_106_07_09.csv,1270,blank_district,
機車竊盜,106,0715,台中市,,10607-10609,npa_crime_106_07_09.csv,1372,blank_district,
機車竊盜,106,0717,台中市,,10607-10609,npa_crime_106_07_09.csv,1427,blank_district,
機車竊盜,106,0718,台中市,,10607-10609,npa_crime_106_07_09.csv,1465,blank_district,
機車竊盜,106,0718,台中市,,10607-10609,npa_crime_106_07_09.csv,1468,blank_district,
機車竊盜,106,0720,台中市,,10607-10609,npa_crime_106_07_09.csv,1516,blank_district,
機車竊盜,106,0720,台中市,,10607-10609,npa_crime_106_07_09.csv,1524,blank_district,
機車竊盜,106,0721,台中市,,10607-10609,npa_crime_106_07_09.csv,1573,blank_district,
機車竊盜,106,0721,台中市,,10607-10609,npa_crime_106_07_09.csv,1575,blank_district,
機車竊盜,106,0721,台中市,,10607-10609,npa_crime_106_07_09.csv,1576,blank_district,
機車竊盜,106,0721,台中市,,10607-10609,npa_crime_106_07_09.csv,1577,blank_district,
機車竊盜,106,0722,台中市,,10607-10609,npa_crime_106_07_09.csv,1610,blank_district,
機車竊盜,106,0722,台中市,,10607-10609,npa_crime_106_07_09.csv,1620,blank_district,
機車竊盜,106,0723,台中市,,10607-10609,npa_crime_106_07_09.csv,1645,blank_district,
機車竊盜,106,0723,台中市,,10607-10609,npa_crime_106_07_09.csv,1648,blank_district,
機車竊盜,106,0723,台中市,,10607-10609,npa_crime_106_07_09.csv,1652,blank_district,
機車竊盜,106,0724,台中市,,10607-10609,npa_crime_106_07_09.csv,1697,blank_district,
機車竊盜,106,0725,台中市,,10607-10609,npa_crime_106_07_09.csv,1717,blank_district,
機車竊盜,106,0725,台中市,,10607-10609,npa_crime_106_07_09.csv,1738,blank_district,
機車竊盜,106,0726,台中市,,10607-10609,npa_crime_106_07_09.csv,1741,blank_district,
機車竊盜,106,0726,台中市,,10607-10609,npa_crime_106_07_09.csv,1751,blank_district,
機車竊盜,106,0727,台中市,,10607-10609,npa_crime_106_07_09.csv,1789,blank_district,
機車竊盜,106,0729,台中市,,10607-10609,npa_crime_106_07_09.csv,1843,blank_district,
機車竊盜,106,0729,台中市,,10607-10609,npa_crime_106_07_09.csv,1859,blank_district,
機車竊盜,106,0730,台中市,,10607-10609,npa_crime_106_07_09.csv,1879,blank_district,
機車竊盜,106,0731,台中市,,10607-10609,npa_crime_106_07_09.csv,1911,blank_district,
機車竊盜,106,0801,台中市,,10607-10609,npa_crime_106_07_09.csv,1929,blank_district,
機車竊盜,106,0802,台中市,,10607-10609,npa_crime_106_07_09.csv,1964,blank_district,
機車竊盜,106,0804,台中市,,10607-10609,npa_crime_106_07_09.csv,2012,blank_district,
機車竊盜,106,0804,台中市,,10607-10609,npa_crime_106_07_09.csv,2021,blank_district,
機車竊盜,106,0804,台中市,,10607-10609,npa_crime_106_07_09.csv,2027,blank_district,
機車竊盜,106,0806,台中市,,10607-10609,npa_crime_106_07_09.csv,2080,blank_district,
機車竊盜,106,0806,台中市,,10607-10609,npa_crime_106_07_09.csv,2091,blank_district,
機車竊盜,106,0807,台中市,,10607-10609,npa_crime_106_07_09.csv,2101,blank_district,
機車竊盜,106,0807,台中市,,10607-10609,npa_crime_106_07_09.csv,2122,blank_district,
機車竊盜,106,0808,台中市,,10607-10609,npa_crime_106_07_09.csv,2145,blank_district,
機車竊盜,106,0808,台中市,,10607-10609,npa_crime_106_07_09.csv,2158,blank_district,
機車竊盜,106,0809,台中市,,10607-10609,npa_crime_106_07_09.csv,2163,blank_district,
機車竊盜,106,0809,台中市,,10607-10609,npa_crime_106_07_09.csv,2189,blank_district,
機車竊盜,106,0811,台中市,,10607-10609,npa_crime_106_07_09.csv,2242,blank_district,
機車竊盜,106,0811,台中市,,10607-10609,npa_crime_106_07_09.csv,2250,blank_district,
機車竊盜,106,0812,台中市,,10607-10609,npa_crime_106_07_09.csv,2264,blank_district,
機車竊盜,106,0812,台中市,,10607-10609,npa_crime_106_07_09.csv,2289,blank_district,
機車竊盜,106,0813,台中市,,10607-10609,npa_crime_106_07_09.csv,2294,blank_district,
機車竊盜,106,0813,台中市,,10607-10609,npa_crime_106_07_09.csv,2312,blank_district,
機車竊盜,106,0813,台中市,,10607-10609,npa_crime_106_07_09.csv,2317,blank_district,
機車竊盜,106,0813,台中市,,10607-10609,npa_crime_106_07_09.csv,2318,blank_district,
機車竊盜,106,0814,台中市,,10607-10609,npa_crime_106_07_09.csv,2326,blank_district,
機車竊盜,106,0817,台中市,,10607-10609,npa_crime_106_07_09.csv,2432,blank_district,
機車竊盜,106,0817,台中市,,10607-10609,npa_crime_106_07_09.csv,2440,blank_district,
機車竊盜,106,0818,台中市,,10607-10609,npa_crime_106_07_09.csv,2456,blank_district,
機車竊盜,106,0818,台中市,,10607-10609,npa_crime_106_07_09.csv,2483,blank_district,
機車竊盜,106,0818,台中市,,10607-10609,npa_crime_106_07_09.csv,2485,blank_district,
機車竊盜,106,0819,台中市,,10607-10609,npa_crime_106_07_09.csv,2499,blank_district,
機車竊盜,106,0820,台中市,,10607-10609,npa_crime_106_07_09.csv,2524,blank_district,
機車竊盜,106,0821,台中市,,10607-10609,npa_crime_106_07_09.csv,2545,blank_district,
機車竊盜,106,0821,台中市,,10607-10609,npa_crime_106_07_09.csv,2558,blank_district,
機車竊盜,106,0821,台中市,,10607-10609,npa_crime_106_07_09.csv,2559,blank_district,
機車竊盜,106,0822,台中市,,10607-10609,npa_crime_106_07_09.csv,2565,blank_district,
機車竊盜,106,0823,台中市,,10607-10609,npa_crime_106_07_09.csv,2594,blank_district,
機車竊盜,106,0823,台中市,,10607-10609,npa_crime_106_07_09.csv,2597,blank_district,
機車竊盜,106,0823,台中市,,10607-10609,npa_crime_106_07_09.csv,2602,blank_district,
機車竊盜,106,0823,台中市,,10607-10609,npa_crime_106_07_09.csv,2604,blank_district,
機車竊盜,106,0825,台中市,,10607-10609,npa_crime_106_07_09.csv,2654,blank_district,
機車竊盜,106,0828,台中市,,10607-10609,npa_crime_106_07_09.csv,2721,blank_district,
機車竊盜,106,0828,台中市,,10607-10609,npa_crime_106_07_09.csv,2725,blank_district,
機車竊盜,106,0828,台中市,,10607-10609,npa_crime_106_07_09.csv,2737,blank_district,
機車竊盜,106,0829,台中市,,10607-10609,npa_crime_106_07_09.csv,2757,blank_district,
機車竊盜,106,0830,台中市,,10607-10609,npa_crime_106_07_09.csv,2789,blank_district,
機車竊盜,106,0831,台中市,,10607-10609,npa_crime_106_07_09.csv,2804,blank_district,
機車竊盜,106,0903,台中市,,10607-10609,npa_crime_106_07_09.csv,2887,blank_district,
機車竊盜,106,0904,台中市,,10607-10609,npa_crime_106_07_09.csv,2914,blank_district,
機車竊盜,106,0904,台中市,,10607-10609,npa_crime_106_07_09.csv,2944,blank_district,
機車竊盜,106,0905,台中市,,10607-10609,npa_crime_106_07_09.csv,2960,blank_district,
機車竊盜,106,0906,台中市,,10607-10609,npa_crime_106_07_09.csv,2988,blank_district,
機車竊盜,106,0906,台中市,,10607-10609,npa_crime_106_07_09.csv,2991,blank_district,
機車竊盜,106,0906,台中市,,10607-10609,npa_crime_106_07_09.csv,3007,blank_district,
機車竊盜,106,0907,台中市,,10607-10609,npa_crime_106_07_09.csv,3025,blank_district,
機車竊盜,106,0910,台中市,,10607-10609,npa_crime_106_07_09.csv,3090,blank_district,
機車竊盜,106,0911,台中市,,10607-10609,npa_crime_106_07_09.csv,3135,blank_district,
機車竊盜,106,0913,台中市,,10607-10609,npa_crime_106_07_09.csv,3204,blank_district,
機車竊盜,106,0915,台中市,,10607-10609,npa_crime_106_07_09.csv,3234,blank_district,
機車竊盜,106,0915,台中市,,10607-10609,npa_crime_106_07_09.csv,3252,blank_district,
機車竊盜,106,0916,台中市,,10607-10609,npa_crime_106_07_09.csv,3262,blank_district,
機車竊盜,106,0918,台中市,,10607-10609,npa_crime_106_07_09.csv,3309,blank_district,
機車竊盜,106,0918,台中市,,10607-10609,npa_crime_106_07_09.csv,3332,blank_district,
機車竊盜,106,0920,台中市,,10607-10609,npa_crime_106_07_09.csv,3377,blank_district,
機車竊盜,106,0920,台中市,,10607-10609,npa_crime_106_07_09.csv,3386,blank_district,
機車竊盜,106,0920,台中市,,10607-10609,npa_crime_106_07_09.csv,3389,blank_district,
機車竊盜,106,0922,台中市,,10607-10609,npa_crime_106_07_09.csv,3424,blank_district,
機車竊盜,106,0922,台中市,,10607-10609,npa_crime_106_07_09.csv,3433,blank_district,
機車竊盜,106,0923,台中市,,10607-10609,npa_crime_106_07_09.csv,3464,blank_district,
機車竊盜,106,0924,台中市,,10607-10609,npa_crime_106_07_09.csv,3486,blank_district,
機車竊盜,106,0924,台中市,,10607-10609,npa_crime_106_07_09.csv,3494,blank_district,
機車竊盜,106,0925,台中市,,10607-10609,npa_crime_106_07_09.csv,3523,blank_district,
機車竊盜,106,0925,台中市,,10607-10609,npa_crime_106_07_09.csv,3536,blank_district,
機車竊盜,106,0926,台中市,,10607-10609,npa_crime_106_07_09.csv,3546,blank_district,
機車竊盜,106,0926,台中市,,10607-10609,npa_crime_106_07_09.csv,3558,blank_district,
機車竊盜,106,0927,台中市,,10607-10609,npa_crime_106_07_09.csv,3579,blank_district,
機車竊盜,106,0927,台中市,,10607-10609,npa_crime_106_07_09.csv,3586,blank_district,
機車竊盜,106,0928,台中市,,10607-10609,npa_crime_106_07_09.csv,3595,blank_district,
機車竊盜,106,0928,台中市,,10607-10609,npa_crime_106_07_09.csv,3600,blank_district,
機車竊盜,106,0930,台中市,,10607-10609,npa_crime_106_07_09.csv,3629,blank_district,
機車竊盜,106,0930,台中市,,10607-10609,npa_crime_106_07_09.csv,3632,blank_district,
機車竊盜,106,0930,台中市,,10607-10609,npa_crime_106_07_09.csv,3633,blank_district,
機車竊盜,106,0930,台中市,,10607-10609,npa_crime_106_07_09.csv,3647,blank_district,
機車竊盜,106,1001,台中市,,10610-10612,npa_crime_106_10_12.csv,740,blank_district,
機車竊盜,106,1002,台中市,,10610-10612,npa_crime_106_10_12.csv,765,blank_district,
機車竊盜,106,1002,台中市,,10610-10612,npa_crime_106_10_12.csv,782,blank_district,
機車竊盜,106,1002,台中市,,10610-10612,npa_crime_106_10_12.csv,788,blank_district,
機車竊盜,106,1002,台中市,,10610-10612,npa_crime_106_10_12.csv,791,blank_district,
機車竊盜,106,1003,台中市,,10610-10612,npa_crime_106_10_12.csv,803,blank_district,
機車竊盜,106,1003,台中市,,10610-10612,npa_crime_106_10_12.csv,806,blank_district,
機車竊盜,106,1003,台中市,,10610-10612,npa_crime_106_10_12.csv,815,blank_district,
機車竊盜,106,1004,台中市,,10610-10612,npa_crime_106_10_12.csv,826,blank_district,
機車竊盜,106,1005,台中市,,10610-10612,npa_crime_106_10_12.csv,862,blank_district,
機車竊盜,106,1005,台中市,,10610-10612,npa_crime_106_10_12.csv,867,blank_district,
機車竊盜,106,1005,台中市,,10610-10612,npa_crime_106_10_12.csv,869,blank_district,
機車竊盜,106,1006,台中市,,10610-10612,npa_crime_106_10_12.csv,914,blank_district,
機車竊盜,106,1007,台中市,,10610-10612,npa_crime_106_10_12.csv,933,blank_district,
機車竊盜,106,1007,台中市,,10610-10612,npa_crime_106_10_12.csv,936,blank_district,
機車竊盜,106,1007,台中市,,10610-10612,npa_crime_106_10_12.csv,952,blank_district,
機車竊盜,106,1007,台中市,,10610-10612,npa_crime_106_10_12.csv,953,blank_district,
機車竊盜,106,1007,台中市,,10610-10612,npa_crime_106_10_12.csv,954,blank_district,
機車竊盜,106,1007,台中市,,10610-10612,npa_crime_106_10_12.csv,960,blank_district,
機車竊盜,106,1008,台中市,,10610-10612,npa_crime_106_10_12.csv,965,blank_district,
機車竊盜,106,1008,台中市,,10610-10612,npa_crime_106_10_12.csv,970,blank_district,
機車竊盜,106,1008,台中市,,10610-10612,npa_crime_106_10_12.csv,972,blank_district,
機車竊盜,106,1009,台中市,,10610-10612,npa_crime_106_10_12.csv,999,blank_district,
機車竊盜,106,1009,台中市,,10610-10612,npa_crime_106_10_12.csv,1000,blank_district,
機車竊盜,106,1009,台中市,,10610-10612,npa_crime_106_10_12.csv,1006,blank_district,
機車竊盜,106,1010,台中市,,10610-10612,npa_crime_106_10_12.csv,1025,blank_district,
機車竊盜,106,1011,台中市,,10610-10612,npa_crime_106_10_12.csv,1066,blank_district,
機車竊盜,106,1011,台中市,,10610-10612,npa_crime_106_10_12.csv,1082,blank_district,
機車竊盜,106,1011,台中市,,10610-10612,npa_crime_106_10_12.csv,1093,blank_district,
機車竊盜,106,1011,台中市,,10610-10612,npa_crime_106_10_12.csv,1096,blank_district,
機車竊盜,106,1012,台中市,,10610-10612,npa_crime_106_10_12.csv,1124,blank_district,
機車竊盜,106,1013,台中市,,10610-10612,npa_crime_106_10_12.csv,1142,blank_district,
機車竊盜,106,1014,台中市,,10610-10612,npa_crime_106_10_12.csv,1166,blank_district,
機車竊盜,106,1014,台中市,,10610-10612,npa_crime_106_10_12.csv,1168,blank_district,
機車竊盜,106,1016,台中市,,10610-10612,npa_crime_106_10_12.csv,1211,blank_district,
機車竊盜,106,1016,台中市,,10610-10612,npa_crime_106_10_12.csv,1215,blank_district,
機車竊盜,106,1016,台中市,,10610-10612,npa_crime_106_10_12.csv,1226,blank_district,
機車竊盜,106,1017,台中市,,10610-10612,npa_crime_106_10_12.csv,1233,blank_district,
機車竊盜,106,1017,台中市,,10610-10612,npa_crime_106_10_12.csv,1241,blank_district,
機車竊盜,106,1018,台中市,,10610-10612,npa_crime_106_10_12.csv,1278,blank_district,
機車竊盜,106,1019,台中市,,10610-10612,npa_crime_106_10_12.csv,1307,blank_district,
機車竊盜,106,1019,台中市,,10610-10612,npa_crime_106_10_12.csv,1308,blank_district,
機車竊盜,106,1019,台中市,,10610-10612,npa_crime_106_10_12.csv,1311,blank_district,
機車竊盜,106,1020,台中市,,10610-10612,npa_crime_106_10_12.csv,1327,blank_district,
機車竊盜,106,1020,台中市,,10610-10612,npa_crime_106_10_12.csv,1329,blank_district,
機車竊盜,106,1020,台中市,,10610-10612,npa_crime_106_10_12.csv,1339,blank_district,
機車竊盜,106,1021,台中市,,10610-10612,npa_crime_106_10_12.csv,1344,blank_district,
機車竊盜,106,1021,台中市,,10610-10612,npa_crime_106_10_12.csv,1350,blank_district,
機車竊盜,106,1021,台中市,,10610-10612,npa_crime_106_10_12.csv,1370,blank_district,
機車竊盜,106,1022,台中市,,10610-10612,npa_crime_106_10_12.csv,1374,blank_district,
機車竊盜,106,1022,台中市,,10610-10612,npa_crime_106_10_12.csv,1392,blank_district,
機車竊盜,106,1023,台中市,,10610-10612,npa_crime_106_10_12.csv,1421,blank_district,
機車竊盜,106,1023,台中市,,10610-10612,npa_crime_106_10_12.csv,1423,blank_district,
機車竊盜,106,1024,台中市,,10610-10612,npa_crime_106_10_12.csv,1432,blank_district,
機車竊盜,106,1024,台中市,,10610-10612,npa_crime_106_10_12.csv,1440,blank_district,
機車竊盜,106,1024,台中市,,10610-10612,npa_crime_106_10_12.csv,1447,blank_district,
機車竊盜,106,1026,台中市,,10610-10612,npa_crime_106_10_12.csv,1472,blank_district,
機車竊盜,106,1026,台中市,,10610-10612,npa_crime_106_10_12.csv,1484,blank_district,
機車竊盜,106,1026,台中市,,10610-10612,npa_crime_106_10_12.csv,1497,blank_district,
機車竊盜,106,1027,台中市,,10610-10612,npa_crime_106_10_12.csv,1522,blank_district,
機車竊盜,106,1031,台中市,,10610-10612,npa_crime_106_10_12.csv,1648,blank_district,
機車竊盜,106,1102,台中市,,10610-10612,npa_crime_106_10_12.csv,1685,blank_district,
機車竊盜,106,1102,台中市,,10610-10612,npa_crime_106_10_12.csv,1706,blank_district,
機車竊盜,106,1103,台中市,,10610-10612,npa_crime_106_10_12.csv,1716,blank_district,
機車竊盜,106,1104,台中市,,10610-10612,npa_crime_106_10_12.csv,1750,blank_district,
機車竊盜,106,1107,台中市,,10610-10612,npa_crime_106_10_12.csv,1811,blank_district,
機車竊盜,106,1107,台中市,,10610-10612,npa_crime_106_10_12.csv,1823,blank_district,
機車竊盜,106,1108,台中市,,10610-10612,npa_crime_106_10_12.csv,1839,blank_district,
機車竊盜,106,1111,台中市,,10610-10612,npa_crime_106_10_12.csv,1925,blank_district,
機車竊盜,106,1112,台中市,,10610-10612,npa_crime_106_10_12.csv,1956,blank_district,
機車竊盜,106,1113,台中市,,10610-10612,npa_crime_106_10_12.csv,1963,blank_district,
機車竊盜,106,1114,台中市,,10610-10612,npa_crime_106_10_12.csv,1994,blank_district,
機車竊盜,106,1114,台中市,,10610-10612,npa_crime_106_10_12.csv,2002,blank_district,
機車竊盜,106,1115,台中市,,10610-10612,npa_crime_106_10_12.csv,2017,blank_district,
機車竊盜,106,1115,台中市,,10610-10612,npa_crime_106_10_12.csv,2018,blank_district,
機車竊盜,106,1115,台中市,,10610-10612,npa_crime_106_10_12.csv,2021,blank_district,
機車竊盜,106,1115,台中市,,10610-10612,npa_crime_106_10_12.csv,2023,blank_district,
機車竊盜,106,1115,台中市,,10610-10612,npa_crime_106_10_12.csv,2027,blank_district,
機車竊盜,106,1116,台中市,,10610-10612,npa_crime_106_10_12.csv,2038,blank_district,
機車竊盜,106,1117,台中市,,10610-10612,npa_crime_106_10_12.csv,2060,blank_district,
機車竊盜,106,1117,台中市,,10610-10612,npa_crime_106_10_12.csv,2080,blank_district,
機車竊盜,106,1120,台中市,,10610-10612,npa_crime_106_10_12.csv,2134,blank_district,
機車竊盜,106,1121,台中市,,10610-10612,npa_crime_106_10_12.csv,2171,blank_district,
機車竊盜,106,1121,台中市,,10610-10612,npa_crime_106_10_12.csv,2178,blank_district,
機車竊盜,106,1122,台中市,,10610-10612,npa_crime_106_10_12.csv,2203,blank_district,
機車竊盜,106,1124,台中市,,10610-10612,npa_crime_106_10_12.csv,2236,blank_district,
機車竊盜,106,1124,台中市,,10610-10612,npa_crime_106_10_12.csv,2241,blank_district,
機車竊盜,106,1127,台中市,,10610-10612,npa_crime_106_10_12.csv,2297,blank_district,
機車竊盜,106,1129,台中市,,10610-10612,npa_crime_106_10_12.csv,2349,blank_district,
機車竊盜,106,1201,台中市,,10610-10612,npa_crime_106_10_12.csv,2404,blank_district,
機車竊盜,106,1202,台中市,,10610-10612,npa_crime_106_10_12.csv,2409,blank_district,
機車竊盜,106,1203,台中市,,10610-10612,npa_crime_106_10_12.csv,2447,blank_district,
機車竊盜,106,1203,台中市,,10610-10612,npa_crime_106_10_12.csv,2455,blank_district,
機車竊盜,106,1204,台中市,,10610-10612,npa_crime_106_10_12.csv,2460,blank_district,
機車竊盜,106,1207,台中市,,10610-10612,npa_crime_106_10_12.csv,2526,blank_district,
機車竊盜,106,1210,台中市,,10610-10612,npa_crime_106_10_12.csv,2577,blank_district,
機車竊盜,106,1211,台中市,,10610-10612,npa_crime_106_10_12.csv,2606,blank_district,
機車竊盜,106,1212,台中市,,10610-10612,npa_crime_106_10_12.csv,2612,blank_district,
機車竊盜,106,1215,台中市,,10610-10612,npa_crime_106_10_12.csv,2681,blank_district,
機車竊盜,106,1216,台中市,,10610-10612,npa_crime_106_10_12.csv,2711,blank_district,
機車竊盜,106,1216,台中市,,10610-10612,npa_crime_106_10_12.csv,2714,blank_district,
機車竊盜,106,1217,台中市,,10610-10612,npa_crime_106_10_12.csv,2732,blank_district,
機車竊盜,106,1218,台中市,,10610-10612,npa_crime_106_10_12.csv,2766,blank_district,
機車竊盜,106,1219,台中市,,10610-10612,npa_crime_106_10_12.csv,2769,blank_district,
機車竊盜,106,1222,台中市,,10610-10612,npa_crime_106_10_12.csv,2830,blank_district,
機車竊盜,106,1225,台中市,,10610-10612,npa_crime_106_10_12.csv,2893,blank_district,
機車竊盜,106,1229,台中市,,10610-10612,npa_crime_106_10_12.csv,2969,blank_district,
機車竊盜,106,1229,台中市,,10610-10612,npa_crime_106_10_12.csv,2974,blank_district,
機車竊盜,107,101,台中市,,10701-10703,npa_crime_107_01_03.csv,667,blank_district,
機車竊盜,107,104,台中市,,10701-10703,npa_crime_107_01_03.csv,723,blank_district,
機車竊盜,107,107,台中市,,10701-10703,npa_crime_107_01_03.csv,775,blank_district,
機車竊盜,107,107,台中市,,10701-10703,npa_crime_107_01_03.csv,778,blank_district,
機車竊盜,107,108,台中市,,10701-10703,npa_crime_107_01_03.csv,798,blank_district,
機車竊盜,107,110,台中市,,10701-10703,npa_crime_107_01_03.csv,822,blank_district,
機車竊盜,107,115,台中市,,10701-10703,npa_crime_107_01_03.csv,915,blank_district,
機車竊盜,107,115,台中市,,10701-10703,npa_crime_107_01_03.csv,927,blank_district,
機車竊盜,107,117,台中市,,10701-10703,npa_crime_107_01_03.csv,966,blank_district,
機車竊盜,107,117,台中市,,10701-10703,npa_crime_107_01_03.csv,968,blank_district,
機車竊盜,107,119,台中市,,10701-10703,npa_crime_107_01_03.csv,1011,blank_district,
機車竊盜,107,119,台中市,,10701-10703,npa_crime_107_01_03.csv,1029,blank_district,
機車竊盜,107,119,台中市,,10701-10703,npa_crime_107_01_03.csv,1030,blank_district,
機車竊盜,107,120,台中市,,10701-10703,npa_crime_107_01_03.csv,1042,blank_district,
機車竊盜,107,122,台中市,,10701-10703,npa_crime_107_01_03.csv,1080,blank_district,
機車竊盜,107,122,台中市,,10701-10703,npa_crime_107_01_03.csv,1101,blank_district,
機車竊盜,107,122,台中市,,10701-10703,npa_crime_107_01_03.csv,1102,blank_district,
機車竊盜,107,122,台中市,,10701-10703,npa_crime_107_01_03.csv,1112,blank_district,
機車竊盜,107,123,台中市,,10701-10703,npa_crime_107_01_03.csv,1116,blank_district,
機車竊盜,107,124,台中市,,10701-10703,npa_crime_107_01_03.csv,1148,blank_district,
機車竊盜,107,124,台中市,,10701-10703,npa_crime_107_01_03.csv,1150,blank_district,
機車竊盜,107,126,台中市,,10701-10703,npa_crime_107_01_03.csv,1178,blank_district,
機車竊盜,107,130,台中市,,10701-10703,npa_crime_107_01_03.csv,1272,blank_district,
機車竊盜,107,201,台中市,,10701-10703,npa_crime_107_01_03.csv,1297,blank_district,
機車竊盜,107,201,台中市,,10701-10703,npa_crime_107_01_03.csv,1311,blank_district,
機車竊盜,107,205,台中市,,10701-10703,npa_crime_107_01_03.csv,1359,blank_district,
機車竊盜,107,207,台中市,,10701-10703,npa_crime_107_01_03.csv,1382,blank_district,
機車竊盜,107,211,台中市,,10701-10703,npa_crime_107_01_03.csv,1463,blank_district,
機車竊盜,107,211,台中市,,10701-10703,npa_crime_107_01_03.csv,1477,blank_district,
機車竊盜,107,213,台中市,,10701-10703,npa_crime_107_01_03.csv,1506,blank_district,
機車竊盜,107,214,台中市,,10701-10703,npa_crime_107_01_03.csv,1536,blank_district,
機車竊盜,107,222,台中市,,10701-10703,npa_crime_107_01_03.csv,1718,blank_district,
機車竊盜,107,224,台中市,,10701-10703,npa_crime_107_01_03.csv,1764,blank_district,
機車竊盜,107,228,台中市,,10701-10703,npa_crime_107_01_03.csv,1837,blank_district,
機車竊盜,107,228,台中市,,10701-10703,npa_crime_107_01_03.csv,1843,blank_district,
機車竊盜,107,301,台中市,,10701-10703,npa_crime_107_01_03.csv,1847,blank_district,
機車竊盜,107,301,台中市,,10701-10703,npa_crime_107_01_03.csv,1869,blank_district,
機車竊盜,107,304,台中市,,10701-10703,npa_crime_107_01_03.csv,1929,blank_district,
機車竊盜,107,304,台中市,,10701-10703,npa_crime_107_01_03.csv,1932,blank_district,
機車竊盜,107,305,台中市,,10701-10703,npa_crime_107_01_03.csv,1951,blank_district,
機車竊盜,107,305,台中市,,10701-10703,npa_crime_107_01_03.csv,1954,blank_district,
機車竊盜,107,305,台中市,,10701-10703,npa_crime_107_01_03.csv,1963,blank_district,
機車竊盜,107,306,台中市,,10701-10703,npa_crime_107_01_03.csv,1975,blank_district,
機車竊盜,107,307,台中市,,10701-10703,npa_crime_107_01_03.csv,1986,blank_district,
機車竊盜,107,307,台中市,,10701-10703,npa_crime_107_01_03.csv,1995,blank_district,
機車竊盜,107,309,台中市,,10701-10703,npa_crime_107_01_03.csv,2004,blank_district,
機車竊盜,107,309,台中市,,10701-10703,npa_crime_107_01_03.csv,2014,blank_district,
機車竊盜,107,311,台中市,,10701-10703,npa_crime_107_01_03.csv,2037,blank_district,
機車竊盜,107,312,台中市,,10701-10703,npa_crime_107_01_03.csv,2063,blank_district,
機車竊盜,107,312,台中市,,10701-10703,npa_crime_107_01_03.csv,2064,blank_district,
機車竊盜,107,312,台中市,,10701-10703,npa_crime_107_01_03.csv,2073,blank_district,
機車竊盜,107,313,台中市,,10701-10703,npa_crime_107_01_03.csv,2084,blank_district,
機車竊盜,107,313,台中市,,10701-10703,npa_crime_107_01_03.csv,2098,blank_district,
機車竊盜,107,313,台中市,,10701-10703,npa_crime_107_01_03.csv,2101,blank_district,
機車竊盜,107,314,台中市,,10701-10703,npa_crime_107_01_03.csv,2117,blank_district,
機車竊盜,107,315,台中市,,10701-10703,npa_crime_107_01_03.csv,2131,blank_district,
機車竊盜,107,316,台中市,,10701-10703,npa_crime_107_01_03.csv,2140,blank_district,
機車竊盜,107,316,台中市,,10701-10703,npa_crime_107_01_03.csv,2143,blank_district,
機車竊盜,107,316,台中市,,10701-10703,npa_crime_107_01_03.csv,2149,blank_district,
機車竊盜,107,317,台中市,,10701-10703,npa_crime_107_01_03.csv,2156,blank_district,
機車竊盜,107,321,台中市,,10701-10703,npa_crime_107_01_03.csv,2242,blank_district,
機車竊盜,107,322,台中市,,10701-10703,npa_crime_107_01_03.csv,2249,blank_district,
機車竊盜,107,331,台中市,,10701-10703,npa_crime_107_01_03.csv,2401,blank_district,
機車竊盜,107,401,台中市,,10704-10706,npa_crime_107_04_06.csv,652,blank_district,
機車竊盜,107,404,台中市,,10704-10706,npa_crime_107_04_06.csv,722,blank_district,
機車竊盜,107,405,台中市,,10704-10706,npa_crime_107_04_06.csv,739,blank_district,
機車竊盜,107,405,台中市,,10704-10706,npa_crime_107_04_06.csv,747,blank_district,
機車竊盜,107,408,台中市,,10704-10706,npa_crime_107_04_06.csv,795,blank_district,
機車竊盜,107,409,台中市,,10704-10706,npa_crime_107_04_06.csv,818,blank_district,
機車竊盜,107,409,台中市,,10704-10706,npa_crime_107_04_06.csv,819,blank_district,
機車竊盜,107,410,台中市,,10704-10706,npa_crime_107_04_06.csv,830,blank_district,
機車竊盜,107,412,台中市,,10704-10706,npa_crime_107_04_06.csv,863,blank_district,
機車竊盜,107,412,台中市,,10704-10706,npa_crime_107_04_06.csv,877,blank_district,
機車竊盜,107,413,台中市,,10704-10706,npa_crime_107_04_06.csv,891,blank_district,
機車竊盜,107,414,台中市,,10704-10706,npa_crime_107_04_06.csv,909,blank_district,
機車竊盜,107,415,台中市,,10704-10706,npa_crime_107_04_06.csv,935,blank_district,
機車竊盜,107,416,台中市,,10704-10706,npa_crime_107_04_06.csv,942,blank_district,
機車竊盜,107,416,台中市,,10704-10706,npa_crime_107_04_06.csv,963,blank_district,
機車竊盜,107,416,台中市,,10704-10706,npa_crime_107_04_06.csv,967,blank_district,
機車竊盜,107,418,台中市,,10704-10706,npa_crime_107_04_06.csv,996,blank_district,
機車竊盜,107,419,台中市,,10704-10706,npa_crime_107_04_06.csv,1028,blank_district,
機車竊盜,107,419,台中市,,10704-10706,npa_crime_107_04_06.csv,1033,blank_district,
機車竊盜,107,421,台中市,,10704-10706,npa_crime_107_04_06.csv,1064,blank_district,
機車竊盜,107,421,台中市,,10704-10706,npa_crime_107_04_06.csv,1069,blank_district,
機車竊盜,107,424,台中市,,10704-10706,npa_crime_107_04_06.csv,1129,blank_district,
機車竊盜,107,425,台中市,,10704-10706,npa_crime_107_04_06.csv,1142,blank_district,
機車竊盜,107,425,台中市,,10704-10706,npa_crime_107_04_06.csv,1146,blank_district,
機車竊盜,107,427,台中市,,10704-10706,npa_crime_107_04_06.csv,1190,blank_district,
機車竊盜,107,427,台中市,,10704-10706,npa_crime_107_04_06.csv,1191,blank_district,
機車竊盜,107,428,台中市,,10704-10706,npa_crime_107_04_06.csv,1202,blank_district,
機車竊盜,107,429,台中市,,10704-10706,npa_crime_107_04_06.csv,1228,blank_district,
機車竊盜,107,429,台中市,,10704-10706,npa_crime_107_04_06.csv,1230,blank_district,
機車竊盜,107,430,台中市,,10704-10706,npa_crime_107_04_06.csv,1244,blank_district,
機車竊盜,107,430,台中市,,10704-10706,npa_crime_107_04_06.csv,1248,blank_district,
機車竊盜,107,502,台中市,,10704-10706,npa_crime_107_04_06.csv,1300,blank_district,
機車竊盜,107,503,台中市,,10704-10706,npa_crime_107_04_06.csv,1314,blank_district,
機車竊盜,107,503,台中市,,10704-10706,npa_crime_107_04_06.csv,1324,blank_district,
機車竊盜,107,508,台中市,,10704-10706,npa_crime_107_04_06.csv,1441,blank_district,
機車竊盜,107,508,台中市,,10704-10706,npa_crime_107_04_06.csv,1445,blank_district,
機車竊盜,107,508,台中市,,10704-10706,npa_crime_107_04_06.csv,1449,blank_district,
機車竊盜,107,508,台中市,,10704-10706,npa_crime_107_04_06.csv,1451,blank_district,
機車竊盜,107,508,台中市,,10704-10706,npa_crime_107_04_06.csv,1453,blank_district,
機車竊盜,107,510,台中市,,10704-10706,npa_crime_107_04_06.csv,1477,blank_district,
機車竊盜,107,511,台中市,,10704-10706,npa_crime_107_04_06.csv,1490,blank_district,
機車竊盜,107,511,台中市,,10704-10706,npa_crime_107_04_06.csv,1493,blank_district,
機車竊盜,107,511,台中市,,10704-10706,npa_crime_107_04_06.csv,1499,blank_district,
機車竊盜,107,512,台中市,,10704-10706,npa_crime_107_04_06.csv,1522,blank_district,
機車竊盜,107,516,台中市,,10704-10706,npa_crime_107_04_06.csv,1620,blank_district,
機車竊盜,107,516,台中市,,10704-10706,npa_crime_107_04_06.csv,1624,blank_district,
機車竊盜,107,517,台中市,,10704-10706,npa_crime_107_04_06.csv,1652,blank_district,
機車竊盜,107,517,台中市,,10704-10706,npa_crime_107_04_06.csv,1653,blank_district,
機車竊盜,107,517,台中市,,10704-10706,npa_crime_107_04_06.csv,1656,blank_district,
機車竊盜,107,518,台中市,,10704-10706,npa_crime_107_04_06.csv,1692,blank_district,
機車竊盜,107,518,台中市,,10704-10706,npa_crime_107_04_06.csv,1702,blank_district,
機車竊盜,107,519,台中市,,10704-10706,npa_crime_107_04_06.csv,1714,blank_district,
機車竊盜,107,519,台中市,,10704-10706,npa_crime_107_04_06.csv,1728,blank_district,
機車竊盜,107,519,台中市,,10704-10706,npa_crime_107_04_06.csv,1732,blank_district,
機車竊盜,107,520,台中市,,10704-10706,npa_crime_107_04_06.csv,1767,blank_district,
機車竊盜,107,522,台中市,,10704-10706,npa_crime_107_04_06.csv,1807,blank_district,
機車竊盜,107,525,台中市,,10704-10706,npa_crime_107_04_06.csv,1878,blank_district,
機車竊盜,107,526,台中市,,10704-10706,npa_crime_107_04_06.csv,1907,blank_district,
機車竊盜,107,526,台中市,,10704-10706,npa_crime_107_04_06.csv,1909,blank_district,
機車竊盜,107,527,台中市,,10704-10706,npa_crime_107_04_06.csv,1922,blank_district,
機車竊盜,107,527,台中市,,10704-10706,npa_crime_107_04_06.csv,1931,blank_district,
機車竊盜,107,527,台中市,,10704-10706,npa_crime_107_04_06.csv,1938,blank_district,
機車竊盜,107,528,台中市,,10704-10706,npa_crime_107_04_06.csv,1954,blank_district,
機車竊盜,107,529,台中市,,10704-10706,npa_crime_107_04_06.csv,1978,blank_district,
機車竊盜,107,530,台中市,,10704-10706,npa_crime_107_04_06.csv,2001,blank_district,
機車竊盜,107,601,台中市,,10704-10706,npa_crime_107_04_06.csv,2034,blank_district,
機車竊盜,107,602,台中市,,10704-10706,npa_crime_107_04_06.csv,2042,blank_district,
機車竊盜,107,602,台中市,,10704-10706,npa_crime_107_04_06.csv,2051,blank_district,
機車竊盜,107,603,台中市,,10704-10706,npa_crime_107_04_06.csv,2058,blank_district,
機車竊盜,107,603,台中市,,10704-10706,npa_crime_107_04_06.csv,2063,blank_district,
機車竊盜,107,605,台中市,,10704-10706,npa_crime_107_04_06.csv,2089,blank_district,
機車竊盜,107,605,台中市,,10704-10706,npa_crime_107_04_06.csv,2101,blank_district,
機車竊盜,107,605,台中市,,10704-10706,npa_crime_107_04_06.csv,2112,blank_district,
機車竊盜,107,606,台中市,,10704-10706,npa_crime_107_04_06.csv,2127,blank_district,
機車竊盜,107,609,台中市,,10704-10706,npa_crime_107_04_06.csv,2178,blank_district,
機車竊盜,107,611,台中市,,10704-10706,npa_crime_107_04_06.csv,2225,blank_district,
機車竊盜,107,612,台中市,,10704-10706,npa_crime_107_04_06.csv,2236,blank_district,
機車竊盜,107,614,台中市,,10704-10706,npa_crime_107_04_06.csv,2301,blank_district,
機車竊盜,107,614,台中市,,10704-10706,npa_crime_107_04_06.csv,2303,blank_district,
機車竊盜,107,617,台中市,,10704-10706,npa_crime_107_04_06.csv,2347,blank_district,
機車竊盜,107,623,台中市,,10704-10706,npa_crime_107_04_06.csv,2474,blank_district,
機車竊盜,107,623,台中市,,10704-10706,npa_crime_107_04_06.csv,2478,blank_district,
機車竊盜,107,623,台中市,,10704-10706,npa_crime_107_04_06.csv,2487,blank_district,
機車竊盜,107,626,台中市,,10704-10706,npa_crime_107_04_06.csv,2548,blank_district,
機車竊盜,107,627,台中市,,10704-10706,npa_crime_107_04_06.csv,2567,blank_district,
機車竊盜,107,628,台中市,,10704-10706,npa_crime_107_04_06.csv,2607,blank_district,
機車竊盜,107,630,台中市,,10704-10706,npa_crime_107_04_06.csv,2627,blank_district,
機車竊盜,107,701,台中市,,10707-10709,npa_crime_107_07_09.csv,618,blank_district,
機車竊盜,107,701,台中市,,10707-10709,npa_crime_107_07_09.csv,628,blank_district,
機車竊盜,107,701,台中市,,10707-10709,npa_crime_107_07_09.csv,632,blank_district,
機車竊盜,107,704,台中市,,10707-10709,npa_crime_107_07_09.csv,677,blank_district,
機車竊盜,107,707,台中市,,10707-10709,npa_crime_107_07_09.csv,772,blank_district,
機車竊盜,107,708,台中市,,10707-10709,npa_crime_107_07_09.csv,775,blank_district,
機車竊盜,107,709,台中市,,10707-10709,npa_crime_107_07_09.csv,806,blank_district,
機車竊盜,107,710,台中市,,10707-10709,npa_crime_107_07_09.csv,818,blank_district,
機車竊盜,107,711,台中市,,10707-10709,npa_crime_107_07_09.csv,846,blank_district,
機車竊盜,107,713,台中市,,10707-10709,npa_crime_107_07_09.csv,879,blank_district,
機車竊盜,107,715,台中市,,10707-10709,npa_crime_107_07_09.csv,940,blank_district,
機車竊盜,107,717,台中市,,10707-10709,npa_crime_107_07_09.csv,984,blank_district,
機車竊盜,107,718,台中市,,10707-10709,npa_crime_107_07_09.csv,998,blank_district,
機車竊盜,107,719,台中市,,10707-10709,npa_crime_107_07_09.csv,1024,blank_district,
機車竊盜,107,719,台中市,,10707-10709,npa_crime_107_07_09.csv,1037,blank_district,
機車竊盜,107,720,台中市,,10707-10709,npa_crime_107_07_09.csv,1049,blank_district,
機車竊盜,107,720,台中市,,10707-10709,npa_crime_107_07_09.csv,1056,blank_district,
機車竊盜,107,722,台中市,,10707-10709,npa_crime_107_07_09.csv,1102,blank_district,
機車竊盜,107,722,台中市,,10707-10709,npa_crime_107_07_09.csv,1106,blank_district,
機車竊盜,107,723,台中市,,10707-10709,npa_crime_107_07_09.csv,1138,blank_district,
機車竊盜,107,723,台中市,,10707-10709,npa_crime_107_07_09.csv,1145,blank_district,
機車竊盜,107,725,台中市,,10707-10709,npa_crime_107_07_09.csv,1163,blank_district,
機車竊盜,107,725,台中市,,10707-10709,npa_crime_107_07_09.csv,1170,blank_district,
機車竊盜,107,728,台中市,,10707-10709,npa_crime_107_07_09.csv,1218,blank_district,
機車竊盜,107,729,台中市,,10707-10709,npa_crime_107_07_09.csv,1248,blank_district,
機車竊盜,107,731,台中市,,10707-10709,npa_crime_107_07_09.csv,1301,blank_district,
機車竊盜,107,801,台中市,,10707-10709,npa_crime_107_07_09.csv,1305,blank_district,
機車竊盜,107,801,台中市,,10707-10709,npa_crime_107_07_09.csv,1309,blank_district,
機車竊盜,107,801,台中市,,10707-10709,npa_crime_107_07_09.csv,1314,blank_district,
機車竊盜,107,802,台中市,,10707-10709,npa_crime_107_07_09.csv,1326,blank_district,
機車竊盜,107,806,台中市,,10707-10709,npa_crime_107_07_09.csv,1426,blank_district,
機車竊盜,107,807,台中市,,10707-10709,npa_crime_107_07_09.csv,1443,blank_district,
機車竊盜,107,808,台中市,,10707-10709,npa_crime_107_07_09.csv,1461,blank_district,
機車竊盜,107,808,台中市,,10707-10709,npa_crime_107_07_09.csv,1466,blank_district,
機車竊盜,107,810,台中市,,10707-10709,npa_crime_107_07_09.csv,1518,blank_district,
機車竊盜,107,811,台中市,,10707-10709,npa_crime_107_07_09.csv,1546,blank_district,
機車竊盜,107,813,台中市,,10707-10709,npa_crime_107_07_09.csv,1573,blank_district,
機車竊盜,107,813,台中市,,10707-10709,npa_crime_107_07_09.csv,1574,blank_district,
機車竊盜,107,814,台中市,,10707-10709,npa_crime_107_07_09.csv,1598,blank_district,
機車竊盜,107,816,台中市,,10707-10709,npa_crime_107_07_09.csv,1652,blank_district,
機車竊盜,107,818,台中市,,10707-10709,npa_crime_107_07_09.csv,1702,blank_district,
機車竊盜,107,818,台中市,,10707-10709,npa_crime_107_07_09.csv,1705,blank_district,
機車竊盜,107,819,台中市,,10707-10709,npa_crime_107_07_09.csv,1711,blank_district,
機車竊盜,107,820,台中市,,10707-10709,npa_crime_107_07_09.csv,1743,blank_district,
機車竊盜,107,821,台中市,,10707-10709,npa_crime_107_07_09.csv,1759,blank_district,
機車竊盜,107,822,台中市,,10707-10709,npa_crime_107_07_09.csv,1773,blank_district,
機車竊盜,107,825,台中市,,10707-10709,npa_crime_107_07_09.csv,1851,blank_district,
機車竊盜,107,826,台中市,,10707-10709,npa_crime_107_07_09.csv,1871,blank_district,
機車竊盜,107,826,台中市,,10707-10709,npa_crime_107_07_09.csv,1875,blank_district,
機車竊盜,107,826,台中市,,10707-10709,npa_crime_107_07_09.csv,1877,blank_district,
機車竊盜,107,826,台中市,,10707-10709,npa_crime_107_07_09.csv,1879,blank_district,
機車竊盜,107,828,台中市,,10707-10709,npa_crime_107_07_09.csv,1919,blank_district,
機車竊盜,107,829,台中市,,10707-10709,npa_crime_107_07_09.csv,1933,blank_district,
機車竊盜,107,829,台中市,,10707-10709,npa_crime_107_07_09.csv,1936,blank_district,
機車竊盜,107,830,台中市,,10707-10709,npa_crime_107_07_09.csv,1954,blank_district,
機車竊盜,107,831,台中市,,10707-10709,npa_crime_107_07_09.csv,1964,blank_district,
機車竊盜,107,831,台中市,,10707-10709,npa_crime_107_07_09.csv,1979,blank_district,
機車竊盜,107,901,台中市,,10707-10709,npa_crime_107_07_09.csv,1987,blank_district,
機車竊盜,107,903,台中市,,10707-10709,npa_crime_107_07_09.csv,2041,blank_district,
機車竊盜,107,903,台中市,,10707-10709,npa_crime_107_07_09.csv,2044,blank_district,
機車竊盜,107,904,台中市,,10707-10709,npa_crime_107_07_09.csv,2056,blank_district,
機車竊盜,107,904,台中市,,10707-10709,npa_crime_107_07_09.csv,2061,blank_district,
機車竊盜,107,905,台中市,,10707-10709,npa_crime_107_07_09.csv,2074,blank_district,
機車竊盜,107,905,台中市,,10707-10709,npa_crime_107_07_09.csv,2090,blank_district,
機車竊盜,107,905,台中市,,10707-10709,npa_crime_107_07_09.csv,2093,blank_district,
機車竊盜,107,906,台中市,,10707-10709,npa_crime_107_07_09.csv,2102,blank_district,
機車竊盜,107,906,台中市,,10707-10709,npa_crime_107_07_09.csv,2105,blank_district,
機車竊盜,107,906,台中市,,10707-10709,npa_crime_107_07_09.csv,2108,blank_district,
機車竊盜,107,908,台中市,,10707-10709,npa_crime_107_07_09.csv,2135,blank_district,
機車竊盜,107,909,台中市,,10707-10709,npa_crime_107_07_09.csv,2141,blank_district,
機車竊盜,107,909,台中市,,10707-10709,npa_crime_107_07_09.csv,2161,blank_district,
機車竊盜,107,910,台中市,,10707-10709,npa_crime_107_07_09.csv,2163,blank_district,
機車竊盜,107,910,台中市,,10707-10709,npa_crime_107_07_09.csv,2175,blank_district,
機車竊盜,107,910,台中市,,10707-10709,npa_crime_107_07_09.csv,2176,blank_district,
機車竊盜,107,911,台中市,,10707-10709,npa_crime_107_07_09.csv,2190,blank_district,
機車竊盜,107,912,台中市,,10707-10709,npa_crime_107_07_09.csv,2209,blank_district,
機車竊盜,107,913,台中市,,10707-10709,npa_crime_107_07_09.csv,2224,blank_district,
機車竊盜,107,913,台中市,,10707-10709,npa_crime_107_07_09.csv,2232,blank_district,
機車竊盜,107,914,台中市,,10707-10709,npa_crime_107_07_09.csv,2265,blank_district,
機車竊盜,107,915,台中市,,10707-10709,npa_crime_107_07_09.csv,2290,blank_district,
機車竊盜,107,915,台中市,,10707-10709,npa_crime_107_07_09.csv,2292,blank_district,
機車竊盜,107,916,台中市,,10707-10709,npa_crime_107_07_09.csv,2299,blank_district,
機車竊盜,107,919,台中市,,10707-10709,npa_crime_107_07_09.csv,2359,blank_district,
機車竊盜,107,919,台中市,,10707-10709,npa_crime_107_07_09.csv,2367,blank_district,
機車竊盜,107,921,台中市,,10707-10709,npa_crime_107_07_09.csv,2405,blank_district,
機車竊盜,107,922,台中市,,10707-10709,npa_crime_107_07_09.csv,2417,blank_district,
機車竊盜,107,922,台中市,,10707-10709,npa_crime_107_07_09.csv,2418,blank_district,
機車竊盜,107,924,台中市,,10707-10709,npa_crime_107_07_09.csv,2482,blank_district,
機車竊盜,107,928,台中市,,10707-10709,npa_crime_107_07_09.csv,2536,blank_district,
機車竊盜,107,928,台中市,,10707-10709,npa_crime_107_07_09.csv,2537,blank_district,
機車竊盜,107,928,台中市,,10707-10709,npa_crime_107_07_09.csv,2540,blank_district,
汽車竊盜,107,928,台中市,,10707-10709,npa_crime_107_07_09.csv,12873,blank_district,
機車竊盜,107,1003,台中市,,10710-10712,npa_crime_107_10_12.csv,678,blank_district,
機車竊盜,107,1004,台中市,,10710-10712,npa_crime_107_10_12.csv,708,blank_district,
機車竊盜,107,1007,台中市,,10710-10712,npa_crime_107_10_12.csv,772,blank_district,
機車竊盜,107,1008,台中市,,10710-10712,npa_crime_107_10_12.csv,795,blank_district,
機車竊盜,107,1009,台中市,,10710-10712,npa_crime_107_10_12.csv,814,blank_district,
機車竊盜,107,1010,台中市,,10710-10712,npa_crime_107_10_12.csv,853,blank_district,
機車竊盜,107,1012,台中市,,10710-10712,npa_crime_107_10_12.csv,872,blank_district,
機車竊盜,107,1014,台中市,,10710-10712,npa_crime_107_10_12.csv,918,blank_district,
機車竊盜,107,1014,台中市,,10710-10712,npa_crime_107_10_12.csv,921,blank_district,
機車竊盜,107,1015,台中市,,10710-10712,npa_crime_107_10_12.csv,956,blank_district,
機車竊盜,107,1016,台中市,,10710-10712,npa_crime_107_10_12.csv,974,blank_district,
機車竊盜,107,1017,台中市,,10710-10712,npa_crime_107_10_12.csv,981,blank_district,
機車竊盜,107,1017,台中市,,10710-10712,npa_crime_107_10_12.csv,992,blank_district,
機車竊盜,107,1017,台中市,,10710-10712,npa_crime_107_10_12.csv,997,blank_district,
機車竊盜,107,1021,台中市,,10710-10712,npa_crime_107_10_12.csv,1096,blank_district,
機車竊盜,107,1022,台中市,,10710-10712,npa_crime_107_10_12.csv,1124,blank_district,
機車竊盜,107,1022,台中市,,10710-10712,npa_crime_107_10_12.csv,1126,blank_district,
機車竊盜,107,1022,台中市,,10710-10712,npa_crime_107_10_12.csv,1127,blank_district,
機車竊盜,107,1024,台中市,,10710-10712,npa_crime_107_10_12.csv,1163,blank_district,
機車竊盜,107,1024,台中市,,10710-10712,npa_crime_107_10_12.csv,1170,blank_district,
機車竊盜,107,1025,台中市,,10710-10712,npa_crime_107_10_12.csv,1188,blank_district,
機車竊盜,107,1025,台中市,,10710-10712,npa_crime_107_10_12.csv,1195,blank_district,
機車竊盜,107,1027,台中市,,10710-10712,npa_crime_107_10_12.csv,1223,blank_district,
機車竊盜,107,1028,台中市,,10710-10712,npa_crime_107_10_12.csv,1249,blank_district,
機車竊盜,107,1029,台中市,,10710-10712,npa_crime_107_10_12.csv,1270,blank_district,
機車竊盜,107,1029,台中市,,10710-10712,npa_crime_107_10_12.csv,1277,blank_district,
機車竊盜,107,1030,台中市,,10710-10712,npa_crime_107_10_12.csv,1298,blank_district,
機車竊盜,107,1101,台中市,,10710-10712,npa_crime_107_10_12.csv,1323,blank_district,
機車竊盜,107,1103,台中市,,10710-10712,npa_crime_107_10_12.csv,1374,blank_district,
機車竊盜,107,1103,台中市,,10710-10712,npa_crime_107_10_12.csv,1383,blank_district,
機車竊盜,107,1106,台中市,,10710-10712,npa_crime_107_10_12.csv,1426,blank_district,
機車竊盜,107,1107,台中市,,10710-10712,npa_crime_107_10_12.csv,1447,blank_district,
機車竊盜,107,1107,台中市,,10710-10712,npa_crime_107_10_12.csv,1462,blank_district,
機車竊盜,107,1108,台中市,,10710-10712,npa_crime_107_10_12.csv,1493,blank_district,
機車竊盜,107,1108,台中市,,10710-10712,npa_crime_107_10_12.csv,1499,blank_district,
機車竊盜,107,1109,台中市,,10710-10712,npa_crime_107_10_12.csv,1507,blank_district,
機車竊盜,107,1109,台中市,,10710-10712,npa_crime_107_10_12.csv,1520,blank_district,
機車竊盜,107,1109,台中市,,10710-10712,npa_crime_107_10_12.csv,1524,blank_district,
機車竊盜,107,1109,台中市,,10710-10712,npa_crime_107_10_12.csv,1526,blank_district,
機車竊盜,107,1112,台中市,,10710-10712,npa_crime_107_10_12.csv,1577,blank_district,
機車竊盜,107,1114,台中市,,10710-10712,npa_crime_107_10_12.csv,1649,blank_district,
機車竊盜,107,1115,台中市,,10710-10712,npa_crime_107_10_12.csv,1676,blank_district,
機車竊盜,107,1118,台中市,,10710-10712,npa_crime_107_10_12.csv,1752,blank_district,
機車竊盜,107,1119,台中市,,10710-10712,npa_crime_107_10_12.csv,1761,blank_district,
機車竊盜,107,1120,台中市,,10710-10712,npa_crime_107_10_12.csv,1780,blank_district,
機車竊盜,107,1120,台中市,,10710-10712,npa_crime_107_10_12.csv,1793,blank_district,
機車竊盜,107,1121,台中市,,10710-10712,npa_crime_107_10_12.csv,1800,blank_district,
機車竊盜,107,1122,台中市,,10710-10712,npa_crime_107_10_12.csv,1822,blank_district,
機車竊盜,107,1123,台中市,,10710-10712,npa_crime_107_10_12.csv,1836,blank_district,
機車竊盜,107,1127,台中市,,10710-10712,npa_crime_107_10_12.csv,1944,blank_district,
機車竊盜,107,1127,台中市,,10710-10712,npa_crime_107_10_12.csv,1945,blank_district,
機車竊盜,107,1128,台中市,,10710-10712,npa_crime_107_10_12.csv,1965,blank_district,
機車竊盜,107,1130,台中市,,10710-10712,npa_crime_107_10_12.csv,2008,blank_district,
機車竊盜,107,1201,台中市,,10710-10712,npa_crime_107_10_12.csv,2033,blank_district,
機車竊盜,107,1203,台中市,,10710-10712,npa_crime_107_10_12.csv,2077,blank_district,
機車竊盜,107,1203,台中市,,10710-10712,npa_crime_107_10_12.csv,2078,blank_district,
機車竊盜,107,1204,台中市,,10710-10712,npa_crime_107_10_12.csv,2114,blank_district,
機車竊盜,107,1205,台中市,,10710-10712,npa_crime_107_10_12.csv,2127,blank_district,
機車竊盜,107,1205,台中市,,10710-10712,npa_crime_107_10_12.csv,2130,blank_district,
機車竊盜,107,1206,台中市,,10710-10712,npa_crime_107_10_12.csv,2162,blank_district,
機車竊盜,107,1207,台中市,,10710-10712,npa_crime_107_10_12.csv,2169,blank_district,
機車竊盜,107,1207,台中市,,10710-10712,npa_crime_107_10_12.csv,2170,blank_district,
機車竊盜,107,1208,台中市,,10710-10712,npa_crime_107_10_12.csv,2191,blank_district,
機車竊盜,107,1208,台中市,,10710-10712,npa_crime_107_10_12.csv,2195,blank_district,
機車竊盜,107,1209,台中市,,10710-10712,npa_crime_107_10_12.csv,2217,blank_district,
機車竊盜,107,1211,台中市,,10710-10712,npa_crime_107_10_12.csv,2250,blank_district,
機車竊盜,107,1211,台中市,,10710-10712,npa_crime_107_10_12.csv,2259,blank_district,
機車竊盜,107,1212,台中市,,10710-10712,npa_crime_107_10_12.csv,2273,blank_district,
機車竊盜,107,1214,台中市,,10710-10712,npa_crime_107_10_12.csv,2315,blank_district,
機車竊盜,107,1214,台中市,,10710-10712,npa_crime_107_10_12.csv,2321,blank_district,
機車竊盜,107,1215,台中市,,10710-10712,npa_crime_107_10_12.csv,2324,blank_district,
機車竊盜,107,1217,台中市,,10710-10712,npa_crime_107_10_12.csv,2360,blank_district,
機車竊盜,107,1220,台中市,,10710-10712,npa_crime_107_10_12.csv,2415,blank_district,
機車竊盜,107,1222,台中市,,10710-10712,npa_crime_107_10_12.csv,2465,blank_district,
機車竊盜,107,1222,台中市,,10710-10712,npa_crime_107_10_12.csv,2466,blank_district,
機車竊盜,107,1223,台中市,,10710-10712,npa_crime_107_10_12.csv,2473,blank_district,
機車竊盜,107,1224,台中市,,10710-10712,npa_crime_107_10_12.csv,2483,blank_district,
機車竊盜,107,1224,台中市,,10710-10712,npa_crime_107_10_12.csv,2485,blank_district,
機車竊盜,107,1225,台中市,,10710-10712,npa_crime_107_10_12.csv,2499,blank_district,
機車竊盜,107,1225,台中市,,10710-10712,npa_crime_107_10_12.csv,2506,blank_district,
機車竊盜,107,1228,台中市,,10710-10712,npa_crime_107_10_12.csv,2555,blank_district,
機車竊盜,107,1228,台中市,,10710-10712,npa_crime_107_10_12.csv,2557,blank_district,
機車竊盜,107,1228,台中市,,10710-10712,npa_crime_107_10_12.csv,2568,blank_district,
機車竊盜,107,1230,台中市,,10710-10712,npa_crime_107_10_12.csv,2585,blank_district,
機車竊盜,107,1231,台中市,,10710-10712,npa_crime_107_10_12.csv,2592,blank_district,
機車竊盜,108,0101,台中市,,10801-10803,npa_crime_108_01_03.csv,562,blank_district,
機車竊盜,108,0101,台中市,,10801-10803,npa_crime_108_01_03.csv,568,blank_district,
機車竊盜,108,0102,台中市,,10801-10803,npa_crime_108_01_03.csv,582,blank_district,
機車竊盜,108,0103,台中市,,10801-10803,npa_crime_108_01_03.csv,614,blank_district,
機車竊盜,108,0104,台中市,,10801-10803,npa_crime_108_01_03.csv,622,blank_district,
機車竊盜,108,0105,台中市,,10801-10803,npa_crime_108_01_03.csv,634,blank_district,
機車竊盜,108,0107,台中市,,10801-10803,npa_crime_108_01_03.csv,656,blank_district,
機車竊盜,108,0108,台中市,,10801-10803,npa_crime_108_01_03.csv,669,blank_district,
機車竊盜,108,0108,台中市,,10801-10803,npa_crime_108_01_03.csv,673,blank_district,
機車竊盜,108,0108,台中市,,10801-10803,npa_crime_108_01_03.csv,674,blank_district,
機車竊盜,108,0109,台中市,,10801-10803,npa_crime_108_01_03.csv,685,blank_district,
機車竊盜,108,0109,台中市,,10801-10803,npa_crime_108_01_03.csv,694,blank_district,
機車竊盜,108,0109,台中市,,10801-10803,npa_crime_108_01_03.csv,707,blank_district,
機車竊盜,108,0113,台中市,,10801-10803,npa_crime_108_01_03.csv,771,blank_district,
機車竊盜,108,0113,台中市,,10801-10803,npa_crime_108_01_03.csv,787,blank_district,
機車竊盜,108,0113,台中市,,10801-10803,npa_crime_108_01_03.csv,788,blank_district,
機車竊盜,108,0113,台中市,,10801-10803,npa_crime_108_01_03.csv,791,blank_district,
機車竊盜,108,0114,台中市,,10801-10803,npa_crime_108_01_03.csv,811,blank_district,
機車竊盜,108,0116,台中市,,10801-10803,npa_crime_108_01_03.csv,833,blank_district,
機車竊盜,108,0117,台中市,,10801-10803,npa_crime_108_01_03.csv,861,blank_district,
機車竊盜,108,0118,台中市,,10801-10803,npa_crime_108_01_03.csv,873,blank_district,
機車竊盜,108,0119,台中市,,10801-10803,npa_crime_108_01_03.csv,886,blank_district,
機車竊盜,108,0120,台中市,,10801-10803,npa_crime_108_01_03.csv,902,blank_district,
機車竊盜,108,0122,台中市,,10801-10803,npa_crime_108_01_03.csv,938,blank_district,
機車竊盜,108,0125,台中市,,10801-10803,npa_crime_108_01_03.csv,977,blank_district,
機車竊盜,108,0128,台中市,,10801-10803,npa_crime_108_01_03.csv,1032,blank_district,
機車竊盜,108,0128,台中市,,10801-10803,npa_crime_108_01_03.csv,1033,blank_district,
機車竊盜,108,0128,台中市,,10801-10803,npa_crime_108_01_03.csv,1041,blank_district,
機車竊盜,108,0129,台中市,,10801-10803,npa_crime_108_01_03.csv,1047,blank_district,
機車竊盜,108,0131,台中市,,10801-10803,npa_crime_108_01_03.csv,1083,blank_district,
機車竊盜,108,0201,台中市,,10801-10803,npa_crime_108_01_03.csv,1112,blank_district,
機車竊盜,108,0206,台中市,,10801-10803,npa_crime_108_01_03.csv,1182,blank_district,
機車竊盜,108,0207,台中市,,10801-10803,npa_crime_108_01_03.csv,1193,blank_district,
機車竊盜,108,0207,台中市,,10801-10803,npa_crime_108_01_03.csv,1194,blank_district,
機車竊盜,108,0207,台中市,,10801-10803,npa_crime_108_01_03.csv,1195,blank_district,
機車竊盜,108,0208,台中市,,10801-10803,npa_crime_108_01_03.csv,1210,blank_district,
機車竊盜,108,0208,台中市,,10801-10803,npa_crime_108_01_03.csv,1217,blank_district,
機車竊盜,108,0209,台中市,,10801-10803,npa_crime_108_01_03.csv,1245,blank_district,
機車竊盜,108,0210,台中市,,10801-10803,npa_crime_108_01_03.csv,1252,blank_district,
機車竊盜,108,0210,台中市,,10801-10803,npa_crime_108_01_03.csv,1269,blank_district,
機車竊盜,108,0211,台中市,,10801-10803,npa_crime_108_01_03.csv,1287,blank_district,
機車竊盜,108,0213,台中市,,10801-10803,npa_crime_108_01_03.csv,1317,blank_district,
機車竊盜,108,0213,台中市,,10801-10803,npa_crime_108_01_03.csv,1319,blank_district,
機車竊盜,108,0213,台中市,,10801-10803,npa_crime_108_01_03.csv,1323,blank_district,
機車竊盜,108,0215,台中市,,10801-10803,npa_crime_108_01_03.csv,1352,blank_district,
機車竊盜,108,0217,台中市,,10801-10803,npa_crime_108_01_03.csv,1387,blank_district,
機車竊盜,108,0219,台中市,,10801-10803,npa_crime_108_01_03.csv,1434,blank_district,
機車竊盜,108,0219,台中市,,10801-10803,npa_crime_108_01_03.csv,1439,blank_district,
機車竊盜,108,0224,台中市,,10801-10803,npa_crime_108_01_03.csv,1492,blank_district,
機車竊盜,108,0224,台中市,,10801-10803,npa_crime_108_01_03.csv,1496,blank_district,
機車竊盜,108,0225,台中市,,10801-10803,npa_crime_108_01_03.csv,1498,blank_district,
機車竊盜,108,0228,台中市,,10801-10803,npa_crime_108_01_03.csv,1557,blank_district,
機車竊盜,108,0228,台中市,,10801-10803,npa_crime_108_01_03.csv,1559,blank_district,
機車竊盜,108,0304,台中市,,10801-10803,npa_crime_108_01_03.csv,1600,blank_district,
機車竊盜,108,0304,台中市,,10801-10803,npa_crime_108_01_03.csv,1611,blank_district,
機車竊盜,108,0306,台中市,,10801-10803,npa_crime_108_01_03.csv,1641,blank_district,
機車竊盜,108,0307,台中市,,10801-10803,npa_crime_108_01_03.csv,1652,blank_district,
機車竊盜,108,0308,台中市,,10801-10803,npa_crime_108_01_03.csv,1658,blank_district,
機車竊盜,108,0314,台中市,,10801-10803,npa_crime_108_01_03.csv,1731,blank_district,
機車竊盜,108,0314,台中市,,10801-10803,npa_crime_108_01_03.csv,1735,blank_district,
機車竊盜,108,0315,台中市,,10801-10803,npa_crime_108_01_03.csv,1746,blank_district,
機車竊盜,108,0315,台中市,,10801-10803,npa_crime_108_01_03.csv,1750,blank_district,
機車竊盜,108,0317,台中市,,10801-10803,npa_crime_108_01_03.csv,1769,blank_district,
機車竊盜,108,0318,台中市,,10801-10803,npa_crime_108_01_03.csv,1784,blank_district,
機車竊盜,108,0318,台中市,,10801-10803,npa_crime_108_01_03.csv,1794,blank_district,
機車竊盜,108,0319,台中市,,10801-10803,npa_crime_108_01_03.csv,1800,blank_district,
機車竊盜,108,0319,台中市,,10801-10803,npa_crime_108_01_03.csv,1808,blank_district,
機車竊盜,108,0320,台中市,,10801-10803,npa_crime_108_01_03.csv,1821,blank_district,
機車竊盜,108,0320,台中市,,10801-10803,npa_crime_108_01_03.csv,1832,blank_district,
機車竊盜,108,0323,台中市,,10801-10803,npa_crime_108_01_03.csv,1877,blank_district,
機車竊盜,108,0324,台中市,,10801-10803,npa_crime_108_01_03.csv,1891,blank_district,
機車竊盜,108,0326,台中市,,10801-10803,npa_crime_108_01_03.csv,1922,blank_district,
機車竊盜,108,0326,台中市,,10801-10803,npa_crime_108_01_03.csv,1924,blank_district,
機車竊盜,108,0327,台中市,,10801-10803,npa_crime_108_01_03.csv,1936,blank_district,
機車竊盜,108,0328,台中市,,10801-10803,npa_crime_108_01_03.csv,1954,blank_district,
機車竊盜,108,0328,台中市,,10801-10803,npa_crime_108_01_03.csv,1956,blank_district,
機車竊盜,108,0329,台中市,,10801-10803,npa_crime_108_01_03.csv,1960,blank_district,
機車竊盜,108,0329,台中市,,10801-10803,npa_crime_108_01_03.csv,1970,blank_district,
機車竊盜,108,0331,台中市,,10801-10803,npa_crime_108_01_03.csv,1993,blank_district,
機車竊盜,108,0331,台中市,,10801-10803,npa_crime_108_01_03.csv,1997,blank_district,
機車竊盜,108,0401,台中市,,10804-10806,npa_crime_108_04_06.csv,569,blank_district,
機車竊盜,108,0401,台中市,,10804-10806,npa_crime_108_04_06.csv,572,blank_district,
機車竊盜,108,0401,台中市,,10804-10806,npa_crime_108_04_06.csv,583,blank_district,
機車竊盜,108,0402,台中市,,10804-10806,npa_crime_108_04_06.csv,586,blank_district,
機車竊盜,108,0403,台中市,,10804-10806,npa_crime_108_04_06.csv,603,blank_district,
機車竊盜,108,0403,台中市,,10804-10806,npa_crime_108_04_06.csv,610,blank_district,
機車竊盜,108,0404,台中市,,10804-10806,npa_crime_108_04_06.csv,619,blank_district,
機車竊盜,108,0404,台中市,,10804-10806,npa_crime_108_04_06.csv,622,blank_district,
機車竊盜,108,0407,台中市,,10804-10806,npa_crime_108_04_06.csv,657,blank_district,
機車竊盜,108,0407,台中市,,10804-10806,npa_crime_108_04_06.csv,660,blank_district,
機車竊盜,108,0407,台中市,,10804-10806,npa_crime_108_04_06.csv,664,blank_district,
機車竊盜,108,0407,台中市,,10804-10806,npa_crime_108_04_06.csv,669,blank_district,
機車竊盜,108,0408,台中市,,10804-10806,npa_crime_108_04_06.csv,673,blank_district,
機車竊盜,108,0410,台中市,,10804-10806,npa_crime_108_04_06.csv,707,blank_district,
機車竊盜,108,0417,台中市,,10804-10806,npa_crime_108_04_06.csv,780,blank_district,
機車竊盜,108,0423,台中市,,10804-10806,npa_crime_108_04_06.csv,865,blank_district,
機車竊盜,108,0426,台中市,,10804-10806,npa_crime_108_04_06.csv,917,blank_district,
機車竊盜,108,0426,台中市,,10804-10806,npa_crime_108_04_06.csv,933,blank_district,
機車竊盜,108,0427,台中市,,10804-10806,npa_crime_108_04_06.csv,944,blank_district,
機車竊盜,108,0428,台中市,,10804-10806,npa_crime_108_04_06.csv,955,blank_district,
機車竊盜,108,0430,台中市,,10804-10806,npa_crime_108_04_06.csv,994,blank_district,
機車竊盜,108,0430,台中市,,10804-10806,npa_crime_108_04_06.csv,997,blank_district,
機車竊盜,108,0505,台中市,,10804-10806,npa_crime_108_04_06.csv,1072,blank_district,
機車竊盜,108,0507,台中市,,10804-10806,npa_crime_108_04_06.csv,1104,blank_district,
機車竊盜,108,0508,台中市,,10804-10806,npa_crime_108_04_06.csv,1123,blank_district,
機車竊盜,108,0510,台中市,,10804-10806,npa_crime_108_04_06.csv,1136,blank_district,
機車竊盜,108,0510,台中市,,10804-10806,npa_crime_108_04_06.csv,1137,blank_district,
機車竊盜,108,0511,台中市,,10804-10806,npa_crime_108_04_06.csv,1150,blank_district,
機車竊盜,108,0511,台中市,,10804-10806,npa_crime_108_04_06.csv,1156,blank_district,
機車竊盜,108,0512,台中市,,10804-10806,npa_crime_108_04_06.csv,1173,blank_district,
機車竊盜,108,0514,台中市,,10804-10806,npa_crime_108_04_06.csv,1200,blank_district,
機車竊盜,108,0518,台中市,,10804-10806,npa_crime_108_04_06.csv,1263,blank_district,
機車竊盜,108,0519,台中市,,10804-10806,npa_crime_108_04_06.csv,1266,blank_district,
機車竊盜,108,0520,台中市,,10804-10806,npa_crime_108_04_06.csv,1295,blank_district,
機車竊盜,108,0521,台中市,,10804-10806,npa_crime_108_04_06.csv,1305,blank_district,
機車竊盜,108,0522,台中市,,10804-10806,npa_crime_108_04_06.csv,1317,blank_district,
機車竊盜,108,0523,台中市,,10804-10806,npa_crime_108_04_06.csv,1339,blank_district,
機車竊盜,108,0524,台中市,,10804-10806,npa_crime_108_04_06.csv,1346,blank_district,
機車竊盜,108,0525,台中市,,10804-10806,npa_crime_108_04_06.csv,1371,blank_district,
機車竊盜,108,0604,台中市,,10804-10806,npa_crime_108_04_06.csv,1497,blank_district,
機車竊盜,108,0605,台中市,,10804-10806,npa_crime_108_04_06.csv,1508,blank_district,
機車竊盜,108,0605,台中市,,10804-10806,npa_crime_108_04_06.csv,1514,blank_district,
機車竊盜,108,0608,台中市,,10804-10806,npa_crime_108_04_06.csv,1558,blank_district,
機車竊盜,108,0608,台中市,,10804-10806,npa_crime_108_04_06.csv,1568,blank_district,
機車竊盜,108,0609,台中市,,10804-10806,npa_crime_108_04_06.csv,1575,blank_district,
機車竊盜,108,0609,台中市,,10804-10806,npa_crime_108_04_06.csv,1580,blank_district,
機車竊盜,108,0610,台中市,,10804-10806,npa_crime_108_04_06.csv,1599,blank_district,
機車竊盜,108,0611,台中市,,10804-10806,npa_crime_108_04_06.csv,1622,blank_district,
機車竊盜,108,0612,台中市,,10804-10806,npa_crime_108_04_06.csv,1644,blank_district,
機車竊盜,108,0614,台中市,,10804-10806,npa_crime_108_04_06.csv,1682,blank_district,
機車竊盜,108,0616,台中市,,10804-10806,npa_crime_108_04_06.csv,1704,blank_district,
機車竊盜,108,0618,台中市,,10804-10806,npa_crime_108_04_06.csv,1754,blank_district,
機車竊盜,108,0619,台中市,,10804-10806,npa_crime_108_04_06.csv,1764,blank_district,
機車竊盜,108,0621,台中市,,10804-10806,npa_crime_108_04_06.csv,1807,blank_district,
機車竊盜,108,0626,台中市,,10804-10806,npa_crime_108_04_06.csv,1879,blank_district,
機車竊盜,108,0626,台中市,,10804-10806,npa_crime_108_04_06.csv,1884,blank_district,
機車竊盜,108,0627,台中市,,10804-10806,npa_crime_108_04_06.csv,1898,blank_district,
機車竊盜,108,0701,台中市,,10807-10809,npa_crime_108_07_09.csv,582,blank_district,
機車竊盜,108,0702,台中市,,10807-10809,npa_crime_108_07_09.csv,588,blank_district,
機車竊盜,108,0702,台中市,,10807-10809,npa_crime_108_07_09.csv,589,blank_district,
機車竊盜,108,0702,台中市,,10807-10809,npa_crime_108_07_09.csv,598,blank_district,
機車竊盜,108,0703,台中市,,10807-10809,npa_crime_108_07_09.csv,606,blank_district,
機車竊盜,108,0703,台中市,,10807-10809,npa_crime_108_07_09.csv,610,blank_district,
機車竊盜,108,0708,台中市,,10807-10809,npa_crime_108_07_09.csv,689,blank_district,
機車竊盜,108,0708,台中市,,10807-10809,npa_crime_108_07_09.csv,691,blank_district,
機車竊盜,108,0708,台中市,,10807-10809,npa_crime_108_07_09.csv,692,blank_district,
機車竊盜,108,0708,台中市,,10807-10809,npa_crime_108_07_09.csv,697,blank_district,
機車竊盜,108,0709,台中市,,10807-10809,npa_crime_108_07_09.csv,705,blank_district,
機車竊盜,108,0709,台中市,,10807-10809,npa_crime_108_07_09.csv,720,blank_district,
機車竊盜,108,0710,台中市,,10807-10809,npa_crime_108_07_09.csv,747,blank_district,
機車竊盜,108,0711,台中市,,10807-10809,npa_crime_108_07_09.csv,757,blank_district,
機車竊盜,108,0711,台中市,,10807-10809,npa_crime_108_07_09.csv,759,blank_district,
機車竊盜,108,0712,台中市,,10807-10809,npa_crime_108_07_09.csv,782,blank_district,
機車竊盜,108,0713,台中市,,10807-10809,npa_crime_108_07_09.csv,792,blank_district,
機車竊盜,108,0713,台中市,,10807-10809,npa_crime_108_07_09.csv,794,blank_district,
機車竊盜,108,0713,台中市,,10807-10809,npa_crime_108_07_09.csv,801,blank_district,
機車竊盜,108,0714,台中市,,10807-10809,npa_crime_108_07_09.csv,822,blank_district,
機車竊盜,108,0716,台中市,,10807-10809,npa_crime_108_07_09.csv,845,blank_district,
機車竊盜,108,0717,台中市,,10807-10809,npa_crime_108_07_09.csv,869,blank_district,
機車竊盜,108,0720,台中市,,10807-10809,npa_crime_108_07_09.csv,912,blank_district,
機車竊盜,108,0721,台中市,,10807-10809,npa_crime_108_07_09.csv,928,blank_district,
機車竊盜,108,0721,台中市,,10807-10809,npa_crime_108_07_09.csv,931,blank_district,
機車竊盜,108,0721,台中市,,10807-10809,npa_crime_108_07_09.csv,936,blank_district,
機車竊盜,108,0721,台中市,,10807-10809,npa_crime_108_07_09.csv,941,blank_district,
機車竊盜,108,0723,台中市,,10807-10809,npa_crime_108_07_09.csv,977,blank_district,
機車竊盜,108,0724,台中市,,10807-10809,npa_crime_108_07_09.csv,987,blank_district,
機車竊盜,108,0726,台中市,,10807-10809,npa_crime_108_07_09.csv,1013,blank_district,
機車竊盜,108,0728,台中市,,10807-10809,npa_crime_108_07_09.csv,1053,blank_district,
機車竊盜,108,0729,台中市,,10807-10809,npa_crime_108_07_09.csv,1068,blank_district,
機車竊盜,108,0730,台中市,,10807-10809,npa_crime_108_07_09.csv,1098,blank_district,
機車竊盜,108,0731,台中市,,10807-10809,npa_crime_108_07_09.csv,1108,blank_district,
機車竊盜,108,0803,台中市,,10807-10809,npa_crime_108_07_09.csv,1161,blank_district,
機車竊盜,108,0805,台中市,,10807-10809,npa_crime_108_07_09.csv,1197,blank_district,
機車竊盜,108,0808,台中市,,10807-10809,npa_crime_108_07_09.csv,1256,blank_district,
機車竊盜,108,0808,台中市,,10807-10809,npa_crime_108_07_09.csv,1257,blank_district,
機車竊盜,108,0808,台中市,,10807-10809,npa_crime_108_07_09.csv,1259,blank_district,
機車竊盜,108,0808,台中市,,10807-10809,npa_crime_108_07_09.csv,1261,blank_district,
機車竊盜,108,0808,台中市,,10807-10809,npa_crime_108_07_09.csv,1266,blank_district,
機車竊盜,108,0808,台中市,,10807-10809,npa_crime_108_07_09.csv,1267,blank_district,
機車竊盜,108,0808,台中市,,10807-10809,npa_crime_108_07_09.csv,1275,blank_district,
機車竊盜,108,0813,台中市,,10807-10809,npa_crime_108_07_09.csv,1356,blank_district,
機車竊盜,108,0813,台中市,,10807-10809,npa_crime_108_07_09.csv,1374,blank_district,
機車竊盜,108,0814,台中市,,10807-10809,npa_crime_108_07_09.csv,1388,blank_district,
機車竊盜,108,0815,台中市,,10807-10809,npa_crime_108_07_09.csv,1404,blank_district,
機車竊盜,108,0820,台中市,,10807-10809,npa_crime_108_07_09.csv,1483,blank_district,
機車竊盜,108,0820,台中市,,10807-10809,npa_crime_108_07_09.csv,1486,blank_district,
機車竊盜,108,0822,台中市,,10807-10809,npa_crime_108_07_09.csv,1521,blank_district,
機車竊盜,108,0824,台中市,,10807-10809,npa_crime_108_07_09.csv,1569,blank_district,
機車竊盜,108,0825,台中市,,10807-10809,npa_crime_108_07_09.csv,1577,blank_district,
機車竊盜,108,0825,台中市,,10807-10809,npa_crime_108_07_09.csv,1583,blank_district,
機車竊盜,108,0826,台中市,,10807-10809,npa_crime_108_07_09.csv,1597,blank_district,
機車竊盜,108,0828,台中市,,10807-10809,npa_crime_108_07_09.csv,1620,blank_district,
機車竊盜,108,0828,台中市,,10807-10809,npa_crime_108_07_09.csv,1626,blank_district,
機車竊盜,108,0830,台中市,,10807-10809,npa_crime_108_07_09.csv,1652,blank_district,
機車竊盜,108,0831,台中市,,10807-10809,npa_crime_108_07_09.csv,1658,blank_district,
機車竊盜,108,0903,台中市,,10807-10809,npa_crime_108_07_09.csv,1697,blank_district,
機車竊盜,108,0903,台中市,,10807-10809,npa_crime_108_07_09.csv,1706,blank_district,
機車竊盜,108,0904,台中市,,10807-10809,npa_crime_108_07_09.csv,1713,blank_district,
機車竊盜,108,0905,台中市,,10807-10809,npa_crime_108_07_09.csv,1722,blank_district,
機車竊盜,108,0906,台中市,,10807-10809,npa_crime_108_07_09.csv,1737,blank_district,
機車竊盜,108,0906,台中市,,10807-10809,npa_crime_108_07_09.csv,1749,blank_district,
機車竊盜,108,0909,台中市,,10807-10809,npa_crime_108_07_09.csv,1810,blank_district,
機車竊盜,108,0910,台中市,,10807-10809,npa_crime_108_07_09.csv,1819,blank_district,
機車竊盜,108,0911,台中市,,10807-10809,npa_crime_108_07_09.csv,1825,blank_district,
機車竊盜,108,0911,台中市,,10807-10809,npa_crime_108_07_09.csv,1833,blank_district,
機車竊盜,108,0912,台中市,,10807-10809,npa_crime_108_07_09.csv,1848,blank_district,
機車竊盜,108,0916,台中市,,10807-10809,npa_crime_108_07_09.csv,1918,blank_district,
機車竊盜,108,0917,台中市,,10807-10809,npa_crime_108_07_09.csv,1921,blank_district,
機車竊盜,108,0917,台中市,,10807-10809,npa_crime_108_07_09.csv,1925,blank_district,
機車竊盜,108,0918,台中市,,10807-10809,npa_crime_108_07_09.csv,1951,blank_district,
機車竊盜,108,0919,台中市,,10807-10809,npa_crime_108_07_09.csv,1955,blank_district,
機車竊盜,108,0920,台中市,,10807-10809,npa_crime_108_07_09.csv,1974,blank_district,
機車竊盜,108,0922,台中市,,10807-10809,npa_crime_108_07_09.csv,1993,blank_district,
機車竊盜,108,0922,台中市,,10807-10809,npa_crime_108_07_09.csv,2010,blank_district,
機車竊盜,108,0923,台中市,,10807-10809,npa_crime_108_07_09.csv,2015,blank_district,
機車竊盜,108,0926,台中市,,10807-10809,npa_crime_108_07_09.csv,2048,blank_district,
機車竊盜,108,0927,台中市,,10807-10809,npa_crime_108_07_09.csv,2063,blank_district,
機車竊盜,108,0929,台中市,,10807-10809,npa_crime_108_07_09.csv,2081,blank_district,
機車竊盜,108,1002,台中市,,10810-10812,npa_crime_108_10_12.csv,503,blank_district,
機車竊盜,108,1006,台中市,,10810-10812,npa_crime_108_10_12.csv,587,blank_district,
機車竊盜,108,1007,台中市,,10810-10812,npa_crime_108_10_12.csv,597,blank_district,
機車竊盜,108,1007,台中市,,10810-10812,npa_crime_108_10_12.csv,604,blank_district,
機車竊盜,108,1008,台中市,,10810-10812,npa_crime_108_10_12.csv,616,blank_district,
機車竊盜,108,1008,台中市,,10810-10812,npa_crime_108_10_12.csv,619,blank_district,
機車竊盜,108,1008,台中市,,10810-10812,npa_crime_108_10_12.csv,624,blank_district,
機車竊盜,108,1008,台中市,,10810-10812,npa_crime_108_10_12.csv,626,blank_district,
機車竊盜,108,1010,台中市,,10810-10812,npa_crime_108_10_12.csv,657,blank_district,
機車竊盜,108,1010,台中市,,10810-10812,npa_crime_108_10_12.csv,660,blank_district,
機車竊盜,108,1010,台中市,,10810-10812,npa_crime_108_10_12.csv,662,blank_district,
機車竊盜,108,1012,台中市,,10810-10812,npa_crime_108_10_12.csv,683,blank_district,
機車竊盜,108,1013,台中市,,10810-10812,npa_crime_108_10_12.csv,690,blank_district,
機車竊盜,108,1013,台中市,,10810-10812,npa_crime_108_10_12.csv,702,blank_district,
機車竊盜,108,1015,台中市,,10810-10812,npa_crime_108_10_12.csv,739,blank_district,
機車竊盜,108,1016,台中市,,10810-10812,npa_crime_108_10_12.csv,753,blank_district,
機車竊盜,108,1019,台中市,,10810-10812,npa_crime_108_10_12.csv,802,blank_district,
機車竊盜,108,1021,台中市,,10810-10812,npa_crime_108_10_12.csv,820,blank_district,
機車竊盜,108,1023,台中市,,10810-10812,npa_crime_108_10_12.csv,858,blank_district,
機車竊盜,108,1023,台中市,,10810-10812,npa_crime_108_10_12.csv,859,blank_district,
機車竊盜,108,1023,台中市,,10810-10812,npa_crime_108_10_12.csv,861,blank_district,
機車竊盜,108,1023,台中市,,10810-10812,npa_crime_108_10_12.csv,866,blank_district,
機車竊盜,108,1023,台中市,,10810-10812,npa_crime_108_10_12.csv,868,blank_district,
機車竊盜,108,1027,台中市,,10810-10812,npa_crime_108_10_12.csv,915,blank_district,
機車竊盜,108,1027,台中市,,10810-10812,npa_crime_108_10_12.csv,917,blank_district,
機車竊盜,108,1029,台中市,,10810-10812,npa_crime_108_10_12.csv,965,blank_district,
機車竊盜,108,1031,台中市,,10810-10812,npa_crime_108_10_12.csv,989,blank_district,
機車竊盜,108,1101,台中市,,10810-10812,npa_crime_108_10_12.csv,1009,blank_district,
機車竊盜,108,1103,台中市,,10810-10812,npa_crime_108_10_12.csv,1052,blank_district,
機車竊盜,108,1111,台中市,,10810-10812,npa_crime_108_10_12.csv,1160,blank_district,
機車竊盜,108,1112,台中市,,10810-10812,npa_crime_108_10_12.csv,1184,blank_district,
機車竊盜,108,1116,台中市,,10810-10812,npa_crime_108_10_12.csv,1257,blank_district,
機車竊盜,108,1122,台中市,,10810-10812,npa_crime_108_10_12.csv,1339,blank_district,
機車竊盜,108,1123,台中市,,10810-10812,npa_crime_108_10_12.csv,1366,blank_district,
機車竊盜,108,1125,台中市,,10810-10812,npa_crime_108_10_12.csv,1407,blank_district,
機車竊盜,108,1127,台中市,,10810-10812,npa_crime_108_10_12.csv,1425,blank_district,
機車竊盜,108,1128,台中市,,10810-10812,npa_crime_108_10_12.csv,1437,blank_district,
機車竊盜,108,1204,台中市,,10810-10812,npa_crime_108_10_12.csv,1539,blank_district,
機車竊盜,108,1211,台中市,,10810-10812,npa_crime_108_10_12.csv,1641,blank_district,
機車竊盜,108,1212,台中市,,10810-10812,npa_crime_108_10_12.csv,1651,blank_district,
機車竊盜,108,1215,台中市,,10810-10812,npa_crime_108_10_12.csv,1713,blank_district,
機車竊盜,108,1218,台中市,,10810-10812,npa_crime_108_10_12.csv,1757,blank_district,
機車竊盜,108,1219,台中市,,10810-10812,npa_crime_108_10_12.csv,1772,blank_district,
機車竊盜,108,1219,台中市,,10810-10812,npa_crime_108_10_12.csv,1786,blank_district,
機車竊盜,108,1219,台中市,,10810-10812,npa_crime_108_10_12.csv,1787,blank_district,
機車竊盜,108,1222,台中市,,10810-10812,npa_crime_108_10_12.csv,1828,blank_district,
機車竊盜,108,1222,台中市,,10810-10812,npa_crime_108_10_12.csv,1833,blank_district,
機車竊盜,108,1223,台中市,,10810-10812,npa_crime_108_10_12.csv,1844,blank_district,
機車竊盜,108,1225,台中市,,10810-10812,npa_crime_108_10_12.csv,1871,blank_district,
機車竊盜,108,1230,台中市,,10810-10812,npa_crime_108_10_12.csv,1946,blank_district,
機車竊盜,108,1231,台中市,,10810-10812,npa_crime_108_10_12.csv,1961,blank_district,
機車竊盜,109,0101,台中市,,10901-10903,npa_crime_109_01_03.csv,411,blank_district,
機車竊盜,109,0101,台中市,,10901-10903,npa_crime_109_01_03.csv,414,blank_district,
機車竊盜,109,0101,台中市,,10901-10903,npa_crime_109_01_03.csv,416,blank_district,
機車竊盜,109,0104,台中市,,10901-10903,npa_crime_109_01_03.csv,449,blank_district,
機車竊盜,109,0104,台中市,,10901-10903,npa_crime_109_01_03.csv,450,blank_district,
機車竊盜,109,0104,台中市,,10901-10903,npa_crime_109_01_03.csv,457,blank_district,
機車竊盜,109,0105,台中市,,10901-10903,npa_crime_109_01_03.csv,470,blank_district,
機車竊盜,109,0105,台中市,,10901-10903,npa_crime_109_01_03.csv,483,blank_district,
機車竊盜,109,0106,台中市,,10901-10903,npa_crime_109_01_03.csv,493,blank_district,
機車竊盜,109,0106,台中市,,10901-10903,npa_crime_109_01_03.csv,496,blank_district,
機車竊盜,109,0106,台中市,,10901-10903,npa_crime_109_01_03.csv,497,blank_district,
機車竊盜,109,0107,台中市,,10901-10903,npa_crime_109_01_03.csv,504,blank_district,
機車竊盜,109,0108,台中市,,10901-10903,npa_crime_109_01_03.csv,512,blank_district,
機車竊盜,109,0108,台中市,,10901-10903,npa_crime_109_01_03.csv,519,blank_district,
機車竊盜,109,0109,台中市,,10901-10903,npa_crime_109_01_03.csv,535,blank_district,
機車竊盜,109,0109,台中市,,10901-10903,npa_crime_109_01_03.csv,536,blank_district,
機車竊盜,109,0109,台中市,,10901-10903,npa_crime_109_01_03.csv,538,blank_district,
機車竊盜,109,0110,台中市,,10901-10903,npa_crime_109_01_03.csv,550,blank_district,
機車竊盜,109,0112,台中市,,10901-10903,npa_crime_109_01_03.csv,576,blank_district,
機車竊盜,109,0112,台中市,,10901-10903,npa_crime_109_01_03.csv,580,blank_district,
機車竊盜,109,0112,台中市,,10901-10903,npa_crime_109_01_03.csv,582,blank_district,
機車竊盜,109,0112,台中市,,10901-10903,npa_crime_109_01_03.csv,583,blank_district,
機車竊盜,109,0112,台中市,,10901-10903,npa_crime_109_01_03.csv,586,blank_district,
機車竊盜,109,0114,台中市,,10901-10903,npa_crime_109_01_03.csv,612,blank_district,
機車竊盜,109,0115,台中市,,10901-10903,npa_crime_109_01_03.csv,620,blank_district,
機車竊盜,109,0118,台中市,,10901-10903,npa_crime_109_01_03.csv,653,blank_district,
機車竊盜,109,0119,台中市,,10901-10903,npa_crime_109_01_03.csv,672,blank_district,
機車竊盜,109,0119,台中市,,10901-10903,npa_crime_109_01_03.csv,674,blank_district,
機車竊盜,109,0120,台中市,,10901-10903,npa_crime_109_01_03.csv,699,blank_district,
機車竊盜,109,0122,台中市,,10901-10903,npa_crime_109_01_03.csv,715,blank_district,
機車竊盜,109,0123,台中市,,10901-10903,npa_crime_109_01_03.csv,733,blank_district,
機車竊盜,109,0124,台中市,,10901-10903,npa_crime_109_01_03.csv,760,blank_district,
機車竊盜,109,0125,台中市,,10901-10903,npa_crime_109_01_03.csv,765,blank_district,
機車竊盜,109,0127,台中市,,10901-10903,npa_crime_109_01_03.csv,784,blank_district,
機車竊盜,109,0128,台中市,,10901-10903,npa_crime_109_01_03.csv,805,blank_district,
機車竊盜,109,0129,台中市,,10901-10903,npa_crime_109_01_03.csv,820,blank_district,
機車竊盜,109,0131,台中市,,10901-10903,npa_crime_109_01_03.csv,854,blank_district,
機車竊盜,109,0201,台中市,,10901-10903,npa_crime_109_01_03.csv,864,blank_district,
機車竊盜,109,0204,台中市,,10901-10903,npa_crime_109_01_03.csv,907,blank_district,
機車竊盜,109,0205,台中市,,10901-10903,npa_crime_109_01_03.csv,920,blank_district,
機車竊盜,109,0208,台中市,,10901-10903,npa_crime_109_01_03.csv,963,blank_district,
機車竊盜,109,0210,台中市,,10901-10903,npa_crime_109_01_03.csv,1000,blank_district,
機車竊盜,109,0212,台中市,,10901-10903,npa_crime_109_01_03.csv,1031,blank_district,
機車竊盜,109,0219,台中市,,10901-10903,npa_crime_109_01_03.csv,1123,blank_district,
機車竊盜,109,0221,台中市,,10901-10903,npa_crime_109_01_03.csv,1159,blank_district,
機車竊盜,109,0223,台中市,,10901-10903,npa_crime_109_01_03.csv,1183,blank_district,
機車竊盜,109,0226,台中市,,10901-10903,npa_crime_109_01_03.csv,1221,blank_district,
機車竊盜,109,0228,台中市,,10901-10903,npa_crime_109_01_03.csv,1242,blank_district,
機車竊盜,109,0228,台中市,,10901-10903,npa_crime_109_01_03.csv,1245,blank_district,
機車竊盜,109,0301,台中市,,10901-10903,npa_crime_109_01_03.csv,1277,blank_district,
機車竊盜,109,0302,台中市,,10901-10903,npa_crime_109_01_03.csv,1292,blank_district,
機車竊盜,109,0304,台中市,,10901-10903,npa_crime_109_01_03.csv,1318,blank_district,
機車竊盜,109,0306,台中市,,10901-10903,npa_crime_109_01_03.csv,1356,blank_district,
機車竊盜,109,0308,台中市,,10901-10903,npa_crime_109_01_03.csv,1382,blank_district,
機車竊盜,109,0311,台中市,,10901-10903,npa_crime_109_01_03.csv,1414,blank_district,
機車竊盜,109,0312,台中市,,10901-10903,npa_crime_109_01_03.csv,1430,blank_district,
機車竊盜,109,0313,台中市,,10901-10903,npa_crime_109_01_03.csv,1432,blank_district,
機車竊盜,109,0317,台中市,,10901-10903,npa_crime_109_01_03.csv,1487,blank_district,
機車竊盜,109,0317,台中市,,10901-10903,npa_crime_109_01_03.csv,1490,blank_district,
機車竊盜,109,0319,台中市,,10901-10903,npa_crime_109_01_03.csv,1514,blank_district,
機車竊盜,109,0320,台中市,,10901-10903,npa_crime_109_01_03.csv,1534,blank_district,
機車竊盜,109,0323,台中市,,10901-10903,npa_crime_109_01_03.csv,1581,blank_district,
機車竊盜,109,0328,台中市,,10901-10903,npa_crime_109_01_03.csv,1645,blank_district,
機車竊盜,109,0401,台中市,,10904-10906,npa_crime_109_04_06.csv,424,blank_district,
機車竊盜,109,0402,台中市,,10904-10906,npa_crime_109_04_06.csv,434,blank_district,
機車竊盜,109,0403,台中市,,10904-10906,npa_crime_109_04_06.csv,465,blank_district,
機車竊盜,109,0403,台中市,,10904-10906,npa_crime_109_04_06.csv,471,blank_district,
機車竊盜,109,0404,台中市,,10904-10906,npa_crime_109_04_06.csv,473,blank_district,
機車竊盜,109,0404,台中市,,10904-10906,npa_crime_109_04_06.csv,480,blank_district,
機車竊盜,109,0407,台中市,,10904-10906,npa_crime_109_04_06.csv,516,blank_district,
機車竊盜,109,0409,台中市,,10904-10906,npa_crime_109_04_06.csv,543,blank_district,
機車竊盜,109,0410,台中市,,10904-10906,npa_crime_109_04_06.csv,551,blank_district,
機車竊盜,109,0418,台中市,,10904-10906,npa_crime_109_04_06.csv,666,blank_district,
機車竊盜,109,0420,台中市,,10904-10906,npa_crime_109_04_06.csv,691,blank_district,
機車竊盜,109,0422,台中市,,10904-10906,npa_crime_109_04_06.csv,718,blank_district,
機車竊盜,109,0424,台中市,,10904-10906,npa_crime_109_04_06.csv,751,blank_district,
機車竊盜,109,0425,台中市,,10904-10906,npa_crime_109_04_06.csv,760,blank_district,
機車竊盜,109,0425,台中市,,10904-10906,npa_crime_109_04_06.csv,769,blank_district,
機車竊盜,109,0426,台中市,,10904-10906,npa_crime_109_04_06.csv,779,blank_district,
機車竊盜,109,0427,台中市,,10904-10906,npa_crime_109_04_06.csv,782,blank_district,
機車竊盜,109,0427,台中市,,10904-10906,npa_crime_109_04_06.csv,783,blank_district,
機車竊盜,109,0429,台中市,,10904-10906,npa_crime_109_04_06.csv,811,blank_district,
機車竊盜,109,0429,台中市,,10904-10906,npa_crime_109_04_06.csv,812,blank_district,
機車竊盜,109,0430,台中市,,10904-10906,npa_crime_109_04_06.csv,818,blank_district,
機車竊盜,109,0430,台中市,,10904-10906,npa_crime_109_04_06.csv,822,blank_district,
機車竊盜,109,0502,台中市,,10904-10906,npa_crime_109_04_06.csv,842,blank_district,
機車竊盜,109,0502,台中市,,10904-10906,npa_crime_109_04_06.csv,844,blank_district,
機車竊盜,109,0503,台中市,,10904-10906,npa_crime_109_04_06.csv,861,blank_district,
機車竊盜,109,0504,台中市,,10904-10906,npa_crime_109_04_06.csv,878,blank_district,
機車竊盜,109,0508,台中市,,10904-10906,npa_crime_109_04_06.csv,922,blank_district,
機車竊盜,109,0509,台中市,,10904-10906,npa_crime_109_04_06.csv,941,blank_district,
機車竊盜,109,0510,台中市,,10904-10906,npa_crime_109_04_06.csv,950,blank_district,
機車竊盜,109,0511,台中市,,10904-10906,npa_crime_109_04_06.csv,974,blank_district,
機車竊盜,109,0516,台中市,,10904-10906,npa_crime_109_04_06.csv,1033,blank_district,
機車竊盜,109,0516,台中市,,10904-10906,npa_crime_109_04_06.csv,1034,blank_district,
機車竊盜,109,0517,台中市,,10904-10906,npa_crime_109_04_06.csv,1047,blank_district,
機車竊盜,109,0520,台中市,,10904-10906,npa_crime_109_04_06.csv,1071,blank_district,
機車竊盜,109,0522,台中市,,10904-10906,npa_crime_109_04_06.csv,1095,blank_district,
機車竊盜,109,0525,台中市,,10904-10906,npa_crime_109_04_06.csv,1124,blank_district,
機車竊盜,109,0526,台中市,,10904-10906,npa_crime_109_04_06.csv,1133,blank_district,
機車竊盜,109,0604,台中市,,10904-10906,npa_crime_109_04_06.csv,1204,blank_district,
機車竊盜,109,0606,台中市,,10904-10906,npa_crime_109_04_06.csv,1224,blank_district,
機車竊盜,109,0607,台中市,,10904-10906,npa_crime_109_04_06.csv,1233,blank_district,
機車竊盜,109,0610,台中市,,10904-10906,npa_crime_109_04_06.csv,1259,blank_district,
機車竊盜,109,0611,台中市,,10904-10906,npa_crime_109_04_06.csv,1274,blank_district,
機車竊盜,109,0611,台中市,,10904-10906,npa_crime_109_04_06.csv,1276,blank_district,
機車竊盜,109,0612,台中市,,10904-10906,npa_crime_109_04_06.csv,1288,blank_district,
機車竊盜,109,0613,台中市,,10904-10906,npa_crime_109_04_06.csv,1302,blank_district,
機車竊盜,109,0615,台中市,,10904-10906,npa_crime_109_04_06.csv,1313,blank_district,
機車竊盜,109,0615,台中市,,10904-10906,npa_crime_109_04_06.csv,1321,blank_district,
機車竊盜,109,0616,台中市,,10904-10906,npa_crime_109_04_06.csv,1334,blank_district,
機車竊盜,109,0616,台中市,,10904-10906,npa_crime_109_04_06.csv,1346,blank_district,
機車竊盜,109,0617,台中市,,10904-10906,npa_crime_109_04_06.csv,1351,blank_district,
機車竊盜,109,0617,台中市,,10904-10906,npa_crime_109_04_06.csv,1358,blank_district,
機車竊盜,109,0617,台中市,,10904-10906,npa_crime_109_04_06.csv,1367,blank_district,
機車竊盜,109,0619,台中市,,10904-10906,npa_crime_109_04_06.csv,1381,blank_district,
機車竊盜,109,0619,台中市,,10904-10906,npa_crime_109_04_06.csv,1387,blank_district,
機車竊盜,109,0620,台中市,,10904-10906,npa_crime_109_04_06.csv,1401,blank_district,
機車竊盜,109,0622,台中市,,10904-10906,npa_crime_109_04_06.csv,1419,blank_district,
機車竊盜,109,0624,台中市,,10904-10906,npa_crime_109_04_06.csv,1438,blank_district,
機車竊盜,109,0702,臺中市,,10907-10909,npa_crime_109_07_09.csv,404,blank_district,
機車竊盜,109,0706,臺中市,,10907-10909,npa_crime_109_07_09.csv,453,blank_district,
機車竊盜,109,0708,臺中市,,10907-10909,npa_crime_109_07_09.csv,474,blank_district,
機車竊盜,109,0708,臺中市,,10907-10909,npa_crime_109_07_09.csv,478,blank_district,
機車竊盜,109,0708,臺中市,,10907-10909,npa_crime_109_07_09.csv,479,blank_district,
機車竊盜,109,0714,臺中市,,10907-10909,npa_crime_109_07_09.csv,539,blank_district,
機車竊盜,109,0714,臺中市,,10907-10909,npa_crime_109_07_09.csv,540,blank_district,
機車竊盜,109,0714,臺中市,,10907-10909,npa_crime_109_07_09.csv,546,blank_district,
機車竊盜,109,0717,臺中市,,10907-10909,npa_crime_109_07_09.csv,588,blank_district,
機車竊盜,109,0717,臺中市,,10907-10909,npa_crime_109_07_09.csv,589,blank_district,
機車竊盜,109,0724,臺中市,,10907-10909,npa_crime_109_07_09.csv,657,blank_district,
機車竊盜,109,0725,臺中市,,10907-10909,npa_crime_109_07_09.csv,672,blank_district,
機車竊盜,109,0726,臺中市,,10907-10909,npa_crime_109_07_09.csv,679,blank_district,
機車竊盜,109,0726,臺中市,,10907-10909,npa_crime_109_07_09.csv,680,blank_district,
機車竊盜,109,0729,臺中市,,10907-10909,npa_crime_109_07_09.csv,719,blank_district,
機車竊盜,109,0730,臺中市,,10907-10909,npa_crime_109_07_09.csv,726,blank_district,
機車竊盜,109,0730,臺中市,,10907-10909,npa_crime_109_07_09.csv,728,blank_district,
機車竊盜,109,0801,臺中市,,10907-10909,npa_crime_109_07_09.csv,758,blank_district,
機車竊盜,109,0802,臺中市,,10907-10909,npa_crime_109_07_09.csv,768,blank_district,
機車竊盜,109,0802,臺中市,,10907-10909,npa_crime_109_07_09.csv,771,blank_district,
機車竊盜,109,0813,臺中市,,10907-10909,npa_crime_109_07_09.csv,889,blank_district,
機車竊盜,109,0815,臺中市,,10907-10909,npa_crime_109_07_09.csv,929,blank_district,
機車竊盜,109,0816,臺中市,,10907-10909,npa_crime_109_07_09.csv,934,blank_district,
機車竊盜,109,0818,臺中市,,10907-10909,npa_crime_109_07_09.csv,958,blank_district,
機車竊盜,109,0819,臺中市,,10907-10909,npa_crime_109_07_09.csv,970,blank_district,
機車竊盜,109,0822,臺中市,,10907-10909,npa_crime_109_07_09.csv,1013,blank_district,
機車竊盜,109,0822,臺中市,,10907-10909,npa_crime_109_07_09.csv,1018,blank_district,
機車竊盜,109,0824,臺中市,,10907-10909,npa_crime_109_07_09.csv,1039,blank_district,
機車竊盜,109,0824,臺中市,,10907-10909,npa_crime_109_07_09.csv,1044,blank_district,
機車竊盜,109,0825,臺中市,,10907-10909,npa_crime_109_07_09.csv,1046,blank_district,
機車竊盜,109,0825,臺中市,,10907-10909,npa_crime_109_07_09.csv,1051,blank_district,
機車竊盜,109,0825,臺中市,,10907-10909,npa_crime_109_07_09.csv,1058,blank_district,
機車竊盜,109,0827,臺中市,,10907-10909,npa_crime_109_07_09.csv,1072,blank_district,
機車竊盜,109,0830,臺中市,,10907-10909,npa_crime_109_07_09.csv,1104,blank_district,
機車竊盜,109,0901,臺中市,,10907-10909,npa_crime_109_07_09.csv,1129,blank_district,
機車竊盜,109,0901,臺中市,,10907-10909,npa_crime_109_07_09.csv,1135,blank_district,
機車竊盜,109,0904,臺中市,,10907-10909,npa_crime_109_07_09.csv,1166,blank_district,
機車竊盜,109,0904,臺中市,,10907-10909,npa_crime_109_07_09.csv,1172,blank_district,
機車竊盜,109,0906,臺中市,,10907-10909,npa_crime_109_07_09.csv,1189,blank_district,
機車竊盜,109,0906,臺中市,,10907-10909,npa_crime_109_07_09.csv,1190,blank_district,
機車竊盜,109,0906,臺中市,,10907-10909,npa_crime_109_07_09.csv,1193,blank_district,
機車竊盜,109,0908,臺中市,,10907-10909,npa_crime_109_07_09.csv,1220,blank_district,
機車竊盜,109,0913,臺中市,,10907-10909,npa_crime_109_07_09.csv,1261,blank_district,
機車竊盜,109,0913,臺中市,,10907-10909,npa_crime_109_07_09.csv,1264,blank_district,
機車竊盜,109,0914,臺中市,,10907-10909,npa_crime_109_07_09.csv,1271,blank_district,
機車竊盜,109,0915,臺中市,,10907-10909,npa_crime_109_07_09.csv,1280,blank_district,
機車竊盜,109,0916,臺中市,,10907-10909,npa_crime_109_07_09.csv,1282,blank_district,
機車竊盜,109,0917,臺中市,,10907-10909,npa_crime_109_07_09.csv,1297,blank_district,
機車竊盜,109,0919,臺中市,,10907-10909,npa_crime_109_07_09.csv,1311,blank_district,
機車竊盜,109,0920,臺中市,,10907-10909,npa_crime_109_07_09.csv,1317,blank_district,
機車竊盜,109,0920,臺中市,,10907-10909,npa_crime_109_07_09.csv,1320,blank_district,
機車竊盜,109,0921,臺中市,,10907-10909,npa_crime_109_07_09.csv,1328,blank_district,
機車竊盜,109,0922,臺中市,,10907-10909,npa_crime_109_07_09.csv,1340,blank_district,
機車竊盜,109,0928,臺中市,,10907-10909,npa_crime_109_07_09.csv,1376,blank_district,
機車竊盜,109,0929,臺中市,,10907-10909,npa_crime_109_07_09.csv,1384,blank_district,
機車竊盜,109,1001,臺中市,,10910-10912,npa_crime_109_10_12.csv,501,blank_district,
機車竊盜,109,1001,臺中市,,10910-10912,npa_crime_109_10_12.csv,507,blank_district,
機車竊盜,109,1004,臺中市,,10910-10912,npa_crime_109_10_12.csv,528,blank_district,
機車竊盜,109,1004,臺中市,,10910-10912,npa_crime_109_10_12.csv,532,blank_district,
機車竊盜,109,1007,臺中市,,10910-10912,npa_crime_109_10_12.csv,560,blank_district,
機車竊盜,109,1009,臺中市,,10910-10912,npa_crime_109_10_12.csv,593,blank_district,
機車竊盜,109,1013,臺中市,,10910-10912,npa_crime_109_10_12.csv,621,blank_district,
機車竊盜,109,1013,臺中市,,10910-10912,npa_crime_109_10_12.csv,630,blank_district,
機車竊盜,109,1015,臺中市,,10910-10912,npa_crime_109_10_12.csv,650,blank_district,
機車竊盜,109,1016,臺中市,,10910-10912,npa_crime_109_10_12.csv,671,blank_district,
機車竊盜,109,1020,臺中市,,10910-10912,npa_crime_109_10_12.csv,724,blank_district,
機車竊盜,109,1021,臺中市,,10910-10912,npa_crime_109_10_12.csv,733,blank_district,
機車竊盜,109,1026,臺中市,,10910-10912,npa_crime_109_10_12.csv,782,blank_district,
機車竊盜,109,1028,臺中市,,10910-10912,npa_crime_109_10_12.csv,806,blank_district,
機車竊盜,109,1031,臺中市,,10910-10912,npa_crime_109_10_12.csv,843,blank_district,
機車竊盜,109,1031,臺中市,,10910-10912,npa_crime_109_10_12.csv,844,blank_district,
機車竊盜,109,1102,臺中市,,10910-10912,npa_crime_109_10_12.csv,864,blank_district,
機車竊盜,109,1107,臺中市,,10910-10912,npa_crime_109_10_12.csv,921,blank_district,
機車竊盜,109,1108,臺中市,,10910-10912,npa_crime_109_10_12.csv,935,blank_district,
機車竊盜,109,1109,臺中市,,10910-10912,npa_crime_109_10_12.csv,955,blank_district,
機車竊盜,109,1110,臺中市,,10910-10912,npa_crime_109_10_12.csv,970,blank_district,
機車竊盜,109,1111,臺中市,,10910-10912,npa_crime_109_10_12.csv,977,blank_district,
機車竊盜,109,1111,臺中市,,10910-10912,npa_crime_109_10_12.csv,978,blank_district,
機車竊盜,109,1112,臺中市,,10910-10912,npa_crime_109_10_12.csv,990,blank_district,
機車竊盜,109,1112,臺中市,,10910-10912,npa_crime_109_10_12.csv,993,blank_district,
機車竊盜,109,1112,臺中市,,10910-10912,npa_crime_109_10_12.csv,995,blank_district,
機車竊盜,109,1114,臺中市,,10910-10912,npa_crime_109_10_12.csv,1016,blank_district,
機車竊盜,109,1116,臺中市,,10910-10912,npa_crime_109_10_12.csv,1036,blank_district,
機車竊盜,109,1117,臺中市,,10910-10912,npa_crime_109_10_12.csv,1049,blank_district,
機車竊盜,109,1117,臺中市,,10910-10912,npa_crime_109_10_12.csv,1058,blank_district,
機車竊盜,109,1119,臺中市,,10910-10912,npa_crime_109_10_12.csv,1065,blank_district,
機車竊盜,109,1120,臺中市,,10910-10912,npa_crime_109_10_12.csv,1077,blank_district,
機車竊盜,109,1127,臺中市,,10910-10912,npa_crime_109_10_12.csv,1165,blank_district,
機車竊盜,109,1128,臺中市,,10910-10912,npa_crime_109_10_12.csv,1177,blank_district,
機車竊盜,109,1128,臺中市,,10910-10912,npa_crime_109_10_12.csv,1180,blank_district,
機車竊盜,109,1201,臺中市,,10910-10912,npa_crime_109_10_12.csv,1209,blank_district,
機車竊盜,109,1202,臺中市,,10910-10912,npa_crime_109_10_12.csv,1216,blank_district,
機車竊盜,109,1205,臺中市,,10910-10912,npa_crime_109_10_12.csv,1246,blank_district,
機車竊盜,109,1207,臺中市,,10910-10912,npa_crime_109_10_12.csv,1266,blank_district,
機車竊盜,109,1207,臺中市,,10910-10912,npa_crime_109_10_12.csv,1279,blank_district,
機車竊盜,109,1208,臺中市,,10910-10912,npa_crime_109_10_12.csv,1285,blank_district,
機車竊盜,109,1210,臺中市,,10910-10912,npa_crime_109_10_12.csv,1306,blank_district,
機車竊盜,109,1210,臺中市,,10910-10912,npa_crime_109_10_12.csv,1311,blank_district,
機車竊盜,109,1210,臺中市,,10910-10912,npa_crime_109_10_12.csv,1314,blank_district,
機車竊盜,109,1210,臺中市,,10910-10912,npa_crime_109_10_12.csv,1316,blank_district,
機車竊盜,109,1212,臺中市,,10910-10912,npa_crime_109_10_12.csv,1338,blank_district,
機車竊盜,109,1217,臺中市,,10910-10912,npa_crime_109_10_12.csv,1371,blank_district,
機車竊盜,109,1219,臺中市,,10910-10912,npa_crime_109_10_12.csv,1385,blank_district,
機車竊盜,109,1221,臺中市,,10910-10912,npa_crime_109_10_12.csv,1401,blank_district,
機車竊盜,109,1222,臺中市,,10910-10912,npa_crime_109_10_12.csv,1407,blank_district,
機車竊盜,109,1223,臺中市,,10910-10912,npa_crime_109_10_12.csv,1426,blank_district,
機車竊盜,109,1227,臺中市,,10910-10912,npa_crime_109_10_12.csv,1456,blank_district,
機車竊盜,109,1228,臺中市,,10910-10912,npa_crime_109_10_12.csv,1459,blank_district,
機車竊盜,109,1228,臺中市,,10910-10912,npa_crime_109_10_12.csv,1469,blank_district,
機車竊盜,110,0102,臺中市,,11001-11003,npa_crime_110_01_03.csv,415,blank_district,
機車竊盜,110,0103,臺中市,,11001-11003,npa_crime_110_01_03.csv,424,blank_district,
機車竊盜,110,0105,臺中市,,11001-11003,npa_crime_110_01_03.csv,442,blank_district,
機車竊盜,110,0105,臺中市,,11001-11003,npa_crime_110_01_03.csv,456,blank_district,
機車竊盜,110,0106,臺中市,,11001-11003,npa_crime_110_01_03.csv,458,blank_district,
機車竊盜,110,0107,臺中市,,11001-11003,npa_crime_110_01_03.csv,470,blank_district,
機車竊盜,110,0109,臺中市,,11001-11003,npa_crime_110_01_03.csv,489,blank_district,
機車竊盜,110,0111,臺中市,,11001-11003,npa_crime_110_01_03.csv,502,blank_district,
機車竊盜,110,0114,臺中市,,11001-11003,npa_crime_110_01_03.csv,531,blank_district,
機車竊盜,110,0116,臺中市,,11001-11003,npa_crime_110_01_03.csv,548,blank_district,
機車竊盜,110,0118,臺中市,,11001-11003,npa_crime_110_01_03.csv,578,blank_district,
機車竊盜,110,0118,臺中市,,11001-11003,npa_crime_110_01_03.csv,586,blank_district,
機車竊盜,110,0119,臺中市,,11001-11003,npa_crime_110_01_03.csv,591,blank_district,
機車竊盜,110,0121,臺中市,,11001-11003,npa_crime_110_01_03.csv,613,blank_district,
機車竊盜,110,0122,臺中市,,11001-11003,npa_crime_110_01_03.csv,618,blank_district,
機車竊盜,110,0122,臺中市,,11001-11003,npa_crime_110_01_03.csv,621,blank_district,
機車竊盜,110,0123,臺中市,,11001-11003,npa_crime_110_01_03.csv,631,blank_district,
機車竊盜,110,0123,臺中市,,11001-11003,npa_crime_110_01_03.csv,639,blank_district,
機車竊盜,110,0124,臺中市,,11001-11003,npa_crime_110_01_03.csv,647,blank_district,
機車竊盜,110,0127,臺中市,,11001-11003,npa_crime_110_01_03.csv,679,blank_district,
機車竊盜,110,0130,臺中市,,11001-11003,npa_crime_110_01_03.csv,707,blank_district,
機車竊盜,110,0131,臺中市,,11001-11003,npa_crime_110_01_03.csv,726,blank_district,
機車竊盜,110,0202,臺中市,,11001-11003,npa_crime_110_01_03.csv,758,blank_district,
機車竊盜,110,0203,臺中市,,11001-11003,npa_crime_110_01_03.csv,769,blank_district,
機車竊盜,110,0205,臺中市,,11001-11003,npa_crime_110_01_03.csv,797,blank_district,
機車竊盜,110,0207,臺中市,,11001-11003,npa_crime_110_01_03.csv,816,blank_district,
機車竊盜,110,0211,臺中市,,11001-11003,npa_crime_110_01_03.csv,859,blank_district,
機車竊盜,110,0211,臺中市,,11001-11003,npa_crime_110_01_03.csv,860,blank_district,
機車竊盜,110,0212,臺中市,,11001-11003,npa_crime_110_01_03.csv,877,blank_district,
機車竊盜,110,0215,臺中市,,11001-11003,npa_crime_110_01_03.csv,912,blank_district,
機車竊盜,110,0216,臺中市,,11001-11003,npa_crime_110_01_03.csv,928,blank_district,
機車竊盜,110,0222,臺中市,,11001-11003,npa_crime_110_01_03.csv,1009,blank_district,
機車竊盜,110,0223,臺中市,,11001-11003,npa_crime_110_01_03.csv,1023,blank_district,
機車竊盜,110,0224,臺中市,,11001-11003,npa_crime_110_01_03.csv,1038,blank_district,
機車竊盜,110,0226,臺中市,,11001-11003,npa_crime_110_01_03.csv,1071,blank_district,
機車竊盜,110,0228,臺中市,,11001-11003,npa_crime_110_01_03.csv,1094,blank_district,
機車竊盜,110,0311,臺中市,,11001-11003,npa_crime_110_01_03.csv,1228,blank_district,
機車竊盜,110,0312,臺中市,,11001-11003,npa_crime_110_01_03.csv,1243,blank_district,
機車竊盜,110,0312,臺中市,,11001-11003,npa_crime_110_01_03.csv,1251,blank_district,
機車竊盜,110,0314,臺中市,,11001-11003,npa_crime_110_01_03.csv,1265,blank_district,
機車竊盜,110,0314,臺中市,,11001-11003,npa_crime_110_01_03.csv,1272,blank_district,
機車竊盜,110,0314,臺中市,,11001-11003,npa_crime_110_01_03.csv,1273,blank_district,
機車竊盜,110,0316,臺中市,,11001-11003,npa_crime_110_01_03.csv,1298,blank_district,
機車竊盜,110,0317,臺中市,,11001-11003,npa_crime_110_01_03.csv,1305,blank_district,
機車竊盜,110,0317,臺中市,,11001-11003,npa_crime_110_01_03.csv,1312,blank_district,
機車竊盜,110,0324,臺中市,,11001-11003,npa_crime_110_01_03.csv,1370,blank_district,
機車竊盜,110,0325,臺中市,,11001-11003,npa_crime_110_01_03.csv,1379,blank_district,
機車竊盜,110,0331,臺中市,,11001-11003,npa_crime_110_01_03.csv,1429,blank_district,
機車竊盜,110,0404,臺中市,,11004-11006,npa_crime_110_04_06.csv,423,blank_district,
機車竊盜,110,0408,臺中市,,11004-11006,npa_crime_110_04_06.csv,462,blank_district,
機車竊盜,110,0410,臺中市,,11004-11006,npa_crime_110_04_06.csv,487,blank_district,
機車竊盜,110,0412,臺中市,,11004-11006,npa_crime_110_04_06.csv,500,blank_district,
機車竊盜,110,0414,臺中市,,11004-11006,npa_crime_110_04_06.csv,524,blank_district,
機車竊盜,110,0418,臺中市,,11004-11006,npa_crime_110_04_06.csv,571,blank_district,
機車竊盜,110,0418,臺中市,,11004-11006,npa_crime_110_04_06.csv,585,blank_district,
機車竊盜,110,0420,臺中市,,11004-11006,npa_crime_110_04_06.csv,607,blank_district,
機車竊盜,110,0420,臺中市,,11004-11006,npa_crime_110_04_06.csv,613,blank_district,
機車竊盜,110,0421,臺中市,,11004-11006,npa_crime_110_04_06.csv,626,blank_district,
機車竊盜,110,0422,臺中市,,11004-11006,npa_crime_110_04_06.csv,628,blank_district,
機車竊盜,110,0424,臺中市,,11004-11006,npa_crime_110_04_06.csv,652,blank_district,
機車竊盜,110,0425,臺中市,,11004-11006,npa_crime_110_04_06.csv,670,blank_district,
機車竊盜,110,0429,臺中市,,11004-11006,npa_crime_110_04_06.csv,714,blank_district,
機車竊盜,110,0429,臺中市,,11004-11006,npa_crime_110_04_06.csv,716,blank_district,
機車竊盜,110,0501,臺中市,,11004-11006,npa_crime_110_04_06.csv,752,blank_district,
機車竊盜,110,0502,臺中市,,11004-11006,npa_crime_110_04_06.csv,764,blank_district,
機車竊盜,110,0502,臺中市,,11004-11006,npa_crime_110_04_06.csv,770,blank_district,
機車竊盜,110,0505,臺中市,,11004-11006,npa_crime_110_04_06.csv,800,blank_district,
機車竊盜,110,0506,臺中市,,11004-11006,npa_crime_110_04_06.csv,805,blank_district,
機車竊盜,110,0509,臺中市,,11004-11006,npa_crime_110_04_06.csv,840,blank_district,
機車竊盜,110,0511,臺中市,,11004-11006,npa_crime_110_04_06.csv,856,blank_district,
機車竊盜,110,0515,臺中市,,11004-11006,npa_crime_110_04_06.csv,897,blank_district,
機車竊盜,110,0515,臺中市,,11004-11006,npa_crime_110_04_06.csv,899,blank_district,
機車竊盜,110,0517,臺中市,,11004-11006,npa_crime_110_04_06.csv,923,blank_district,
機車竊盜,110,0517,臺中市,,11004-11006,npa_crime_110_04_06.csv,924,blank_district,
機車竊盜,110,0520,臺中市,,11004-11006,npa_crime_110_04_06.csv,963,blank_district,
機車竊盜,110,0521,臺中市,,11004-11006,npa_crime_110_04_06.csv,973,blank_district,
機車竊盜,110,0521,臺中市,,11004-11006,npa_crime_110_04_06.csv,976,blank_district,
機車竊盜,110,0522,臺中市,,11004-11006,npa_crime_110_04_06.csv,990,blank_district,
機車竊盜,110,0522,臺中市,,11004-11006,npa_crime_110_04_06.csv,995,blank_district,
機車竊盜,110,0526,臺中市,,11004-11006,npa_crime_110_04_06.csv,1047,blank_district,
機車竊盜,110,0529,臺中市,,11004-11006,npa_crime_110_04_06.csv,1079,blank_district,
機車竊盜,110,0531,臺中市,,11004-11006,npa_crime_110_04_06.csv,1105,blank_district,
機車竊盜,110,0604,臺中市,,11004-11006,npa_crime_110_04_06.csv,1146,blank_district,
機車竊盜,110,0609,臺中市,,11004-11006,npa_crime_110_04_06.csv,1202,blank_district,
機車竊盜,110,0609,臺中市,,11004-11006,npa_crime_110_04_06.csv,1209,blank_district,
機車竊盜,110,0613,臺中市,,11004-11006,npa_crime_110_04_06.csv,1260,blank_district,
機車竊盜,110,0614,臺中市,,11004-11006,npa_crime_110_04_06.csv,1262,blank_district,
機車竊盜,110,0614,臺中市,,11004-11006,npa_crime_110_04_06.csv,1271,blank_district,
機車竊盜,110,0615,臺中市,,11004-11006,npa_crime_110_04_06.csv,1278,blank_district,
機車竊盜,110,0615,臺中市,,11004-11006,npa_crime_110_04_06.csv,1282,blank_district,
機車竊盜,110,0622,臺中市,,11004-11006,npa_crime_110_04_06.csv,1361,blank_district,
機車竊盜,110,0627,臺中市,,11004-11006,npa_crime_110_04_06.csv,1397,blank_district,
機車竊盜,110,0629,臺中市,,11004-11006,npa_crime_110_04_06.csv,1419,blank_district,
機車竊盜,110,0706,臺中市,,11007-11009,npa_crime_110_07_09.csv,462,blank_district,
機車竊盜,110,0707,臺中市,,11007-11009,npa_crime_110_07_09.csv,469,blank_district,
機車竊盜,110,0708,臺中市,,11007-11009,npa_crime_110_07_09.csv,476,blank_district,
機車竊盜,110,0711,臺中市,,11007-11009,npa_crime_110_07_09.csv,516,blank_district,
機車竊盜,110,0719,臺中市,,11007-11009,npa_crime_110_07_09.csv,587,blank_district,
機車竊盜,110,0719,臺中市,,11007-11009,npa_crime_110_07_09.csv,595,blank_district,
機車竊盜,110,0729,臺中市,,11007-11009,npa_crime_110_07_09.csv,690,blank_district,
機車竊盜,110,0731,臺中市,,11007-11009,npa_crime_110_07_09.csv,712,blank_district,
機車竊盜,110,0801,臺中市,,11007-11009,npa_crime_110_07_09.csv,734,blank_district,
機車竊盜,110,0805,臺中市,,11007-11009,npa_crime_110_07_09.csv,787,blank_district,
機車竊盜,110,0811,臺中市,,11007-11009,npa_crime_110_07_09.csv,850,blank_district,
機車竊盜,110,0811,臺中市,,11007-11009,npa_crime_110_07_09.csv,856,blank_district,
機車竊盜,110,0814,臺中市,,11007-11009,npa_crime_110_07_09.csv,872,blank_district,
機車竊盜,110,0815,臺中市,,11007-11009,npa_crime_110_07_09.csv,904,blank_district,
機車竊盜,110,0817,臺中市,,11007-11009,npa_crime_110_07_09.csv,919,blank_district,
機車竊盜,110,0819,臺中市,,11007-11009,npa_crime_110_07_09.csv,946,blank_district,
機車竊盜,110,0821,臺中市,,11007-11009,npa_crime_110_07_09.csv,967,blank_district,
機車竊盜,110,0823,臺中市,,11007-11009,npa_crime_110_07_09.csv,1003,blank_district,
機車竊盜,110,0824,臺中市,,11007-11009,npa_crime_110_07_09.csv,1021,blank_district,
機車竊盜,110,0827,臺中市,,11007-11009,npa_crime_110_07_09.csv,1053,blank_district,
機車竊盜,110,0830,臺中市,,11007-11009,npa_crime_110_07_09.csv,1094,blank_district,
機車竊盜,110,0901,臺中市,,11007-11009,npa_crime_110_07_09.csv,1117,blank_district,
機車竊盜,110,0902,臺中市,,11007-11009,npa_crime_110_07_09.csv,1130,blank_district,
機車竊盜,110,0903,臺中市,,11007-11009,npa_crime_110_07_09.csv,1136,blank_district,
機車竊盜,110,0906,臺中市,,11007-11009,npa_crime_110_07_09.csv,1176,blank_district,
機車竊盜,110,0906,臺中市,,11007-11009,npa_crime_110_07_09.csv,1180,blank_district,
機車竊盜,110,0907,臺中市,,11007-11009,npa_crime_110_07_09.csv,1201,blank_district,
機車竊盜,110,0908,臺中市,,11007-11009,npa_crime_110_07_09.csv,1206,blank_district,
機車竊盜,110,0911,臺中市,,11007-11009,npa_crime_110_07_09.csv,1237,blank_district,
機車竊盜,110,0914,臺中市,,11007-11009,npa_crime_110_07_09.csv,1277,blank_district,
機車竊盜,110,0917,臺中市,,11007-11009,npa_crime_110_07_09.csv,1314,blank_district,
機車竊盜,110,0918,臺中市,,11007-11009,npa_crime_110_07_09.csv,1340,blank_district,
機車竊盜,110,0920,臺中市,,11007-11009,npa_crime_110_07_09.csv,1360,blank_district,
機車竊盜,110,0921,臺中市,,11007-11009,npa_crime_110_07_09.csv,1375,blank_district,
機車竊盜,110,0923,臺中市,,11007-11009,npa_crime_110_07_09.csv,1402,blank_district,
機車竊盜,110,0923,臺中市,,11007-11009,npa_crime_110_07_09.csv,1408,blank_district,
機車竊盜,110,0926,臺中市,,11007-11009,npa_crime_110_07_09.csv,1438,blank_district,
機車竊盜,110,0928,臺中市,,11007-11009,npa_crime_110_07_09.csv,1462,blank_district,
機車竊盜,110,0929,臺中市,,11007-11009,npa_crime_110_07_09.csv,1466,blank_district,
機車竊盜,110,1003,臺中市,,11010-11012,npa_crime_110_10_12.csv,429,blank_district,
機車竊盜,110,1003,臺中市,,11010-11012,npa_crime_110_10_12.csv,430,blank_district,
機車竊盜,110,1003,臺中市,,11010-11012,npa_crime_110_10_12.csv,431,blank_district,
機車竊盜,110,1006,臺中市,,11010-11012,npa_crime_110_10_12.csv,452,blank_district,
機車竊盜,110,1007,臺中市,,11010-11012,npa_crime_110_10_12.csv,473,blank_district,
機車竊盜,110,1009,臺中市,,11010-11012,npa_crime_110_10_12.csv,485,blank_district,
機車竊盜,110,1009,臺中市,,11010-11012,npa_crime_110_10_12.csv,487,blank_district,
機車竊盜,110,1012,臺中市,,11010-11012,npa_crime_110_10_12.csv,513,blank_district,
機車竊盜,110,1012,臺中市,,11010-11012,npa_crime_110_10_12.csv,516,blank_district,
機車竊盜,110,1014,臺中市,,11010-11012,npa_crime_110_10_12.csv,541,blank_district,
機車竊盜,110,1015,臺中市,,11010-11012,npa_crime_110_10_12.csv,553,blank_district,
機車竊盜,110,1016,臺中市,,11010-11012,npa_crime_110_10_12.csv,563,blank_district,
機車竊盜,110,1017,臺中市,,11010-11012,npa_crime_110_10_12.csv,574,blank_district,
機車竊盜,110,1018,臺中市,,11010-11012,npa_crime_110_10_12.csv,593,blank_district,
機車竊盜,110,1020,臺中市,,11010-11012,npa_crime_110_10_12.csv,624,blank_district,
機車竊盜,110,1020,臺中市,,11010-11012,npa_crime_110_10_12.csv,626,blank_district,
機車竊盜,110,1021,臺中市,,11010-11012,npa_crime_110_10_12.csv,628,blank_district,
機車竊盜,110,1022,臺中市,,11010-11012,npa_crime_110_10_12.csv,649,blank_district,
機車竊盜,110,1023,臺中市,,11010-11012,npa_crime_110_10_12.csv,656,blank_district,
機車竊盜,110,1024,臺中市,,11010-11012,npa_crime_110_10_12.csv,670,blank_district,
機車竊盜,110,1024,臺中市,,11010-11012,npa_crime_110_10_12.csv,671,blank_district,
機車竊盜,110,1026,臺中市,,11010-11012,npa_crime_110_10_12.csv,695,blank_district,
機車竊盜,110,1027,臺中市,,11010-11012,npa_crime_110_10_12.csv,708,blank_district,
機車竊盜,110,1027,臺中市,,11010-11012,npa_crime_110_10_12.csv,711,blank_district,
機車竊盜,110,1028,臺中市,,11010-11012,npa_crime_110_10_12.csv,713,blank_district,
機車竊盜,110,1028,臺中市,,11010-11012,npa_crime_110_10_12.csv,716,blank_district,
機車竊盜,110,1028,臺中市,,11010-11012,npa_crime_110_10_12.csv,718,blank_district,
機車竊盜,110,1028,臺中市,,11010-11012,npa_crime_110_10_12.csv,722,blank_district,
機車竊盜,110,1031,臺中市,,11010-11012,npa_crime_110_10_12.csv,748,blank_district,
機車竊盜,110,1102,臺中市,,11010-11012,npa_crime_110_10_12.csv,776,blank_district,
機車竊盜,110,1103,臺中市,,11010-11012,npa_crime_110_10_12.csv,786,blank_district,
機車竊盜,110,1103,臺中市,,11010-11012,npa_crime_110_10_12.csv,788,blank_district,
機車竊盜,110,1103,臺中市,,11010-11012,npa_crime_110_10_12.csv,789,blank_district,
機車竊盜,110,1108,臺中市,,11010-11012,npa_crime_110_10_12.csv,848,blank_district,
機車竊盜,110,1109,臺中市,,11010-11012,npa_crime_110_10_12.csv,853,blank_district,
機車竊盜,110,1109,臺中市,,11010-11012,npa_crime_110_10_12.csv,854,blank_district,
機車竊盜,110,1109,臺中市,,11010-11012,npa_crime_110_10_12.csv,855,blank_district,
機車竊盜,110,1112,臺中市,,11010-11012,npa_crime_110_10_12.csv,883,blank_district,
機車竊盜,110,1114,臺中市,,11010-11012,npa_crime_110_10_12.csv,905,blank_district,
機車竊盜,110,1115,臺中市,,11010-11012,npa_crime_110_10_12.csv,909,blank_district,
機車竊盜,110,1116,臺中市,,11010-11012,npa_crime_110_10_12.csv,920,blank_district,
機車竊盜,110,1120,臺中市,,11010-11012,npa_crime_110_10_12.csv,961,blank_district,
機車竊盜,110,1121,臺中市,,11010-11012,npa_crime_110_10_12.csv,974,blank_district,
機車竊盜,110,1121,臺中市,,11010-11012,npa_crime_110_10_12.csv,975,blank_district,
機車竊盜,110,1121,臺中市,,11010-11012,npa_crime_110_10_12.csv,977,blank_district,
機車竊盜,110,1121,臺中市,,11010-11012,npa_crime_110_10_12.csv,981,blank_district,
機車竊盜,110,1129,臺中市,,11010-11012,npa_crime_110_10_12.csv,1042,blank_district,
機車竊盜,110,1202,臺中市,,11010-11012,npa_crime_110_10_12.csv,1076,blank_district,
機車竊盜,110,1202,臺中市,,11010-11012,npa_crime_110_10_12.csv,1082,blank_district,
機車竊盜,110,1203,臺中市,,11010-11012,npa_crime_110_10_12.csv,1087,blank_district,
機車竊盜,110,1203,臺中市,,11010-11012,npa_crime_110_10_12.csv,1088,blank_district,
機車竊盜,110,1205,臺中市,,11010-11012,npa_crime_110_10_12.csv,1107,blank_district,
機車竊盜,110,1206,臺中市,,11010-11012,npa_crime_110_10_12.csv,1114,blank_district,
機車竊盜,110,1207,臺中市,,11010-11012,npa_crime_110_10_12.csv,1128,blank_district,
機車竊盜,110,1208,臺中市,,11010-11012,npa_crime_110_10_12.csv,1133,blank_district,
機車竊盜,110,1209,臺中市,,11010-11012,npa_crime_110_10_12.csv,1151,blank_district,
機車竊盜,110,1211,臺中市,,11010-11012,npa_crime_110_10_12.csv,1163,blank_district,
機車竊盜,110,1211,臺中市,,11010-11012,npa_crime_110_10_12.csv,1164,blank_district,
機車竊盜,110,1212,臺中市,,11010-11012,npa_crime_110_10_12.csv,1168,blank_district,
機車竊盜,110,1212,臺中市,,11010-11012,npa_crime_110_10_12.csv,1170,blank_district,
機車竊盜,110,1212,臺中市,,11010-11012,npa_crime_110_10_12.csv,1172,blank_district,
機車竊盜,110,1214,臺中市,,11010-11012,npa_crime_110_10_12.csv,1191,blank_district,
機車竊盜,110,1217,臺中市,,11010-11012,npa_crime_110_10_12.csv,1225,blank_district,
機車竊盜,110,1218,臺中市,,11010-11012,npa_crime_110_10_12.csv,1228,blank_district,
機車竊盜,110,1218,臺中市,,11010-11012,npa_crime_110_10_12.csv,1229,blank_district,
機車竊盜,110,1218,臺中市,,11010-11012,npa_crime_110_10_12.csv,1237,blank_district,
機車竊盜,110,1219,臺中市,,11010-11012,npa_crime_110_10_12.csv,1238,blank_district,
機車竊盜,110,1219,臺中市,,11010-11012,npa_crime_110_10_12.csv,1239,blank_district,
機車竊盜,110,1220,臺中市,,11010-11012,npa_crime_110_10_12.csv,1256,blank_district,
機車竊盜,110,1221,臺中市,,11010-11012,npa_crime_110_10_12.csv,1264,blank_district,
機車竊盜,110,1224,臺中市,,11010-11012,npa_crime_110_10_12.csv,1282,blank_district,
機車竊盜,110,1224,臺中市,,11010-11012,npa_crime_110_10_12.csv,1288,blank_district,
機車竊盜,110,1224,臺中市,,11010-11012,npa_crime_110_10_12.csv,1289,blank_district,
機車竊盜,110,1225,臺中市,,11010-11012,npa_crime_110_10_12.csv,1300,blank_district,
機車竊盜,110,1226,臺中市,,11010-11012,npa_crime_110_10_12.csv,1302,blank_district,
機車竊盜,110,1226,臺中市,,11010-11012,npa_crime_110_10_12.csv,1310,blank_district,
機車竊盜,110,1227,臺中市,,11010-11012,npa_crime_110_10_12.csv,1313,blank_district,
機車竊盜,110,1228,臺中市,,11010-11012,npa_crime_110_10_12.csv,1322,blank_district,
機車竊盜,110,1228,臺中市,,11010-11012,npa_crime_110_10_12.csv,1324,blank_district,
機車竊盜,110,1229,臺中市,,11010-11012,npa_crime_110_10_12.csv,1333,blank_district,
機車竊盜,110,1231,臺中市,,11010-11012,npa_crime_110_10_12.csv,1348,blank_district,
機車竊盜,111,0102,臺中市,,11101-11103,npa_crime_111_01_03.csv,330,blank_district,
機車竊盜,111,0105,臺中市,,11101-11103,npa_crime_111_01_03.csv,359,blank_district,
機車竊盜,111,0106,臺中市,,11101-11103,npa_crime_111_01_03.csv,361,blank_district,
機車竊盜,111,0108,臺中市,,11101-11103,npa_crime_111_01_03.csv,380,blank_district,
機車竊盜,111,0109,臺中市,,11101-11103,npa_crime_111_01_03.csv,382,blank_district,
機車竊盜,111,0112,臺中市,,11101-11103,npa_crime_111_01_03.csv,410,blank_district,
機車竊盜,111,0114,臺中市,,11101-11103,npa_crime_111_01_03.csv,428,blank_district,
機車竊盜,111,0114,臺中市,,11101-11103,npa_crime_111_01_03.csv,431,blank_district,
機車竊盜,111,0115,臺中市,,11101-11103,npa_crime_111_01_03.csv,436,blank_district,
機車竊盜,111,0115,臺中市,,11101-11103,npa_crime_111_01_03.csv,441,blank_district,
機車竊盜,111,0117,臺中市,,11101-11103,npa_crime_111_01_03.csv,455,blank_district,
機車竊盜,111,0117,臺中市,,11101-11103,npa_crime_111_01_03.csv,463,blank_district,
機車竊盜,111,0118,臺中市,,11101-11103,npa_crime_111_01_03.csv,466,blank_district,
機車竊盜,111,0119,臺中市,,11101-11103,npa_crime_111_01_03.csv,476,blank_district,
機車竊盜,111,0120,臺中市,,11101-11103,npa_crime_111_01_03.csv,491,blank_district,
機車竊盜,111,0121,臺中市,,11101-11103,npa_crime_111_01_03.csv,506,blank_district,
機車竊盜,111,0124,臺中市,,11101-11103,npa_crime_111_01_03.csv,527,blank_district,
機車竊盜,111,0125,臺中市,,11101-11103,npa_crime_111_01_03.csv,530,blank_district,
機車竊盜,111,0126,臺中市,,11101-11103,npa_crime_111_01_03.csv,541,blank_district,
機車竊盜,111,0126,臺中市,,11101-11103,npa_crime_111_01_03.csv,543,blank_district,
機車竊盜,111,0128,臺中市,,11101-11103,npa_crime_111_01_03.csv,563,blank_district,
機車竊盜,111,0129,臺中市,,11101-11103,npa_crime_111_01_03.csv,575,blank_district,
機車竊盜,111,0204,臺中市,,11101-11103,npa_crime_111_01_03.csv,644,blank_district,
機車竊盜,111,0205,臺中市,,11101-11103,npa_crime_111_01_03.csv,651,blank_district,
機車竊盜,111,0208,臺中市,,11101-11103,npa_crime_111_01_03.csv,680,blank_district,
機車竊盜,111,0209,臺中市,,11101-11103,npa_crime_111_01_03.csv,692,blank_district,
機車竊盜,111,0209,臺中市,,11101-11103,npa_crime_111_01_03.csv,693,blank_district,
機車竊盜,111,0211,臺中市,,11101-11103,npa_crime_111_01_03.csv,704,blank_district,
機車竊盜,111,0212,臺中市,,11101-11103,npa_crime_111_01_03.csv,712,blank_district,
機車竊盜,111,0213,臺中市,,11101-11103,npa_crime_111_01_03.csv,719,blank_district,
機車竊盜,111,0216,臺中市,,11101-11103,npa_crime_111_01_03.csv,750,blank_district,
機車竊盜,111,0219,臺中市,,11101-11103,npa_crime_111_01_03.csv,767,blank_district,
機車竊盜,111,0220,臺中市,,11101-11103,npa_crime_111_01_03.csv,788,blank_district,
機車竊盜,111,0221,臺中市,,11101-11103,npa_crime_111_01_03.csv,793,blank_district,
機車竊盜,111,0221,臺中市,,11101-11103,npa_crime_111_01_03.csv,796,blank_district,
機車竊盜,111,0222,臺中市,,11101-11103,npa_crime_111_01_03.csv,812,blank_district,
機車竊盜,111,0227,臺中市,,11101-11103,npa_crime_111_01_03.csv,846,blank_district,
機車竊盜,111,0227,臺中市,,11101-11103,npa_crime_111_01_03.csv,849,blank_district,
機車竊盜,111,0227,臺中市,,11101-11103,npa_crime_111_01_03.csv,851,blank_district,
機車竊盜,111,0228,臺中市,,11101-11103,npa_crime_111_01_03.csv,859,blank_district,
機車竊盜,111,0308,臺中市,,11101-11103,npa_crime_111_01_03.csv,927,blank_district,
機車竊盜,111,0310,臺中市,,11101-11103,npa_crime_111_01_03.csv,941,blank_district,
機車竊盜,111,0311,臺中市,,11101-11103,npa_crime_111_01_03.csv,942,blank_district,
機車竊盜,111,0313,臺中市,,11101-11103,npa_crime_111_01_03.csv,956,blank_district,
機車竊盜,111,0315,臺中市,,11101-11103,npa_crime_111_01_03.csv,975,blank_district,
機車竊盜,111,0319,臺中市,,11101-11103,npa_crime_111_01_03.csv,1022,blank_district,
機車竊盜,111,0319,臺中市,,11101-11103,npa_crime_111_01_03.csv,1025,blank_district,
機車竊盜,111,0320,臺中市,,11101-11103,npa_crime_111_01_03.csv,1031,blank_district,
機車竊盜,111,0321,臺中市,,11101-11103,npa_crime_111_01_03.csv,1041,blank_district,
機車竊盜,111,0322,臺中市,,11101-11103,npa_crime_111_01_03.csv,1043,blank_district,
機車竊盜,111,0324,臺中市,,11101-11103,npa_crime_111_01_03.csv,1055,blank_district,
機車竊盜,111,0324,臺中市,,11101-11103,npa_crime_111_01_03.csv,1061,blank_district,
機車竊盜,111,0329,臺中市,,11101-11103,npa_crime_111_01_03.csv,1100,blank_district,
毒品,111,0300,臺中市,太平區,11101-11103,npa_crime_111_01_03.csv,5149,invalid_date,day 0 must be in range 1..31 for month 3 in year 2022
機車竊盜,111,0401,臺中市,,11104-11106,npa_crime_111_04_06.csv,405,blank_district,
機車竊盜,111,0402,臺中市,,11104-11106,npa_crime_111_04_06.csv,413,blank_district,
機車竊盜,111,0407,臺中市,,11104-11106,npa_crime_111_04_06.csv,451,blank_district,
機車竊盜,111,0407,臺中市,,11104-11106,npa_crime_111_04_06.csv,453,blank_district,
機車竊盜,111,0409,臺中市,,11104-11106,npa_crime_111_04_06.csv,468,blank_district,
機車竊盜,111,0410,臺中市,,11104-11106,npa_crime_111_04_06.csv,472,blank_district,
機車竊盜,111,0411,臺中市,,11104-11106,npa_crime_111_04_06.csv,493,blank_district,
機車竊盜,111,0412,臺中市,,11104-11106,npa_crime_111_04_06.csv,502,blank_district,
機車竊盜,111,0416,臺中市,,11104-11106,npa_crime_111_04_06.csv,544,blank_district,
機車竊盜,111,0419,臺中市,,11104-11106,npa_crime_111_04_06.csv,574,blank_district,
機車竊盜,111,0420,臺中市,,11104-11106,npa_crime_111_04_06.csv,587,blank_district,
機車竊盜,111,0420,臺中市,,11104-11106,npa_crime_111_04_06.csv,591,blank_district,
機車竊盜,111,0421,臺中市,,11104-11106,npa_crime_111_04_06.csv,599,blank_district,
機車竊盜,111,0422,臺中市,,11104-11106,npa_crime_111_04_06.csv,606,blank_district,
機車竊盜,111,0422,臺中市,,11104-11106,npa_crime_111_04_06.csv,613,blank_district,
機車竊盜,111,0422,臺中市,,11104-11106,npa_crime_111_04_06.csv,614,blank_district,
機車竊盜,111,0424,臺中市,,11104-11106,npa_crime_111_04_06.csv,631,blank_district,
機車竊盜,111,0425,臺中市,,11104-11106,npa_crime_111_04_06.csv,642,blank_district,
機車竊盜,111,0425,臺中市,,11104-11106,npa_crime_111_04_06.csv,647,blank_district,
機車竊盜,111,0425,臺中市,,11104-11106,npa_crime_111_04_06.csv,650,blank_district,
機車竊盜,111,0427,臺中市,,11104-11106,npa_crime_111_04_06.csv,671,blank_district,
機車竊盜,111,0428,臺中市,,11104-11106,npa_crime_111_04_06.csv,687,blank_district,
機車竊盜,111,0429,臺中市,,11104-11106,npa_crime_111_04_06.csv,690,blank_district,
機車竊盜,111,0429,臺中市,,11104-11106,npa_crime_111_04_06.csv,697,blank_district,
機車竊盜,111,0430,臺中市,,11104-11106,npa_crime_111_04_06.csv,707,blank_district,
機車竊盜,111,0502,臺中市,,11104-11106,npa_crime_111_04_06.csv,730,blank_district,
機車竊盜,111,0505,臺中市,,11104-11106,npa_crime_111_04_06.csv,754,blank_district,
機車竊盜,111,0506,臺中市,,11104-11106,npa_crime_111_04_06.csv,767,blank_district,
機車竊盜,111,0507,臺中市,,11104-11106,npa_crime_111_04_06.csv,781,blank_district,
機車竊盜,111,0508,臺中市,,11104-11106,npa_crime_111_04_06.csv,786,blank_district,
機車竊盜,111,0510,臺中市,,11104-11106,npa_crime_111_04_06.csv,803,blank_district,
機車竊盜,111,0513,臺中市,,11104-11106,npa_crime_111_04_06.csv,840,blank_district,
機車竊盜,111,0513,臺中市,,11104-11106,npa_crime_111_04_06.csv,847,blank_district,
機車竊盜,111,0519,臺中市,,11104-11106,npa_crime_111_04_06.csv,912,blank_district,
機車竊盜,111,0519,臺中市,,11104-11106,npa_crime_111_04_06.csv,916,blank_district,
機車竊盜,111,0520,臺中市,,11104-11106,npa_crime_111_04_06.csv,928,blank_district,
機車竊盜,111,0520,臺中市,,11104-11106,npa_crime_111_04_06.csv,929,blank_district,
機車竊盜,111,0522,臺中市,,11104-11106,npa_crime_111_04_06.csv,944,blank_district,
機車竊盜,111,0523,臺中市,,11104-11106,npa_crime_111_04_06.csv,958,blank_district,
機車竊盜,111,0524,臺中市,,11104-11106,npa_crime_111_04_06.csv,962,blank_district,
機車竊盜,111,0524,臺中市,,11104-11106,npa_crime_111_04_06.csv,966,blank_district,
機車竊盜,111,0525,臺中市,,11104-11106,npa_crime_111_04_06.csv,970,blank_district,
機車竊盜,111,0527,臺中市,,11104-11106,npa_crime_111_04_06.csv,993,blank_district,
機車竊盜,111,0528,臺中市,,11104-11106,npa_crime_111_04_06.csv,1003,blank_district,
機車竊盜,111,0531,臺中市,,11104-11106,npa_crime_111_04_06.csv,1032,blank_district,
機車竊盜,111,0531,臺中市,,11104-11106,npa_crime_111_04_06.csv,1046,blank_district,
機車竊盜,111,0601,臺中市,,11104-11106,npa_crime_111_04_06.csv,1056,blank_district,
機車竊盜,111,0602,臺中市,,11104-11106,npa_crime_111_04_06.csv,1062,blank_district,
機車竊盜,111,0602,臺中市,,11104-11106,npa_crime_111_04_06.csv,1071,blank_district,
機車竊盜,111,0603,臺中市,,11104-11106,npa_crime_111_04_06.csv,1078,blank_district,
機車竊盜,111,0604,臺中市,,11104-11106,npa_crime_111_04_06.csv,1091,blank_district,
機車竊盜,111,0604,臺中市,,11104-11106,npa_crime_111_04_06.csv,1093,blank_district,
機車竊盜,111,0605,臺中市,,11104-11106,npa_crime_111_04_06.csv,1106,blank_district,
機車竊盜,111,0606,臺中市,,11104-11106,npa_crime_111_04_06.csv,1119,blank_district,
機車竊盜,111,0609,臺中市,,11104-11106,npa_crime_111_04_06.csv,1147,blank_district,
機車竊盜,111,0610,臺中市,,11104-11106,npa_crime_111_04_06.csv,1163,blank_district,
機車竊盜,111,0612,臺中市,,11104-11106,npa_crime_111_04_06.csv,1178,blank_district,
機車竊盜,111,0616,臺中市,,11104-11106,npa_crime_111_04_06.csv,1240,blank_district,
機車竊盜,111,0616,臺中市,,11104-11106,npa_crime_111_04_06.csv,1246,blank_district,
機車竊盜,111,0618,臺中市,,11104-11106,npa_crime_111_04_06.csv,1264,blank_district,
機車竊盜,111,0621,臺中市,,11104-11106,npa_crime_111_04_06.csv,1301,blank_district,
機車竊盜,111,0623,臺中市,,11104-11106,npa_crime_111_04_06.csv,1325,blank_district,
機車竊盜,111,0625,臺中市,,11104-11106,npa_crime_111_04_06.csv,1355,blank_district,
機車竊盜,111,0628,臺中市,,11104-11106,npa_crime_111_04_06.csv,1387,blank_district,
機車竊盜,111,0701,臺中市,,11107-11109,npa_crime_111_07_09.csv,375,blank_district,
機車竊盜,111,0702,臺中市,,11107-11109,npa_crime_111_07_09.csv,386,blank_district,
機車竊盜,111,0702,臺中市,,11107-11109,npa_crime_111_07_09.csv,395,blank_district,
機車竊盜,111,0705,臺中市,,11107-11109,npa_crime_111_07_09.csv,420,blank_district,
機車竊盜,111,0706,臺中市,,11107-11109,npa_crime_111_07_09.csv,442,blank_district,
機車竊盜,111,0709,臺中市,,11107-11109,npa_crime_111_07_09.csv,468,blank_district,
機車竊盜,111,0711,臺中市,,11107-11109,npa_crime_111_07_09.csv,493,blank_district,
機車竊盜,111,0712,臺中市,,11107-11109,npa_crime_111_07_09.csv,505,blank_district,
機車竊盜,111,0714,臺中市,,11107-11109,npa_crime_111_07_09.csv,520,blank_district,
機車竊盜,111,0715,臺中市,,11107-11109,npa_crime_111_07_09.csv,533,blank_district,
機車竊盜,111,0715,臺中市,,11107-11109,npa_crime_111_07_09.csv,535,blank_district,
機車竊盜,111,0720,臺中市,,11107-11109,npa_crime_111_07_09.csv,586,blank_district,
機車竊盜,111,0722,臺中市,,11107-11109,npa_crime_111_07_09.csv,605,blank_district,
機車竊盜,111,0726,臺中市,,11107-11109,npa_crime_111_07_09.csv,646,blank_district,
機車竊盜,111,0727,臺中市,,11107-11109,npa_crime_111_07_09.csv,660,blank_district,
機車竊盜,111,0727,臺中市,,11107-11109,npa_crime_111_07_09.csv,670,blank_district,
機車竊盜,111,0730,臺中市,,11107-11109,npa_crime_111_07_09.csv,698,blank_district,
機車竊盜,111,0730,臺中市,,11107-11109,npa_crime_111_07_09.csv,699,blank_district,
機車竊盜,111,0730,臺中市,,11107-11109,npa_crime_111_07_09.csv,706,blank_district,
機車竊盜,111,0803,臺中市,,11107-11109,npa_crime_111_07_09.csv,739,blank_district,
機車竊盜,111,0803,臺中市,,11107-11109,npa_crime_111_07_09.csv,741,blank_district,
機車竊盜,111,0804,臺中市,,11107-11109,npa_crime_111_07_09.csv,761,blank_district,
機車竊盜,111,0807,臺中市,,11107-11109,npa_crime_111_07_09.csv,803,blank_district,
機車竊盜,111,0812,臺中市,,11107-11109,npa_crime_111_07_09.csv,867,blank_district,
機車竊盜,111,0816,臺中市,,11107-11109,npa_crime_111_07_09.csv,911,blank_district,
機車竊盜,111,0817,臺中市,,11107-11109,npa_crime_111_07_09.csv,918,blank_district,
機車竊盜,111,0828,臺中市,,11107-11109,npa_crime_111_07_09.csv,1054,blank_district,
機車竊盜,111,0829,臺中市,,11107-11109,npa_crime_111_07_09.csv,1076,blank_district,
機車竊盜,111,0830,臺中市,,11107-11109,npa_crime_111_07_09.csv,1106,blank_district,
機車竊盜,111,0831,臺中市,,11107-11109,npa_crime_111_07_09.csv,1120,blank_district,
機車竊盜,111,0901,臺中市,,11107-11109,npa_crime_111_07_09.csv,1126,blank_district,
機車竊盜,111,0903,臺中市,,11107-11109,npa_crime_111_07_09.csv,1150,blank_district,
機車竊盜,111,0903,臺中市,,11107-11109,npa_crime_111_07_09.csv,1152,blank_district,
機車竊盜,111,0904,臺中市,,11107-11109,npa_crime_111_07_09.csv,1154,blank_district,
機車竊盜,111,0907,臺中市,,11107-11109,npa_crime_111_07_09.csv,1195,blank_district,
機車竊盜,111,0908,臺中市,,11107-11109,npa_crime_111_07_09.csv,1200,blank_district,
機車竊盜,111,0909,臺中市,,11107-11109,npa_crime_111_07_09.csv,1210,blank_district,
機車竊盜,111,0910,臺中市,,11107-11109,npa_crime_111_07_09.csv,1219,blank_district,
機車竊盜,111,0911,臺中市,,11107-11109,npa_crime_111_07_09.csv,1232,blank_district,
機車竊盜,111,0913,臺中市,,11107-11109,npa_crime_111_07_09.csv,1251,blank_district,
機車竊盜,111,0913,臺中市,,11107-11109,npa_crime_111_07_09.csv,1257,blank_district,
機車竊盜,111,0913,臺中市,,11107-11109,npa_crime_111_07_09.csv,1262,blank_district,
機車竊盜,111,0917,臺中市,,11107-11109,npa_crime_111_07_09.csv,1303,blank_district,
機車竊盜,111,0918,臺中市,,11107-11109,npa_crime_111_07_09.csv,1310,blank_district,
機車竊盜,111,0918,臺中市,,11107-11109,npa_crime_111_07_09.csv,1313,blank_district,
機車竊盜,111,0918,臺中市,,11107-11109,npa_crime_111_07_09.csv,1314,blank_district,
機車竊盜,111,0918,臺中市,,11107-11109,npa_crime_111_07_09.csv,1315,blank_district,
機車竊盜,111,0920,臺中市,,11107-11109,npa_crime_111_07_09.csv,1326,blank_district,
機車竊盜,111,0926,臺中市,,11107-11109,npa_crime_111_07_09.csv,1395,blank_district,
機車竊盜,111,0927,臺中市,,11107-11109,npa_crime_111_07_09.csv,1405,blank_district,
機車竊盜,111,1001,臺中市,,11110-11112,npa_crime_111_10_12.csv,436,blank_district,
機車竊盜,111,1001,臺中市,,11110-11112,npa_crime_111_10_12.csv,442,blank_district,
機車竊盜,111,1001,臺中市,,11110-11112,npa_crime_111_10_12.csv,444,blank_district,
機車竊盜,111,1002,臺中市,,11110-11112,npa_crime_111_10_12.csv,452,blank_district,
機車竊盜,111,1002,臺中市,,11110-11112,npa_crime_111_10_12.csv,456,blank_district,
機車竊盜,111,1003,臺中市,,11110-11112,npa_crime_111_10_12.csv,466,blank_district,
機車竊盜,111,1003,臺中市,,11110-11112,npa_crime_111_10_12.csv,472,blank_district,
機車竊盜,111,1005,臺中市,,11110-11112,npa_crime_111_10_12.csv,497,blank_district,
機車竊盜,111,1005,臺中市,,11110-11112,npa_crime_111_10_12.csv,498,blank_district,
機車竊盜,111,1006,臺中市,,11110-11112,npa_crime_111_10_12.csv,508,blank_district,
機車竊盜,111,1008,臺中市,,11110-11112,npa_crime_111_10_12.csv,529,blank_district,
機車竊盜,111,1009,臺中市,,11110-11112,npa_crime_111_10_12.csv,542,blank_district,
機車竊盜,111,1010,臺中市,,11110-11112,npa_crime_111_10_12.csv,549,blank_district,
機車竊盜,111,1010,臺中市,,11110-11112,npa_crime_111_10_12.csv,551,blank_district,
機車竊盜,111,1010,臺中市,,11110-11112,npa_crime_111_10_12.csv,560,blank_district,
機車竊盜,111,1011,臺中市,,11110-11112,npa_crime_111_10_12.csv,565,blank_district,
機車竊盜,111,1014,臺中市,,11110-11112,npa_crime_111_10_12.csv,602,blank_district,
機車竊盜,111,1016,臺中市,,11110-11112,npa_crime_111_10_12.csv,628,blank_district,
機車竊盜,111,1017,臺中市,,11110-11112,npa_crime_111_10_12.csv,640,blank_district,
機車竊盜,111,1018,臺中市,,11110-11112,npa_crime_111_10_12.csv,653,blank_district,
機車竊盜,111,1020,臺中市,,11110-11112,npa_crime_111_10_12.csv,679,blank_district,
機車竊盜,111,1021,臺中市,,11110-11112,npa_crime_111_10_12.csv,691,blank_district,
機車竊盜,111,1022,臺中市,,11110-11112,npa_crime_111_10_12.csv,703,blank_district,
機車竊盜,111,1022,臺中市,,11110-11112,npa_crime_111_10_12.csv,706,blank_district,
機車竊盜,111,1024,臺中市,,11110-11112,npa_crime_111_10_12.csv,723,blank_district,
機車竊盜,111,1024,臺中市,,11110-11112,npa_crime_111_10_12.csv,726,blank_district,
機車竊盜,111,1025,臺中市,,11110-11112,npa_crime_111_10_12.csv,737,blank_district,
機車竊盜,111,1026,臺中市,,11110-11112,npa_crime_111_10_12.csv,759,blank_district,
機車竊盜,111,1027,臺中市,,11110-11112,npa_crime_111_10_12.csv,775,blank_district,
機車竊盜,111,1028,臺中市,,11110-11112,npa_crime_111_10_12.csv,777,blank_district,
機車竊盜,111,1030,臺中市,,11110-11112,npa_crime_111_10_12.csv,804,blank_district,
機車竊盜,111,1101,臺中市,,11110-11112,npa_crime_111_10_12.csv,840,blank_district,
機車竊盜,111,1102,臺中市,,11110-11112,npa_crime_111_10_12.csv,845,blank_district,
機車竊盜,111,1103,臺中市,,11110-11112,npa_crime_111_10_12.csv,860,blank_district,
機車竊盜,111,1105,臺中市,,11110-11112,npa_crime_111_10_12.csv,874,blank_district,
機車竊盜,111,1109,臺中市,,11110-11112,npa_crime_111_10_12.csv,910,blank_district,
機車竊盜,111,1109,臺中市,,11110-11112,npa_crime_111_10_12.csv,917,blank_district,
機車竊盜,111,1110,臺中市,,11110-11112,npa_crime_111_10_12.csv,923,blank_district,
機車竊盜,111,1110,臺中市,,11110-11112,npa_crime_111_10_12.csv,924,blank_district,
機車竊盜,111,1112,臺中市,,11110-11112,npa_crime_111_10_12.csv,953,blank_district,
機車竊盜,111,1112,臺中市,,11110-11112,npa_crime_111_10_12.csv,960,blank_district,
機車竊盜,111,1113,臺中市,,11110-11112,npa_crime_111_10_12.csv,966,blank_district,
機車竊盜,111,1115,臺中市,,11110-11112,npa_crime_111_10_12.csv,988,blank_district,
機車竊盜,111,1116,臺中市,,11110-11112,npa_crime_111_10_12.csv,992,blank_district,
機車竊盜,111,1117,臺中市,,11110-11112,npa_crime_111_10_12.csv,998,blank_district,
機車竊盜,111,1119,臺中市,,11110-11112,npa_crime_111_10_12.csv,1018,blank_district,
機車竊盜,111,1120,臺中市,,11110-11112,npa_crime_111_10_12.csv,1037,blank_district,
機車竊盜,111,1126,臺中市,,11110-11112,npa_crime_111_10_12.csv,1112,blank_district,
機車竊盜,111,1126,臺中市,,11110-11112,npa_crime_111_10_12.csv,1113,blank_district,
機車竊盜,111,1128,臺中市,,11110-11112,npa_crime_111_10_12.csv,1136,blank_district,
機車竊盜,111,1128,臺中市,,11110-11112,npa_crime_111_10_12.csv,1137,blank_district,
機車竊盜,111,1130,臺中市,,11110-11112,npa_crime_111_10_12.csv,1157,blank_district,
機車竊盜,111,1207,臺中市,,11110-11112,npa_crime_111_10_12.csv,1239,blank_district,
機車竊盜,111,1207,臺中市,,11110-11112,npa_crime_111_10_12.csv,1242,blank_district,
機車竊盜,111,1209,臺中市,,11110-11112,npa_crime_111_10_12.csv,1252,blank_district,
機車竊盜,111,1209,臺中市,,11110-11112,npa_crime_111_10_12.csv,1253,blank_district,
機車竊盜,111,1210,臺中市,,11110-11112,npa_crime_111_10_12.csv,1269,blank_district,
機車竊盜,111,1211,臺中市,,11110-11112,npa_crime_111_10_12.csv,1281,blank_district,
機車竊盜,111,1211,臺中市,,11110-11112,npa_crime_111_10_12.csv,1282,blank_district,
機車竊盜,111,1211,臺中市,,11110-11112,npa_crime_111_10_12.csv,1283,blank_district,
機車竊盜,111,1211,臺中市,,11110-11112,npa_crime_111_10_12.csv,1284,blank_district,
機車竊盜,111,1211,臺中市,,11110-11112,npa_crime_111_10_12.csv,1286,blank_district,
機車竊盜,111,1213,臺中市,,11110-11112,npa_crime_111_10_12.csv,1303,blank_district,
機車竊盜,111,1213,臺中市,,11110-11112,npa_crime_111_10_12.csv,1305,blank_district,
機車竊盜,111,1219,臺中市,,11110-11112,npa_crime_111_10_12.csv,1347,blank_district,
機車竊盜,111,1219,臺中市,,11110-11112,npa_crime_111_10_12.csv,1348,blank_district,
機車竊盜,111,1219,臺中市,,11110-11112,npa_crime_111_10_12.csv,1349,blank_district,
機車竊盜,111,1220,臺中市,,11110-11112,npa_crime_111_10_12.csv,1356,blank_district,
機車竊盜,111,1223,臺中市,,11110-11112,npa_crime_111_10_12.csv,1378,blank_district,
機車竊盜,111,1223,臺中市,,11110-11112,npa_crime_111_10_12.csv,1382,blank_district,
機車竊盜,111,1224,臺中市,,11110-11112,npa_crime_111_10_12.csv,1387,blank_district,
機車竊盜,111,1224,臺中市,,11110-11112,npa_crime_111_10_12.csv,1393,blank_district,
機車竊盜,111,1225,臺中市,,11110-11112,npa_crime_111_10_12.csv,1397,blank_district,
機車竊盜,111,1225,臺中市,,11110-11112,npa_crime_111_10_12.csv,1399,blank_district,
機車竊盜,111,1226,臺中市,,11110-11112,npa_crime_111_10_12.csv,1412,blank_district,
機車竊盜,111,1227,臺中市,,11110-11112,npa_crime_111_10_12.csv,1417,blank_district,
機車竊盜,112,0101,臺中市,,11201-11203,npa_crime_112_01_03.csv,410,blank_district,
機車竊盜,112,0103,臺中市,,11201-11203,npa_crime_112_01_03.csv,426,blank_district,
機車竊盜,112,0105,臺中市,,11201-11203,npa_crime_112_01_03.csv,443,blank_district,
機車竊盜,112,0108,臺中市,,11201-11203,npa_crime_112_01_03.csv,464,blank_district,
機車竊盜,112,0108,臺中市,,11201-11203,npa_crime_112_01_03.csv,467,blank_district,
機車竊盜,112,0110,臺中市,,11201-11203,npa_crime_112_01_03.csv,478,blank_district,
機車竊盜,112,0111,臺中市,,11201-11203,npa_crime_112_01_03.csv,488,blank_district,
機車竊盜,112,0111,臺中市,,11201-11203,npa_crime_112_01_03.csv,495,blank_district,
機車竊盜,112,0111,臺中市,,11201-11203,npa_crime_112_01_03.csv,496,blank_district,
機車竊盜,112,0113,臺中市,,11201-11203,npa_crime_112_01_03.csv,517,blank_district,
機車竊盜,112,0115,臺中市,,11201-11203,npa_crime_112_01_03.csv,535,blank_district,
機車竊盜,112,0116,臺中市,,11201-11203,npa_crime_112_01_03.csv,538,blank_district,
機車竊盜,112,0117,臺中市,,11201-11203,npa_crime_112_01_03.csv,543,blank_district,
機車竊盜,112,0117,臺中市,,11201-11203,npa_crime_112_01_03.csv,547,blank_district,
機車竊盜,112,0118,臺中市,,11201-11203,npa_crime_112_01_03.csv,559,blank_district,
機車竊盜,112,0118,臺中市,,11201-11203,npa_crime_112_01_03.csv,564,blank_district,
機車竊盜,112,0125,臺中市,,11201-11203,npa_crime_112_01_03.csv,615,blank_district,
機車竊盜,112,0125,臺中市,,11201-11203,npa_crime_112_01_03.csv,620,blank_district,
機車竊盜,112,0129,臺中市,,11201-11203,npa_crime_112_01_03.csv,649,blank_district,
機車竊盜,112,0129,臺中市,,11201-11203,npa_crime_112_01_03.csv,653,blank_district,
機車竊盜,112,0131,臺中市,,11201-11203,npa_crime_112_01_03.csv,675,blank_district,
機車竊盜,112,0202,臺中市,,11201-11203,npa_crime_112_01_03.csv,687,blank_district,
機車竊盜,112,0203,臺中市,,11201-11203,npa_crime_112_01_03.csv,703,blank_district,
機車竊盜,112,0206,臺中市,,11201-11203,npa_crime_112_01_03.csv,739,blank_district,
機車竊盜,112,0206,臺中市,,11201-11203,npa_crime_112_01_03.csv,742,blank_district,
機車竊盜,112,0207,臺中市,,11201-11203,npa_crime_112_01_03.csv,763,blank_district,
機車竊盜,112,0208,臺中市,,11201-11203,npa_crime_112_01_03.csv,768,blank_district,
機車竊盜,112,0208,臺中市,,11201-11203,npa_crime_112_01_03.csv,771,blank_district,
機車竊盜,112,0210,臺中市,,11201-11203,npa_crime_112_01_03.csv,804,blank_district,
機車竊盜,112,0211,臺中市,,11201-11203,npa_crime_112_01_03.csv,810,blank_district,
機車竊盜,112,0213,臺中市,,11201-11203,npa_crime_112_01_03.csv,840,blank_district,
機車竊盜,112,0215,臺中市,,11201-11203,npa_crime_112_01_03.csv,857,blank_district,
機車竊盜,112,0217,臺中市,,11201-11203,npa_crime_112_01_03.csv,880,blank_district,
機車竊盜,112,0217,臺中市,,11201-11203,npa_crime_112_01_03.csv,882,blank_district,
機車竊盜,112,0218,臺中市,,11201-11203,npa_crime_112_01_03.csv,892,blank_district,
機車竊盜,112,0220,臺中市,,11201-11203,npa_crime_112_01_03.csv,919,blank_district,
機車竊盜,112,0223,臺中市,,11201-11203,npa_crime_112_01_03.csv,950,blank_district,
機車竊盜,112,0225,臺中市,,11201-11203,npa_crime_112_01_03.csv,985,blank_district,
機車竊盜,112,0301,臺中市,,11201-11203,npa_crime_112_01_03.csv,1013,blank_district,
機車竊盜,112,0301,臺中市,,11201-11203,npa_crime_112_01_03.csv,1019,blank_district,
機車竊盜,112,0302,臺中市,,11201-11203,npa_crime_112_01_03.csv,1029,blank_district,
機車竊盜,112,0304,臺中市,,11201-11203,npa_crime_112_01_03.csv,1038,blank_district,
機車竊盜,112,0316,臺中市,,11201-11203,npa_crime_112_01_03.csv,1168,blank_district,
機車竊盜,112,0318,臺中市,,11201-11203,npa_crime_112_01_03.csv,1187,blank_district,
機車竊盜,112,0318,臺中市,,11201-11203,npa_crime_112_01_03.csv,1191,blank_district,
機車竊盜,112,0321,臺中市,,11201-11203,npa_crime_112_01_03.csv,1227,blank_district,
機車竊盜,112,0321,臺中市,,11201-11203,npa_crime_112_01_03.csv,1229,blank_district,
機車竊盜,112,0323,臺中市,,11201-11203,npa_crime_112_01_03.csv,1258,blank_district,
機車竊盜,112,0324,臺中市,,11201-11203,npa_crime_112_01_03.csv,1265,blank_district,
機車竊盜,112,0325,臺中市,,11201-11203,npa_crime_112_01_03.csv,1266,blank_district,
機車竊盜,112,0326,臺中市,,11201-11203,npa_crime_112_01_03.csv,1290,blank_district,
機車竊盜,112,0331,臺中市,,11201-11203,npa_crime_112_01_03.csv,1333,blank_district,
機車竊盜,112,0331,臺中市,,11201-11203,npa_crime_112_01_03.csv,1336,blank_district,
機車竊盜,112,0331,臺中市,,11201-11203,npa_crime_112_01_03.csv,1342,blank_district,
機車竊盜,112,0404,臺中市,,11204-11206,npa_crime_112_04_06.csv,451,blank_district,
機車竊盜,112,0405,臺中市,,11204-11206,npa_crime_112_04_06.csv,461,blank_district,
機車竊盜,112,0408,臺中市,,11204-11206,npa_crime_112_04_06.csv,500,blank_district,
機車竊盜,112,0408,臺中市,,11204-11206,npa_crime_112_04_06.csv,501,blank_district,
機車竊盜,112,0408,臺中市,,11204-11206,npa_crime_112_04_06.csv,506,blank_district,
機車竊盜,112,0409,臺中市,,11204-11206,npa_crime_112_04_06.csv,511,blank_district,
機車竊盜,112,0410,臺中市,,11204-11206,npa_crime_112_04_06.csv,524,blank_district,
機車竊盜,112,0410,臺中市,,11204-11206,npa_crime_112_04_06.csv,527,blank_district,
機車竊盜,112,0413,臺中市,,11204-11206,npa_crime_112_04_06.csv,562,blank_district,
機車竊盜,112,0414,臺中市,,11204-11206,npa_crime_112_04_06.csv,568,blank_district,
機車竊盜,112,0418,臺中市,,11204-11206,npa_crime_112_04_06.csv,614,blank_district,
機車竊盜,112,0420,臺中市,,11204-11206,npa_crime_112_04_06.csv,634,blank_district,
機車竊盜,112,0420,臺中市,,11204-11206,npa_crime_112_04_06.csv,638,blank_district,
機車竊盜,112,0421,臺中市,,11204-11206,npa_crime_112_04_06.csv,648,blank_district,
機車竊盜,112,0425,臺中市,,11204-11206,npa_crime_112_04_06.csv,695,blank_district,
機車竊盜,112,0426,臺中市,,11204-11206,npa_crime_112_04_06.csv,710,blank_district,
機車竊盜,112,0426,臺中市,,11204-11206,npa_crime_112_04_06.csv,711,blank_district,
機車竊盜,112,0427,臺中市,,11204-11206,npa_crime_112_04_06.csv,715,blank_district,
機車竊盜,112,0427,臺中市,,11204-11206,npa_crime_112_04_06.csv,716,blank_district,
機車竊盜,112,0427,臺中市,,11204-11206,npa_crime_112_04_06.csv,721,blank_district,
機車竊盜,112,0428,臺中市,,11204-11206,npa_crime_112_04_06.csv,730,blank_district,
機車竊盜,112,0429,臺中市,,11204-11206,npa_crime_112_04_06.csv,747,blank_district,
機車竊盜,112,0501,臺中市,,11204-11206,npa_crime_112_04_06.csv,767,blank_district,
機車竊盜,112,0504,臺中市,,11204-11206,npa_crime_112_04_06.csv,795,blank_district,
機車竊盜,112,0505,臺中市,,11204-11206,npa_crime_112_04_06.csv,806,blank_district,
機車竊盜,112,0505,臺中市,,11204-11206,npa_crime_112_04_06.csv,809,blank_district,
機車竊盜,112,0508,臺中市,,11204-11206,npa_crime_112_04_06.csv,829,blank_district,
機車竊盜,112,0508,臺中市,,11204-11206,npa_crime_112_04_06.csv,831,blank_district,
機車竊盜,112,0508,臺中市,,11204-11206,npa_crime_112_04_06.csv,837,blank_district,
機車竊盜,112,0513,臺中市,,11204-11206,npa_crime_112_04_06.csv,876,blank_district,
機車竊盜,112,0516,臺中市,,11204-11206,npa_crime_112_04_06.csv,923,blank_district,
機車竊盜,112,0518,臺中市,,11204-11206,npa_crime_112_04_06.csv,956,blank_district,
機車竊盜,112,0518,臺中市,,11204-11206,npa_crime_112_04_06.csv,961,blank_district,
機車竊盜,112,0519,臺中市,,11204-11206,npa_crime_112_04_06.csv,966,blank_district,
機車竊盜,112,0520,臺中市,,11204-11206,npa_crime_112_04_06.csv,988,blank_district,
機車竊盜,112,0521,臺中市,,11204-11206,npa_crime_112_04_06.csv,997,blank_district,
機車竊盜,112,0521,臺中市,,11204-11206,npa_crime_112_04_06.csv,1001,blank_district,
機車竊盜,112,0521,臺中市,,11204-11206,npa_crime_112_04_06.csv,1002,blank_district,
機車竊盜,112,0523,臺中市,,11204-11206,npa_crime_112_04_06.csv,1022,blank_district,
機車竊盜,112,0524,臺中市,,11204-11206,npa_crime_112_04_06.csv,1029,blank_district,
機車竊盜,112,0526,臺中市,,11204-11206,npa_crime_112_04_06.csv,1053,blank_district,
機車竊盜,112,0529,臺中市,,11204-11206,npa_crime_112_04_06.csv,1082,blank_district,
機車竊盜,112,0529,臺中市,,11204-11206,npa_crime_112_04_06.csv,1087,blank_district,
機車竊盜,112,0530,臺中市,,11204-11206,npa_crime_112_04_06.csv,1094,blank_district,
機車竊盜,112,0530,臺中市,,11204-11206,npa_crime_112_04_06.csv,1097,blank_district,
機車竊盜,112,0531,臺中市,,11204-11206,npa_crime_112_04_06.csv,1103,blank_district,
機車竊盜,112,0601,臺中市,,11204-11206,npa_crime_112_04_06.csv,1120,blank_district,
機車竊盜,112,0601,臺中市,,11204-11206,npa_crime_112_04_06.csv,1128,blank_district,
機車竊盜,112,0601,臺中市,,11204-11206,npa_crime_112_04_06.csv,1133,blank_district,
機車竊盜,112,0603,臺中市,,11204-11206,npa_crime_112_04_06.csv,1155,blank_district,
機車竊盜,112,0604,臺中市,,11204-11206,npa_crime_112_04_06.csv,1164,blank_district,
機車竊盜,112,0606,臺中市,,11204-11206,npa_crime_112_04_06.csv,1186,blank_district,
機車竊盜,112,0607,臺中市,,11204-11206,npa_crime_112_04_06.csv,1201,blank_district,
機車竊盜,112,0608,臺中市,,11204-11206,npa_crime_112_04_06.csv,1207,blank_district,
機車竊盜,112,0608,臺中市,,11204-11206,npa_crime_112_04_06.csv,1212,blank_district,
機車竊盜,112,0611,臺中市,,11204-11206,npa_crime_112_04_06.csv,1237,blank_district,
機車竊盜,112,0612,臺中市,,11204-11206,npa_crime_112_04_06.csv,1247,blank_district,
機車竊盜,112,0612,臺中市,,11204-11206,npa_crime_112_04_06.csv,1254,blank_district,
機車竊盜,112,0613,臺中市,,11204-11206,npa_crime_112_04_06.csv,1256,blank_district,
機車竊盜,112,0614,臺中市,,11204-11206,npa_crime_112_04_06.csv,1273,blank_district,
機車竊盜,112,0623,臺中市,,11204-11206,npa_crime_112_04_06.csv,1377,blank_district,
機車竊盜,112,0627,臺中市,,11204-11206,npa_crime_112_04_06.csv,1427,blank_district,
機車竊盜,112,0628,臺中市,,11204-11206,npa_crime_112_04_06.csv,1434,blank_district,
機車竊盜,112,0628,臺中市,,11204-11206,npa_crime_112_04_06.csv,1445,blank_district,
機車竊盜,112,0701,臺中市,,11207-11209,npa_crime_112_07_09.csv,427,blank_district,
機車竊盜,112,0702,臺中市,,11207-11209,npa_crime_112_07_09.csv,437,blank_district,
機車竊盜,112,0705,臺中市,,11207-11209,npa_crime_112_07_09.csv,465,blank_district,
機車竊盜,112,0706,臺中市,,11207-11209,npa_crime_112_07_09.csv,486,blank_district,
機車竊盜,112,0707,臺中市,,11207-11209,npa_crime_112_07_09.csv,495,blank_district,
機車竊盜,112,0708,臺中市,,11207-11209,npa_crime_112_07_09.csv,510,blank_district,
機車竊盜,112,0708,臺中市,,11207-11209,npa_crime_112_07_09.csv,511,blank_district,
機車竊盜,112,0709,臺中市,,11207-11209,npa_crime_112_07_09.csv,512,blank_district,
機車竊盜,112,0709,臺中市,,11207-11209,npa_crime_112_07_09.csv,526,blank_district,
機車竊盜,112,0710,臺中市,,11207-11209,npa_crime_112_07_09.csv,530,blank_district,
機車竊盜,112,0710,臺中市,,11207-11209,npa_crime_112_07_09.csv,535,blank_district,
機車竊盜,112,0710,臺中市,,11207-11209,npa_crime_112_07_09.csv,537,blank_district,
機車竊盜,112,0713,臺中市,,11207-11209,npa_crime_112_07_09.csv,569,blank_district,
機車竊盜,112,0715,臺中市,,11207-11209,npa_crime_112_07_09.csv,588,blank_district,
機車竊盜,112,0716,臺中市,,11207-11209,npa_crime_112_07_09.csv,608,blank_district,
機車竊盜,112,0720,臺中市,,11207-11209,npa_crime_112_07_09.csv,645,blank_district,
機車竊盜,112,0723,臺中市,,11207-11209,npa_crime_112_07_09.csv,671,blank_district,
機車竊盜,112,0725,臺中市,,11207-11209,npa_crime_112_07_09.csv,696,blank_district,
機車竊盜,112,0725,臺中市,,11207-11209,npa_crime_112_07_09.csv,698,blank_district,
機車竊盜,112,0725,臺中市,,11207-11209,npa_crime_112_07_09.csv,699,blank_district,
機車竊盜,112,0726,臺中市,,11207-11209,npa_crime_112_07_09.csv,710,blank_district,
機車竊盜,112,0726,臺中市,,11207-11209,npa_crime_112_07_09.csv,712,blank_district,
機車竊盜,112,0726,臺中市,,11207-11209,npa_crime_112_07_09.csv,714,blank_district,
機車竊盜,112,0728,臺中市,,11207-11209,npa_crime_112_07_09.csv,725,blank_district,
機車竊盜,112,0729,臺中市,,11207-11209,npa_crime_112_07_09.csv,734,blank_district,
機車竊盜,112,0730,臺中市,,11207-11209,npa_crime_112_07_09.csv,743,blank_district,
機車竊盜,112,0730,臺中市,,11207-11209,npa_crime_112_07_09.csv,750,blank_district,
機車竊盜,112,0801,臺中市,,11207-11209,npa_crime_112_07_09.csv,773,blank_district,
機車竊盜,112,0801,臺中市,,11207-11209,npa_crime_112_07_09.csv,776,blank_district,
機車竊盜,112,0802,臺中市,,11207-11209,npa_crime_112_07_09.csv,785,blank_district,
機車竊盜,112,0803,臺中市,,11207-11209,npa_crime_112_07_09.csv,803,blank_district,
機車竊盜,112,0805,臺中市,,11207-11209,npa_crime_112_07_09.csv,824,blank_district,
機車竊盜,112,0806,臺中市,,11207-11209,npa_crime_112_07_09.csv,831,blank_district,
機車竊盜,112,0806,臺中市,,11207-11209,npa_crime_112_07_09.csv,834,blank_district,
機車竊盜,112,0806,臺中市,,11207-11209,npa_crime_112_07_09.csv,836,blank_district,
機車竊盜,112,0808,臺中市,,11207-11209,npa_crime_112_07_09.csv,853,blank_district,
機車竊盜,112,0816,臺中市,,11207-11209,npa_crime_112_07_09.csv,943,blank_district,
機車竊盜,112,0824,臺中市,,11207-11209,npa_crime_112_07_09.csv,1041,blank_district,
機車竊盜,112,0825,臺中市,,11207-11209,npa_crime_112_07_09.csv,1047,blank_district,
機車竊盜,112,0826,臺中市,,11207-11209,npa_crime_112_07_09.csv,1055,blank_district,
機車竊盜,112,0826,臺中市,,11207-11209,npa_crime_112_07_09.csv,1057,blank_district,
機車竊盜,112,0830,臺中市,,11207-11209,npa_crime_112_07_09.csv,1089,blank_district,
機車竊盜,112,0830,臺中市,,11207-11209,npa_crime_112_07_09.csv,1099,blank_district,
機車竊盜,112,0905,臺中市,,11207-11209,npa_crime_112_07_09.csv,1164,blank_district,
機車竊盜,112,0908,臺中市,,11207-11209,npa_crime_112_07_09.csv,1194,blank_district,
機車竊盜,112,0908,臺中市,,11207-11209,npa_crime_112_07_09.csv,1200,blank_district,
機車竊盜,112,0911,臺中市,,11207-11209,npa_crime_112_07_09.csv,1228,blank_district,
機車竊盜,112,0911,臺中市,,11207-11209,npa_crime_112_07_09.csv,1232,blank_district,
機車竊盜,112,0911,臺中市,,11207-11209,npa_crime_112_07_09.csv,1235,blank_district,
機車竊盜,112,0911,臺中市,,11207-11209,npa_crime_112_07_09.csv,1238,blank_district,
機車竊盜,112,0912,臺中市,,11207-11209,npa_crime_112_07_09.csv,1243,blank_district,
機車竊盜,112,0912,臺中市,,11207-11209,npa_crime_112_07_09.csv,1245,blank_district,
機車竊盜,112,0913,臺中市,,11207-11209,npa_crime_112_07_09.csv,1253,blank_district,
機車竊盜,112,0914,臺中市,,11207-11209,npa_crime_112_07_09.csv,1264,blank_district,
機車竊盜,112,0914,臺中市,,11207-11209,npa_crime_112_07_09.csv,1276,blank_district,
機車竊盜,112,0915,臺中市,,11207-11209,npa_crime_112_07_09.csv,1283,blank_district,
機車竊盜,112,0916,臺中市,,11207-11209,npa_crime_112_07_09.csv,1303,blank_district,
機車竊盜,112,0917,臺中市,,11207-11209,npa_crime_112_07_09.csv,1312,blank_district,
機車竊盜,112,0919,臺中市,,11207-11209,npa_crime_112_07_09.csv,1327,blank_district,
機車竊盜,112,0920,臺中市,,11207-11209,npa_crime_112_07_09.csv,1330,blank_district,
機車竊盜,112,0921,臺中市,,11207-11209,npa_crime_112_07_09.csv,1339,blank_district,
機車竊盜,112,0921,臺中市,,11207-11209,npa_crime_112_07_09.csv,1352,blank_district,
機車竊盜,112,0926,臺中市,,11207-11209,npa_crime_112_07_09.csv,1384,blank_district,
機車竊盜,112,0928,臺中市,,11207-11209,npa_crime_112_07_09.csv,1403,blank_district,
機車竊盜,112,0928,臺中市,,11207-11209,npa_crime_112_07_09.csv,1404,blank_district,
機車竊盜,112,1001,臺中市,,11210-11212,npa_crime_112_10_12.csv,364,blank_district,
機車竊盜,112,1002,臺中市,,11210-11212,npa_crime_112_10_12.csv,372,blank_district,
機車竊盜,112,1003,臺中市,,11210-11212,npa_crime_112_10_12.csv,381,blank_district,
機車竊盜,112,1006,臺中市,,11210-11212,npa_crime_112_10_12.csv,421,blank_district,
機車竊盜,112,1009,臺中市,,11210-11212,npa_crime_112_10_12.csv,460,blank_district,
機車竊盜,112,1011,臺中市,,11210-11212,npa_crime_112_10_12.csv,488,blank_district,
機車竊盜,112,1014,臺中市,,11210-11212,npa_crime_112_10_12.csv,518,blank_district,
機車竊盜,112,1015,臺中市,,11210-11212,npa_crime_112_10_12.csv,523,blank_district,
機車竊盜,112,1016,臺中市,,11210-11212,npa_crime_112_10_12.csv,535,blank_district,
機車竊盜,112,1018,臺中市,,11210-11212,npa_crime_112_10_12.csv,560,blank_district,
機車竊盜,112,1020,臺中市,,11210-11212,npa_crime_112_10_12.csv,583,blank_district,
機車竊盜,112,1020,臺中市,,11210-11212,npa_crime_112_10_12.csv,591,blank_district,
機車竊盜,112,1021,臺中市,,11210-11212,npa_crime_112_10_12.csv,599,blank_district,
機車竊盜,112,1023,臺中市,,11210-11212,npa_crime_112_10_12.csv,638,blank_district,
機車竊盜,112,1025,臺中市,,11210-11212,npa_crime_112_10_12.csv,649,blank_district,
機車竊盜,112,1027,臺中市,,11210-11212,npa_crime_112_10_12.csv,674,blank_district,
機車竊盜,112,1027,臺中市,,11210-11212,npa_crime_112_10_12.csv,676,blank_district,
機車竊盜,112,1027,臺中市,,11210-11212,npa_crime_112_10_12.csv,680,blank_district,
機車竊盜,112,1028,臺中市,,11210-11212,npa_crime_112_10_12.csv,685,blank_district,
機車竊盜,112,1030,臺中市,,11210-11212,npa_crime_112_10_12.csv,708,blank_district,
機車竊盜,112,1030,臺中市,,11210-11212,npa_crime_112_10_12.csv,713,blank_district,
機車竊盜,112,1031,臺中市,,11210-11212,npa_crime_112_10_12.csv,718,blank_district,
機車竊盜,112,1031,臺中市,,11210-11212,npa_crime_112_10_12.csv,724,blank_district,
機車竊盜,112,1103,臺中市,,11210-11212,npa_crime_112_10_12.csv,753,blank_district,
機車竊盜,112,1105,臺中市,,11210-11212,npa_crime_112_10_12.csv,777,blank_district,
機車竊盜,112,1108,臺中市,,11210-11212,npa_crime_112_10_12.csv,802,blank_district,
機車竊盜,112,1109,臺中市,,11210-11212,npa_crime_112_10_12.csv,823,blank_district,
機車竊盜,112,1112,臺中市,,11210-11212,npa_crime_112_10_12.csv,846,blank_district,
機車竊盜,112,1116,臺中市,,11210-11212,npa_crime_112_10_12.csv,909,blank_district,
機車竊盜,112,1118,臺中市,,11210-11212,npa_crime_112_10_12.csv,925,blank_district,
機車竊盜,112,1120,臺中市,,11210-11212,npa_crime_112_10_12.csv,954,blank_district,
機車竊盜,112,1120,臺中市,,11210-11212,npa_crime_112_10_12.csv,958,blank_district,
機車竊盜,112,1121,臺中市,,11210-11212,npa_crime_112_10_12.csv,972,blank_district,
機車竊盜,112,1122,臺中市,,11210-11212,npa_crime_112_10_12.csv,981,blank_district,
機車竊盜,112,1124,臺中市,,11210-11212,npa_crime_112_10_12.csv,997,blank_district,
機車竊盜,112,1125,臺中市,,11210-11212,npa_crime_112_10_12.csv,1006,blank_district,
機車竊盜,112,1125,臺中市,,11210-11212,npa_crime_112_10_12.csv,1011,blank_district,
機車竊盜,112,1125,臺中市,,11210-11212,npa_crime_112_10_12.csv,1016,blank_district,
機車竊盜,112,1128,臺中市,,11210-11212,npa_crime_112_10_12.csv,1059,blank_district,
機車竊盜,112,1128,臺中市,,11210-11212,npa_crime_112_10_12.csv,1063,blank_district,
機車竊盜,112,1129,臺中市,,11210-11212,npa_crime_112_10_12.csv,1067,blank_district,
機車竊盜,112,1129,臺中市,,11210-11212,npa_crime_112_10_12.csv,1073,blank_district,
機車竊盜,112,1201,臺中市,,11210-11212,npa_crime_112_10_12.csv,1097,blank_district,
機車竊盜,112,1202,臺中市,,11210-11212,npa_crime_112_10_12.csv,1099,blank_district,
機車竊盜,112,1204,臺中市,,11210-11212,npa_crime_112_10_12.csv,1125,blank_district,
機車竊盜,112,1205,臺中市,,11210-11212,npa_crime_112_10_12.csv,1131,blank_district,
機車竊盜,112,1206,臺中市,,11210-11212,npa_crime_112_10_12.csv,1137,blank_district,
機車竊盜,112,1206,臺中市,,11210-11212,npa_crime_112_10_12.csv,1143,blank_district,
機車竊盜,112,1209,臺中市,,11210-11212,npa_crime_112_10_12.csv,1166,blank_district,
機車竊盜,112,1209,臺中市,,11210-11212,npa_crime_112_10_12.csv,1170,blank_district,
機車竊盜,112,1211,臺中市,,11210-11212,npa_crime_112_10_12.csv,1196,blank_district,
機車竊盜,112,1212,臺中市,,11210-11212,npa_crime_112_10_12.csv,1206,blank_district,
機車竊盜,112,1214,臺中市,,11210-11212,npa_crime_112_10_12.csv,1221,blank_district,
機車竊盜,112,1214,臺中市,,11210-11212,npa_crime_112_10_12.csv,1223,blank_district,
機車竊盜,112,1214,臺中市,,11210-11212,npa_crime_112_10_12.csv,1226,blank_district,
機車竊盜,112,1216,臺中市,,11210-11212,npa_crime_112_10_12.csv,1246,blank_district,
機車竊盜,112,1217,臺中市,,11210-11212,npa_crime_112_10_12.csv,1258,blank_district,
機車竊盜,112,1218,臺中市,,11210-11212,npa_crime_112_10_12.csv,1267,blank_district,
機車竊盜,112,1219,臺中市,,11210-11212,npa_crime_112_10_12.csv,1271,blank_district,
機車竊盜,112,1224,臺中市,,11210-11212,npa_crime_112_10_12.csv,1314,blank_district,
機車竊盜,112,1226,臺中市,,11210-11212,npa_crime_112_10_12.csv,1345,blank_district,
機車竊盜,112,1227,臺中市,,11210-11212,npa_crime_112_10_12.csv,1348,blank_district,
機車竊盜,113,0102,臺中市,,11301-11303,npa_crime_113_01_03.csv,259,blank_district,
機車竊盜,113,0102,臺中市,,11301-11303,npa_crime_113_01_03.csv,260,blank_district,
機車竊盜,113,0102,臺中市,,11301-11303,npa_crime_113_01_03.csv,261,blank_district,
機車竊盜,113,0102,臺中市,,11301-11303,npa_crime_113_01_03.csv,265,blank_district,
機車竊盜,113,0104,臺中市,,11301-11303,npa_crime_113_01_03.csv,278,blank_district,
機車竊盜,113,0104,臺中市,,11301-11303,npa_crime_113_01_03.csv,282,blank_district,
機車竊盜,113,0110,臺中市,,11301-11303,npa_crime_113_01_03.csv,330,blank_district,
機車竊盜,113,0110,臺中市,,11301-11303,npa_crime_113_01_03.csv,332,blank_district,
機車竊盜,113,0116,臺中市,,11301-11303,npa_crime_113_01_03.csv,388,blank_district,
機車竊盜,113,0118,臺中市,,11301-11303,npa_crime_113_01_03.csv,414,blank_district,
機車竊盜,113,0119,臺中市,,11301-11303,npa_crime_113_01_03.csv,425,blank_district,
機車竊盜,113,0120,臺中市,,11301-11303,npa_crime_113_01_03.csv,429,blank_district,
機車竊盜,113,0124,臺中市,,11301-11303,npa_crime_113_01_03.csv,460,blank_district,
機車竊盜,113,0128,臺中市,,11301-11303,npa_crime_113_01_03.csv,487,blank_district,
機車竊盜,113,0128,臺中市,,11301-11303,npa_crime_113_01_03.csv,491,blank_district,
機車竊盜,113,0130,臺中市,,11301-11303,npa_crime_113_01_03.csv,501,blank_district,
機車竊盜,113,0207,臺中市,,11301-11303,npa_crime_113_01_03.csv,567,blank_district,
機車竊盜,113,0209,臺中市,,11301-11303,npa_crime_113_01_03.csv,585,blank_district,
機車竊盜,113,0209,臺中市,,11301-11303,npa_crime_113_01_03.csv,590,blank_district,
機車竊盜,113,0210,臺中市,,11301-11303,npa_crime_113_01_03.csv,593,blank_district,
機車竊盜,113,0210,臺中市,,11301-11303,npa_crime_113_01_03.csv,597,blank_district,
機車竊盜,113,0212,臺中市,,11301-11303,npa_crime_113_01_03.csv,619,blank_district,
機車竊盜,113,0212,臺中市,,11301-11303,npa_crime_113_01_03.csv,620,blank_district,
機車竊盜,113,0214,臺中市,,11301-11303,npa_crime_113_01_03.csv,636,blank_district,
機車竊盜,113,0215,臺中市,,11301-11303,npa_crime_113_01_03.csv,641,blank_district,
機車竊盜,113,0215,臺中市,,11301-11303,npa_crime_113_01_03.csv,645,blank_district,
機車竊盜,113,0217,臺中市,,11301-11303,npa_crime_113_01_03.csv,658,blank_district,
機車竊盜,113,0217,臺中市,,11301-11303,npa_crime_113_01_03.csv,659,blank_district,
機車竊盜,113,0219,臺中市,,11301-11303,npa_crime_113_01_03.csv,669,blank_district,
機車竊盜,113,0219,臺中市,,11301-11303,npa_crime_113_01_03.csv,674,blank_district,
機車竊盜,113,0220,臺中市,,11301-11303,npa_crime_113_01_03.csv,686,blank_district,
機車竊盜,113,0221,臺中市,,11301-11303,npa_crime_113_01_03.csv,696,blank_district,
機車竊盜,113,0222,臺中市,,11301-11303,npa_crime_113_01_03.csv,706,blank_district,
機車竊盜,113,0222,臺中市,,11301-11303,npa_crime_113_01_03.csv,710,blank_district,
機車竊盜,113,0224,臺中市,,11301-11303,npa_crime_113_01_03.csv,719,blank_district,
機車竊盜,113,0225,臺中市,,11301-11303,npa_crime_113_01_03.csv,725,blank_district,
機車竊盜,113,0225,臺中市,,11301-11303,npa_crime_113_01_03.csv,730,blank_district,
機車竊盜,113,0225,臺中市,,11301-11303,npa_crime_113_01_03.csv,733,blank_district,
機車竊盜,113,0229,臺中市,,11301-11303,npa_crime_113_01_03.csv,756,blank_district,
機車竊盜,113,0304,臺中市,,11301-11303,npa_crime_113_01_03.csv,796,blank_district,
機車竊盜,113,0305,臺中市,,11301-11303,npa_crime_113_01_03.csv,802,blank_district,
機車竊盜,113,0306,臺中市,,11301-11303,npa_crime_113_01_03.csv,810,blank_district,
機車竊盜,113,0308,臺中市,,11301-11303,npa_crime_113_01_03.csv,828,blank_district,
機車竊盜,113,0318,臺中市,,11301-11303,npa_crime_113_01_03.csv,893,blank_district,
機車竊盜,113,0318,臺中市,,11301-11303,npa_crime_113_01_03.csv,898,blank_district,
機車竊盜,113,0324,臺中市,,11301-11303,npa_crime_113_01_03.csv,947,blank_district,
機車竊盜,113,0326,臺中市,,11301-11303,npa_crime_113_01_03.csv,968,blank_district,
機車竊盜,113,0326,臺中市,,11301-11303,npa_crime_113_01_03.csv,969,blank_district,
機車竊盜,113,0330,臺中市,,11301-11303,npa_crime_113_01_03.csv,995,blank_district,
機車竊盜,113,0330,臺中市,,11301-11303,npa_crime_113_01_03.csv,996,blank_district,
機車竊盜,113,0405,臺中市,,11304-11306,npa_crime_113_04_06.csv,301,blank_district,
機車竊盜,113,0406,臺中市,,11304-11306,npa_crime_113_04_06.csv,311,blank_district,
機車竊盜,113,0410,臺中市,,11304-11306,npa_crime_113_04_06.csv,344,blank_district,
機車竊盜,113,0411,臺中市,,11304-11306,npa_crime_113_04_06.csv,352,blank_district,
機車竊盜,113,0412,臺中市,,11304-11306,npa_crime_113_04_06.csv,363,blank_district,
機車竊盜,113,0413,臺中市,,11304-11306,npa_crime_113_04_06.csv,376,blank_district,
機車竊盜,113,0414,臺中市,,11304-11306,npa_crime_113_04_06.csv,384,blank_district,
機車竊盜,113,0414,臺中市,,11304-11306,npa_crime_113_04_06.csv,385,blank_district,
機車竊盜,113,0414,臺中市,,11304-11306,npa_crime_113_04_06.csv,386,blank_district,
機車竊盜,113,0414,臺中市,,11304-11306,npa_crime_113_04_06.csv,387,blank_district,
機車竊盜,113,0415,臺中市,,11304-11306,npa_crime_113_04_06.csv,401,blank_district,
機車竊盜,113,0415,臺中市,,11304-11306,npa_crime_113_04_06.csv,402,blank_district,
機車竊盜,113,0416,臺中市,,11304-11306,npa_crime_113_04_06.csv,412,blank_district,
機車竊盜,113,0418,臺中市,,11304-11306,npa_crime_113_04_06.csv,435,blank_district,
機車竊盜,113,0419,臺中市,,11304-11306,npa_crime_113_04_06.csv,446,blank_district,
機車竊盜,113,0419,臺中市,,11304-11306,npa_crime_113_04_06.csv,447,blank_district,
機車竊盜,113,0419,臺中市,,11304-11306,npa_crime_113_04_06.csv,448,blank_district,
機車竊盜,113,0419,臺中市,,11304-11306,npa_crime_113_04_06.csv,449,blank_district,
機車竊盜,113,0420,臺中市,,11304-11306,npa_crime_113_04_06.csv,462,blank_district,
機車竊盜,113,0420,臺中市,,11304-11306,npa_crime_113_04_06.csv,463,blank_district,
機車竊盜,113,0420,臺中市,,11304-11306,npa_crime_113_04_06.csv,464,blank_district,
機車竊盜,113,0422,臺中市,,11304-11306,npa_crime_113_04_06.csv,487,blank_district,
機車竊盜,113,0422,臺中市,,11304-11306,npa_crime_113_04_06.csv,488,blank_district,
機車竊盜,113,0423,臺中市,,11304-11306,npa_crime_113_04_06.csv,500,blank_district,
機車竊盜,113,0425,臺中市,,11304-11306,npa_crime_113_04_06.csv,529,blank_district,
機車竊盜,113,0428,臺中市,,11304-11306,npa_crime_113_04_06.csv,561,blank_district,
機車竊盜,113,0429,臺中市,,11304-11306,npa_crime_113_04_06.csv,574,blank_district,
機車竊盜,113,0501,臺中市,,11304-11306,npa_crime_113_04_06.csv,602,blank_district,
機車竊盜,113,0502,臺中市,,11304-11306,npa_crime_113_04_06.csv,613,blank_district,
機車竊盜,113,0502,臺中市,,11304-11306,npa_crime_113_04_06.csv,614,blank_district,
機車竊盜,113,0503,臺中市,,11304-11306,npa_crime_113_04_06.csv,625,blank_district,
機車竊盜,113,0504,臺中市,,11304-11306,npa_crime_113_04_06.csv,634,blank_district,
機車竊盜,113,0504,臺中市,,11304-11306,npa_crime_113_04_06.csv,635,blank_district,
機車竊盜,113,0504,臺中市,,11304-11306,npa_crime_113_04_06.csv,636,blank_district,
機車竊盜,113,0505,臺中市,,11304-11306,npa_crime_113_04_06.csv,652,blank_district,
機車竊盜,113,0505,臺中市,,11304-11306,npa_crime_113_04_06.csv,653,blank_district,
機車竊盜,113,0505,臺中市,,11304-11306,npa_crime_113_04_06.csv,654,blank_district,
機車竊盜,113,0506,臺中市,,11304-11306,npa_crime_113_04_06.csv,663,blank_district,
機車竊盜,113,0506,臺中市,,11304-11306,npa_crime_113_04_06.csv,664,blank_district,
機車竊盜,113,0507,臺中市,,11304-11306,npa_crime_113_04_06.csv,677,blank_district,
機車竊盜,113,0507,臺中市,,11304-11306,npa_crime_113_04_06.csv,678,blank_district,
機車竊盜,113,0507,臺中市,,11304-11306,npa_crime_113_04_06.csv,679,blank_district,
機車竊盜,113,0507,臺中市,,11304-11306,npa_crime_113_04_06.csv,680,blank_district,
機車竊盜,113,0508,臺中市,,11304-11306,npa_crime_113_04_06.csv,691,blank_district,
機車竊盜,113,0509,臺中市,,11304-11306,npa_crime_113_04_06.csv,698,blank_district,
機車竊盜,113,0509,臺中市,,11304-11306,npa_crime_113_04_06.csv,699,blank_district,
機車竊盜,113,0512,臺中市,,11304-11306,npa_crime_113_04_06.csv,736,blank_district,
機車竊盜,113,0512,臺中市,,11304-11306,npa_crime_113_04_06.csv,737,blank_district,
機車竊盜,113,0512,臺中市,,11304-11306,npa_crime_113_04_06.csv,738,blank_district,
機車竊盜,113,0513,臺中市,,11304-11306,npa_crime_113_04_06.csv,749,blank_district,
機車竊盜,113,0513,臺中市,,11304-11306,npa_crime_113_04_06.csv,750,blank_district,
機車竊盜,113,0515,臺中市,,11304-11306,npa_crime_113_04_06.csv,776,blank_district,
機車竊盜,113,0517,臺中市,,11304-11306,npa_crime_113_04_06.csv,798,blank_district,
機車竊盜,113,0518,臺中市,,11304-11306,npa_crime_113_04_06.csv,811,blank_district,
機車竊盜,113,0519,臺中市,,11304-11306,npa_crime_113_04_06.csv,818,blank_district,
機車竊盜,113,0519,臺中市,,11304-11306,npa_crime_113_04_06.csv,819,blank_district,
機車竊盜,113,0520,臺中市,,11304-11306,npa_crime_113_04_06.csv,824,blank_district,
機車竊盜,113,0520,臺中市,,11304-11306,npa_crime_113_04_06.csv,825,blank_district,
機車竊盜,113,0520,臺中市,,11304-11306,npa_crime_113_04_06.csv,826,blank_district,
機車竊盜,113,0522,臺中市,,11304-11306,npa_crime_113_04_06.csv,837,blank_district,
機車竊盜,113,0522,臺中市,,11304-11306,npa_crime_113_04_06.csv,838,blank_district,
機車竊盜,113,0522,臺中市,,11304-11306,npa_crime_113_04_06.csv,839,blank_district,
機車竊盜,113,0522,臺中市,,11304-11306,npa_crime_113_04_06.csv,840,blank_district,
機車竊盜,113,0522,臺中市,,11304-11306,npa_crime_113_04_06.csv,841,blank_district,
機車竊盜,113,0522,臺中市,,11304-11306,npa_crime_113_04_06.csv,842,blank_district,
機車竊盜,113,0524,臺中市,,11304-11306,npa_crime_113_04_06.csv,858,blank_district,
機車竊盜,113,0524,臺中市,,11304-11306,npa_crime_113_04_06.csv,859,blank_district,
機車竊盜,113,0527,臺中市,,11304-11306,npa_crime_113_04_06.csv,894,blank_district,
機車竊盜,113,0527,臺中市,,11304-11306,npa_crime_113_04_06.csv,895,blank_district,
機車竊盜,113,0530,臺中市,,11304-11306,npa_crime_113_04_06.csv,925,blank_district,
機車竊盜,113,0531,臺中市,,11304-11306,npa_crime_113_04_06.csv,938,blank_district,
機車竊盜,113,0531,臺中市,,11304-11306,npa_crime_113_04_06.csv,939,blank_district,
機車竊盜,113,0531,臺中市,,11304-11306,npa_crime_113_04_06.csv,940,blank_district,
機車竊盜,113,0531,臺中市,,11304-11306,npa_crime_113_04_06.csv,941,blank_district,
機車竊盜,113,0603,臺中市,,11304-11306,npa_crime_113_04_06.csv,966,blank_district,
機車竊盜,113,0604,臺中市,,11304-11306,npa_crime_113_04_06.csv,981,blank_district,
機車竊盜,113,0605,臺中市,,11304-11306,npa_crime_113_04_06.csv,993,blank_district,
機車竊盜,113,0608,臺中市,,11304-11306,npa_crime_113_04_06.csv,1017,blank_district,
機車竊盜,113,0608,臺中市,,11304-11306,npa_crime_113_04_06.csv,1018,blank_district,
機車竊盜,113,0611,臺中市,,11304-11306,npa_crime_113_04_06.csv,1047,blank_district,
機車竊盜,113,0611,臺中市,,11304-11306,npa_crime_113_04_06.csv,1048,blank_district,
機車竊盜,113,0611,臺中市,,11304-11306,npa_crime_113_04_06.csv,1049,blank_district,
機車竊盜,113,0611,臺中市,,11304-11306,npa_crime_113_04_06.csv,1050,blank_district,
機車竊盜,113,0611,臺中市,,11304-11306,npa_crime_113_04_06.csv,1051,blank_district,
機車竊盜,113,0613,臺中市,,11304-11306,npa_crime_113_04_06.csv,1071,blank_district,
機車竊盜,113,0614,臺中市,,11304-11306,npa_crime_113_04_06.csv,1079,blank_district,
機車竊盜,113,0614,臺中市,,11304-11306,npa_crime_113_04_06.csv,1080,blank_district,
機車竊盜,113,0616,臺中市,,11304-11306,npa_crime_113_04_06.csv,1099,blank_district,
機車竊盜,113,0616,臺中市,,11304-11306,npa_crime_113_04_06.csv,1100,blank_district,
機車竊盜,113,0617,臺中市,,11304-11306,npa_crime_113_04_06.csv,1112,blank_district,
機車竊盜,113,0617,臺中市,,11304-11306,npa_crime_113_04_06.csv,1113,blank_district,
機車竊盜,113,0617,臺中市,,11304-11306,npa_crime_113_04_06.csv,1114,blank_district,
機車竊盜,113,0618,臺中市,,11304-11306,npa_crime_113_04_06.csv,1122,blank_district,
機車竊盜,113,0620,臺中市,,11304-11306,npa_crime_113_04_06.csv,1137,blank_district,
機車竊盜,113,0621,臺中市,,11304-11306,npa_crime_113_04_06.csv,1144,blank_district,
機車竊盜,113,0621,臺中市,,11304-11306,npa_crime_113_04_06.csv,1145,blank_district,
機車竊盜,113,0622,臺中市,,11304-11306,npa_crime_113_04_06.csv,1152,blank_district,
機車竊盜,113,0624,臺中市,,11304-11306,npa_crime_113_04_06.csv,1168,blank_district,
機車竊盜,113,0624,臺中市,,11304-11306,npa_crime_113_04_06.csv,1169,blank_district,
機車竊盜,113,0625,臺中市,,11304-11306,npa_crime_113_04_06.csv,1185,blank_district,
機車竊盜,113,0625,臺中市,,11304-11306,npa_crime_113_04_06.csv,1186,blank_district,
機車竊盜,113,0625,臺中市,,11304-11306,npa_crime_113_04_06.csv,1187,blank_district,
機車竊盜,113,0627,臺中市,,11304-11306,npa_crime_113_04_06.csv,1200,blank_district,
機車竊盜,113,0627,臺中市,,11304-11306,npa_crime_113_04_06.csv,1201,blank_district,
機車竊盜,113,0629,臺中市,,11304-11306,npa_crime_113_04_06.csv,1223,blank_district,
機車竊盜,113,0630,臺中市,,11304-11306,npa_crime_113_04_06.csv,1228,blank_district,
機車竊盜,113,0630,臺中市,,11304-11306,npa_crime_113_04_06.csv,1229,blank_district,
機車竊盜,113,0701,臺中市,,11307-11309,npa_crime_113_07_09.csv,748,blank_district,
機車竊盜,113,0703,臺中市,,11307-11309,npa_crime_113_07_09.csv,775,blank_district,
機車竊盜,113,0703,臺中市,,11307-11309,npa_crime_113_07_09.csv,776,blank_district,
機車竊盜,113,0704,臺中市,,11307-11309,npa_crime_113_07_09.csv,786,blank_district,
機車竊盜,113,0704,臺中市,,11307-11309,npa_crime_113_07_09.csv,787,blank_district,
機車竊盜,113,0705,臺中市,,11307-11309,npa_crime_113_07_09.csv,801,blank_district,
機車竊盜,113,0705,臺中市,,11307-11309,npa_crime_113_07_09.csv,802,blank_district,
機車竊盜,113,0705,臺中市,,11307-11309,npa_crime_113_07_09.csv,803,blank_district,
機車竊盜,113,0708,臺中市,,11307-11309,npa_crime_113_07_09.csv,845,blank_district,
機車竊盜,113,0708,臺中市,,11307-11309,npa_crime_113_07_09.csv,846,blank_district,
機車竊盜,113,0708,臺中市,,11307-11309,npa_crime_113_07_09.csv,847,blank_district,
機車竊盜,113,0710,臺中市,,11307-11309,npa_crime_113_07_09.csv,867,blank_district,
機車竊盜,113,0711,臺中市,,11307-11309,npa_crime_113_07_09.csv,879,blank_district,
機車竊盜,113,0712,臺中市,,11307-11309,npa_crime_113_07_09.csv,889,blank_district,
機車竊盜,113,0716,臺中市,,11307-11309,npa_crime_113_07_09.csv,934,blank_district,
機車竊盜,113,0716,臺中市,,11307-11309,npa_crime_113_07_09.csv,935,blank_district,
機車竊盜,113,0718,臺中市,,11307-11309,npa_crime_113_07_09.csv,957,blank_district,
機車竊盜,113,0718,臺中市,,11307-11309,npa_crime_113_07_09.csv,958,blank_district,
機車竊盜,113,0718,臺中市,,11307-11309,npa_crime_113_07_09.csv,959,blank_district,
機車竊盜,113,0719,臺中市,,11307-11309,npa_crime_113_07_09.csv,972,blank_district,
機車竊盜,113,0721,臺中市,,11307-11309,npa_crime_113_07_09.csv,997,blank_district,
機車竊盜,113,0721,臺中市,,11307-11309,npa_crime_113_07_09.csv,998,blank_district,
機車竊盜,113,0722,臺中市,,11307-11309,npa_crime_113_07_09.csv,1011,blank_district,
機車竊盜,113,0723,臺中市,,11307-11309,npa_crime_113_07_09.csv,1022,blank_district,
機車竊盜,113,0723,臺中市,,11307-11309,npa_crime_113_07_09.csv,1023,blank_district,
機車竊盜,113,0724,臺中市,,11307-11309,npa_crime_113_07_09.csv,1031,blank_district,
機車竊盜,113,0724,臺中市,,11307-11309,npa_crime_113_07_09.csv,1032,blank_district,
機車竊盜,113,0724,臺中市,,11307-11309,npa_crime_113_07_09.csv,1033,blank_district,
機車竊盜,113,0725,臺中市,,11307-11309,npa_crime_113_07_09.csv,1046,blank_district,
機車竊盜,113,0725,臺中市,,11307-11309,npa_crime_113_07_09.csv,1047,blank_district,
機車竊盜,113,0726,臺中市,,11307-11309,npa_crime_113_07_09.csv,1066,blank_district,
機車竊盜,113,0726,臺中市,,11307-11309,npa_crime_113_07_09.csv,1067,blank_district,
機車竊盜,113,0726,臺中市,,11307-11309,npa_crime_113_07_09.csv,1068,blank_district,
機車竊盜,113,0728,臺中市,,11307-11309,npa_crime_113_07_09.csv,1085,blank_district,
機車竊盜,113,0728,臺中市,,11307-11309,npa_crime_113_07_09.csv,1086,blank_district,
機車竊盜,113,0730,臺中市,,11307-11309,npa_crime_113_07_09.csv,1107,blank_district,
機車竊盜,113,0730,臺中市,,11307-11309,npa_crime_113_07_09.csv,1108,blank_district,
機車竊盜,113,0730,臺中市,,11307-11309,npa_crime_113_07_09.csv,1109,blank_district,
機車竊盜,113,0802,臺中市,,11307-11309,npa_crime_113_07_09.csv,1143,blank_district,
機車竊盜,113,0805,臺中市,,11307-11309,npa_crime_113_07_09.csv,1176,blank_district,
機車竊盜,113,0809,臺中市,,11307-11309,npa_crime_113_07_09.csv,1217,blank_district,
機車竊盜,113,0811,臺中市,,11307-11309,npa_crime_113_07_09.csv,1239,blank_district,
機車竊盜,113,0812,臺中市,,11307-11309,npa_crime_113_07_09.csv,1248,blank_district,
機車竊盜,113,0812,臺中市,,11307-11309,npa_crime_113_07_09.csv,1249,blank_district,
機車竊盜,113,0813,臺中市,,11307-11309,npa_crime_113_07_09.csv,1258,blank_district,
機車竊盜,113,0813,臺中市,,11307-11309,npa_crime_113_07_09.csv,1259,blank_district,
機車竊盜,113,0814,臺中市,,11307-11309,npa_crime_113_07_09.csv,1269,blank_district,
機車竊盜,113,0814,臺中市,,11307-11309,npa_crime_113_07_09.csv,1270,blank_district,
機車竊盜,113,0814,臺中市,,11307-11309,npa_crime_113_07_09.csv,1271,blank_district,
機車竊盜,113,0814,臺中市,,11307-11309,npa_crime_113_07_09.csv,1272,blank_district,
機車竊盜,113,0815,臺中市,,11307-11309,npa_crime_113_07_09.csv,1288,blank_district,
機車竊盜,113,0816,臺中市,,11307-11309,npa_crime_113_07_09.csv,1299,blank_district,
機車竊盜,113,0817,臺中市,,11307-11309,npa_crime_113_07_09.csv,1311,blank_district,
機車竊盜,113,0819,臺中市,,11307-11309,npa_crime_113_07_09.csv,1329,blank_district,
機車竊盜,113,0819,臺中市,,11307-11309,npa_crime_113_07_09.csv,1330,blank_district,
機車竊盜,113,0820,臺中市,,11307-11309,npa_crime_113_07_09.csv,1341,blank_district,
機車竊盜,113,0821,臺中市,,11307-11309,npa_crime_113_07_09.csv,1347,blank_district,
機車竊盜,113,0821,臺中市,,11307-11309,npa_crime_113_07_09.csv,1348,blank_district,
機車竊盜,113,0821,臺中市,,11307-11309,npa_crime_113_07_09.csv,1349,blank_district,
機車竊盜,113,0825,臺中市,,11307-11309,npa_crime_113_07_09.csv,1395,blank_district,
機車竊盜,113,0825,臺中市,,11307-11309,npa_crime_113_07_09.csv,1396,blank_district,
機車竊盜,113,0825,臺中市,,11307-11309,npa_crime_113_07_09.csv,1397,blank_district,
機車竊盜,113,0826,臺中市,,11307-11309,npa_crime_113_07_09.csv,1418,blank_district,
機車竊盜,113,0827,臺中市,,11307-11309,npa_crime_113_07_09.csv,1436,blank_district,
機車竊盜,113,0827,臺中市,,11307-11309,npa_crime_113_07_09.csv,1437,blank_district,
機車竊盜,113,0828,臺中市,,11307-11309,npa_crime_113_07_09.csv,1449,blank_district,
機車竊盜,113,0828,臺中市,,11307-11309,npa_crime_113_07_09.csv,1450,blank_district,
機車竊盜,113,0829,臺中市,,11307-11309,npa_crime_113_07_09.csv,1462,blank_district,
機車竊盜,113,0829,臺中市,,11307-11309,npa_crime_113_07_09.csv,1463,blank_district,
機車竊盜,113,0830,臺中市,,11307-11309,npa_crime_113_07_09.csv,1478,blank_district,
機車竊盜,113,0831,臺中市,,11307-11309,npa_crime_113_07_09.csv,1493,blank_district,
機車竊盜,113,0831,臺中市,,11307-11309,npa_crime_113_07_09.csv,1494,blank_district,
機車竊盜,113,0831,臺中市,,11307-11309,npa_crime_113_07_09.csv,1495,blank_district,
機車竊盜,113,0831,臺中市,,11307-11309,npa_crime_113_07_09.csv,1496,blank_district,
機車竊盜,113,0904,臺中市,,11307-11309,npa_crime_113_07_09.csv,1545,blank_district,
